# https://github.com/mikedh/trimesh
v 0.02531255 0.02724345 0.02877014
v 0.02258859 0.02988075 0.02810647
v -0.04968932 -0.01001306 0.03619985
v -0.06233875 -0.01460853 0.03496849
v -0.04978719 -0.01002368 0.03619700
v -0.06008478 -0.01294376 0.03541457
v -0.04581400 -0.03931165 0.02834931
v -0.03788448 -0.04673505 0.02636022
v -0.06135577 -0.01661432 0.03443104
v -0.04282502 -0.04272932 0.02743355
v 0.00069624 -0.04983729 0.02552897
v -0.00457742 -0.05008876 0.02546159
v -0.00541981 -0.05013808 0.02544838
v -0.03056775 -0.04925208 0.02568578
v -0.03631536 -0.04748960 0.02615803
v -0.03634554 -0.04747849 0.02616101
v -0.03464327 -0.04818839 0.02597079
v 0.01962619 0.03220413 0.02743215
v -0.06222958 -0.01512065 0.03483127
v -0.02787586 0.03405065 0.00028156
v -0.01504525 0.01318161 0.00008654
v -0.03309956 0.02899953 0.00019038
v -0.03742074 0.02315739 0.00011496
v -0.00045084 -0.04986735 0.02552092
v -0.03271570 -0.04876487 0.02581633
v 0.00685707 -0.04907221 0.02573398
v 0.01585658 -0.04652344 0.02641692
v 0.01124300 -0.04807661 0.02600075
v -0.02694182 -0.03664474 0.00133189
v -0.02457402 -0.03827146 0.00137322
v -0.02201519 -0.03979691 0.00141788
v -0.03928130 -0.04582842 0.02660315
v -0.04234545 -0.04320582 0.02730587
v -0.03636756 -0.04746739 0.02616399
v -0.06122061 -0.01333939 0.03530855
v -0.01672045 0.03626563 0.02191710
v -0.02021305 0.03457275 0.02168714
v -0.04925689 -0.01000000 0.03620334
v 0.03395510 -0.00805847 0.03672357
v 0.03398179 -0.00805948 0.03672330
v 0.03435213 -0.00805797 0.03672371
v 0.03429586 -0.00805491 0.03672453
v 0.02544351 0.02735729 0.02873339
v 0.01642259 0.03420720 0.02675167
v 0.01301410 0.03588574 0.02607627
v -0.01666899 0.03612740 0.02201317
v 0.03719682 -0.00973460 0.03627446
v 0.03650098 -0.00923759 0.03640763
v 0.04104769 -0.01257125 0.03551438
v 0.04061124 -0.02264113 0.02329521
v 0.04342367 -0.01804072 0.01511814
v 0.04246185 -0.01834912 0.02333253
v 0.04492934 -0.01367385 0.01514583
v 0.04150974 -0.02224586 0.01508559
v 0.04270277 -0.02051988 0.00774684
v 0.01349514 -0.04739030 0.02618464
v 0.01579925 -0.04654614 0.02641083
v -0.05152208 -0.03186708 0.03034408
v -0.04533675 -0.03987755 0.02819768
v -0.05960196 -0.01969742 0.03360493
v -0.06134962 -0.01340325 0.03529144
v -0.03624345 -0.02495965 0.00013551
v -0.01554478 -0.01248125 0.00007782
v -0.03164172 -0.03058341 0.00021583
v -0.01996918 0.00116349 0.00000059
v -0.04393220 0.00255968 0.00000130
v -0.04291196 0.00975466 0.00001911
v -0.04375445 -0.00470513 0.00000440
v -0.01926525 -0.00538254 0.00001288
v -0.04238356 -0.01184160 0.00002833
v -0.03555883 0.02820115 0.00106847
v -0.03365091 0.03045127 0.00110178
v 0.00376684 -0.01964079 0.00041490
v 0.00828705 -0.04320974 0.00091279
v 0.00303784 -0.01971921 0.00040218
v -0.01946538 -0.04110272 0.00146239
v -0.01672409 -0.04229062 0.00151024
v -0.01945840 -0.04108894 0.00143625
v -0.01403595 -0.04325552 0.00155716
v -0.01404023 -0.04326726 0.00158433
v -0.03007835 -0.04932772 0.02566551
v -0.02816919 -0.04964906 0.02557941
v -0.00184646 -0.04664262 0.00182776
v -0.01115935 -0.04409638 0.00163462
v -0.00186399 -0.04662534 0.00179850
v 0.00172596 -0.04646878 0.00170832
v 0.00106284 -0.04398683 0.00078669
v -0.01490055 -0.05026809 0.02541354
v -0.01787189 -0.05024649 0.02541933
v -0.00015748 -0.04751160 0.00688184
v 0.00167965 -0.04748249 0.00700162
v -0.02927756 -0.03480849 0.00129112
v -0.03142268 -0.03288642 0.00125368
v -0.02027367 0.03469554 0.02157902
v -0.02327769 0.03302069 0.02130787
v -0.02195787 0.04008576 0.01462472
v -0.01738981 0.04016448 0.01742387
v -0.01785466 0.04196441 0.01483769
v -0.01132852 0.03839458 0.02214737
v -0.00903305 0.04071103 0.02045995
v -0.01300122 0.03972536 0.02010047
v 0.03412489 -0.00805625 0.03672417
v 0.00586774 0.03832059 0.02474692
v 0.00959751 0.03750823 0.02530039
v 0.00591257 0.03847798 0.02467339
v -0.05779908 -0.01220943 0.03561133
v -0.05684672 -0.01192121 0.03568856
v 0.03924187 -0.02324056 0.03153226
v 0.04099806 -0.01881679 0.03157873
v 0.03901991 -0.02332724 0.03263232
v 0.04047086 -0.01897857 0.03379754
v 0.04020874 -0.01990079 0.03355043
v 0.04238096 -0.01424432 0.03162166
v 0.04391823 -0.01390054 0.02336606
v 0.04327140 -0.01249353 0.02931398
v 0.04496755 -0.00933318 0.02339501
v 0.04601329 -0.00918425 0.01516800
v 0.03199144 -0.03494567 0.02951917
v 0.03266321 -0.03437649 0.02406225
v 0.03272954 -0.03406548 0.02975502
v 0.02732362 -0.03958085 0.02827718
v 0.03010354 -0.03701647 0.02896430
v 0.03421634 -0.03242179 0.02706701
v 0.03550909 -0.03112344 0.02030291
v 0.01290649 -0.04759198 0.02613060
v 0.00903937 -0.04862727 0.02585320
v 0.00990552 -0.04843654 0.02590430
v 0.00687776 -0.04906820 0.02573505
v -0.04865139 -0.03567939 0.02932257
v -0.06227563 -0.01502486 0.03485693
v -0.00053071 0.04746607 0.00691323
v -0.00079497 0.04735568 0.01276631
v 0.00095725 0.04745729 0.00702853
v -0.00039395 0.04734940 0.01295110
v -0.00052901 0.04745539 0.00682173
v 0.00273693 0.04724407 0.01317891
v 0.00446472 0.04723916 0.00708972
v 0.00412890 0.04726952 0.00699467
v 0.01969452 0.04097679 0.00217317
v 0.01772758 0.04389668 0.00695431
v 0.02196552 0.04194561 0.00702862
v -0.04354420 -0.01316397 0.00104209
v -0.04574757 0.01303183 0.00592852
v -0.04571706 0.01302355 0.00583761
v -0.04639534 0.01068935 0.00618777
v -0.04421389 0.01744038 0.00586418
v -0.02951013 0.03517087 0.01434088
v -0.02503844 0.03618346 0.01701980
v -0.02585802 0.03781652 0.01446090
v -0.02852649 0.03364646 0.01689308
v -0.03287990 0.03217652 0.01426016
v -0.03332873 0.03287589 0.01295211
v -0.06179841 -0.01367049 0.03521984
v 0.04735002 0.00000000 0.00766231
v 0.04735939 0.00000000 0.00783407
v 0.04735518 -0.00063124 0.00783402
v 0.04372764 0.00470513 0.00153141
v 0.04477419 0.00707426 0.00247069
v 0.04513574 0.00418410 0.00247700
v -0.03867156 -0.02375626 0.00101414
v -0.03985691 -0.01865505 0.00007243
v -0.04477172 -0.00745294 0.00090766
v 0.01699724 -0.01052609 0.00064584
v 0.03739394 -0.02315739 0.00142085
v 0.03307275 -0.02899953 0.00134543
v 0.04069475 -0.01668357 0.00147847
v 0.01250785 -0.01558147 0.00056748
v 0.01265866 -0.01547757 0.00057011
v 0.02784906 -0.03405065 0.00125425
v 0.04288515 -0.00975466 0.00151670
v 0.01860807 -0.00723405 0.00067396
v -0.01811678 -0.00847957 0.00003292
v -0.01999911 -0.03919758 0.00041905
v -0.00909050 -0.01781708 0.00019048
v -0.01327580 -0.04195301 0.00053641
v -0.00603446 -0.01906955 0.00024382
v -0.03728085 0.02588314 0.00103842
v 0.04542241 0.00127384 0.00262226
v 0.04707203 0.00468648 0.00746402
v 0.04731135 0.00000000 0.00749470
v 0.04524643 0.00419458 0.00261919
v 0.04529914 -0.00164804 0.00247986
v 0.04509997 -0.00455392 0.00247638
v 0.04390539 -0.00255968 0.00153451
v 0.02785447 -0.03912571 0.02839913
v 0.01109551 -0.04409638 0.00202308
v 0.01378062 -0.04535892 0.00686180
v 0.00178618 -0.04664262 0.00189425
v 0.01563547 -0.04482158 0.00725199
v 0.01819783 -0.04376055 0.00694054
v 0.02472386 -0.04049133 0.00741568
v 0.02246920 -0.04171544 0.00701684
v 0.02648810 -0.03927271 0.00708882
v 0.02451731 -0.03828185 0.00225736
v 0.02195779 -0.03980771 0.00221268
v 0.01666525 -0.04230210 0.00212030
v 0.01528485 -0.04125400 0.00103494
v 0.00694766 -0.01875182 0.00047043
v 0.02186535 -0.03817295 0.00114980
v 0.01107015 -0.04398620 0.00188239
v 0.00641819 -0.01889979 0.00046118
v -0.01112910 -0.04398620 0.00149490
v -0.01400278 -0.04315915 0.00144474
v -0.00181341 -0.04665552 0.00185215
v -0.02551526 -0.04993474 0.02550286
v 0.00453418 -0.04942514 0.02563941
v 0.00888039 -0.04665347 0.00713033
v 0.00377865 -0.04953252 0.02561064
v 0.01379549 -0.04542267 0.00713121
v 0.01379311 -0.04540985 0.00704188
v -0.00002900 -0.04642784 0.00166113
v 0.00176848 -0.04652548 0.00174089
v -0.00182594 -0.04652548 0.00167775
v -0.00182740 -0.04650957 0.00166862
v -0.00182431 -0.04654090 0.00168789
v -0.00619073 -0.04356408 0.00066008
v -0.00182870 -0.04649310 0.00166047
v -0.00185278 -0.04659210 0.00174269
v -0.01114683 -0.04405217 0.00155649
v -0.00185743 -0.04657922 0.00172976
v 0.00180605 -0.04662534 0.00186653
v -0.01754050 -0.05023587 0.02542217
v -0.02133122 -0.05018215 0.02543657
v -0.01146830 -0.05023839 0.02542150
v 0.00455634 -0.04726577 0.00687681
v 0.00173470 -0.04666369 0.00195002
v -0.01668493 -0.04219640 0.00139792
v -0.01942011 -0.04101114 0.00135018
v -0.02617726 -0.03537293 0.00031121
v -0.02921043 -0.03473093 0.00117929
v -0.02451737 -0.03818620 0.00126120
v -0.03875981 -0.02380930 0.00112561
v -0.02046866 0.03473138 0.02145282
v 0.00862111 0.04432727 0.01753801
v 0.00791877 0.04245050 0.02016892
v 0.01204315 0.04135133 0.02084362
v 0.00369869 0.04314065 0.01953973
v 0.00714059 0.04057373 0.02255594
v -0.05076743 -0.01020854 0.03614746
v -0.00930642 0.03828800 0.02273817
v -0.02131150 0.03836101 0.01719539
v -0.02057767 0.03663625 0.01956582
v -0.00499263 0.04130299 0.02088559
v -0.00092136 0.04148160 0.02137946
v -0.00487051 0.04322200 0.01847800
v -0.00503024 0.03952632 0.02281410
v -0.00190480 0.03969087 0.02320360
v -0.00816205 0.03909741 0.02246313
v -0.00913188 0.04260847 0.01805893
v 0.02972730 0.03653236 0.01439478
v 0.03068188 0.03615118 0.00754658
v 0.02983615 0.03685179 0.00744283
v 0.03523979 -0.00835699 0.03664359
v 0.04072733 -0.01228871 0.03559009
v 0.03383780 0.01453943 0.03089985
v 0.04058257 -0.01216749 0.03562257
v 0.04093055 -0.01245924 0.03554439
v 0.02790290 0.02442857 0.02937701
v -0.00166790 0.03968261 0.02323622
v 0.00126856 0.03958020 0.02364064
v 0.00953702 0.03735498 0.02537066
v 0.00582397 0.03815683 0.02480571
v 0.00947719 0.03719554 0.02542615
v -0.05999926 -0.01291356 0.03542266
v -0.05103359 -0.01028740 0.03612633
v -0.05043560 -0.01012417 0.03617007
v -0.05302592 -0.01087721 0.03596830
v -0.05006448 -0.01005321 0.03618909
v 0.00205725 0.03874548 0.02422114
v 0.03857911 -0.02437487 0.03235161
v 0.03831711 -0.02497714 0.03219023
v 0.04161911 -0.01359657 0.03523964
v 0.04569500 0.00296236 0.02324088
v 0.04159350 -0.01348463 0.03526964
v 0.04163098 -0.01365669 0.03522354
v 0.04162324 -0.01426080 0.03506166
v 0.04209643 -0.01391912 0.03335091
v 0.04117987 -0.01610513 0.03456748
v 0.03974998 -0.02125982 0.03318628
v 0.04418587 -0.01059434 0.02661751
v 0.04331732 -0.01235082 0.02923617
v 0.04332129 -0.01226949 0.02927899
v 0.04282925 -0.01304144 0.03087350
v 0.04118454 -0.02343046 0.00771854
v 0.03920541 -0.02625157 0.01504908
v 0.04338633 -0.01313464 0.00244647
v 0.04514166 -0.01435365 0.00779262
v 0.04374282 -0.01162599 0.02785919
v 0.04018515 -0.01186213 0.03570439
v 0.03453608 0.01296161 0.03103407
v 0.03033267 -0.03679494 0.02854106
v 0.03494860 -0.03181607 0.01950148
v 0.03432919 -0.03258149 0.01861581
v 0.03363095 -0.03289236 0.03006935
v 0.03599621 -0.03042986 0.02122285
v 0.03645026 -0.02978336 0.02208035
v 0.03527945 -0.03062388 0.03042235
v 0.03515368 -0.03077099 0.03063777
v 0.03690014 -0.02902517 0.02323083
v 0.03727129 -0.02839966 0.02418000
v 0.03856763 -0.02468039 0.03156085
v 0.03787482 -0.02713648 0.02637019
v 0.01483849 0.03809929 0.02390340
v 0.01603682 0.03986355 0.02154910
v -0.01405278 0.04510306 0.01251887
v -0.00957391 0.04622946 0.01282265
v -0.00957558 0.04634066 0.01254668
v 0.00459886 0.04722059 0.00709205
v 0.00629623 0.04685124 0.01364776
v 0.00799271 0.04675081 0.00715102
v 0.01751871 0.04364591 0.01584519
v 0.02159461 0.04165723 0.01671561
v 0.02163432 0.04168378 0.01658244
v 0.02197740 0.04197158 0.00712150
v -0.04251731 -0.01588266 0.00094701
v -0.04344528 -0.01313464 0.00093082
v -0.04426427 0.01745909 0.00604651
v -0.04427681 0.01746344 0.00613693
v -0.04278504 0.02085120 0.00625207
v -0.06221008 -0.01410698 0.03510288
v -0.04232754 0.02175158 0.00617174
v -0.06225796 -0.01422307 0.03507178
v -0.03410866 0.03308323 0.00604443
v -0.03720731 0.02955930 0.00598913
v -0.03723229 0.02957788 0.00608048
v -0.03914678 0.02706247 0.00631747
v -0.03724993 0.02959062 0.00617213
v -0.03373758 0.03052755 0.00124051
v -0.03370215 0.03343511 0.01174814
v -0.06231106 -0.01435284 0.03503700
v -0.04545769 0.01414188 0.00620438
v -0.04275096 0.01558449 0.00108318
v -0.04166789 0.01828296 0.00110209
v -0.04226733 0.02172300 0.00589874
v -0.04039770 0.02093934 0.00112426
v -0.03898053 0.02347109 0.00114900
v -0.03992483 0.02577121 0.00594053
v -0.03152731 0.03531273 0.01203016
v -0.06203742 -0.01387758 0.03516435
v -0.02740872 0.03212205 0.01925749
v 0.04027690 0.02090888 0.00243112
v 0.04154524 0.01825637 0.00245326
v 0.04025702 0.02089838 0.00241004
v 0.04709982 0.00468938 0.00755675
v 0.04733585 0.00150873 0.00783354
v 0.04711822 0.00469136 0.00764945
v 0.04675887 -0.00753066 0.00782305
v 0.04658268 -0.00855056 0.00773069
v 0.04666808 -0.00461268 0.01518445
v 0.04719610 -0.00385095 0.00783119
v 0.04718630 -0.00404922 0.00783101
v 0.04488397 0.00709198 0.00261286
v 0.04638512 0.00929612 0.00745199
v 0.01987620 0.00213870 0.00069609
v 0.04235675 0.01184160 0.00150748
v 0.01995699 -0.00116349 0.00069751
v -0.04013063 -0.02119983 0.00098867
v -0.04420268 -0.01030332 0.00091760
v -0.01700943 0.01052609 0.00005225
v -0.01950544 0.00443394 0.00000869
v -0.04072156 0.01668357 0.00005734
v -0.04677702 0.00848167 0.00581895
v -0.04494782 0.00709198 0.00104484
v -0.04531028 0.00419458 0.00103851
v 0.04007168 -0.02119983 0.00238861
v 0.01503307 -0.01318161 0.00061156
v 0.01949325 -0.00443394 0.00068941
v 0.01849761 -0.00758344 0.00067203
v -0.01850980 0.00758344 0.00002606
v -0.00049529 0.01999401 0.00034051
v -0.00831386 0.04320974 0.00062302
v -0.00108964 0.04398683 0.00074912
v -0.01988838 -0.00213870 0.00000200
v -0.01995124 0.00043039 0.00000090
v -0.00281397 -0.01980185 0.00030004
v -0.01314068 -0.01499008 0.00011978
v -0.01189875 -0.01607861 0.00014146
v 0.00048311 -0.01999401 0.00035759
v -0.01970663 0.04087440 0.00134518
v -0.01531166 0.04125400 0.00050087
v -0.02189216 0.03817295 0.00038601
v 0.01707489 0.04213806 0.00212745
v 0.01154156 0.04598537 0.00721267
v 0.00875915 0.04660698 0.00707512
v 0.00982357 0.04618379 0.01415944
v 0.04541023 -0.00165217 0.00262204
v 0.04532347 -0.00164894 0.00249847
v 0.04535805 0.00127199 0.00251981
v 0.04534590 -0.00164977 0.00251960
v 0.03959727 -0.02592422 0.00732664
v 0.03711344 -0.02623262 0.00247722
v 0.03870695 -0.02381576 0.00250504
v 0.03684496 -0.02972189 0.00727622
v 0.03686697 -0.02974085 0.00736775
v 0.03533003 -0.02859196 0.00244609
v 0.03861261 -0.02375626 0.00236314
v 0.03528201 -0.03166280 0.00760900
v 0.03370790 -0.03324995 0.00721898
v 0.02248236 -0.04174263 0.00710721
v 0.02249116 -0.04176179 0.00719785
v 0.01378820 -0.04538872 0.00695167
v 0.01936116 -0.04101114 0.00202711
v 0.01662598 -0.04219640 0.00197936
v 0.02688576 -0.03665469 0.00229870
v 0.03023445 -0.03645096 0.00715614
v 0.02687893 -0.03664474 0.00227133
v 0.02064467 -0.04424823 0.02702656
v 0.01822028 -0.04549747 0.02669182
v 0.01876817 -0.04523134 0.02676313
v 0.01863067 -0.04365158 0.00730549
v 0.02175201 -0.04217248 0.00736182
v 0.01397638 -0.04326726 0.00207336
v 0.01397306 -0.04325552 0.00204606
v 0.01394383 -0.04315915 0.00193255
v -0.01888262 -0.00641436 0.00001956
v -0.01747823 -0.00959367 0.00004407
v 0.03344406 -0.03077930 0.00241317
v 0.03136783 -0.03289534 0.00237693
v -0.00181958 -0.04664971 0.00183497
v -0.00179604 -0.04666305 0.00188227
v -0.02406833 -0.05002294 0.02547923
v 0.00174975 -0.04665552 0.00191518
v 0.00923693 -0.04654193 0.00687039
v 0.00177828 -0.04665552 0.00193572
v -0.00178361 -0.04644772 0.00164031
v -0.00180543 -0.04645909 0.00164441
v -0.00178437 -0.04646481 0.00164661
v -0.00180500 -0.04647634 0.00165055
v -0.00184788 -0.04660406 0.00175632
v -0.01115167 -0.04406964 0.00158124
v -0.00181919 -0.04657922 0.00171992
v 0.00172942 -0.04660844 0.00181428
v 0.00172957 -0.04661762 0.00182605
v -0.00179158 -0.04660711 0.00174958
v 0.01108969 -0.04406964 0.00196947
v 0.00177771 -0.04662534 0.00185049
v 0.00179015 -0.04660406 0.00182169
v 0.01108572 -0.04405217 0.00194456
v -0.02339969 -0.05003695 0.02547548
v -0.01448205 -0.05025237 0.02541775
v 0.00518589 -0.04721827 0.00706423
v 0.00455614 -0.04727943 0.00696580
v -0.01943097 -0.04103345 0.00136818
v -0.02197649 -0.03972984 0.00132375
v -0.01944108 -0.04105407 0.00138874
v -0.02687990 -0.03656310 0.00121997
v -0.04842183 -0.03597555 0.02924322
v -0.01749982 0.03621240 0.02164238
v 0.01293490 0.04318082 0.01822247
v 0.01306951 0.04501095 0.01565689
v 0.01419806 0.04456473 0.01596507
v 0.00862910 0.04614326 0.01497514
v 0.00833126 0.04612062 0.01505732
v -0.00057832 0.04340388 0.01897165
v 0.00313685 0.04123250 0.02193993
v 0.00445212 0.03919375 0.02411997
v -0.00551566 0.03889373 0.02315345
v -0.01313325 0.03773797 0.02209977
v -0.01442282 0.03744042 0.02187596
v -0.00937042 0.03873092 0.02245387
v -0.01331779 0.04158346 0.01770966
v -0.01359355 0.04344155 0.01510613
v 0.02603904 0.03959062 0.00719262
v 0.02270751 0.03000664 0.02806593
v 0.02557334 0.02746654 0.02868163
v 0.02303720 0.04097498 0.01642867
v 0.02599962 0.03908909 0.01701075
v 0.02607131 0.03926055 0.01419666
v 0.03541413 -0.00846026 0.03661592
v 0.03510595 -0.00827608 0.03666526
v 0.02776142 0.02432791 0.02941012
v 0.03441080 -0.00806347 0.03672224
v 0.03004168 0.02128482 0.02998074
v 0.03468709 -0.00811111 0.03670947
v 0.03479855 -0.00814347 0.03670080
v 0.03484882 -0.00816045 0.03669625
v 0.03202312 0.01800070 0.03050112
v 0.02294144 0.03024200 0.02794066
v 0.02430297 0.02940834 0.02803734
v 0.02305375 0.03034885 0.02785772
v -0.05024438 -0.01008322 0.03618104
v 0.00208351 0.03891194 0.02415931
v 0.04539123 0.00372317 0.02371299
v 0.04687323 -0.00000000 0.01535249
v 0.04663147 0.00483650 0.01533903
v 0.04583678 0.00309612 0.02272760
v 0.04582864 -0.00001574 0.02324304
v 0.04235003 -0.01354846 0.03256916
v 0.04235544 -0.01347191 0.03259229
v 0.04164959 -0.01401745 0.03512687
v 0.04270419 -0.01328921 0.03121189
v 0.04159709 -0.01437434 0.03503124
v 0.04157207 -0.01442023 0.03501895
v 0.04015610 -0.02005672 0.03350865
v 0.04283602 -0.01293028 0.03091671
v 0.04429303 -0.01020745 0.02642336
v 0.04281623 -0.01313205 0.03083702
v 0.04459743 -0.00938617 0.02558880
v 0.04460469 -0.00936488 0.02557066
v 0.03964504 -0.02595844 0.00760115
v 0.04201818 -0.02188890 0.00764537
v 0.04414373 -0.01030332 0.00245969
v 0.04416744 -0.01030893 0.00247830
v 0.04652761 -0.00853961 0.00745403
v 0.04482240 -0.00747161 0.00261178
v 0.04521056 -0.00456532 0.00261856
v 0.04425193 -0.01032913 0.00260183
v 0.04607647 -0.01097078 0.00781023
v 0.04381139 -0.01136818 0.02776013
v 0.03927670 -0.01121375 0.03587812
v 0.04102629 -0.01254909 0.03552032
v 0.03644953 0.01518642 0.02914253
v 0.03340753 0.01606172 0.03061497
v 0.03059862 -0.03648590 0.02910647
v 0.03652841 -0.03002017 0.01500822
v 0.03521732 -0.03067433 0.03066367
v 0.03704136 -0.02754518 0.03150213
v 0.03804396 -0.02552847 0.03204250
v 0.03723846 -0.02714872 0.03160836
v 0.03830272 -0.02593197 0.02874366
v 0.03532824 -0.03049522 0.03071166
v 0.03838334 -0.02674008 0.02325502
v -0.00956798 0.04641062 0.01225763
v -0.00768266 0.04677495 0.01211668
v -0.00982309 0.04644357 0.00683797
v -0.00501404 0.04709870 0.01263345
v -0.00502451 0.04706847 0.01277923
v -0.00957293 0.04638096 0.01240320
v -0.01435369 0.04518829 0.00639222
v -0.01681383 0.04441118 0.00671432
v -0.01436412 0.04521632 0.00648452
v -0.01873914 0.04357436 0.00631517
v -0.00052721 0.04743564 0.00672900
v 0.00412819 0.04721017 0.00671759
v -0.00052533 0.04740639 0.00663634
v 0.01739742 0.04352636 0.01624360
v 0.01735127 0.04346888 0.01636695
v 0.01744095 0.04357532 0.01611488
v 0.01711264 0.04162781 0.01893844
v 0.02684155 0.03314798 0.02372138
v 0.02992675 0.03021806 0.02442631
v 0.02842813 0.03462324 0.02113692
v 0.00897988 0.04639362 0.01329810
v 0.00432240 0.04711221 0.01305735
v 0.01321812 0.04520608 0.01512500
v 0.01748149 0.04361529 0.01598173
v 0.02155089 0.04162211 0.01684551
v 0.01672075 0.04404188 0.01527868
v 0.01793544 0.04363092 0.01376460
v 0.01774501 0.04395201 0.00723164
v 0.01501735 0.04496025 0.00727319
v 0.01314822 0.04512758 0.01540003
v 0.01333289 0.04549010 0.00715463
v 0.01333147 0.04547989 0.00706304
v -0.01563257 0.04444441 0.01267648
v -0.02127673 0.04211738 0.01238787
v -0.02255500 0.04162022 0.01208555
v 0.00412950 0.04725891 0.00690312
v 0.02126369 0.04020606 0.00231060
v 0.02233546 0.03959667 0.00221927
v 0.01758215 0.04367844 0.01556629
v 0.01996068 0.04261602 0.01585394
v 0.01773689 0.04392381 0.00704717
v 0.01842312 0.04367448 0.00733269
v 0.02173734 0.04213010 0.00739073
v -0.03366951 0.03046783 0.00111965
v -0.03559670 0.02823067 0.00110674
v -0.03368678 0.03048314 0.00114008
v -0.03370242 0.03049694 0.00116278
v -0.03561321 0.02824345 0.00112943
v -0.03371620 0.03050903 0.00118738
v -0.02729067 0.03640168 0.00135305
v -0.02485514 0.03810471 0.00139556
v -0.02728280 0.03639181 0.00132594
v -0.05520894 -0.02645456 0.03179436
v -0.05305373 -0.02968460 0.03092887
v -0.05705758 -0.02367042 0.03254036
v -0.05571732 -0.02571829 0.03199164
v -0.03995158 0.02578745 0.00603174
v -0.03565028 0.02827180 0.00120713
v -0.03173210 0.03260584 0.00127552
v -0.03067135 0.03628099 0.00610548
v -0.04424341 0.01745146 0.00595516
v -0.04366799 0.01279305 0.00106718
v -0.04273889 0.01558026 0.00105615
v -0.04231554 0.02174621 0.00608125
v -0.04264177 0.01554555 0.00094484
v -0.04156141 0.01823728 0.00096370
v -0.03024585 0.03647368 0.01194943
v -0.03589426 0.03095177 0.01193000
v -0.03681112 0.03002330 0.01169435
v -0.06193183 -0.01378539 0.03518905
v -0.02410807 0.03455041 0.01938467
v -0.02586616 0.03112739 0.02120666
v -0.02361407 0.03264113 0.02140859
v -0.06150154 -0.01349022 0.03526814
v 0.04156367 0.01826463 0.00247656
v 0.04152472 0.01824720 0.00243217
v 0.04712088 -0.00458207 0.00782979
v 0.04717381 -0.00384854 0.00755814
v 0.04487226 0.00709005 0.00258541
v 0.04521991 0.00419203 0.00256521
v 0.04485767 0.00708768 0.00255889
v 0.04479824 0.00707811 0.00248931
v 0.04518233 0.00418848 0.00251675
v 0.04482040 0.00708166 0.00251043
v 0.04422529 0.00994705 0.00246111
v 0.01646211 0.01134529 0.00063650
v 0.03621664 0.02495965 0.00140030
v 0.03161491 0.03058341 0.00131998
v -0.04140064 -0.01859920 0.00096651
v -0.04430329 -0.01032633 0.00102884
v -0.06232482 -0.01447434 0.03500445
v -0.04680823 0.00848705 0.00590983
v -0.04490142 0.00708487 0.00096730
v -0.04526352 0.00419037 0.00096098
v -0.04491964 0.00708768 0.00099182
v -0.04483314 0.00707426 0.00090659
v 0.04134169 -0.01859920 0.00241078
v 0.00993880 -0.01735134 0.00052264
v -0.01958263 0.00388955 0.00000734
v -0.01709262 0.01036292 0.00005080
v 0.00616393 0.04356408 0.00087573
v 0.00859003 0.04453882 0.00183910
v 0.01324899 0.04195301 0.00099940
v -0.01647430 -0.01134529 0.00006159
v -0.00722255 -0.01858263 0.00022308
v -0.00388692 -0.01955788 0.00028131
v -0.01438260 -0.01390155 0.00009811
v -0.03732052 0.02591023 0.00107665
v -0.03737662 0.02594798 0.00117699
v -0.03730143 0.02589722 0.00105625
v -0.03890221 0.02342518 0.00102831
v -0.03892210 0.02343695 0.00104870
v 0.04533562 0.00127135 0.00249869
v 0.04196785 -0.02186030 0.00737014
v 0.03374887 -0.03329486 0.00749183
v 0.03688961 -0.02976159 0.00754991
v 0.03730395 -0.02924246 0.00764603
v 0.02306555 -0.04277916 0.02742019
v 0.02754832 -0.03861351 0.00746701
v 0.02449810 -0.04179072 0.02768505
v 0.02547314 -0.04107493 0.02787684
v 0.02652000 -0.03932671 0.00736019
v 0.03020790 -0.03655775 0.00751533
v 0.03025249 -0.03647448 0.00724705
v 0.03026463 -0.03649095 0.00733815
v 0.00923231 -0.04651124 0.00678078
v 0.00923975 -0.04656374 0.00696039
v 0.01226823 -0.04586866 0.00719174
v 0.02922212 -0.03481793 0.00233948
v 0.02164597 -0.04366451 0.02718296
v 0.02683523 -0.03658298 0.00217576
v 0.02915148 -0.03473093 0.00219800
v 0.02916703 -0.03474982 0.00221646
v 0.02190529 -0.03970824 0.00207151
v 0.01821871 -0.04382163 0.00721058
v 0.02249581 -0.04177325 0.00728753
v 0.01820826 -0.04378919 0.00703065
v 0.01395777 -0.04320432 0.00197172
v 0.01396371 -0.04322388 0.00199480
v 0.03129182 -0.03281315 0.00223536
v -0.01402482 -0.04322388 0.00150626
v -0.01401808 -0.04320432 0.00148340
v -0.01114140 -0.04403223 0.00153361
v -0.00183726 -0.04662534 0.00178584
v -0.00015592 -0.04749773 0.00679299
v -0.01115586 -0.04408442 0.00160743
v 0.00175699 -0.04664971 0.00189842
v -0.00179482 -0.04665212 0.00183661
v 0.00174632 -0.04647634 0.00171254
v 0.00174471 -0.04650957 0.00172788
v 0.00177034 -0.04650957 0.00173184
v 0.00172909 -0.04658717 0.00178701
v -0.00179139 -0.04660379 0.00174581
v -0.00178968 -0.04657428 0.00171245
v 0.00174375 -0.04652548 0.00173707
v -0.00178562 -0.04649293 0.00165697
v -0.00181702 -0.04659210 0.00173348
v 0.01109297 -0.04408442 0.00199579
v 0.00176641 -0.04654090 0.00175096
v 0.00176416 -0.04655566 0.00176193
v 0.00172828 -0.04655065 0.00175346
v -0.02196424 -0.03970824 0.00130577
v -0.01945027 -0.04107266 0.00141155
v -0.02199822 -0.03976780 0.00136708
v -0.01671804 -0.04227645 0.00148408
v -0.01671099 -0.04225969 0.00145937
v -0.01670304 -0.04224056 0.00143653
v -0.01669431 -0.04221935 0.00141595
v -0.01401069 -0.04318262 0.00146279
v -0.02453100 -0.03820696 0.00127916
v -0.02454368 -0.03822616 0.00129968
v -0.01686082 0.03836455 0.01980358
v -0.01676725 0.03639493 0.02180935
v 0.01376210 0.03641331 0.02575095
v 0.01665163 0.03498216 0.02632790
v 0.01105223 0.03952184 0.02321465
v 0.00772012 0.03850320 0.02465434
v 0.00971760 0.03778921 0.02511950
v 0.01077297 0.03758531 0.02519068
v 0.00872468 0.04631550 0.01457711
v 0.00420002 0.04705702 0.01380270
v 0.00417684 0.04701746 0.01394518
v -0.00042707 0.04730066 0.01324306
v -0.00044334 0.04725976 0.01338633
v -0.00503369 0.04702734 0.01292286
v -0.00475424 0.04514101 0.01584522
v -0.00340267 0.04690025 0.01360996
v -0.00504783 0.04691378 0.01319885
v 0.00600325 0.03876654 0.02448627
v 0.00595792 0.03862718 0.02458608
v -0.00513173 0.03951243 0.02280272
v -0.01302335 0.03730810 0.02238554
v -0.00935228 0.03859240 0.02256100
v -0.00921323 0.04450591 0.01543896
v 0.02198823 0.04199861 0.00730595
v 0.02213086 0.04163472 0.01398601
v 0.02789992 0.03834119 0.00749835
v 0.03308228 0.03347411 0.01457880
v 0.03392678 0.03209542 0.01873169
v 0.03611991 0.03010974 0.01474716
v 0.03575196 0.03112230 0.00763387
v 0.04255483 0.01238009 0.02486872
v 0.04346550 0.01264571 0.02354472
v 0.04204116 0.01696952 0.02303255
v 0.04342934 0.01506706 0.02216844
v 0.02282558 0.03012752 0.02801042
v 0.03714159 0.02455991 0.02318718
v 0.03457679 0.02819934 0.02253522
v 0.03514273 0.02350675 0.02574931
v 0.03535753 0.02880275 0.02119776
v 0.02552090 0.03928382 0.01745954
v 0.03452088 -0.00807686 0.03671865
v 0.03458101 -0.00808833 0.03671557
v 0.03463468 -0.00809860 0.03671282
v 0.03368639 0.01449227 0.03096550
v 0.03217490 0.01806574 0.03044556
v 0.03495619 -0.00820296 0.03668486
v 0.01651330 0.03435314 0.02670345
v -0.05041841 -0.01011970 0.03617127
v -0.00172597 0.03893889 0.02369110
v 0.00211128 0.03907194 0.02408279
v 0.04136194 -0.01295727 0.03541094
v 0.04141599 -0.01304966 0.03538619
v 0.04142161 -0.01305937 0.03538359
v 0.04392252 0.01372569 0.02216057
v 0.04384832 0.01277852 0.02287893
v 0.04446059 0.00820297 0.02399483
v 0.04688340 0.00000000 0.01519522
v 0.04484250 0.00828885 0.02333111
v 0.04501527 0.00368527 0.02437469
v 0.04576442 0.00004577 0.02341370
v 0.04589835 0.00000000 0.02294829
v 0.04579166 -0.00171498 0.02332618
v 0.04575543 -0.00170061 0.02344048
v 0.04164515 -0.01376861 0.03519355
v 0.04164129 -0.01409356 0.03510648
v 0.04165208 -0.01390601 0.03515673
v 0.04258597 -0.01341174 0.03162797
v 0.03962089 -0.02594064 0.00741849
v 0.04471277 -0.00745294 0.00246962
v 0.04512419 -0.00455639 0.00249500
v 0.04657331 -0.00854855 0.00763936
v 0.04551059 -0.01312623 0.00771067
v 0.04545661 -0.01310935 0.00743435
v 0.04256234 -0.01592244 0.00257233
v 0.04393724 -0.01755386 0.00740638
v 0.03608487 -0.00892952 0.03649018
v 0.03723296 0.01979737 0.02635150
v 0.03895397 0.01589966 0.02690469
v 0.03933895 0.02068546 0.02379790
v 0.03484115 0.01890929 0.02860510
v 0.03019099 -0.03692907 0.02898772
v 0.03943738 -0.02627859 0.00768574
v 0.03801725 -0.02558219 0.03202811
v -0.01465175 0.04511913 0.01163852
v -0.01337179 0.04555301 0.00677511
v -0.01437656 0.04524569 0.00666828
v -0.01433448 0.04317086 0.00157920
v -0.01159579 0.04398391 0.00162700
v -0.01713873 0.04213806 0.00153025
v 0.00412929 0.04723928 0.00681033
v 0.00875265 0.04654850 0.00679791
v -0.00258997 0.04740311 0.00696613
v -0.00521600 0.04718330 0.00683051
v -0.00423493 0.04719609 0.01241753
v -0.00521320 0.04717263 0.00673906
v -0.00520939 0.04715297 0.00664641
v -0.00520452 0.04712386 0.00655386
v -0.00500237 0.04711793 0.01248675
v 0.01990384 0.04223188 0.01693795
v 0.02145285 0.04152746 0.01709173
v 0.02150350 0.04157872 0.01697118
v 0.01985985 0.03799109 0.02227202
v 0.02347508 0.03574950 0.02299990
v 0.02188158 0.03416209 0.02532327
v 0.00424368 0.04710332 0.01351215
v 0.01353467 0.04522521 0.01353457
v 0.01318443 0.04517181 0.01526425
v 0.01310981 0.04507377 0.01553124
v -0.01839185 0.04356169 0.01227662
v -0.01841976 0.04366144 0.01200429
v -0.02257633 0.04166981 0.01195336
v -0.01437170 0.04523531 0.00657697
v -0.01875222 0.04360149 0.00640734
v -0.02299309 0.04155618 0.00633295
v -0.02013647 0.04302894 0.00665580
v -0.00584496 0.04499105 0.00158713
v -0.00864898 0.04453882 0.00153819
v -0.00865868 0.04458544 0.00157695
v -0.00866299 0.04460562 0.00159985
v -0.00585172 0.04503814 0.00162594
v -0.00584844 0.04501552 0.00160526
v 0.02602460 0.03956611 0.00709974
v 0.02166975 0.04170160 0.01644701
v 0.01755234 0.04366697 0.01570634
v 0.01774263 0.04394211 0.00714005
v 0.02198489 0.04198911 0.00721437
v -0.02696002 0.03909583 0.00617102
v -0.02929932 0.03747654 0.00649399
v -0.04258212 -0.01590648 0.00100779
v -0.04349140 -0.01314839 0.00096894
v -0.04256246 -0.01589928 0.00098516
v -0.04261415 -0.01591812 0.00105833
v -0.05454867 -0.02746744 0.03152296
v -0.03959833 0.02646249 0.01073610
v -0.03781039 0.02895644 0.01099376
v -0.03989448 0.02602102 0.01101227
v -0.04173816 0.02296064 0.01104473
v -0.04108232 0.02402535 0.00628262
v -0.03562775 0.02825465 0.00115401
v -0.03735303 0.02593224 0.00112389
v -0.03564014 0.02826412 0.00118006
v -0.03372796 0.03051927 0.00121344
v -0.02954066 0.03460228 0.00131377
v -0.03459113 0.03268038 0.00639944
v -0.03413161 0.03310399 0.00613593
v -0.03414783 0.03311820 0.00622772
v -0.04229558 0.02173675 0.00598982
v -0.04439755 0.00997197 0.00105444
v -0.04035586 0.02091835 0.00104665
v -0.04162478 0.01826463 0.00102450
v -0.04037229 0.02092664 0.00107119
v -0.03895598 0.02345685 0.00109592
v -0.03888077 0.02341244 0.00101049
v -0.04029439 0.02088702 0.00098582
v -0.04164170 0.01827188 0.00104904
v -0.04160555 0.01825637 0.00100186
v -0.03030769 0.03655447 0.01170234
v -0.03033066 0.03658528 0.01157368
v -0.02757386 0.03875756 0.01111203
v -0.02699915 0.03914621 0.00644594
v -0.02640626 0.03954846 0.00654530
v -0.02661080 0.03939408 0.01140457
v -0.06167478 -0.01359454 0.03524019
v 0.03549989 0.02820115 0.00230881
v 0.04150245 0.01823728 0.00241358
v 0.04023544 0.02088702 0.00239147
v 0.03159150 0.03252437 0.00224059
v 0.03359196 0.03045127 0.00227551
v 0.03360993 0.03046783 0.00229401
v 0.03882387 0.02646322 0.01489831
v 0.03800692 0.02830591 0.00767249
v 0.03642609 0.03023469 0.00728004
v 0.03923377 0.02646441 0.00732829
v 0.04720167 -0.00385106 0.00774223
v 0.04714598 -0.00384614 0.00746539
v 0.04655511 -0.00854493 0.00754671
v 0.04523462 0.00419344 0.00259173
v 0.04520240 0.00419037 0.00254007
v 0.04539578 0.00127307 0.00256828
v 0.04515999 0.00418637 0.00249562
v 0.04349755 0.01276109 0.00244841
v 0.04352091 0.01276803 0.00246701
v 0.04258282 0.01554555 0.00243244
v 0.04484031 0.00708487 0.00253375
v 0.04266214 0.01557504 0.00252056
v 0.04157972 0.01827188 0.00250167
v 0.04159322 0.01827800 0.00252817
v -0.00995098 0.01735134 0.00017546
v 0.01437042 0.01390155 0.00059999
v 0.02615045 0.03537293 0.00122460
v 0.03983011 0.01865505 0.00146338
v 0.01887044 0.00641436 0.00067854
v -0.03530307 -0.02852051 0.00107294
v -0.03141170 -0.03287539 0.00122760
v -0.02925527 -0.03478303 0.00124041
v -0.02926729 -0.03479682 0.00126503
v -0.04346921 -0.01314179 0.00094859
v -0.04351148 -0.01315434 0.00099156
v -0.04515892 -0.00455392 0.00090090
v -0.04493516 0.00709005 0.00101781
v -0.04529751 0.00419344 0.00101149
v -0.04519469 0.00418410 0.00090028
v -0.04521957 0.00418637 0.00091804
v -0.04488071 0.00708166 0.00094469
v 0.03863331 -0.02376918 0.00238170
v 0.04011296 -0.02122202 0.00242826
v 0.03865237 -0.02378112 0.00240277
v 0.04245836 -0.01588266 0.00243027
v 0.01150550 0.04387401 0.00188999
v 0.00578601 0.04499105 0.00179015
v 0.00387474 0.01955788 0.00041679
v 0.00602227 0.01906955 0.00045427
v 0.01427064 0.04317086 0.00207850
v 0.01707072 0.04212663 0.00210013
v 0.01332082 0.04543296 0.00687734
v 0.00875658 0.04657719 0.00689071
v -0.03733781 0.02592196 0.00109933
v -0.03736601 0.02594094 0.00114993
v -0.03557847 0.02821649 0.00108633
v 0.04539838 -0.00165172 0.00259459
v 0.04538361 -0.00165117 0.00256807
v 0.04518406 -0.00456255 0.00256459
v 0.04536605 -0.00165051 0.00254293
v 0.04531128 0.00127066 0.00248007
v 0.03702307 -0.02616707 0.00233540
v 0.03866949 -0.02379189 0.00242604
v 0.04013074 -0.02123163 0.00245155
v 0.03869692 -0.02380930 0.00247762
v 0.04199281 -0.02187408 0.00746226
v 0.03372805 -0.03327130 0.00731018
v 0.03270071 -0.03433389 0.00756065
v 0.03688174 -0.02975400 0.00745940
v 0.02650380 -0.03929819 0.00717945
v 0.03027115 -0.03650064 0.00742822
v 0.00924088 -0.04657705 0.00704955
v 0.01664988 -0.04225969 0.00204169
v 0.01664273 -0.04224056 0.00201859
v 0.02921466 -0.03480849 0.00231210
v 0.02682095 -0.03656310 0.00215732
v 0.02447142 -0.03820696 0.00213450
v 0.02448337 -0.03822616 0.00215545
v 0.02686014 -0.03661794 0.00221991
v 0.02449407 -0.03824347 0.00217861
v 0.02195230 -0.03979691 0.00218534
v 0.01938077 -0.04105407 0.00206638
v 0.01938916 -0.04107266 0.00208950
v 0.01821516 -0.04380944 0.00712107
v 0.01396882 -0.04324102 0.00201972
v 0.01108109 -0.04403223 0.00192151
v 0.00175989 -0.04657922 0.00178273
v 0.01107587 -0.04401012 0.00190068
v 0.03343545 -0.03077095 0.00238578
v -0.01113546 -0.04401012 0.00151298
v -0.00182571 -0.04664262 0.00181793
v -0.00179273 -0.04662452 0.00177755
v -0.00179302 -0.04662892 0.00178463
v 0.00174791 -0.04662534 0.00184110
v 0.00172953 -0.04665702 0.00191491
v 0.00172904 -0.04658494 0.00178496
v -0.00178767 -0.04653581 0.00168128
v 0.00172686 -0.04649857 0.00172160
v -0.00181473 -0.04660406 0.00174778
v 0.00179590 -0.04659210 0.00180839
v 0.00175713 -0.04659210 0.00179618
v -0.02198788 -0.03974980 0.00134429
v -0.02200736 -0.03978357 0.00139175
v -0.01403080 -0.04324102 0.00153099
v -0.02693235 -0.03663246 0.00130579
v -0.02692125 -0.03661794 0.00128115
v -0.02455518 -0.03824347 0.00132245
v -0.02690868 -0.03660136 0.00125839
v -0.02924165 -0.03476728 0.00121767
v -0.02922661 -0.03474982 0.00119720
v -0.04149499 -0.01864073 0.00107786
v -0.04022214 -0.02124717 0.00110008
v -0.03874637 -0.02380132 0.00109957
v 0.00965795 0.03765350 0.02521626
v 0.01368810 0.03644233 0.02573708
v -0.00026446 0.04532617 0.01633242
v 0.00241336 0.04689868 0.01425718
v -0.00047463 0.04714637 0.01366140
v 0.00420803 0.04504881 0.01690187
v -0.00045924 0.04720817 0.01352616
v 0.00875365 0.04635278 0.01443596
v -0.00041056 0.04733057 0.01309757
v -0.01310046 0.03760349 0.02220725
v -0.00552848 0.03920423 0.02297836
v -0.00955475 0.04608299 0.01307736
v 0.02492070 0.04033748 0.00744644
v 0.02983095 0.03684340 0.00735129
v 0.03330387 0.03374247 0.00759182
v 0.04708588 0.00510844 0.00782900
v 0.04656655 0.00865696 0.00781989
v 0.04591469 0.00953455 0.01529858
v 0.04554411 0.00644981 0.02244335
v 0.04474926 0.01407020 0.01523255
v 0.04413291 0.01348286 0.02170036
v 0.04578317 0.01214173 0.00780625
v 0.04114926 0.01661290 0.02436061
v 0.04241121 0.01809394 0.02165001
v 0.02882861 0.03696079 0.01759374
v 0.03147506 0.03462448 0.01816901
v 0.03439915 0.03107622 0.01980541
v 0.03796771 0.02508648 0.02185243
v 0.02559833 0.03932010 0.01719977
v 0.02923631 0.03653488 0.01807366
v 0.02537168 0.03917317 0.01782402
v 0.02531072 0.03912513 0.01793478
v 0.02547524 0.03925420 0.01758526
v 0.03019023 0.02136791 0.02993613
v 0.03033546 0.02144639 0.02987717
v 0.02804298 0.02452509 0.02932891
v 0.03203040 0.01904860 0.03015627
v 0.02797301 0.02887006 0.02672217
v 0.03270115 0.02699254 0.02510509
v 0.03446646 -0.00806899 0.03672076
v 0.01983632 0.03247227 0.02732837
v 0.01660391 0.03449339 0.02664035
v 0.00214021 0.03922360 0.02399258
v -0.00171784 0.03910609 0.02362667
v 0.04147115 -0.01315703 0.03535742
v 0.04712767 0.00469245 0.00774082
v 0.04570675 0.00463465 0.02273528
v 0.04496573 0.00905640 0.02277118
v 0.04156068 -0.01337360 0.03529939
v 0.04152061 -0.01326386 0.03532879
v 0.04589764 -0.00003922 0.02295216
v 0.04583014 -0.00174123 0.02310807
v 0.04581430 0.00003282 0.02328420
v 0.04164742 -0.01379422 0.03518669
v 0.04542661 -0.00539201 0.02398937
v 0.04565204 -0.00357653 0.02358543
v 0.04472905 -0.00871695 0.02542156
v 0.04511428 -0.00713032 0.02459234
v 0.03963669 -0.02595197 0.00751041
v 0.04473679 -0.00745700 0.00248823
v 0.04475892 -0.00746074 0.00250936
v 0.04519876 -0.00456408 0.00259111
v 0.04514652 -0.00455868 0.00251612
v 0.04479614 -0.00746708 0.00255781
v 0.04481071 -0.00746959 0.00258433
v 0.04422601 -0.01032287 0.00254786
v 0.04418928 -0.01031411 0.00249941
v 0.04548351 -0.01311754 0.00752690
v 0.04408558 -0.01733826 0.00777274
v 0.04398062 -0.01757242 0.00759111
v 0.04396329 -0.01756488 0.00749874
v 0.04343109 -0.01314839 0.00248618
v 0.04250215 -0.01589928 0.00246996
v 0.04252101 -0.01590648 0.00249327
v 0.04345037 -0.01315434 0.00250949
v 0.04028954 0.01184885 0.02740233
v 0.04129566 -0.01285805 0.03543753
v 0.03769178 0.01131761 0.02962347
v 0.04135361 -0.01294480 0.03541429
v 0.03288140 0.02245359 0.02801767
v 0.03856339 -0.02470041 0.03151580
v -0.01709354 0.04203277 0.00139079
v -0.01429630 0.04306299 0.00143961
v -0.01430437 0.04308641 0.00145767
v -0.01157104 0.04389787 0.00150538
v -0.01156445 0.04387401 0.00148730
v -0.00620515 0.04706527 0.00690213
v 0.02489943 0.03733691 0.02040770
v 0.02111422 0.03967582 0.01967122
v 0.02506248 0.03167273 0.02603079
v 0.01845966 0.03630636 0.02461022
v 0.01934266 0.03336029 0.02689627
v 0.00422236 0.04708568 0.01365795
v 0.01332445 0.04524020 0.01470883
v 0.00869408 0.04626784 0.01471476
v -0.02301115 0.04158355 0.00651628
v -0.02134850 0.04243244 0.01131164
v -0.02334837 0.04140206 0.00659928
v -0.02454115 0.04071045 0.01119682
v -0.01876162 0.04361990 0.00649967
v -0.01876747 0.04363000 0.00659089
v -0.01843172 0.04372374 0.01171996
v -0.01804226 0.04390363 0.01145842
v -0.00865398 0.04456304 0.00155629
v -0.00866684 0.04462331 0.00162461
v -0.00585750 0.04507640 0.00167365
v -0.00984324 0.04637420 0.00647182
v -0.00286323 0.04534509 0.00170108
v -0.00585476 0.04505853 0.00164887
v -0.00286154 0.04532456 0.00167814
v -0.00003065 0.04543785 0.00175604
v 0.02479129 0.03810471 0.00226214
v 0.02722683 0.03640168 0.00230465
v 0.02478503 0.03809437 0.00223479
v 0.02980322 0.03680519 0.00716559
v 0.02947681 0.03460228 0.00234393
v 0.01965806 0.04089663 0.00205048
v 0.01704355 0.04205563 0.00200485
v 0.01966759 0.04091718 0.00207139
v 0.01703459 0.04203277 0.00198650
v 0.01964768 0.04087440 0.00203211
v -0.02697830 0.03912029 0.00626286
v -0.02297737 0.04153024 0.00624095
v -0.02239930 0.03959667 0.00143842
v -0.04254074 -0.01589130 0.00096480
v -0.04142346 -0.01860932 0.00098430
v -0.03967264 0.02633998 0.01122711
v -0.04195256 0.02255779 0.01060486
v -0.03998182 0.02580492 0.00621385
v -0.03069205 0.03630372 0.00619716
v -0.03049114 0.03653181 0.01104994
v -0.03201719 0.03519771 0.00644554
v -0.03304012 0.03427260 0.01101294
v -0.04038627 0.02093366 0.00109722
v -0.04165611 0.01827800 0.00107505
v -0.04272412 0.01557504 0.00103014
v -0.04270677 0.01556886 0.00100561
v -0.04266527 0.01555400 0.00096262
v -0.04033721 0.02090888 0.00102400
v -0.03027934 0.03651717 0.01182786
v -0.03035985 0.03662657 0.01131042
v -0.02300428 0.04157382 0.00642516
v -0.02659537 0.03907638 0.01217979
v -0.02650872 0.03921409 0.01206422
v -0.02658539 0.03934497 0.01167704
v 0.03884263 0.02342518 0.00238535
v 0.03886180 0.02343695 0.00240642
v 0.03558644 0.02827180 0.00245057
v 0.03646777 0.03027305 0.00755710
v 0.03925663 0.02648081 0.00742107
v 0.03927163 0.02649195 0.00751382
v 0.04002253 0.02535685 0.00770698
v 0.03367373 0.03052755 0.00241718
v 0.04719222 -0.00385017 0.00765085
v 0.04541055 0.00127349 0.00259480
v 0.04537820 0.00127256 0.00254314
v 0.04429059 0.00996197 0.00252416
v -0.01267085 0.01547757 0.00012798
v 0.01925307 0.00538254 0.00068522
v 0.01810459 0.00847957 0.00066517
v -0.03538380 -0.02858420 0.00118453
v -0.04422702 -0.01030893 0.00093536
v -0.04424959 -0.01031411 0.00095571
v -0.04479637 -0.00745700 0.00092543
v -0.04481923 -0.00746074 0.00094576
v -0.04535809 -0.00164804 0.00089743
v -0.04546127 -0.00165172 0.00100863
v -0.04541836 0.00127199 0.00093531
v -0.04524264 0.00418848 0.00093837
v -0.04436971 0.00996592 0.00100142
v -0.04435170 0.00996197 0.00097690
v -0.04539521 0.00127135 0.00091497
v -0.04540621 -0.00164977 0.00093552
v -0.04485782 0.00707811 0.00092435
v 0.04009317 -0.02121136 0.00240718
v 0.04138431 -0.01861867 0.00245045
v 0.04140266 -0.01862710 0.00247375
v 0.01188657 0.01607861 0.00055664
v 0.01997230 0.03919758 0.00111676
v 0.00907832 0.01781708 0.00050762
v -0.00377903 0.01964079 0.00028319
v 0.00041989 0.01994068 0.00035648
v 0.01423735 0.04306299 0.00193767
v 0.01424479 0.04308641 0.00195599
v 0.01332750 0.04546098 0.00697018
v 0.00875871 0.04659653 0.00698354
v -0.03894012 0.02344756 0.00107136
v -0.03896949 0.02346472 0.00112195
v 0.03532091 -0.02858420 0.00241869
v 0.03342469 -0.03076064 0.00235932
v 0.03530952 -0.02857462 0.00239222
v 0.04015925 -0.02124717 0.00250314
v 0.03868439 -0.02380132 0.00245113
v 0.04200945 -0.02188355 0.00755443
v 0.03374160 -0.03328618 0.00740155
v 0.02651436 -0.03931608 0.00727032
v 0.01940728 -0.04111388 0.00216816
v 0.01940248 -0.04110272 0.00214083
v 0.01666120 -0.04229062 0.00209298
v 0.01665606 -0.04227645 0.00206663
v 0.02918134 -0.03476728 0.00223745
v 0.03133772 -0.03286236 0.00229806
v 0.03341187 -0.03074844 0.00233427
v 0.02445842 -0.03818620 0.00211608
v 0.02451112 -0.03827146 0.00223000
v 0.02687037 -0.03663246 0.00224492
v 0.02450336 -0.03825863 0.00220360
v 0.02920532 -0.03479682 0.00228568
v 0.02919416 -0.03478303 0.00226065
v 0.02684837 -0.03660136 0.00219673
v 0.01939643 -0.04108894 0.00211446
v 0.01937138 -0.04103345 0.00204548
v 0.00176172 -0.04656973 0.00177382
v 0.01395111 -0.04318262 0.00195087
v 0.03336287 -0.03070240 0.00227151
v 0.03526298 -0.02853602 0.00232287
v 0.03338071 -0.03071909 0.00229001
v -0.00182254 -0.04655566 0.00169896
v -0.00180977 -0.04662534 0.00177876
v -0.00180438 -0.04664262 0.00181244
v 0.00172971 -0.04664117 0.00186940
v -0.00178742 -0.04653055 0.00167830
v 0.00180134 -0.04657922 0.00179578
v 0.00175422 -0.04660406 0.00181037
v -0.02456533 -0.03825863 0.00134710
v -0.02689482 -0.03658298 0.00123790
v -0.04017327 -0.02122202 0.00102686
v -0.03869289 -0.02376918 0.00103196
v -0.03871268 -0.02378112 0.00105235
v -0.03873060 -0.02379189 0.00107502
v -0.04019185 -0.02123163 0.00104951
v -0.04144462 -0.01861867 0.00100467
v -0.04259942 -0.01591279 0.00103232
v -0.04352915 -0.01315956 0.00101609
v -0.04020821 -0.02124005 0.00107406
v 0.01308968 0.03603930 0.02602429
v 0.01324074 0.03632677 0.02587667
v 0.01678051 0.03475047 0.02647318
v 0.01669332 0.03462631 0.02656321
v 0.00412874 0.04690691 0.01421852
v -0.00504148 0.04697562 0.01306312
v 0.00878078 0.04637941 0.01429250
v -0.00933088 0.03844423 0.02265622
v -0.00553117 0.03934544 0.02287203
v 0.02605256 0.03961617 0.00737704
v 0.03564892 0.03000038 0.01938318
v 0.03618223 0.02937805 0.01927994
v 0.03826179 0.02643754 0.01982106
v 0.03834263 0.02624603 0.02006519
v 0.04529603 0.01384611 0.00770887
v 0.04472835 0.01558779 0.00778796
v 0.04398500 0.01372423 0.02200075
v 0.04505234 0.00921324 0.02247131
v 0.04509470 0.00920543 0.02232284
v 0.04643989 0.00930804 0.00772876
v 0.04643059 0.00930586 0.00763739
v 0.04117777 0.02255848 0.01503069
v 0.04339954 0.01897969 0.00776500
v 0.04182348 0.02224602 0.00773786
v 0.03927915 0.02649806 0.00760526
v 0.04248267 0.01809818 0.02147525
v 0.02927258 0.03654563 0.01794793
v 0.03166465 0.03156607 0.02184915
v 0.03013187 0.03540076 0.01889061
v 0.03827444 0.02623941 0.02027577
v 0.04049749 0.02225758 0.02108955
v 0.03818740 0.02621927 0.02047841
v 0.04057730 0.02226897 0.02090048
v 0.03810389 0.02615454 0.02067461
v 0.02556203 0.03930582 0.01733074
v 0.02904267 0.03642680 0.01854824
v 0.02542537 0.03921721 0.01770702
v 0.03047577 0.02151944 0.02980477
v 0.03232151 0.01812617 0.03037655
v 0.01973150 0.03234089 0.02738773
v 0.01993942 0.03259674 0.02725486
v 0.00216993 0.03936527 0.02389000
v -0.00170776 0.03926681 0.02354764
v 0.04354101 0.00803122 0.02531449
v 0.04562599 0.00465043 0.02299862
v 0.04499882 0.00921864 0.02261624
v 0.04580827 0.00003438 0.02329987
v 0.04561819 -0.00355258 0.02369602
v 0.04580515 -0.00237118 0.02316578
v 0.04560285 -0.00468648 0.02341922
v 0.04474509 -0.00878394 0.02532452
v 0.04516657 -0.00456075 0.00253945
v 0.04424039 -0.01032633 0.00257438
v 0.04348130 -0.01316397 0.00256113
v 0.04420891 -0.01031878 0.00252273
v 0.04550136 -0.01312312 0.00761943
v 0.04398964 -0.01757665 0.00768222
v 0.04346717 -0.01315956 0.00253462
v 0.04349263 -0.01316754 0.00258857
v 0.04112386 -0.01264953 0.03549340
v 0.04122288 -0.01276206 0.03546325
v 0.03058635 0.02578573 0.02738743
v 0.03043201 0.02187508 0.02966763
v -0.01407160 0.04527650 0.01195651
v -0.01713362 0.04212663 0.00150309
v -0.01712742 0.04211251 0.00147693
v -0.01712022 0.04209582 0.00145223
v -0.01973722 0.04093571 0.00140655
v -0.01972790 0.04091718 0.00138373
v -0.01711208 0.04207676 0.00142939
v -0.01971765 0.04089663 0.00136318
v -0.01710314 0.04205563 0.00140881
v -0.01432487 0.04314468 0.00152585
v -0.01431878 0.04312758 0.00150113
v -0.01158283 0.04393982 0.00154888
v -0.01431191 0.04310806 0.00147827
v 0.02191236 0.03148953 0.02747115
v 0.01324902 0.04523015 0.01498342
v 0.00866213 0.04621023 0.01484778
v -0.00867302 0.04465039 0.00167802
v -0.00867020 0.04463827 0.00165082
v -0.00738941 0.04490133 0.00181046
v -0.00985095 0.04640289 0.00656425
v -0.00585992 0.04509152 0.00169988
v -0.00286478 0.04536306 0.00172589
v -0.00286619 0.04537828 0.00175213
v -0.00285976 0.04530180 0.00165743
v 0.00579813 0.04510375 0.00193061
v 0.02944859 0.03456759 0.00226509
v 0.02943565 0.03455194 0.00224189
v 0.02718894 0.03634873 0.00220267
v 0.02721991 0.03639181 0.00227729
v 0.02946928 0.03459289 0.00231655
v 0.02945985 0.03458130 0.00229012
v 0.02721123 0.03637961 0.00225087
v 0.02717564 0.03633047 0.00218170
v 0.02474486 0.03803017 0.00213927
v 0.02716117 0.03631072 0.00216326
v 0.02982007 0.03682798 0.00725845
v 0.03328912 0.03371505 0.00731849
v 0.01968965 0.04096567 0.00214584
v -0.02699127 0.03913697 0.00635493
v -0.01975837 0.04097679 0.00148452
v -0.02484793 0.03809437 0.00136844
v -0.02483915 0.03808160 0.00134233
v -0.02482888 0.03806651 0.00131767
v -0.02481726 0.03804928 0.00129490
v -0.02724925 0.03634873 0.00125245
v -0.02480445 0.03803017 0.00127439
v -0.02235342 0.03951921 0.00131717
v -0.02479067 0.03800949 0.00125643
v -0.03964307 0.02632227 0.01144932
v -0.03997046 0.02579861 0.00612327
v -0.02950971 0.03456759 0.00123597
v -0.02726198 0.03636519 0.00127520
v -0.02952183 0.03458130 0.00126059
v -0.03697772 0.02995717 0.00635654
v -0.03551609 0.03171705 0.01099388
v -0.03689406 0.03010901 0.01088622
v -0.03378681 0.03352385 0.01125243
v -0.03070670 0.03631925 0.00628908
v -0.03071556 0.03632791 0.00637998
v -0.03415760 0.03312616 0.00631850
v -0.04433124 0.00995746 0.00095428
v -0.04158431 0.01824720 0.00098149
v -0.04268705 0.01556182 0.00098298
v -0.04031661 0.02089838 0.00100362
v -0.03039561 0.03661647 0.01105132
v -0.02656480 0.03930868 0.01180992
v -0.02259313 0.04171108 0.01181734
v 0.03882181 0.02341244 0.00236679
v 0.03724185 0.02589722 0.00235741
v 0.03726021 0.02591023 0.00237847
v 0.03553639 0.02823067 0.00234838
v 0.04033386 0.02093934 0.00253344
v 0.04160404 0.01828296 0.00255561
v 0.04163874 0.02246979 0.00736967
v 0.03891669 0.02347109 0.00250870
v 0.03731277 0.02594798 0.00248070
v 0.03555210 0.02824345 0.00237162
v 0.03646094 0.03026611 0.00746563
v 0.03163784 0.03257315 0.00230330
v 0.04427093 0.00995746 0.00250084
v 0.04268711 0.01558449 0.00257451
v 0.04432214 0.00996926 0.00257581
v 0.04260568 0.01555400 0.00245103
v 0.04262674 0.01556182 0.00247214
v 0.01970323 0.00303911 0.00069308
v 0.01746605 0.00959367 0.00065403
v -0.03342181 -0.03070240 0.00110578
v -0.03532257 -0.02853602 0.00109079
v -0.03344029 -0.03071909 0.00112365
v -0.03708202 -0.02616707 0.00104189
v -0.03710249 -0.02618130 0.00105972
v -0.03715382 -0.02621671 0.00112737
v -0.04487360 -0.00746959 0.00101889
v -0.04428799 -0.01032287 0.00100284
v -0.04485811 -0.00746708 0.00099289
v -0.04427002 -0.01031878 0.00097832
v -0.04538305 -0.00164894 0.00091519
v -0.04545775 0.00127307 0.00098243
v -0.04528188 0.00419203 0.00098550
v -0.04543932 0.00127256 0.00095791
v -0.04547345 0.00127349 0.00100842
v -0.04438503 0.00996926 0.00102742
v -0.04362287 0.01278023 0.00098962
v -0.04537023 0.00127066 0.00089722
v 0.04340962 -0.01314179 0.00246507
v 0.04248115 -0.01589130 0.00244886
v 0.04136387 -0.01860932 0.00242936
v 0.04144287 -0.01864579 0.00255279
v 0.04143210 -0.01864073 0.00252536
v 0.04141866 -0.01863448 0.00249886
v 0.00578885 0.04501552 0.00180839
v 0.00280017 0.04530180 0.00175623
v 0.00280281 0.04536306 0.00182482
v 0.00579702 0.04509152 0.00190335
v 0.00579553 0.04507640 0.00187706
v 0.01032625 0.01704453 0.00052940
v 0.02473171 0.03800949 0.00212085
v -0.00695984 0.01875182 0.00022767
v 0.00280178 0.01980185 0.00039806
v 0.01426290 0.04314468 0.00202485
v 0.01705910 0.04209582 0.00204883
v 0.01425766 0.04312758 0.00199993
v 0.01425160 0.04310806 0.00197685
v 0.00579141 0.04503814 0.00182918
v 0.00860188 0.04460562 0.00190121
v 0.00859837 0.04458544 0.00187817
v 0.00579365 0.04505853 0.00185219
v 0.01153195 0.04398391 0.00203070
v 0.03709184 -0.02621671 0.00242333
v 0.03707756 -0.02620632 0.00239825
v 0.03524412 -0.02852051 0.00230434
v 0.03529594 -0.02856329 0.00236715
v 0.03339713 -0.03073453 0.00231104
v 0.03706117 -0.02619446 0.00237499
v 0.04014623 -0.02124005 0.00247665
v 0.04016968 -0.02125294 0.00253057
v 0.03132392 -0.03284749 0.00227485
v 0.03134972 -0.03287539 0.00232311
v 0.02191690 -0.03972984 0.00208991
v 0.02192757 -0.03974980 0.00211083
v 0.02193711 -0.03976780 0.00213397
v 0.01663472 -0.04221935 0.00199771
v -0.00182062 -0.04656973 0.00171094
v 0.00174105 -0.04664262 0.00187451
v -0.00179336 -0.04663399 0.00179278
v 0.00172964 -0.04662860 0.00184625
v -0.00178639 -0.04650911 0.00166614
v 0.00172715 -0.04650809 0.00172584
v -0.04015275 -0.02121136 0.00100648
v -0.04146377 -0.01862710 0.00102731
v 0.01331444 0.03645744 0.02578313
v 0.01316553 0.03618688 0.02595746
v 0.01685973 0.03485674 0.02637185
v 0.00415301 0.04696727 0.01408416
v 0.00880586 0.04639531 0.01414793
v -0.01306371 0.03745969 0.02230295
v -0.00552330 0.03905311 0.02307261
v 0.02604827 0.03960718 0.00728548
v 0.03330756 0.03373688 0.00750280
v 0.03327005 0.03369419 0.00722565
v 0.03166826 0.03260584 0.00238218
v 0.04528701 0.01384286 0.00761750
v 0.04641249 0.00930192 0.00754471
v 0.04497312 0.00998822 0.02209300
v 0.04403415 0.01371841 0.02183644
v 0.04168726 0.02249848 0.00764655
v 0.04010557 0.02335174 0.02033884
v 0.04316152 0.01841949 0.01514268
v 0.04169854 0.02015899 0.02082492
v 0.04369749 0.01827884 0.00768119
v 0.03254513 0.03341686 0.01891484
v 0.02919490 0.03651749 0.01819734
v 0.03262125 0.03343716 0.01867710
v 0.03244896 0.03337475 0.01914225
v 0.03239410 0.03334587 0.01925044
v 0.03239275 0.03224007 0.02050922
v 0.04020241 0.02112950 0.02246624
v 0.04111398 0.02081837 0.02146493
v 0.03067936 0.02143767 0.02974325
v 0.02570050 0.02756994 0.02861556
v 0.02582357 0.02766640 0.02853619
v -0.00169587 0.03941917 0.02345504
v 0.04147460 -0.01316400 0.03535555
v 0.04567091 0.00464304 0.02286831
v 0.04559188 -0.00457307 0.02355035
v 0.04530930 -0.00641064 0.02407076
v 0.04513463 -0.00717940 0.02449006
v 0.04477880 -0.00746412 0.00253268
v 0.04253744 -0.01591279 0.00251839
v 0.04120742 -0.01274431 0.03546801
v 0.02654166 0.02709460 0.02859865
v -0.01116960 0.04608322 0.01185751
v -0.01406859 0.04520963 0.01224400
v -0.02234097 0.03949773 0.00129919
v -0.02239276 0.03958593 0.00141129
v -0.01433012 0.04315914 0.00155203
v -0.01158784 0.04395724 0.00157363
v -0.01157720 0.04391993 0.00152601
v 0.02003961 0.03271297 0.02716831
v 0.01327693 0.04524394 0.01484068
v -0.02261259 0.04176741 0.01153792
v -0.00985669 0.04642230 0.00665681
v -0.00286744 0.04539059 0.00177935
v -0.00003223 0.04548540 0.00184642
v -0.00003140 0.04546535 0.00179891
v -0.00285790 0.04527717 0.00163927
v -0.00002948 0.04536563 0.00168875
v 0.02720087 0.03636519 0.00222585
v 0.02476777 0.03806651 0.00218338
v 0.02940552 0.03451582 0.00220243
v 0.02942122 0.03453459 0.00222090
v 0.02475695 0.03804928 0.00216022
v 0.02477717 0.03808160 0.00220838
v 0.01967611 0.04093571 0.00209451
v 0.01705177 0.04207676 0.00202573
v 0.01706545 0.04211251 0.00207377
v 0.01968349 0.04095194 0.00211947
v -0.02133137 0.04020606 0.00156710
v -0.06213048 -0.01400086 0.03513132
v -0.02953217 0.03459289 0.00128667
v -0.02727321 0.03637961 0.00129984
v -0.02723522 0.03633047 0.00123196
v -0.02948080 0.03453459 0.00119276
v -0.02949596 0.03455194 0.00121323
v -0.03689531 0.03009166 0.01122477
v -0.03726054 0.02959779 0.00626280
v -0.03375573 0.03349070 0.01150420
v -0.04430863 0.00995246 0.00093394
v -0.02653917 0.03926492 0.01193928
v 0.04368887 0.01827457 0.00758981
v 0.03722190 0.02588314 0.00233887
v 0.03551889 0.02821649 0.00232733
v 0.03887901 0.02344756 0.00242970
v 0.04031031 0.02092664 0.00247951
v 0.03889400 0.02345685 0.00245479
v 0.04166311 0.02248377 0.00746242
v 0.03727670 0.02592196 0.00240173
v 0.03644717 0.03025341 0.00737285
v 0.03162391 0.03255841 0.00228008
v 0.03365422 0.03050903 0.00236333
v 0.03364130 0.03049694 0.00233827
v 0.03556577 0.02825465 0.00239670
v 0.04424904 0.00995246 0.00247972
v 0.04267600 0.01558026 0.00254707
v 0.04360414 0.01279305 0.00259052
v 0.04364633 0.01825545 0.00740438
v 0.04354243 0.01277444 0.00248812
v 0.04356176 0.01278023 0.00251143
v 0.04264566 0.01556886 0.00249544
v 0.04433370 0.00997197 0.00260325
v 0.04357861 0.01278530 0.00253656
v -0.03136812 -0.03283099 0.00115982
v -0.03716673 -0.02622550 0.00115341
v -0.03345744 -0.03073453 0.00114408
v -0.03537149 -0.02857462 0.00115848
v -0.03535705 -0.02856329 0.00113390
v -0.03712148 -0.02619446 0.00108013
v -0.04518378 -0.00455639 0.00091866
v -0.04520683 -0.00455868 0.00093900
v -0.04522768 -0.00456075 0.00096161
v -0.04483991 -0.00746412 0.00096838
v -0.04548625 0.00127384 0.00103544
v -0.04364059 0.01278530 0.00101415
v 0.00280123 0.04532456 0.00177698
v 0.00279895 0.04527717 0.00173801
v 0.00721037 0.01858263 0.00047501
v 0.02228202 0.03949773 0.00207809
v 0.01426723 0.04315914 0.00205120
v 0.00859440 0.04456304 0.00185737
v 0.03710383 -0.02622550 0.00244981
v 0.03704290 -0.02618130 0.00235394
v 0.03528035 -0.02855036 0.00234391
v 0.03130854 -0.03283099 0.00225384
v 0.03135978 -0.03288642 0.00234955
v 0.02194539 -0.03978357 0.00215895
v 0.00176418 -0.04664262 0.00188180
v -0.04148063 -0.01863448 0.00105185
v 0.03330151 0.03372917 0.00741130
v 0.04524276 0.01382836 0.00743210
v 0.04253866 0.01809552 0.02129493
v 0.04406095 0.01370595 0.02167255
v 0.03838280 0.02623502 0.01985504
v 0.04063976 0.02227040 0.02070468
v 0.02914860 0.03649355 0.01831818
v 0.03548353 0.02995664 0.01982343
v -0.00168233 0.03956150 0.02335022
v 0.04568442 -0.00361762 0.02338348
v 0.04545679 -0.00545152 0.02379913
v 0.04497515 -0.00799621 0.02474381
v 0.04255126 -0.01591812 0.00254490
v 0.02859741 0.02456839 0.02914608
v -0.01974547 0.04095194 0.00143124
v -0.01975254 0.04096567 0.00145738
v -0.02236500 0.03953907 0.00133770
v -0.02237551 0.03955697 0.00136049
v -0.01159218 0.04397198 0.00159982
v -0.00986053 0.04643286 0.00674819
v -0.00586197 0.04510375 0.00172708
v 0.00280330 0.04537828 0.00185109
v 0.02232283 0.03957266 0.00216554
v 0.02231440 0.03955697 0.00214056
v -0.03169896 0.03257315 0.00119775
v -0.03171194 0.03258606 0.00122236
v -0.03172303 0.03259699 0.00124843
v -0.02722012 0.03631072 0.00121403
v -0.02946448 0.03451582 0.00117485
v -0.03686420 0.03006648 0.01146283
v -0.04428424 0.00994705 0.00091617
v -0.04358050 0.01276803 0.00094665
v 0.04029475 0.02091835 0.00245441
v 0.03730311 0.02594094 0.00245329
v 0.03890659 0.02346472 0.00248128
v 0.03557725 0.02826412 0.00242316
v 0.04032338 0.02093366 0.00250601
v 0.04167914 0.02249326 0.00755514
v 0.03160838 0.03254206 0.00225908
v 0.03362647 0.03048314 0.00231504
v 0.03366506 0.03051927 0.00238979
v 0.03164997 0.03258606 0.00232835
v 0.04367196 0.01826683 0.00749711
v 0.04359278 0.01278958 0.00256308
v 0.04430773 0.00996592 0.00254929
v -0.03135077 -0.03281315 0.00114193
v -0.03534066 -0.02855036 0.00111121
v -0.03138423 -0.03284749 0.00118027
v -0.03348667 -0.03076064 0.00119138
v -0.03713867 -0.02620632 0.00110280
v -0.04526166 -0.00456409 0.00101212
v -0.04542715 -0.00165051 0.00095813
v -0.04365567 0.01278958 0.00104015
v 0.00280212 0.04534509 0.00179997
v -0.00003001 0.04540449 0.00171938
v 0.02230469 0.03953907 0.00211742
v 0.01152928 0.04397198 0.00200341
v 0.00860730 0.04463827 0.00195240
v 0.00860917 0.04465039 0.00197968
v 0.01151145 0.04389787 0.00190828
v 0.01151689 0.04391993 0.00192911
v 0.04526940 0.01383699 0.00752482
v 0.04303706 0.01687967 0.02127697
v 0.02909774 0.03646324 0.01843538
v 0.03557612 0.02998728 0.01960788
v 0.02831252 0.02470143 0.02919061
v -0.02238481 0.03957266 0.00138517
v 0.00280359 0.04539059 0.00187834
v 0.02232987 0.03958593 0.00219193
v -0.03168422 0.03255841 0.00117504
v -0.04360274 0.01277444 0.00096700
v -0.04355651 0.01276109 0.00092887
v 0.03729105 0.02593224 0.00242681
v 0.03166013 0.03259699 0.00235479
v -0.03139883 -0.03286236 0.00120299
v -0.03347298 -0.03074844 0.00116679
v -0.03349835 -0.03077095 0.00121745
v -0.04524604 -0.00456255 0.00098612
v -0.04544559 -0.00165117 0.00098264
v 0.02229383 0.03951921 0.00209649
v 0.01152172 0.04393982 0.00195217
v 0.04395595 0.01403139 0.02163199
v 0.02818003 0.02461636 0.02926645
v -0.03166796 0.03254206 0.00115458
v 0.01152587 0.04395724 0.00197708
v -0.03165045 0.03252437 0.00113670
v 0.00860487 0.04462331 0.00192609
v -0.05482535 -0.02703478 0.03163889
v -0.06468147 -0.06754521 0.10791971
v -0.06120696 -0.07376466 0.10367959
v -0.05850586 -0.07376461 0.10551093
v -0.05859985 -0.07806049 0.10018341
v -0.06368458 -0.07376470 0.10158992
v -0.03324650 -0.04860071 0.02586031
v 0.03474700 -0.00812864 0.03670477
v 0.04029731 -0.01957732 0.03363711
v -0.05300973 -0.01087295 0.03596944
v -0.08996738 -0.01484766 0.08206810
v -0.09004216 -0.01459546 0.07934108
v -0.09007965 -0.01484555 0.07934128
v -0.05831304 -0.01011157 0.11631117
v -0.05746944 -0.01153202 0.12016404
v -0.05519024 -0.01011003 0.11752275
v -0.06107091 -0.01154310 0.11862420
v -0.06131164 -0.07822232 0.09749160
v -0.06056859 -0.07806427 0.09849008
v -0.04992848 -0.01151206 0.12226566
v -0.04935406 -0.01335572 0.12549008
v -0.04604917 -0.01150478 0.12281056
v -0.01833705 -0.06755514 0.10745756
v -0.02187515 -0.07376936 0.10320434
v -0.01949831 -0.07377768 0.10108806
v -0.01286329 -0.06759703 0.10211124
v -0.01549579 -0.06757270 0.10491458
v -0.05081635 -0.01022237 0.03614376
v -0.06003134 -0.01292515 0.03541955
v -0.05474082 -0.04812010 0.03292425
v -0.05861958 -0.05075574 0.03492509
v -0.09000099 -0.01459413 0.07663190
v -0.09005582 -0.01508759 0.08053161
v -0.08925131 -0.03471597 0.08113266
v -0.09005454 -0.01508384 0.07688149
v -0.08930789 -0.03471597 0.07806908
v -0.07953017 -0.05788835 0.05691984
v -0.07567932 -0.06101259 0.05405760
v -0.07796749 -0.06101266 0.05767896
v -0.07710402 -0.05788831 0.05310813
v -0.07472267 -0.05640606 0.04914873
v -0.07764837 -0.05640601 0.05277629
v -0.07793219 -0.05079927 0.04973160
v -0.02727570 -0.00658061 0.11696078
v -0.04578750 -0.01335494 0.12592810
v -0.04378670 -0.01350350 0.12624009
v -0.04222161 -0.01335414 0.12609282
v -0.04963795 -0.01071945 0.12066735
v -0.06130547 -0.01011356 0.11486144
v -0.06452135 -0.01155388 0.11677449
v -0.06779288 -0.01156355 0.11462906
v -0.06917560 -0.01336141 0.11737787
v -0.08900438 -0.03471597 0.08412254
v -0.08528537 -0.05516515 0.08894889
v -0.08687050 -0.05079120 0.08951464
v -0.08749218 -0.05090750 0.08624892
v -0.08491600 -0.03471597 0.09866872
v -0.08355993 -0.03471597 0.10136642
v -0.08443400 -0.01510346 0.10138097
v -0.08793144 -0.03471597 0.09008761
v -0.08710580 -0.03471597 0.09302440
v -0.08843356 -0.01509777 0.09125157
v -0.08924232 -0.01509466 0.08772323
v -0.08855879 -0.03471597 0.08714713
v -0.08799766 -0.01485449 0.09274951
v -0.08713314 -0.01485564 0.09532824
v -0.08735558 -0.01510024 0.09472856
v -0.08610668 -0.03471597 0.09586701
v -0.07818884 -0.04212587 0.10865585
v -0.07595281 -0.04735845 0.11068002
v -0.07620257 -0.04212587 0.11091427
v -0.06865587 -0.05090669 0.11640982
v -0.07065729 -0.05079018 0.11495287
v -0.06894024 -0.05640721 0.11361377
v -0.07184288 -0.05090662 0.11392893
v -0.07160018 -0.04735845 0.11476374
v -0.07236823 -0.05640724 0.11070365
v -0.07481317 -0.05090645 0.11116723
v -0.07384623 -0.04735845 0.11278730
v -0.07754588 -0.05090653 0.10813646
v -0.07819952 -0.05640664 0.10390397
v -0.07516712 -0.05740960 0.10717716
v -0.06750602 -0.07153483 0.10062106
v -0.06586087 -0.07370159 0.09922403
v -0.07009565 -0.06749737 0.10282087
v -0.07236540 -0.06754304 0.09994555
v -0.07125001 -0.06569761 0.10380147
v -0.07443286 -0.06426623 0.10139672
v -0.07427870 -0.06754299 0.09676900
v -0.07646705 -0.06426617 0.09801375
v -0.05653067 -0.07805610 0.10164846
v -0.06694470 -0.04212587 0.11854897
v -0.06714576 -0.03471597 0.11886843
v -0.06966881 -0.03471597 0.11716504
v -0.02659227 -0.04735845 0.12286504
v -0.02424012 -0.05079847 0.12149476
v -0.02386748 -0.04735845 0.12182493
v -0.06152547 -0.06754510 0.11002608
v -0.06682359 -0.05514953 0.11570487
v -0.04127827 -0.03471597 0.12615369
v -0.03820252 -0.03471597 0.12601472
v -0.03959770 -0.01505339 0.12688190
v -0.03840098 -0.01481531 0.12680437
v -0.04323172 -0.01505610 0.12691693
v -0.05746421 -0.01507693 0.12434691
v -0.05419015 -0.01483070 0.12533090
v -0.05418097 -0.01458054 0.12529452
v -0.05040566 -0.01506534 0.12617575
v -0.05346552 -0.01507030 0.12550527
v -0.05289915 -0.01335673 0.12477671
v -0.05374536 -0.01152141 0.12138098
v -0.05048470 -0.01335605 0.12526257
v -0.03844820 -0.01350277 0.12615779
v -0.03843559 -0.01368179 0.12633130
v -0.04381137 -0.01481848 0.12689124
v -0.04381017 -0.01457089 0.12685461
v -0.04921244 -0.01482417 0.12636870
v -0.04732456 -0.03471597 0.12584405
v -0.04683739 -0.01506032 0.12668020
v -0.00778673 -0.07395726 0.07227422
v 0.00016322 -0.06798719 0.06581364
v 0.00014611 -0.06795155 0.06975394
v -0.02690145 -0.04977794 0.02554488
v -0.00885308 -0.06483904 0.04063170
v -0.01546907 -0.06803632 0.04241231
v -0.01266587 -0.06481578 0.03897329
v -0.03460993 -0.06785580 0.03946326
v -0.03359906 -0.06461467 0.03631772
v -0.02931110 -0.06466223 0.03621391
v -0.01667618 -0.06478528 0.03774855
v -0.02081678 -0.06474873 0.03690513
v -0.01443894 -0.06149555 0.03454479
v -0.05026926 -0.01008853 0.03617962
v 0.03608804 -0.02761759 0.03779025
v -0.06081394 -0.04808859 0.03579116
v -0.06352849 -0.05791774 0.04088956
v -0.05952106 -0.05643371 0.03783477
v -0.05941008 -0.05793716 0.03860570
v -0.09003820 -0.01484351 0.07663003
v -0.08977947 -0.01508044 0.07326303
v -0.06586033 -0.01460476 0.03700341
v -0.06417380 -0.01511551 0.03593494
v -0.06588082 -0.01486024 0.03697047
v -0.07300684 -0.06101271 0.05073033
v -0.07138899 -0.06426457 0.05219698
v -0.06852651 -0.06427145 0.04937359
v -0.06654384 -0.06103421 0.04499665
v -0.06534255 -0.06428776 0.04683731
v -0.07954416 -0.03471597 0.04989417
v -0.07759695 -0.03697041 0.04767743
v -0.07924443 -0.04212587 0.05012361
v -0.07814459 -0.01954367 0.04720137
v -0.07761938 -0.01966427 0.04661548
v -0.07820500 -0.01732420 0.04714885
v -0.07826395 -0.01510424 0.04709762
v -0.07601596 -0.01510593 0.04470798
v -0.07545754 -0.01485437 0.04417696
v -0.07537064 -0.02016074 0.04433655
v -0.07825030 -0.01479134 0.04710276
v -0.07426263 -0.05788838 0.04957859
v -0.07101437 -0.05789262 0.04636494
v -0.07138444 -0.05640846 0.04583786
v -0.05196482 -0.01010889 0.11847950
v -0.05840480 -0.01011163 0.11626672
v -0.06695502 -0.01011929 0.11121354
v -0.07085928 -0.01157132 0.11220498
v -0.08902851 -0.01370173 0.07133055
v -0.08885507 -0.01352251 0.07135791
v -0.08843838 -0.01337355 0.07002624
v -0.08895862 -0.01337333 0.07357663
v -0.08586774 -0.01148365 0.07364481
v -0.08062928 -0.01156786 0.10012324
v -0.08236260 -0.01155746 0.09661670
v -0.08341124 -0.01336432 0.10138679
v -0.07848011 -0.03471597 0.10889594
v -0.08033279 -0.03471597 0.10649614
v -0.08055813 -0.01510431 0.10750240
v -0.07647790 -0.03471597 0.11117248
v -0.07826902 -0.01510379 0.11034740
v -0.08202507 -0.03471597 0.10398812
v -0.08002678 -0.04212587 0.10627514
v -0.08170559 -0.04212587 0.10378708
v -0.07974917 -0.04735845 0.10607465
v -0.08141578 -0.04735845 0.10360470
v -0.08261684 -0.01510413 0.10450573
v -0.07721885 -0.01485660 0.11150713
v -0.08978195 -0.01509127 0.08416276
v -0.08247153 -0.05640658 0.09605299
v -0.08398673 -0.05640653 0.09183216
v -0.08181974 -0.05788930 0.09585586
v -0.08543544 -0.04735845 0.09560684
v -0.08674590 -0.04212587 0.09291061
v -0.08641940 -0.04735845 0.09280738
v -0.08723251 -0.04735845 0.08991516
v -0.08426283 -0.04735845 0.09836603
v -0.08457352 -0.04212587 0.09851001
v -0.08292735 -0.04735845 0.10102279
v -0.08329467 -0.05788921 0.09168655
v -0.08512916 -0.05500001 0.08978309
v -0.08601186 -0.01510225 0.09812902
v -0.07664404 -0.01000000 0.05824629
v -0.07800610 -0.01000000 0.06075580
v -0.02709074 -0.00650000 0.11577151
v -0.07611635 -0.01000000 0.05742832
v -0.07489443 -0.01000000 0.05553427
v -0.06550863 -0.01349942 0.03757250
v -0.08197886 -0.01005706 0.07109530
v -0.08184495 -0.01011720 0.06948325
v -0.08246893 -0.01011941 0.07276811
v -0.08175020 -0.01001468 0.07113867
v -0.08237752 -0.01001516 0.07605014
v -0.07520843 -0.05078987 0.11081567
v -0.07792462 -0.04735845 0.10843804
v -0.07408056 -0.04212587 0.11303699
v -0.07433886 -0.03471597 0.11331223
v -0.07196426 -0.05789024 0.11020415
v -0.07156509 -0.05513214 0.11203237
v -0.07838819 -0.06101419 0.09906106
v -0.06952344 -0.07376185 0.09399976
v -0.07498175 -0.05787569 0.10701551
v -0.07389224 -0.06426444 0.05531526
v -0.07782637 -0.06426463 0.06237035
v -0.07553135 -0.06754160 0.06337214
v -0.07685586 -0.06754173 0.06695917
v 0.00436435 -0.03410261 0.10107502
v 0.01296222 -0.02477909 0.09235918
v 0.00776435 -0.02466758 0.09872365
v -0.01993024 -0.07914162 0.06463605
v -0.02020488 -0.07914110 0.06481073
v -0.02143323 -0.07914686 0.06253215
v -0.05937907 -0.07821944 0.09930751
v -0.05923080 -0.07837928 0.09913312
v -0.07320591 -0.07376158 0.08158470
v -0.07864424 -0.06754224 0.07836881
v -0.07332508 -0.07376150 0.07830387
v -0.06904507 -0.07804486 0.08028602
v -0.05727850 -0.07821549 0.10092577
v -0.03032737 -0.07881983 0.10127863
v -0.03018619 -0.07879388 0.10155430
v -0.03259405 -0.07881945 0.10230417
v -0.03248060 -0.07879327 0.10259251
v -0.05223858 -0.07872427 0.10255218
v -0.04976135 -0.07878584 0.10316524
v -0.04985445 -0.07872298 0.10345407
v -0.07028940 -0.01509671 0.11767456
v -0.07205820 -0.03471597 0.11531914
v -0.06944767 -0.04212587 0.11685913
v -0.02648020 -0.04212587 0.12318860
v -0.02941347 -0.04212587 0.12409849
v -0.02950420 -0.04735845 0.12376831
v -0.03234775 -0.04735845 0.12445462
v -0.03823179 -0.04212587 0.12563838
v -0.03524179 -0.03471597 0.12569067
v -0.03825834 -0.04735845 0.12529700
v -0.03610123 -0.05079578 0.12462797
v -0.03534255 -0.04735845 0.12497786
v -0.02611290 -0.05091092 0.12218160
v -0.05328215 -0.03471597 0.12476673
v -0.05687318 -0.05788990 0.11936315
v -0.06025850 -0.06101522 0.11600112
v -0.05625774 -0.06101505 0.11764199
v -0.04366328 -0.05788953 0.12199485
v -0.03909875 -0.06101433 0.12017220
v -0.03913737 -0.05788942 0.12198885
v -0.04204432 -0.05499861 0.12336362
v -0.04597811 -0.05499848 0.12317442
v -0.06562483 -0.05079071 0.11843347
v -0.06676231 -0.04735845 0.11825917
v -0.05602317 -0.05517284 0.12100852
v -0.05737996 -0.05499833 0.12058642
v -0.05257717 -0.05788978 0.12067062
v -0.04815881 -0.05788966 0.12155217
v -0.05019455 -0.05517774 0.12252557
v -0.03595600 -0.01505255 0.12657058
v -0.03529462 -0.04212587 0.12531690
v -0.03220084 -0.03471597 0.12515937
v -0.03237573 -0.01505408 0.12598975
v -0.01878532 -0.01509845 0.12104238
v -0.01778251 -0.01510384 0.12047923
v -0.01778141 -0.01478829 0.12046239
v -0.05930443 -0.01434127 0.12355377
v -0.05926847 -0.01410728 0.12346019
v -0.06423424 -0.01434525 0.12130845
v -0.05410665 -0.01388591 0.12500861
v -0.05922200 -0.01388794 0.12333964
v -0.05932932 -0.01458609 0.12361893
v -0.05934271 -0.01483780 0.12365455
v -0.06084732 -0.01508268 0.12304711
v -0.05970025 -0.01335870 0.12257999
v -0.05413888 -0.01410433 0.12513207
v -0.05634348 -0.01335771 0.12380614
v -0.05406760 -0.01368532 0.12485951
v -0.04379351 -0.01368262 0.12641476
v -0.04379934 -0.01388220 0.12656568
v -0.01361547 -0.06429858 0.10663332
v -0.00882748 -0.06106903 0.10484855
v -0.01191146 -0.06104389 0.10808189
v -0.01216964 -0.07401548 0.05715201
v -0.00679272 -0.06871037 0.04928342
v -0.00412885 -0.06807439 0.05106664
v -0.01614441 -0.07898580 0.07925797
v -0.01582555 -0.07895707 0.07926900
v -0.01632874 -0.07895159 0.08177488
v -0.01601461 -0.07891683 0.08181661
v -0.01731980 -0.07378922 0.09876534
v -0.03009937 -0.07376396 0.10803331
v -0.02460703 -0.06754369 0.11161217
v -0.02804893 -0.06754374 0.11315126
v -0.02137674 -0.06754538 0.10970345
v -0.02344027 -0.06426626 0.11385412
v -0.01872900 -0.06101566 0.11360390
v -0.02244435 -0.06101392 0.11579847
v -0.00786010 -0.07393871 0.07546746
v -0.00408650 -0.05794631 0.10207935
v -0.00125715 -0.05797016 0.09817240
v -0.00326832 -0.05643904 0.10230489
v -0.01521540 -0.06102575 0.11101512
v -0.01398460 -0.05789699 0.11225056
v -0.01045551 -0.05790902 0.10915492
v -0.01773173 -0.05789030 0.11499261
v -0.00106461 -0.06374142 0.04447696
v -0.00534045 -0.06485387 0.04278763
v -0.01600396 -0.07401200 0.05291777
v -0.00880872 -0.06807051 0.04609000
v -0.01527765 -0.07113453 0.04754610
v -0.00603047 -0.06804914 0.04864381
v -0.02755331 -0.05523979 0.02852420
v -0.02045865 -0.05525041 0.02842109
v 0.00225034 -0.04968225 0.02557052
v -0.01433837 -0.05024302 0.02542026
v -0.03927354 -0.05521826 0.03012188
v -0.04115532 -0.05499518 0.03045091
v -0.04730490 -0.05520009 0.03222251
v -0.04604875 -0.05801409 0.03346159
v -0.04196012 -0.05083450 0.02895403
v -0.01772073 -0.05024423 0.02541993
v -0.04136080 -0.05804352 0.03230033
v -0.03562544 -0.05511283 0.02938429
v -0.03031560 -0.07394962 0.04664517
v -0.02675962 -0.06793896 0.03973050
v -0.02506247 -0.07107270 0.04381078
v -0.01200282 -0.06805720 0.04403178
v -0.01838731 -0.07111860 0.04596772
v -0.01912014 -0.06800894 0.04118130
v -0.02345961 -0.06142325 0.03330592
v -0.02804764 -0.06138145 0.03320051
v -0.02209167 -0.05816063 0.03054574
v -0.03264426 -0.06133735 0.03340197
v -0.01891075 -0.06146165 0.03374213
v -0.01865406 -0.05519142 0.02846856
v 0.03901599 -0.02333656 0.03262982
v 0.03859480 -0.02395746 0.03343199
v 0.03861251 -0.02348634 0.03465137
v 0.03904217 -0.01941699 0.03981043
v 0.04071733 -0.01468137 0.03839035
v 0.03729421 -0.02037455 0.04536676
v -0.04928356 -0.01000103 0.03620307
v 0.03588719 -0.02902132 0.03402621
v 0.02737121 -0.03698441 0.05355631
v 0.03339669 -0.03108703 0.04199813
v 0.03322392 -0.03004759 0.04572082
v 0.00547963 -0.06155045 0.04936461
v -0.04882997 -0.03542534 0.02939064
v -0.06387249 -0.05082443 0.03778621
v -0.06233372 -0.05076576 0.03687850
v -0.06386401 -0.05087826 0.03780030
v -0.06147931 -0.05515894 0.03829779
v -0.06244596 -0.02264530 0.03535050
v -0.06221712 -0.05507932 0.03869089
v -0.05719227 -0.05508750 0.03605223
v -0.05511643 -0.05517834 0.03514070
v -0.08095664 -0.06426554 0.08252577
v -0.08315088 -0.06101361 0.08277109
v -0.08332647 -0.06101342 0.07843877
v -0.08917838 -0.01390154 0.07130687
v -0.08970781 -0.01390130 0.07664534
v -0.06634314 -0.02193441 0.03758867
v -0.06231924 -0.01473018 0.03493590
v -0.06918237 -0.01460211 0.03916912
v -0.06582192 -0.01435217 0.03706542
v -0.06576589 -0.01410927 0.03715601
v -0.06994697 -0.06101909 0.04771161
v -0.07546881 -0.02879982 0.04490049
v -0.07285447 -0.02914310 0.04257755
v -0.06984787 -0.03761801 0.04073207
v -0.07259693 -0.03747442 0.04284836
v -0.06973367 -0.04140646 0.04087497
v -0.06678659 -0.04491965 0.03907407
v -0.07543141 -0.01460228 0.04420574
v -0.07826798 -0.01499775 0.04710090
v -0.07184798 -0.05079327 0.04348275
v -0.07116781 -0.05089044 0.04294622
v -0.07117841 -0.05084129 0.04293339
v -0.07215897 -0.04808279 0.04328754
v -0.07341424 -0.05084535 0.04489730
v -0.07552466 -0.05089473 0.04701401
v -0.07441942 -0.05079818 0.04584482
v -0.05832677 -0.01005388 0.11608917
v -0.06420117 -0.01011613 0.11315592
v -0.06279447 -0.01005546 0.11379120
v -0.06491910 -0.01005649 0.11243741
v -0.07201270 -0.01336196 0.11520392
v -0.06951505 -0.01012298 0.10907537
v -0.07369623 -0.01157640 0.10952184
v -0.06622279 -0.01336058 0.11930450
v -0.06614897 -0.01336056 0.11935266
v -0.06725889 -0.01509265 0.11971386
v -0.06899378 -0.01485013 0.11857952
v -0.07395330 -0.01006323 0.10400862
v -0.07603219 -0.01013343 0.10151592
v -0.07411718 -0.01013086 0.10413801
v -0.07859603 -0.01157504 0.10345970
v -0.08825062 -0.01337354 0.06919429
v -0.08525609 -0.01147882 0.06977930
v -0.08487749 -0.01153101 0.08920754
v -0.08225289 -0.01012998 0.08611252
v -0.08563861 -0.01151697 0.08536397
v -0.07777134 -0.01013454 0.09866425
v -0.07926320 -0.01013454 0.09569680
v -0.07885401 -0.01001674 0.09547673
v -0.07981576 -0.01001667 0.09316275
v -0.08004696 -0.01006472 0.09325068
v -0.02723365 -0.00650656 0.11578027
v -0.02674930 -0.00650000 0.11676312
v -0.08210890 -0.01000000 0.08166643
v -0.08240066 -0.01001568 0.08102916
v -0.07901789 -0.01485768 0.10945401
v -0.08366892 -0.01485755 0.10274963
v -0.08069752 -0.01510430 0.10729950
v -0.08828916 -0.04735845 0.08404062
v -0.08790291 -0.05079209 0.08346147
v -0.08853234 -0.04735845 0.08109612
v -0.08797700 -0.05090775 0.08221017
v -0.08818732 -0.04212587 0.08708011
v -0.08927651 -0.01509445 0.08749761
v -0.08111715 -0.06426534 0.07840275
v -0.08088217 -0.06426514 0.07427666
v -0.08040442 -0.06426574 0.08659676
v -0.08256202 -0.06101379 0.08704805
v -0.07849793 -0.06754242 0.08223403
v -0.08396379 -0.05090669 0.09785722
v -0.08505344 -0.05079060 0.09535716
v -0.08548609 -0.05090697 0.09407403
v -0.08399349 -0.05500187 0.09353652
v -0.07998241 -0.05090645 0.10490316
v -0.08244268 -0.05079014 0.10097936
v -0.08666094 -0.05090712 0.09020331
v -0.08575473 -0.04212587 0.09573059
v -0.08756496 -0.04212587 0.08999719
v -0.08322825 -0.04212587 0.10118624
v -0.08680926 -0.01389705 0.09521005
v -0.08665976 -0.01369488 0.09515533
v -0.08751760 -0.01369593 0.09260438
v -0.08611759 -0.01485661 0.09787028
v -0.08608160 -0.01460173 0.09785485
v -0.08103591 -0.04212587 0.05262983
v -0.08095654 -0.01011562 0.06625923
v -0.07996565 -0.01011503 0.06354640
v -0.08302260 -0.01148460 0.06229440
v -0.08261333 -0.01005889 0.07603474
v -0.06859060 -0.05789019 0.11304552
v -0.07082312 -0.06101557 0.10892074
v -0.06932266 -0.06426805 0.10733061
v -0.07370993 -0.06100585 0.10590813
v -0.06756480 -0.06754529 0.10552076
v -0.07814991 -0.06426606 0.09438842
v -0.08017097 -0.06101408 0.09524105
v -0.08156620 -0.06101395 0.09122086
v -0.07993635 -0.05788937 0.09983277
v -0.08516788 -0.05788886 0.07847773
v -0.08651403 -0.05499939 0.07816076
v -0.08642641 -0.05517672 0.07690843
v -0.08025303 -0.06426495 0.07019651
v -0.07841745 -0.06754206 0.07450378
v -0.07604200 -0.06426451 0.05872224
v -0.07385661 -0.06754149 0.05996905
v -0.02108587 -0.04735845 0.12055389
v -0.01847590 -0.04609445 0.11926307
v -0.02093343 -0.04212587 0.12086051
v -0.01866975 -0.04944324 0.11892731
v -0.01407554 -0.04936547 0.11605331
v -0.01620618 -0.05084768 0.11721011
v -0.01797356 -0.01382291 0.12011881
v -0.01160602 -0.01388906 0.11616004
v -0.01169675 -0.01368785 0.11602821
v -0.01396581 -0.01979995 0.11795267
v -0.01192205 -0.03467614 0.11580266
v -0.01077903 -0.02475126 0.11556322
v -0.00608237 -0.03443725 0.11130476
v -0.01310242 -0.04367800 0.11599050
v 0.00889914 -0.04693202 0.09011666
v 0.00589299 -0.04696611 0.09511936
v 0.00558600 -0.05085443 0.09336886
v 0.00896924 -0.03403288 0.09545889
v -0.01348212 -0.05641107 0.11268301
v -0.05850797 -0.07879057 0.09828262
v -0.06056190 -0.07873084 0.09676745
v -0.06034412 -0.07879147 0.09655707
v -0.05870411 -0.07872958 0.09851345
v -0.06077011 -0.07864006 0.09696858
v -0.05889161 -0.07863840 0.09873407
v -0.05211770 -0.07878677 0.10227395
v -0.04966557 -0.07881581 0.10286801
v -0.01893650 -0.07912799 0.06702016
v -0.06114687 -0.07838176 0.09733249
v -0.05906785 -0.07852034 0.09894142
v -0.06096585 -0.07852241 0.09715764
v -0.07199159 -0.07376174 0.08801010
v -0.07710039 -0.06754275 0.08977837
v -0.07275989 -0.07376166 0.08483308
v -0.07586212 -0.06754288 0.09336538
v -0.05714815 -0.07837588 0.10073785
v -0.03004869 -0.07873558 0.10182276
v -0.02784283 -0.07873613 0.10055298
v -0.03476240 -0.06101418 0.11974097
v -0.06924706 -0.04735845 0.11658163
v -0.07181804 -0.04212587 0.11502793
v -0.05028566 -0.03471597 0.12540683
v -0.03503912 -0.05515806 0.12279698
v -0.03395235 -0.05090996 0.12426877
v -0.03462762 -0.05640672 0.12223239
v -0.03813643 -0.05500011 0.12320809
v -0.04606196 -0.05090853 0.12476412
v -0.02237752 -0.05091128 0.12063836
v -0.05397325 -0.01507112 0.12539400
v -0.05813764 -0.06754495 0.11181694
v -0.06289010 -0.06426783 0.11212134
v -0.06100303 -0.05789001 0.11764532
v -0.03914992 -0.06426670 0.11796713
v -0.04346563 -0.06101450 0.12016924
v -0.05365162 -0.05499867 0.12178275
v -0.05790863 -0.05090750 0.12208597
v -0.06010526 -0.05079135 0.12125038
v -0.06165287 -0.05516377 0.11869670
v -0.06164323 -0.05090712 0.12051624
v -0.06525233 -0.05090697 0.11861015
v -0.06436566 -0.04212587 0.12006001
v -0.04713461 -0.05517625 0.12299784
v -0.06100866 -0.05499975 0.11905923
v -0.01800814 -0.01375493 0.12007667
v -0.02372839 -0.00650000 0.11541768
v -0.02038258 -0.00650000 0.11356307
v -0.01791475 -0.01402410 0.12024079
v -0.03297734 -0.01481580 0.12610076
v -0.03227787 -0.04212587 0.12478984
v -0.02931347 -0.03471597 0.12446247
v -0.02886881 -0.01505881 0.12514673
v -0.03571812 -0.01388085 0.12620792
v -0.03303664 -0.01388087 0.12578158
v -0.03573744 -0.01368153 0.12605889
v -0.01801872 -0.02801974 0.12005492
v -0.01778893 -0.01477784 0.12046527
v -0.02019371 -0.01459216 0.12173089
v -0.02017755 -0.01484582 0.12176611
v -0.02032706 -0.01388956 0.12145762
v -0.02266910 -0.01458345 0.12289383
v -0.05902413 -0.01335850 0.12282696
v -0.05416378 -0.01433713 0.12522785
v -0.04919718 -0.01433323 0.12626474
v -0.05402237 -0.01350582 0.12468711
v -0.05916580 -0.01368675 0.12319414
v -0.06412691 -0.01388994 0.12110262
v -0.06405385 -0.01368822 0.12096284
v -0.04216738 -0.01335413 0.12609123
v -0.03867217 -0.01335369 0.12598781
v -0.04920717 -0.01457538 0.12633203
v -0.04916375 -0.01388393 0.12604323
v -0.00715440 -0.05792570 0.10575192
v -0.00643680 -0.05642735 0.10604580
v -0.00811552 -0.06435920 0.10032488
v -0.01075539 -0.06432569 0.10360338
v -0.01044624 -0.06762711 0.09907936
v -0.00570216 -0.06439798 0.09683089
v -0.00596941 -0.06110011 0.10135214
v 0.02530322 -0.03549587 0.06382239
v 0.02827674 -0.03163712 0.06045576
v 0.02304905 -0.03485746 0.07053392
v 0.02688360 -0.03640538 0.05699089
v 0.01237524 -0.05512850 0.07190768
v 0.03276272 -0.02914860 0.04947888
v 0.02023110 -0.03443190 0.07707953
v 0.02592247 -0.03078665 0.06753162
v -0.00936276 -0.07400104 0.06286499
v -0.00851451 -0.07398891 0.06594083
v -0.01572203 -0.07865623 0.07008692
v -0.00100136 -0.06804392 0.05809236
v -0.01057284 -0.07401005 0.05991206
v -0.01770618 -0.07874198 0.06546582
v -0.01657740 -0.07870353 0.06779893
v -0.01374314 -0.07401282 0.05511551
v -0.01378503 -0.07404477 0.05515066
v -0.03494963 -0.07881868 0.10310274
v -0.01708869 -0.07908220 0.07174751
v -0.02352187 -0.07807270 0.09881125
v -0.02800593 -0.07879434 0.10029920
v -0.02577418 -0.07873808 0.09907809
v -0.02596131 -0.07879619 0.09884106
v -0.02300305 -0.07807544 0.09830014
v -0.02313237 -0.07824633 0.09816596
v -0.01073023 -0.07385773 0.08788382
v -0.00307031 -0.06778438 0.08522597
v -0.00455490 -0.06774157 0.08889834
v -0.01204598 -0.07383822 0.09079865
v -0.00628491 -0.06770041 0.09244727
v -0.01358698 -0.07381997 0.09359796
v -0.03208009 -0.07806236 0.10410024
v -0.03316298 -0.07376400 0.10905128
v -0.03167038 -0.06754383 0.11431215
v -0.03633795 -0.07376406 0.10975067
v -0.02718243 -0.07376394 0.10670696
v -0.01996678 -0.06426813 0.11180177
v -0.00001771 -0.05519037 0.09894137
v 0.01701697 -0.04292800 0.07646853
v 0.00696989 -0.06139492 0.07197521
v 0.00266004 -0.06463076 0.07705422
v 0.00349371 -0.06467710 0.07280578
v -0.01668940 -0.06427901 0.10937979
v -0.01808435 -0.05079957 0.11840125
v -0.02141884 -0.05640662 0.11789915
v -0.01875872 -0.05087506 0.11877322
v -0.02585123 -0.05788918 0.11919737
v -0.03010799 -0.05640667 0.12127046
v -0.03018207 -0.05788924 0.12059579
v -0.02997111 -0.05091035 0.12339333
v -0.02638274 -0.06101397 0.11755547
v -0.02568844 -0.05640664 0.11982708
v -0.02433404 -0.05518513 0.02835597
v -0.00199145 -0.04995020 0.02549872
v -0.04659892 -0.05499684 0.03192631
v -0.03939139 -0.04573278 0.02662877
v -0.03906968 -0.04594945 0.02657072
v -0.05462048 -0.05074887 0.03310912
v -0.05036238 -0.05074837 0.03145873
v -0.05323267 -0.05077705 0.03254561
v -0.05196242 -0.05499753 0.03378137
v -0.03606021 -0.05522461 0.02953181
v -0.03659779 -0.05807362 0.03141746
v -0.04175772 -0.06124666 0.03466304
v -0.04622487 -0.06120228 0.03570370
v -0.05059849 -0.06116002 0.03701298
v -0.04631156 -0.06772505 0.04106899
v -0.05510151 -0.05796018 0.03661085
v -0.03155431 -0.04901557 0.02574915
v -0.06286195 -0.06105697 0.04257733
v -0.06189573 -0.06431230 0.04458278
v -0.04245345 -0.06776801 0.04027492
v -0.04618360 -0.07384819 0.04695806
v 0.00452903 -0.06155741 0.04733116
v -0.00023449 -0.06485756 0.04812777
v -0.00145409 -0.06486041 0.04646171
v -0.04421362 -0.07819600 0.05149784
v -0.04303012 -0.07386856 0.04640479
v -0.03984530 -0.07388940 0.04609481
v -0.04149454 -0.07825462 0.05136169
v -0.04416277 -0.07819711 0.05149529
v -0.02504041 -0.06470732 0.03640328
v -0.03067301 -0.06789849 0.03945724
v -0.02289769 -0.06797613 0.04029769
v -0.01855040 -0.07400569 0.05106203
v -0.02457111 -0.07871341 0.05727739
v -0.02642901 -0.07866875 0.05592652
v -0.02130274 -0.07399579 0.04952781
v -0.01727060 -0.05818609 0.03091770
v 0.03490688 -0.00818374 0.03669001
v 0.03841983 -0.02235755 0.03801912
v 0.03800782 -0.02136636 0.04142392
v 0.04139484 -0.01418803 0.03605711
v 0.04142690 -0.01440257 0.03577153
v 0.04039159 -0.01473039 0.03955198
v 0.02003148 -0.01361838 0.08351050
v 0.01637786 -0.01329817 0.08806247
v 0.01474143 -0.01364775 0.09077892
v 0.01961910 -0.01288280 0.08258076
v 0.01511956 -0.01286703 0.08872199
v 0.02866852 -0.02665201 0.06443425
v 0.02803801 -0.02151632 0.06884448
v 0.02556127 -0.02589033 0.07171986
v 0.00941209 -0.01991547 0.09742924
v 0.01485560 -0.01385193 0.09086558
v 0.02035528 -0.01452050 0.08372038
v 0.01506767 -0.01455169 0.09102388
v 0.01825221 -0.01500397 0.08678254
v -0.02284678 -0.01368502 0.12247610
v -0.02786860 -0.01368236 0.12434560
v -0.02278548 -0.01388607 0.12261909
v -0.01746341 -0.00651226 0.11158179
v 0.01029127 -0.01285237 0.09460514
v -0.00138373 -0.01335299 0.10748798
v -0.00375341 -0.01350399 0.10977611
v -0.07347944 -0.01182751 0.04708034
v -0.07090115 -0.01183497 0.04475642
v -0.07204033 -0.01286696 0.04337435
v -0.06918959 -0.01287512 0.04116156
v -0.06816609 -0.01184676 0.04264307
v -0.07002680 -0.01012952 0.04889929
v -0.05941896 -0.01190147 0.03720158
v -0.06472860 -0.01014330 0.04472712
v -0.06531635 -0.01186225 0.04070912
v 0.01374659 -0.05513346 0.06346454
v 0.00896602 -0.05811333 0.07603296
v 0.01010096 -0.05814182 0.07124280
v 0.01248990 -0.05525905 0.07103307
v -0.05938282 -0.02003960 0.03351324
v -0.05864150 -0.05075580 0.03493661
v -0.05863012 -0.05086947 0.03495955
v -0.08626443 -0.05517364 0.08295421
v -0.08141723 -0.01149723 0.05873479
v -0.07950124 -0.01151768 0.05533541
v -0.08372945 -0.01337031 0.05655582
v -0.08735861 -0.01411750 0.06336147
v -0.08642108 -0.01411696 0.06082522
v -0.08651097 -0.01434774 0.06078916
v -0.08745023 -0.01434814 0.06333048
v -0.08955479 -0.01370102 0.07665220
v -0.08983447 -0.01411925 0.07663962
v -0.08789030 -0.01370169 0.06603699
v -0.08772194 -0.01352259 0.06608350
v -0.05830631 -0.07881889 0.09804527
v -0.05633458 -0.07881810 0.09956434
v -0.06012025 -0.07881946 0.09634078
v -0.04402106 -0.07886967 0.05309305
v -0.04399059 -0.07888739 0.05341040
v -0.04644930 -0.07886535 0.05374742
v -0.03899498 -0.07893535 0.05316205
v -0.04662312 -0.07870521 0.05284071
v -0.04656775 -0.07878967 0.05313250
v -0.04903695 -0.07876612 0.05372464
v -0.07173186 -0.07376125 0.06865261
v -0.07258260 -0.07376133 0.07180019
v -0.06836899 -0.07804815 0.07251285
v -0.02337211 -0.07913966 0.06081318
v -0.02313947 -0.07913997 0.06058571
v -0.06143492 -0.07879143 0.06209830
v -0.06119781 -0.07881939 0.06229989
v -0.06271610 -0.07881898 0.06427314
v -0.05949459 -0.07881930 0.06048444
v -0.07538237 -0.01435310 0.04425861
v -0.07234256 -0.01435319 0.04160905
v -0.06920445 -0.01485571 0.03913719
v -0.06560682 -0.01367787 0.03741347
v -0.07184558 -0.06754144 0.05679371
v -0.06911771 -0.07376114 0.06275098
v -0.06094272 -0.07806510 0.05932228
v -0.06209295 -0.07806577 0.06055962
v -0.06538996 -0.07376117 0.05759320
v -0.06685293 -0.06754772 0.05126129
v -0.07678437 -0.05086032 0.04838379
v -0.07679632 -0.05079950 0.04837340
v -0.07690217 -0.05000192 0.04828139
v -0.07255215 -0.02074585 0.04189559
v -0.07380506 -0.01510144 0.04267192
v -0.07241204 -0.01485521 0.04152256
v -0.07007550 -0.02949084 0.04045247
v -0.06966126 -0.02131240 0.03974357
v -0.06716416 -0.02984170 0.03850767
v -0.06666745 -0.04807946 0.03921074
v -0.06697323 -0.03776672 0.03879720
v -0.07246371 -0.04134141 0.04299084
v -0.07518884 -0.03733674 0.04516310
v -0.08054769 -0.01509185 0.04993371
v -0.08142943 -0.01459402 0.05123462
v -0.08146099 -0.01484559 0.05121344
v -0.07340286 -0.05089342 0.04490953
v -0.07488725 -0.04487621 0.04544617
v -0.07232452 -0.04488590 0.04313315
v -0.06882834 -0.05088649 0.04111269
v -0.06284072 -0.01011492 0.11395720
v -0.07469257 -0.01336249 0.11280918
v -0.07190088 -0.01012707 0.10672885
v -0.07079688 -0.01012518 0.10781466
v -0.06871695 -0.01012183 0.10974196
v -0.07250407 -0.01012811 0.10602709
v -0.07236606 -0.01006190 0.10590508
v -0.02711655 -0.00653898 0.11690351
v -0.07376122 -0.01001628 0.10385720
v -0.07218441 -0.01001594 0.10574505
v -0.06297565 -0.01335973 0.12109419
v -0.06386618 -0.01335997 0.12060547
v -0.06606847 -0.01336054 0.11939684
v -0.06665549 -0.01459366 0.12002868
v -0.06426676 -0.01459138 0.12137114
v -0.06410462 -0.01508798 0.12150652
v -0.06428436 -0.01484452 0.12140543
v -0.06897211 -0.01459578 0.11854714
v -0.06418739 -0.01411014 0.12121847
v -0.06656705 -0.01411135 0.11988002
v -0.07405730 -0.01013077 0.10422000
v -0.07693830 -0.01013401 0.10003018
v -0.08430514 -0.01147880 0.06598581
v -0.08764470 -0.01337353 0.06650938
v -0.08271404 -0.01012752 0.08281492
v -0.08920676 -0.01337264 0.07713912
v -0.08613610 -0.01149228 0.07755151
v -0.08565290 -0.01369396 0.09766979
v -0.08648709 -0.01351485 0.09509210
v -0.08378262 -0.01154484 0.09296848
v -0.08051663 -0.01013367 0.09259856
v -0.07942000 -0.01013443 0.09530924
v -0.07927514 -0.01013453 0.09566730
v -0.07657179 -0.01001670 0.09980807
v -0.02695552 -0.00651226 0.11684336
v -0.07907986 -0.01006501 0.09557891
v -0.08221798 -0.01000000 0.07848363
v -0.08170416 -0.01000000 0.07227290
v -0.08109429 -0.01000000 0.06923943
v -0.08025932 -0.01000000 0.06627987
v -0.07921690 -0.01000000 0.06343055
v -0.07719863 -0.01336277 0.11020190
v -0.07848114 -0.01351082 0.10900982
v -0.07670941 -0.01351067 0.11103385
v -0.07862451 -0.01369101 0.10912845
v -0.08069931 -0.01485776 0.10730047
v -0.07949778 -0.01336299 0.10741308
v -0.08013838 -0.01351102 0.10688755
v -0.07307536 -0.01389274 0.11501563
v -0.07696345 -0.01389351 0.11126970
v -0.07706121 -0.01411524 0.11136051
v -0.07885169 -0.01411565 0.10931645
v -0.07898743 -0.01460168 0.10942879
v -0.08785034 -0.04735845 0.08701932
v -0.08927814 -0.01485141 0.08749789
v -0.08924045 -0.01459903 0.08749116
v -0.08351563 -0.05515259 0.09472502
v -0.07916109 -0.05078989 0.10612418
v -0.08212216 -0.05090662 0.10147705
v -0.07946633 -0.06426591 0.09056702
v -0.08357216 -0.01435351 0.10269412
v -0.08592129 -0.01411755 0.09778572
v -0.08601578 -0.01435401 0.09782649
v -0.08702946 -0.01435403 0.09529053
v -0.08766925 -0.01389788 0.09265035
v -0.08796053 -0.01460073 0.09273840
v -0.07233250 -0.01000000 0.05226704
v -0.07239201 -0.01000000 0.05233701
v -0.07312079 -0.01000000 0.05320320
v -0.07323382 -0.01000000 0.05335175
v -0.06880543 -0.01350357 0.03971364
v -0.06731169 -0.01335284 0.03895211
v -0.06891067 -0.01368142 0.03956163
v -0.06908109 -0.01411028 0.03931546
v -0.08292770 -0.01459153 0.05352475
v -0.08135001 -0.03471597 0.05242050
v -0.08261120 -0.01508342 0.05293488
v -0.07897253 -0.04735845 0.05033176
v -0.07703824 -0.04809099 0.04816310
v -0.08561423 -0.03471597 0.06036375
v -0.08671600 -0.03471597 0.06324746
v -0.08734304 -0.01507454 0.06268401
v -0.08754853 -0.01483645 0.06329718
v -0.08759904 -0.03471597 0.06609195
v -0.08603551 -0.04735845 0.06348237
v -0.08495046 -0.04735845 0.06064243
v -0.08508313 -0.05090996 0.06227648
v -0.07988863 -0.01005550 0.06385066
v -0.08051627 -0.01001435 0.06629907
v -0.07634350 -0.01001457 0.05728639
v -0.08260570 -0.01012042 0.07405109
v -0.07382128 -0.06079348 0.10600349
v -0.08053751 -0.05640662 0.10009086
v -0.07765936 -0.05788941 0.10357291
v -0.06564831 -0.07806254 0.09195513
v -0.06785151 -0.07376188 0.09674029
v -0.07090870 -0.07376180 0.09107789
v -0.07781985 -0.06754189 0.07068516
v -0.01372527 -0.04752979 0.11606755
v 0.00080415 -0.04301069 0.10329325
v -0.00410256 -0.02467272 0.11039645
v -0.00065332 -0.03424198 0.10637458
v -0.00625176 -0.01368516 0.11203156
v 0.01692025 -0.03417398 0.08343159
v 0.02295252 -0.03019098 0.07444770
v 0.01163705 -0.04274335 0.08786129
v 0.00257286 -0.04703244 0.09989201
v 0.00244429 -0.05085217 0.09837195
v -0.00202749 -0.04915524 0.10493906
v -0.00105221 -0.04712589 0.10440914
v -0.01734462 -0.05640728 0.11549531
v -0.00984298 -0.05641789 0.10951766
v -0.01029368 -0.05507463 0.11059970
v -0.00621736 -0.05508026 0.10660534
v -0.00453531 -0.05516732 0.10469992
v -0.06627732 -0.07881702 0.08566184
v -0.06684159 -0.07881626 0.08323775
v -0.02168841 -0.07914547 0.06273433
v -0.06175917 -0.07881963 0.09446698
v -0.05668478 -0.07872786 0.10006958
v -0.05199334 -0.07881642 0.10198766
v -0.04726249 -0.07881548 0.10351551
v -0.06834302 -0.07805029 0.08504620
v -0.06787102 -0.07821020 0.08611462
v -0.06879506 -0.07804693 0.08271420
v -0.07798152 -0.06754259 0.08605269
v -0.07311592 -0.07376141 0.07502978
v -0.05700484 -0.07851750 0.10053120
v -0.05502945 -0.07821124 0.10233011
v -0.05420006 -0.07805145 0.10298297
v -0.05265365 -0.07820737 0.10350719
v -0.02768666 -0.07864792 0.10079593
v -0.03728011 -0.07805353 0.10553876
v -0.03976575 -0.07863923 0.10488965
v -0.04233491 -0.07872474 0.10469704
v -0.03978897 -0.07872945 0.10460155
v -0.03462779 -0.05788932 0.12152507
v -0.03002092 -0.05079707 0.12344422
v -0.04426376 -0.03471597 0.12609760
v -0.04220865 -0.05079455 0.12498938
v -0.05015809 -0.04735845 0.12469833
v -0.05310911 -0.04735845 0.12406795
v -0.05010501 -0.05090822 0.12421608
v -0.05605626 -0.04212587 0.12359391
v -0.05319142 -0.04212587 0.12440033
v -0.05021877 -0.04212587 0.12503535
v -0.04724193 -0.04735845 0.12512891
v -0.03919832 -0.05640678 0.12271708
v -0.01874826 -0.05079953 0.11879133
v -0.05418903 -0.01507148 0.12532929
v -0.05905399 -0.03471597 0.12293933
v -0.05928138 -0.06426767 0.11402714
v -0.06404971 -0.06101537 0.11398737
v -0.06126746 -0.05640711 0.11831453
v -0.05561420 -0.07376454 0.10706205
v -0.05209389 -0.06101487 0.11889337
v -0.04701955 -0.06754444 0.11512376
v -0.05084001 -0.06754462 0.11438044
v -0.04940299 -0.07376438 0.10925690
v -0.03926541 -0.06754410 0.11548384
v -0.03504180 -0.06426654 0.11755844
v -0.03102033 -0.06426641 0.11673641
v -0.04743044 -0.06426708 0.11756261
v -0.05150484 -0.06426729 0.11676328
v -0.05879334 -0.04735845 0.12226827
v -0.04983950 -0.05517757 0.12258036
v -0.04835350 -0.05079334 0.12453569
v -0.03204469 -0.01505452 0.12591018
v -0.02358988 -0.03471597 0.12248915
v -0.02635666 -0.03471597 0.12354528
v -0.02541586 -0.01506704 0.12403691
v -0.03842467 -0.01388112 0.12648119
v -0.03841563 -0.01409759 0.12660518
v -0.04380411 -0.01409905 0.12669055
v -0.03840369 -0.01456836 0.12676804
v -0.01818803 -0.03471356 0.11976167
v -0.01781381 -0.01446383 0.12040263
v -0.02026908 -0.01411006 0.12157536
v -0.01788222 -0.01414638 0.12029818
v -0.01787192 -0.01415796 0.12029857
v -0.02022439 -0.01434557 0.12166692
v -0.02373543 -0.04212587 0.12214087
v -0.02076540 -0.03471597 0.12119851
v -0.02203753 -0.01507956 0.12266209
v -0.05396636 -0.01335704 0.12447599
v -0.05910075 -0.01350705 0.12302598
v -0.04380774 -0.01432983 0.12678733
v -0.04914085 -0.01368388 0.12589249
v -0.04918263 -0.01410151 0.12616800
v -0.00825112 -0.06766191 0.09584930
v -0.00352265 -0.06444088 0.09314940
v -0.01534704 -0.07380348 0.09626073
v -0.00334318 -0.06113607 0.09762749
v 0.00583670 -0.05080935 0.09296882
v 0.00627945 -0.05081014 0.09214024
v 0.00417553 -0.05521332 0.09235573
v 0.02618659 -0.03591242 0.06041736
v 0.03204981 -0.02837396 0.05324478
v -0.02118178 -0.07912048 0.06233294
v -0.01597277 -0.07867010 0.06941623
v -0.01693258 -0.07871563 0.06706481
v -0.00229331 -0.06806295 0.05444077
v -0.01864570 -0.07912593 0.06687467
v -0.02817338 -0.07882021 0.10003862
v -0.02615337 -0.07882193 0.09859765
v -0.02428340 -0.07882614 0.09696875
v -0.03737212 -0.07881781 0.10366700
v -0.03486495 -0.07879208 0.10340103
v -0.03731705 -0.07879074 0.10397238
v -0.03478249 -0.07873303 0.10369141
v -0.03983813 -0.07881702 0.10399082
v -0.01570973 -0.07885231 0.08185638
v -0.01645328 -0.07887827 0.08432908
v -0.02055565 -0.07876675 0.09356577
v -0.02211406 -0.07875245 0.09556841
v -0.02234458 -0.07880919 0.09537047
v -0.01608894 -0.07839107 0.08712892
v -0.01619132 -0.07820916 0.08807768
v -0.01706017 -0.07834442 0.08959322
v -0.00158488 -0.06448674 0.08930696
v 0.00010053 -0.06453444 0.08532810
v 0.00306206 -0.06126262 0.08536272
v -0.00964624 -0.07387802 0.08487361
v -0.00880073 -0.07389861 0.08178774
v -0.00184158 -0.06782781 0.08145268
v -0.00088285 -0.06787083 0.07760065
v -0.01688741 -0.07817903 0.08966845
v -0.02444000 -0.07376473 0.10508709
v -0.02976069 -0.07806498 0.10307674
v -0.02957354 -0.07823703 0.10275031
v -0.03198833 -0.07823493 0.10384292
v -0.02923625 -0.07806524 0.10278459
v 0.00336516 -0.05080665 0.09701745
v -0.00224400 -0.05080211 0.10460680
v -0.00107141 -0.05084992 0.10314871
v 0.00089233 -0.05499693 0.09775072
v 0.00571585 -0.05805408 0.08531621
v 0.00777303 -0.05523242 0.08525104
v 0.00365473 -0.05802475 0.08976606
v -0.02168695 -0.05788915 0.11732735
v -0.03050628 -0.06101406 0.11886941
v -0.02713631 -0.06426631 0.11550109
v -0.02346057 -0.05512894 0.11936394
v -0.02911781 -0.05514135 0.12147114
v -0.01449395 -0.05025282 0.02541763
v -0.02693903 -0.05813290 0.03052253
v -0.04037938 -0.04486230 0.02686202
v -0.03922586 -0.04586047 0.02659456
v -0.05322378 -0.05086458 0.03256746
v -0.04766823 -0.05081008 0.03056180
v -0.03001920 -0.05517800 0.02868343
v -0.03722252 -0.06129205 0.03389392
v -0.05040422 -0.06442343 0.03945192
v -0.05438944 -0.06438133 0.04089484
v -0.05377494 -0.06764635 0.04342507
v -0.05063797 -0.05798607 0.03489786
v -0.05485030 -0.06112098 0.03859207
v -0.05823133 -0.06434389 0.04260378
v -0.03854477 -0.06781195 0.03973852
v -0.04405021 -0.07881955 0.05278267
v -0.04150775 -0.07888225 0.05284191
v -0.04150093 -0.07854872 0.05181615
v -0.04084201 -0.07827068 0.05138958
v -0.03913837 -0.07831261 0.05146239
v -0.03884539 -0.07847799 0.05172535
v -0.03887332 -0.07861768 0.05197970
v -0.03882096 -0.07832117 0.05150590
v -0.03642813 -0.07838563 0.05183391
v -0.04150538 -0.07876004 0.05231453
v -0.03665048 -0.07391018 0.04602944
v -0.02265221 -0.07874995 0.05896463
v -0.03386072 -0.07845916 0.05245027
v -0.03574116 -0.07840531 0.05199883
v -0.02722013 -0.07396725 0.04733541
v -0.02655843 -0.07866564 0.05583242
v -0.03644278 -0.07893975 0.05324618
v -0.03650471 -0.07897084 0.05355796
v -0.05346116 -0.07882598 0.05615617
v -0.02639507 -0.07880190 0.05626092
v -0.02869041 -0.07874550 0.05485809
v 0.04139976 -0.01406175 0.03607671
v 0.04106929 -0.01259432 0.03550820
v 0.03800311 -0.02135981 0.04144995
v 0.03593517 -0.02640002 0.04164840
v 0.04165048 -0.01392632 0.03515129
v 0.04136149 -0.01442827 0.03601293
v 0.01989891 -0.01343446 0.08342278
v 0.02322759 -0.01323886 0.07795972
v 0.01461028 -0.01346566 0.09067894
v 0.01993415 -0.01327303 0.08305787
v 0.02378447 -0.01289908 0.07620475
v 0.03005033 -0.01244191 0.06319313
v 0.02659504 -0.01242150 0.06982765
v 0.03108059 -0.01293179 0.06282508
v 0.02916638 -0.01311915 0.06723993
v 0.03418836 -0.01294687 0.05585383
v 0.02638644 -0.01633107 0.07364285
v 0.02704449 -0.01641854 0.07247128
v 0.02484314 -0.01495188 0.07666232
v 0.02959173 -0.01688271 0.06742138
v 0.03126299 -0.02242341 0.06118795
v 0.03170483 -0.01740479 0.06272836
v 0.03262097 -0.02299661 0.05730813
v 0.02950184 -0.01467878 0.06820167
v 0.02790954 -0.01492503 0.07122608
v 0.02483871 -0.01357050 0.07592264
v 0.03111468 -0.02770852 0.05700032
v 0.03379020 -0.02366517 0.05340211
v 0.01220134 -0.01432096 0.09450109
v 0.00926318 -0.01433086 0.09791651
v 0.00931092 -0.01457569 0.09795726
v 0.00627439 -0.01483328 0.10129854
v 0.00933502 -0.01482243 0.09797699
v 0.00689648 -0.01506388 0.10064563
v 0.00341576 -0.01981498 0.10385931
v -0.00615349 -0.01388635 0.11215593
v 0.01487465 -0.02010352 0.09066360
v 0.01466625 -0.01535667 0.09154825
v 0.01670553 -0.01546006 0.08880671
v 0.01806280 -0.01552887 0.08698204
v 0.01980780 -0.02040808 0.08361629
v 0.00738936 -0.01513907 0.10011318
v 0.01179280 -0.01347702 0.09416885
v 0.00865212 -0.01333170 0.09751100
v 0.00885814 -0.01348622 0.09756226
v 0.01260865 -0.01331716 0.09289265
v 0.01509034 -0.01479559 0.09103940
v 0.01203639 -0.01386243 0.09436783
v 0.01765378 -0.01189351 0.08239295
v 0.01554792 -0.01096989 0.08205356
v -0.02481532 -0.01335545 0.12289238
v -0.02039735 -0.01368765 0.12131573
v -0.01764074 -0.00650000 0.11171417
v -0.07226323 -0.01012782 0.05113852
v -0.07282680 -0.01011313 0.05182485
v -0.07269778 -0.01006806 0.05194035
v -0.07258768 -0.01002960 0.05203892
v -0.07355579 -0.01049705 0.05119037
v -0.06215257 -0.01003840 0.04348547
v -0.06204922 -0.01000939 0.04365258
v -0.06070855 -0.01015895 0.04215575
v -0.06315787 -0.01334713 0.03640832
v -0.06621966 -0.01288588 0.03913666
v 0.03323825 -0.03228170 0.03835128
v 0.01383602 -0.05527409 0.05818683
v 0.01119488 -0.05819306 0.06149931
v 0.01086188 -0.05816863 0.06638740
v 0.00412573 -0.06476041 0.06422130
v 0.00399529 -0.06472070 0.06851770
v -0.05775771 -0.02257719 0.03283329
v -0.05863750 -0.05081277 0.03494465
v -0.08917206 -0.03471597 0.07507896
v -0.08814203 -0.05079306 0.07813898
v -0.07923298 -0.06426477 0.06621134
v -0.08134902 -0.06101290 0.06560319
v -0.08308420 -0.06101324 0.07410025
v -0.08862936 -0.04212587 0.08407959
v -0.08887433 -0.04212587 0.08111350
v -0.08639331 -0.05499865 0.08205892
v -0.08497597 -0.05788898 0.08295158
v -0.08593314 -0.05499836 0.08593339
v -0.08373875 -0.01351908 0.05617655
v -0.08528332 -0.01337189 0.05976194
v -0.08946534 -0.01459159 0.07126126
v -0.08950170 -0.01483977 0.07125533
v -0.08939853 -0.01435000 0.07127195
v -0.08824934 -0.01434871 0.06593771
v -0.08993270 -0.01435143 0.07663511
v -0.08616497 -0.01370054 0.06092803
v -0.08630512 -0.01390011 0.06087176
v -0.08709753 -0.01370124 0.06344973
v -0.08402856 -0.01389845 0.05602094
v -0.08658494 -0.01337292 0.06306785
v -0.06547801 -0.07881788 0.08801887
v -0.06576812 -0.07878900 0.08813301
v -0.04650952 -0.07884379 0.05343628
v -0.04687173 -0.07814842 0.05189383
v -0.06071342 -0.06758440 0.04681464
v -0.05230890 -0.07381087 0.04879163
v -0.04928412 -0.07382879 0.04775381
v -0.04946571 -0.07811214 0.05254059
v -0.05189352 -0.07808813 0.05340006
v -0.05198469 -0.07808722 0.05343234
v -0.06513931 -0.07881769 0.06861358
v -0.06542525 -0.07878873 0.06848936
v -0.06430586 -0.07878984 0.06623233
v -0.06660623 -0.07872522 0.07075320
v -0.06697387 -0.07878623 0.07327865
v -0.06727035 -0.07872358 0.07321437
v -0.06882925 -0.07804536 0.07497410
v -0.06888557 -0.07804510 0.07558876
v -0.06828774 -0.07820609 0.07299363
v -0.06714091 -0.07851323 0.07058091
v -0.06688197 -0.07863269 0.07066436
v -0.06755348 -0.07863060 0.07315297
v -0.05132261 -0.07880816 0.05483605
v -0.05143614 -0.07874898 0.05455248
v -0.05781842 -0.07879121 0.05860222
v -0.05971079 -0.07879128 0.06026049
v -0.05992109 -0.07873061 0.06004267
v -0.05360483 -0.07879835 0.05587849
v -0.05374443 -0.07873799 0.05560823
v -0.05762495 -0.07881940 0.05884631
v -0.06297193 -0.07879087 0.06409582
v -0.06322075 -0.07873014 0.06392333
v -0.06403372 -0.07881832 0.06638384
v -0.06602059 -0.07881685 0.07094182
v -0.07238773 -0.01460275 0.04155280
v -0.06780224 -0.01510701 0.03818472
v -0.07076342 -0.01510417 0.04024506
v -0.06569349 -0.01388261 0.03727316
v -0.05800658 -0.07873035 0.05836480
v -0.06951177 -0.06754155 0.05388923
v -0.06314615 -0.07376409 0.05535543
v -0.06166557 -0.07873086 0.06190220
v -0.06188608 -0.07864013 0.06171471
v -0.07678693 -0.05084732 0.04838157
v -0.06580401 -0.05077581 0.03898058
v -0.06644044 -0.05077770 0.03942350
v -0.06961453 -0.04490046 0.04101415
v -0.06688165 -0.04147689 0.03893946
v -0.08137187 -0.01434933 0.05127389
v -0.07819387 -0.01445803 0.04714471
v -0.07219221 -0.01388880 0.04179648
v -0.07521823 -0.01388938 0.04443361
v -0.07510729 -0.01368659 0.04455132
v -0.07197595 -0.01350826 0.04206618
v -0.07472821 -0.01286173 0.04580714
v -0.07826754 -0.01510382 0.04710172
v -0.07470774 -0.04808824 0.04560557
v -0.07727047 -0.04482963 0.04796123
v -0.07504108 -0.04128227 0.04530335
v -0.06769458 -0.05641415 0.04285687
v -0.06946979 -0.04807985 0.04116036
v -0.07270517 -0.01336210 0.11458513
v -0.07654567 -0.01336270 0.11088124
v -0.06706425 -0.01011945 0.11112232
v -0.07067298 -0.01006044 0.10769058
v -0.03575981 -0.01350251 0.12588638
v -0.06667516 -0.01484744 0.12006210
v -0.07327571 -0.01459893 0.11524952
v -0.06893221 -0.01434856 0.11848800
v -0.06860819 -0.01350943 0.11801004
v -0.06632443 -0.01350886 0.11947405
v -0.06396937 -0.01350834 0.12080137
v -0.06641842 -0.01368882 0.11963119
v -0.06661925 -0.01434695 0.11996763
v -0.06887481 -0.01411252 0.11840314
v -0.06880079 -0.01389161 0.11829390
v -0.06649972 -0.01389077 0.11976723
v -0.07627811 -0.01157799 0.10659841
v -0.08753000 -0.01337347 0.06613690
v -0.08605925 -0.01150373 0.08146828
v -0.08152083 -0.01013208 0.08937948
v -0.08175041 -0.01000000 0.08482607
v -0.08181575 -0.01001616 0.08596738
v -0.08205554 -0.01006277 0.08601098
v -0.08063661 -0.01001654 0.09078265
v -0.08937778 -0.01352163 0.07666008
v -0.08747954 -0.01336814 0.09139080
v -0.08734241 -0.01351597 0.09255123
v -0.08638730 -0.01336674 0.09479652
v -0.02791994 -0.01350308 0.12417711
v -0.03158071 -0.01335346 0.12495994
v -0.07678348 -0.01006483 0.09993642
v -0.08207977 -0.01000000 0.07535122
v -0.07861155 -0.01336291 0.10848807
v -0.08094517 -0.01510428 0.10693902
v -0.08363472 -0.01460191 0.10273003
v -0.07874870 -0.01389377 0.10923123
v -0.08041799 -0.01389396 0.10709338
v -0.08052562 -0.01411581 0.10717261
v -0.08028820 -0.01369121 0.10699784
v -0.07297101 -0.01369025 0.11489400
v -0.07893169 -0.01435296 0.10938267
v -0.08060922 -0.01435310 0.10723415
v -0.08066747 -0.01460179 0.10727703
v -0.08579963 -0.01389632 0.09773318
v -0.08693320 -0.01411797 0.09525537
v -0.08779495 -0.01411845 0.09268841
v -0.08709650 -0.01460127 0.09531496
v -0.08789255 -0.01435404 0.09271792
v -0.07343081 -0.01001543 0.05319078
v -0.07034266 -0.01335782 0.04105866
v -0.06914115 -0.01435142 0.03922870
v -0.07227692 -0.01411311 0.04169087
v -0.08422609 -0.01434780 0.05591514
v -0.08295985 -0.01484151 0.05350554
v -0.08431889 -0.01483881 0.05586581
v -0.08442243 -0.01507813 0.05604625
v -0.08600350 -0.01507529 0.05930044
v -0.08437920 -0.03471597 0.05766240
v -0.07931381 -0.05091127 0.05159996
v -0.08660747 -0.01483638 0.06075051
v -0.08751389 -0.01458904 0.06330893
v -0.08635920 -0.04212587 0.06337063
v -0.08075096 -0.04735845 0.05281974
v -0.08148737 -0.05079810 0.05481556
v -0.07916992 -0.05513089 0.05422805
v -0.08073546 -0.01005579 0.06622870
v -0.07967477 -0.01001428 0.06393426
v -0.07671658 -0.01011732 0.05706363
v -0.07837908 -0.01011537 0.06000964
v -0.08246551 -0.01001542 0.07853615
v -0.08270377 -0.01005990 0.07853523
v -0.08282465 -0.01012202 0.07610489
v -0.07623281 -0.06101425 0.10263405
v -0.06287815 -0.07838248 0.09535304
v -0.06268083 -0.07852301 0.09519678
v -0.01377770 -0.05089519 0.11550108
v -0.01170912 -0.05079920 0.11394603
v -0.00978387 -0.04928682 0.11269980
v -0.00497860 -0.04724221 0.10863961
v 0.00291298 -0.01507719 0.10468856
v 0.00282498 -0.01507745 0.10477421
v -0.00522313 -0.01509493 0.11186695
v 0.00207699 -0.02463886 0.10475738
v -0.01140742 -0.01484494 0.11644746
v -0.01021102 -0.01978627 0.11540805
v -0.00936904 -0.01509976 0.11502107
v -0.00593894 -0.01483992 0.11242589
v 0.02420342 -0.02086395 0.07633149
v 0.00476174 -0.04286607 0.09840275
v 0.01315852 -0.03404983 0.08956673
v -0.01621538 -0.05089510 0.11719608
v -0.06657743 -0.07878768 0.08574705
v -0.06714880 -0.07878653 0.08329320
v -0.06686915 -0.07872553 0.08582991
v -0.05437519 -0.07878800 0.10115518
v -0.06896431 -0.07804552 0.08107045
v -0.06857131 -0.07804859 0.08386850
v -0.05684979 -0.07863614 0.10030758
v -0.05479596 -0.07851445 0.10191091
v -0.02991704 -0.07864729 0.10207976
v -0.03704468 -0.07805395 0.10548607
v -0.03465287 -0.07805819 0.10495083
v -0.03707829 -0.07822693 0.10529457
v -0.03449773 -0.07823116 0.10469358
v -0.03456045 -0.07838903 0.10447295
v -0.03711905 -0.07838538 0.10506907
v -0.03716378 -0.07852495 0.10482149
v -0.03462926 -0.07852800 0.10423083
v -0.03974389 -0.07852213 0.10516059
v -0.04128306 -0.04212587 0.12577626
v -0.04424479 -0.04212587 0.12572061
v -0.04128741 -0.04735845 0.12543386
v -0.04422759 -0.04735845 0.12537861
v -0.03798270 -0.05090940 0.12478906
v -0.05435137 -0.05079223 0.12327850
v -0.04728124 -0.04212587 0.12546907
v -0.04104389 -0.05516898 0.12330686
v -0.01875485 -0.05084713 0.11877992
v -0.05616998 -0.03471597 0.12395384
v -0.06182074 -0.03471597 0.12176242
v -0.05547082 -0.06426749 0.11557994
v -0.06625164 -0.06426796 0.10988144
v -0.06492312 -0.05789011 0.11553337
v -0.05256755 -0.07376446 0.10831548
v -0.03542491 -0.06754395 0.11509053
v -0.03958741 -0.07376412 0.11012334
v -0.04329573 -0.06426689 0.11796650
v -0.04781383 -0.06101469 0.11973993
v -0.06420203 -0.04735845 0.11975921
v -0.03301379 -0.01409748 0.12590401
v -0.02775959 -0.01433137 0.12470536
v -0.03299612 -0.01432794 0.12599890
v -0.03298390 -0.01456862 0.12606487
v -0.03568977 -0.01432758 0.12642673
v -0.01795925 -0.02485590 0.12015793
v -0.01355915 -0.01510244 0.11789207
v -0.01782250 -0.01445377 0.12040431
v -0.01788594 -0.01410160 0.12027365
v -0.02774016 -0.01457335 0.12477043
v -0.02273492 -0.01410521 0.12273759
v -0.02782432 -0.01388233 0.12449126
v -0.02265493 -0.01483481 0.12292903
v -0.03840860 -0.01432787 0.12670127
v -0.04911427 -0.01350458 0.12571812
v -0.00095637 -0.06117585 0.09370340
v 0.01063115 -0.05524807 0.07784585
v 0.01084639 -0.05512417 0.07741576
v -0.02070031 -0.07899033 0.06195152
v -0.01939640 -0.07906049 0.06429589
v -0.01810847 -0.07874897 0.06480414
v -0.02075487 -0.07877003 0.06099905
v -0.02226517 -0.07887899 0.05973371
v 0.00172321 -0.06484482 0.05179970
v -0.01646964 -0.07903185 0.07158089
v -0.01620715 -0.07903594 0.07416727
v -0.01677608 -0.07907131 0.07166366
v -0.01729304 -0.07906760 0.06911136
v -0.01551524 -0.07889882 0.07927899
v -0.01621002 -0.07901987 0.07673099
v -0.01652537 -0.07905244 0.07421941
v -0.01759106 -0.07910185 0.06922489
v -0.01835968 -0.07909585 0.06673118
v -0.02258090 -0.07883355 0.09516718
v -0.03981322 -0.07878952 0.10430034
v -0.04232666 -0.07880636 0.10423074
v -0.04232930 -0.07878019 0.10438026
v -0.04480743 -0.07881547 0.10392337
v -0.01472076 -0.07863753 0.07662966
v -0.01467054 -0.07857154 0.07930209
v -0.01493487 -0.07870311 0.07929558
v -0.01524255 -0.07861517 0.07184396
v -0.01506646 -0.07860008 0.07248925
v -0.00799789 -0.07397415 0.06908935
v -0.01541792 -0.07876041 0.08189371
v -0.01615677 -0.07880796 0.08439745
v -0.01713592 -0.07884299 0.08678199
v -0.02080537 -0.07882190 0.09338994
v -0.01946512 -0.07883938 0.09126901
v -0.02106113 -0.07884467 0.09320940
v -0.01862522 -0.07887891 0.08889653
v -0.02008928 -0.07856915 0.09389281
v -0.02168432 -0.07855182 0.09593642
v -0.02189295 -0.07866561 0.09575793
v -0.02031585 -0.07868148 0.09373415
v -0.02365782 -0.07865544 0.09762047
v -0.02346844 -0.07854083 0.09781731
v -0.02406835 -0.07880084 0.09719303
v -0.01728243 -0.07849504 0.08949576
v -0.01894114 -0.07870375 0.09156675
v 0.00749381 -0.05808384 0.08073145
v -0.01538739 -0.07826286 0.08561645
v -0.00820194 -0.07391900 0.07864574
v -0.01478434 -0.07832888 0.08288594
v -0.01858463 -0.07812580 0.09290342
v -0.02756171 -0.07806605 0.10185173
v -0.03191584 -0.07806255 0.10402776
v -0.00250756 -0.05509038 0.10230825
v 0.00066444 -0.05080418 0.10091041
v 0.00394353 -0.05499572 0.09292468
v 0.00805237 -0.05081328 0.08882231
v 0.00890711 -0.05511890 0.08274567
v -0.05322743 -0.05083562 0.03255846
v -0.04483237 -0.05081904 0.02971018
v -0.03512860 -0.05522645 0.02936074
v -0.03178291 -0.05810366 0.03081959
v -0.05009431 -0.06768414 0.04211890
v -0.05894993 -0.06108626 0.04044500
v -0.04149754 -0.07839249 0.05157474
v -0.04414649 -0.07834799 0.05169315
v -0.04412594 -0.07849967 0.05193637
v -0.04667491 -0.07859347 0.05256490
v -0.04410293 -0.07863134 0.05220073
v -0.03893290 -0.07883095 0.05254389
v -0.03346665 -0.07393043 0.04621165
v -0.02249613 -0.07875161 0.05913198
v -0.03616464 -0.07839318 0.05189716
v -0.02166520 -0.07109772 0.04473254
v -0.03117171 -0.07853738 0.05339234
v -0.02420573 -0.07398281 0.04829179
v -0.03088838 -0.07854549 0.05352548
v -0.02875299 -0.07860658 0.05452893
v -0.02856976 -0.07861152 0.05463776
v -0.02941263 -0.07907350 0.05619315
v -0.02268663 -0.07905842 0.06014384
v -0.02424609 -0.07884778 0.05789082
v -0.02442946 -0.07895188 0.05810911
v -0.02655405 -0.07891072 0.05649376
v 0.04043600 -0.01419978 0.03959784
v 0.04153509 -0.01331202 0.03531589
v 0.04163754 -0.01370909 0.03520950
v 0.04128405 -0.01284287 0.03544160
v 0.03547592 -0.02534891 0.04555519
v 0.02760815 -0.01291566 0.06961373
v 0.02692073 -0.01334582 0.07193950
v 0.02624753 -0.01319140 0.07280014
v 0.03606604 -0.01308025 0.05147194
v 0.03358875 -0.01803477 0.05798944
v 0.03320207 -0.01488440 0.06028387
v 0.02014623 -0.01382340 0.08358599
v 0.01494949 -0.01407412 0.09093640
v 0.02023987 -0.01404550 0.08364705
v 0.02511849 -0.01423836 0.07607995
v 0.02030999 -0.01427970 0.08369213
v 0.02900563 -0.01329564 0.06796455
v 0.02944438 -0.01417856 0.06817779
v 0.02937262 -0.01393436 0.06814396
v 0.02495505 -0.01377815 0.07598879
v 0.00909909 -0.01387097 0.09777381
v 0.00919209 -0.01409400 0.09785494
v 0.00613195 -0.01410130 0.10116699
v 0.00604008 -0.01387778 0.10108064
v 0.00318917 -0.01390583 0.10397989
v -0.01147177 -0.01434441 0.11635473
v 0.01588397 -0.01541841 0.08991119
v 0.00580288 -0.01349356 0.10085651
v 0.01163023 -0.01332076 0.09403474
v 0.01461721 -0.01502721 0.09164487
v 0.01227239 -0.01480984 0.09455627
v 0.01109899 -0.01522950 0.09593636
v 0.01213004 -0.01408499 0.09444377
v 0.01326543 -0.01187122 0.08828390
v 0.02279993 -0.01240049 0.07627267
v 0.02083914 -0.01014654 0.07012983
v 0.01737397 -0.01008100 0.07547359
v -0.01830074 -0.00650000 0.11089914
v -0.00636510 -0.01350591 0.11188795
v -0.07046232 -0.01012919 0.04933536
v -0.07555056 -0.01175758 0.04945639
v -0.07728949 -0.01154697 0.05212324
v -0.07697908 -0.01288506 0.04821464
v -0.07285579 -0.01012727 0.05179885
v -0.06171710 -0.01000000 0.04367535
v -0.06225389 -0.01008676 0.04332164
v 0.01338309 -0.05520085 0.06629388
v 0.01391805 -0.05513505 0.06060510
v 0.00760704 -0.06143535 0.06737590
v 0.01028034 -0.05823193 0.05183514
v 0.00762150 -0.06150434 0.05816728
v 0.00784426 -0.06147217 0.06275841
v 0.01103047 -0.05821439 0.05662479
v -0.00020221 -0.06801832 0.06190901
v -0.08761748 -0.04735845 0.06923100
v -0.08812425 -0.04735845 0.07212769
v -0.08846325 -0.04212587 0.07207933
v -0.08690515 -0.04735845 0.06628370
v -0.08810481 -0.05090822 0.07813925
v -0.08242438 -0.06101306 0.06980512
v -0.08507124 -0.05640646 0.08747073
v -0.08600276 -0.01352141 0.06099317
v -0.08923683 -0.01507745 0.06969566
v -0.08832234 -0.03471597 0.06908467
v -0.08906130 -0.01507702 0.06893177
v -0.08815608 -0.01411801 0.06596352
v -0.08842789 -0.01507547 0.06617525
v -0.08795276 -0.04212587 0.06916140
v -0.08883693 -0.03471597 0.07202601
v -0.08724041 -0.01390075 0.06340143
v -0.08693215 -0.01352215 0.06350563
v -0.04602855 -0.07816352 0.05176821
v -0.05732522 -0.06761274 0.04498946
v -0.04859504 -0.07812432 0.05232351
v -0.04933262 -0.07826860 0.05270169
v -0.06842159 -0.07850870 0.07826191
v -0.06824759 -0.07850912 0.07566338
v -0.06814960 -0.07862906 0.07826667
v -0.06716486 -0.07881578 0.08077025
v -0.06457050 -0.07872868 0.06608499
v -0.06785984 -0.07872245 0.07827173
v -0.06768957 -0.07872266 0.07572816
v -0.06755638 -0.07878547 0.07827704
v -0.04895056 -0.07882324 0.05401942
v -0.05560733 -0.07882119 0.05739929
v -0.06666881 -0.07881601 0.07334478
v -0.06707793 -0.07881562 0.07579915
v -0.06631757 -0.07878744 0.07084619
v -0.06900353 -0.01388509 0.03942751
v -0.06068233 -0.07377104 0.05335425
v -0.06209338 -0.07852253 0.06153845
v -0.06228510 -0.07838196 0.06137543
v -0.06031117 -0.07852210 0.05963866
v -0.05594109 -0.07873219 0.05688242
v -0.05387776 -0.07864736 0.05534969
v -0.06064506 -0.07822194 0.05929289
v -0.06018386 -0.07806458 0.05864557
v -0.06412986 -0.07806424 0.06307922
v -0.06738459 -0.07376111 0.06006331
v -0.06261437 -0.07806607 0.06112052
v -0.06546978 -0.07806091 0.06518091
v -0.06664012 -0.07805667 0.06745525
v -0.06548069 -0.07821777 0.06557807
v -0.06763443 -0.07805216 0.06995575
v -0.07057245 -0.07376119 0.06562470
v -0.07817581 -0.01434969 0.04717839
v -0.08128932 -0.01411544 0.05133057
v -0.07809716 -0.01414525 0.04722214
v -0.07824217 -0.01466861 0.04712200
v -0.07794370 -0.01379909 0.04737791
v -0.07799315 -0.01389636 0.04732622
v -0.08118305 -0.01389618 0.05140379
v -0.07787115 -0.01369572 0.04742796
v -0.07209084 -0.01368576 0.04192289
v -0.07307453 -0.01335861 0.04323323
v -0.07498142 -0.01350925 0.04468460
v -0.08014564 -0.01509396 0.04943436
v -0.06703418 -0.05514193 0.04181225
v -0.06741340 -0.05790265 0.04347226
v -0.06897448 -0.05078521 0.04118708
v -0.06694231 -0.01005767 0.11096544
v -0.06679857 -0.01001484 0.11078087
v -0.07050409 -0.01001556 0.10752104
v -0.03309636 -0.01350240 0.12546229
v -0.07330117 -0.01485417 0.11527944
v -0.07713712 -0.01435236 0.11143105
v -0.07580087 -0.01510217 0.11298165
v -0.07330016 -0.01509997 0.11527894
v -0.07316186 -0.01411417 0.11511651
v -0.08918423 -0.01337180 0.08072647
v -0.08290640 -0.01012482 0.07948275
v -0.08072600 -0.01013334 0.09192740
v -0.08114539 -0.01000000 0.08794429
v -0.08879028 -0.01369789 0.08740872
v -0.08987445 -0.01411936 0.07933945
v -0.08548346 -0.01351388 0.09759656
v -0.08665931 -0.01336709 0.09394836
v -0.07830292 -0.01336288 0.10886243
v -0.07996008 -0.01336311 0.10675691
v -0.08336679 -0.01389481 0.10257616
v -0.08157020 -0.01336351 0.10447150
v -0.07684555 -0.01369084 0.11116023
v -0.07285047 -0.01351014 0.11475357
v -0.06871144 -0.01368945 0.11816216
v -0.07495666 -0.01001491 0.05520121
v -0.07361521 -0.01005994 0.05303977
v -0.06958629 -0.01335658 0.04053298
v -0.07183284 -0.01335825 0.04224484
v -0.07531079 -0.01411338 0.04433512
v -0.08286890 -0.01434829 0.05356034
v -0.08428613 -0.01458999 0.05588312
v -0.08254435 -0.01369681 0.05375824
v -0.08389419 -0.01369839 0.05609306
v -0.08291467 -0.03471597 0.05493493
v -0.08526619 -0.04212587 0.06050987
v -0.08657345 -0.01458880 0.06076412
v -0.07979555 -0.01011492 0.06308071
v -0.07890409 -0.01005551 0.06154451
v -0.07869580 -0.01001428 0.06164117
v -0.07654035 -0.01005663 0.05716383
v -0.06767914 -0.07805420 0.08736062
v -0.06419676 -0.07852194 0.09307826
v -0.06396785 -0.07863969 0.09293107
v -0.06440842 -0.07838121 0.09321439
v -0.06472855 -0.07879026 0.09042819
v -0.06320775 -0.07881934 0.09244239
v -0.06246747 -0.07864054 0.09502783
v -0.06200318 -0.07879172 0.09466019
v -0.06346963 -0.07879127 0.09261074
v -0.06278066 -0.07806652 0.09613280
v -0.01505159 -0.05079961 0.11644562
v -0.00812992 -0.04342324 0.11213673
v -0.00929406 -0.05514878 0.10965483
v -0.00844719 -0.05079945 0.11113181
v 0.00341408 -0.01507572 0.10420072
v 0.00340736 -0.01484180 0.10419742
v -0.00111998 -0.01508754 0.10841856
v 0.02037556 -0.01476226 0.08373174
v 0.02171018 -0.01497809 0.08170754
v 0.02187902 -0.02535583 0.07882200
v 0.00837594 -0.04277349 0.09324934
v -0.05651212 -0.07878935 0.09982050
v -0.05422350 -0.07881723 0.10088263
v -0.06800022 -0.07851110 0.08344697
v -0.06740955 -0.07851370 0.08598343
v -0.06765129 -0.07837132 0.08605214
v -0.06657288 -0.07851670 0.08844975
v -0.06714783 -0.07863308 0.08590907
v -0.06847203 -0.07820661 0.08353225
v -0.06890068 -0.07820328 0.07825354
v -0.06881634 -0.07820421 0.08090369
v -0.06744736 -0.07872393 0.08334710
v -0.06858897 -0.07836615 0.08088531
v -0.05491826 -0.07837222 0.10213051
v -0.05466359 -0.07863368 0.10167320
v -0.05235405 -0.07863143 0.10281792
v -0.03207245 -0.07839228 0.10362933
v -0.02967826 -0.07839408 0.10254592
v -0.03226431 -0.07864612 0.10314202
v -0.02979309 -0.07853220 0.10232175
v -0.03968987 -0.07804960 0.10583416
v -0.03982441 -0.07804938 0.10585064
v -0.03972365 -0.07838199 0.10541126
v -0.04235005 -0.07833929 0.10555829
v -0.03970521 -0.07822299 0.10563947
v -0.03444459 -0.07805853 0.10488197
v -0.03726342 -0.07873117 0.10426961
v -0.05595310 -0.04735845 0.12326739
v -0.05406266 -0.05090775 0.12331955
v -0.04201925 -0.05090905 0.12495342
v -0.01875572 -0.05085341 0.11877842
v -0.06454603 -0.03471597 0.12039159
v -0.06166205 -0.04212587 0.12141994
v -0.06758582 -0.06101549 0.11161955
v -0.06522712 -0.05640717 0.11615801
v -0.05456106 -0.06754479 0.11327371
v -0.05171693 -0.07804717 0.10409379
v -0.04234277 -0.07856763 0.10514360
v -0.04314572 -0.06754426 0.11549363
v -0.04287380 -0.07376420 0.11016539
v -0.03570215 -0.01409731 0.12633118
v -0.03568118 -0.01456805 0.12649311
v -0.01777594 -0.01510405 0.12047543
v -0.01786452 -0.01981648 0.12032200
v -0.01363642 -0.01510247 0.11793941
v -0.02772983 -0.01482194 0.12480595
v -0.02269592 -0.01433894 0.12282965
v -0.02778778 -0.01409980 0.12461184
v 0.00118267 -0.06121839 0.08960692
v 0.00132610 -0.05799654 0.09405926
v -0.01914257 -0.07898212 0.06413385
v -0.01965979 -0.07911428 0.06446382
v -0.01869171 -0.07875910 0.06384482
v -0.01904552 -0.07876525 0.06326289
v -0.02028484 -0.07876872 0.06162155
v 0.00383465 -0.06479509 0.05995797
v -0.01559524 -0.07891805 0.07406505
v -0.01617281 -0.07896550 0.07150015
v -0.01588858 -0.07887445 0.07142227
v -0.01498991 -0.07876290 0.07664930
v -0.01589592 -0.07899053 0.07411560
v -0.01789452 -0.07910782 0.06933999
v -0.01514238 -0.07864407 0.08192825
v -0.01488561 -0.07850666 0.08195975
v -0.01560774 -0.07858832 0.08452196
v -0.01442006 -0.07846466 0.07769562
v -0.01447639 -0.07839613 0.08028329
v -0.01462025 -0.07853490 0.07504901
v -0.01808148 -0.07903919 0.06659126
v -0.01781380 -0.07895793 0.06645627
v -0.01657883 -0.07866488 0.08696795
v -0.01587387 -0.07871026 0.08446196
v -0.01685041 -0.07876761 0.08687764
v -0.01973835 -0.07885981 0.09111290
v -0.01743156 -0.07888831 0.08668222
v -0.02526955 -0.07839701 0.09971651
v -0.02329278 -0.07840310 0.09799967
v -0.02186023 -0.07808147 0.09717431
v -0.02537049 -0.07806791 0.10034630
v -0.02689851 -0.07806662 0.10139610
v -0.02559493 -0.07864997 0.09930500
v -0.02385872 -0.07874317 0.09741141
v -0.01632424 -0.07853814 0.08705194
v -0.01805419 -0.07881215 0.08915325
v -0.01869799 -0.07859371 0.09170411
v 0.00466765 -0.06130749 0.08099405
v -0.01536078 -0.07844567 0.08457694
v -0.00021304 -0.06791242 0.07369262
v -0.01729024 -0.07816159 0.09058905
v -0.02717794 -0.07806638 0.10158807
v -0.02740333 -0.07839486 0.10123660
v 0.00659298 -0.05511358 0.08790707
v 0.01157619 -0.04693682 0.08490416
v 0.00893118 -0.05505582 0.08275574
v -0.05323039 -0.05080639 0.03255118
v -0.04585290 -0.05075929 0.02998984
v -0.04482952 -0.05084613 0.02971971
v -0.04672257 -0.07845810 0.05230820
v -0.04407760 -0.07873914 0.05248389
v -0.03896384 -0.07889806 0.05284807
v -0.03621218 -0.07854483 0.05212215
v -0.03626590 -0.07867859 0.05237848
v -0.03890260 -0.07873648 0.05225337
v -0.03387747 -0.07892811 0.05359468
v -0.03638182 -0.07887907 0.05294329
v -0.02482116 -0.07909098 0.05857717
v -0.02707266 -0.07909463 0.05725888
v -0.02689445 -0.07905937 0.05699505
v -0.02896390 -0.07895251 0.05535990
v -0.02882367 -0.07886002 0.05510198
v -0.03121530 -0.07880259 0.05394561
v -0.02910984 -0.07902033 0.05562961
v -0.02672100 -0.07899737 0.05673917
v -0.03110849 -0.07868175 0.05369424
v -0.03370449 -0.07874116 0.05303547
v -0.03168943 -0.07904141 0.05508000
v -0.03396856 -0.07898206 0.05389299
v -0.03144538 -0.07897590 0.05449251
v -0.03156635 -0.07902314 0.05478280
v -0.02291017 -0.07911243 0.06036181
v -0.02247102 -0.07897985 0.05993388
v -0.02462170 -0.07903373 0.05833853
v 0.04042167 -0.01406027 0.03960254
v 0.04043618 -0.01447970 0.03958049
v 0.03935187 -0.01387124 0.04309760
v 0.03943467 -0.01452521 0.04310843
v 0.03475032 -0.02444363 0.04947985
v 0.02422397 -0.01315399 0.07614607
v 0.03319407 -0.01384962 0.05999665
v 0.03634482 -0.01289058 0.05005001
v 0.03427835 -0.01295500 0.05566293
v 0.03624250 -0.01328771 0.05153387
v 0.03070966 -0.01490155 0.06572744
v 0.03507094 -0.01870993 0.05369905
v 0.03658629 -0.01487535 0.05164487
v 0.03758333 -0.01487481 0.04887253
v 0.03553485 -0.01487592 0.05456848
v 0.03476430 -0.01578145 0.05612693
v 0.01502064 -0.01430926 0.09098951
v 0.02516147 -0.01494910 0.07609797
v 0.02517915 -0.01472273 0.07611048
v 0.02516186 -0.01448034 0.07610288
v 0.02504912 -0.01400244 0.07604168
v 0.03725654 -0.02034069 0.04552400
v 0.03690790 -0.02002734 0.04697923
v 0.03666814 -0.01981185 0.04797999
v 0.03629601 -0.01947739 0.04953323
v 0.00898666 -0.01366699 0.09767526
v 0.00620239 -0.01433908 0.10123281
v -0.01153059 -0.01410911 0.11626950
v -0.01143047 -0.01459104 0.11641441
v -0.00600828 -0.01434092 0.11233924
v 0.00329376 -0.01418413 0.10408618
v -0.00363638 -0.01368344 0.10991520
v -0.00353497 -0.01388461 0.11003558
v -0.00338526 -0.01433862 0.11021269
v -0.00345079 -0.01410419 0.11013529
v 0.00592929 -0.01367381 0.10097610
v 0.00244503 -0.01349643 0.10421380
v 0.00871572 -0.01333147 0.09743677
v 0.01224888 -0.01456455 0.09453864
v 0.01082500 -0.01504722 0.09627254
v 0.02315179 -0.01100822 0.07014379
v 0.02172668 -0.01191649 0.07628495
v 0.01417745 -0.01013750 0.08055604
v -0.07011542 -0.01000794 0.04970432
v -0.06745725 -0.01000000 0.04764116
v -0.06479990 -0.01000000 0.04567626
v -0.06849317 -0.01013288 0.04759559
v -0.06001155 -0.01291826 0.03542140
v -0.06007203 -0.01291318 0.03546593
v 0.03270100 -0.03363992 0.03483892
v 0.01354459 -0.05526753 0.06459896
v 0.00686260 -0.06153079 0.05366873
v -0.08787689 -0.05090852 0.07410326
v -0.08629188 -0.05499856 0.07423864
v -0.08879571 -0.04212587 0.07510798
v -0.08723520 -0.04212587 0.06619249
v -0.08766218 -0.05079414 0.07205506
v -0.08729712 -0.05090904 0.07010204
v -0.08576646 -0.05517057 0.07084730
v -0.07986099 -0.06101276 0.06154437
v -0.08153211 -0.05788842 0.06096381
v -0.08219912 -0.05640608 0.06078732
v -0.08491953 -0.05788874 0.07399461
v -0.08434929 -0.05788910 0.08736986
v -0.08580005 -0.01337230 0.06107435
v -0.08834940 -0.01483715 0.06590991
v -0.08831415 -0.01458967 0.06591973
v -0.08930240 -0.01411875 0.07128722
v -0.08803575 -0.01390123 0.06599680
v -0.05400299 -0.07852975 0.05510646
v -0.05164626 -0.07854294 0.05402526
v -0.04676573 -0.07830309 0.05207287
v -0.04926788 -0.07842597 0.05292793
v -0.05523434 -0.07379493 0.05007135
v -0.06906414 -0.07804425 0.07753765
v -0.06806475 -0.07836774 0.07304204
v -0.06781930 -0.07851066 0.07309530
v -0.06738009 -0.07837077 0.07050382
v -0.06849702 -0.07836588 0.07563442
v -0.06724408 -0.07881557 0.07828251
v -0.06665865 -0.07821368 0.06795330
v -0.06621844 -0.07851619 0.06814468
v -0.06738814 -0.07878559 0.07576315
v -0.06797741 -0.07862937 0.07569475
v -0.05120570 -0.07883462 0.05512720
v -0.05589269 -0.07806742 0.05543534
v -0.05434885 -0.07807225 0.05452976
v -0.05650667 -0.07822222 0.05600473
v -0.05422387 -0.07822939 0.05467628
v -0.06390293 -0.06756236 0.04890398
v -0.06012215 -0.07863979 0.05983442
v -0.05638252 -0.07838208 0.05619764
v -0.05577656 -0.07879304 0.05713730
v -0.05609830 -0.07864112 0.05663871
v -0.05624600 -0.07852311 0.05640957
v -0.05895596 -0.07806374 0.05755061
v -0.06260137 -0.07806606 0.06110653
v -0.06381255 -0.07806462 0.06266911
v -0.06368220 -0.07852144 0.06360338
v -0.06388893 -0.07838067 0.06346000
v -0.06407704 -0.07822111 0.06332952
v -0.06759746 -0.07820957 0.07043374
v -0.07808159 -0.01407514 0.04725917
v -0.07798143 -0.01389220 0.04731741
v -0.07483017 -0.01336381 0.04484498
v -0.07545734 -0.01336566 0.04542075
v -0.07988420 -0.01336562 0.05051233
v -0.06372325 -0.05642270 0.04019333
v -0.03306430 -0.01368146 0.12563360
v -0.07314096 -0.01509983 0.11542518
v -0.07718998 -0.01460086 0.11148022
v -0.07322899 -0.01435090 0.11519489
v -0.08919299 -0.01337212 0.07933176
v -0.08974693 -0.01390098 0.07933806
v -0.08281575 -0.01012609 0.08105306
v -0.08087191 -0.01006422 0.09085584
v -0.08888528 -0.01337067 0.08433983
v -0.08831432 -0.01336941 0.08790176
v -0.08992970 -0.01459681 0.08206575
v -0.08986060 -0.01435276 0.08206121
v -0.08917142 -0.01435359 0.08747862
v -0.08894449 -0.01389933 0.08743706
v -0.08997337 -0.01435210 0.07934047
v -0.08502339 -0.01336553 0.09815142
v -0.08712837 -0.01336769 0.09248579
v -0.08348238 -0.01411648 0.10264256
v -0.08322740 -0.01369218 0.10249607
v -0.08413980 -0.01411606 0.05596131
v -0.08278447 -0.01411564 0.05361169
v -0.08258812 -0.04212587 0.05512425
v -0.08348181 -0.05091034 0.05856682
v -0.08373418 -0.04735845 0.05798208
v -0.08210856 -0.05514560 0.05945034
v -0.08014330 -0.05640604 0.05667202
v -0.07514768 -0.01005796 0.05506521
v -0.06701960 -0.07821435 0.08862566
v -0.06439322 -0.07806534 0.09399102
v -0.06631968 -0.07863549 0.08835007
v -0.06372435 -0.07873057 0.09277450
v -0.06445125 -0.07881869 0.09028626
v -0.06224053 -0.07873121 0.09484813
v -0.06254680 -0.07806638 0.09640980
v -0.00920359 -0.04737790 0.11254264
v -0.00349379 -0.04319874 0.10788620
v -0.00918668 -0.05084748 0.11178739
v -0.00576722 -0.04921624 0.10897916
v -0.00529087 -0.05080081 0.10802042
v -0.00312186 -0.01977874 0.10988187
v -0.00333940 -0.01458406 0.11026657
v 0.00283483 -0.01432985 0.10461181
v 0.00290915 -0.01482411 0.10468594
v 0.02322034 -0.01496546 0.07927562
v 0.02126192 -0.01575508 0.08227527
v 0.02420570 -0.01604118 0.07752540
v 0.01767083 -0.02499845 0.08571216
v -0.06773251 -0.07863099 0.08339860
v -0.06867266 -0.07836534 0.07825752
v -0.06824743 -0.07836822 0.08349165
v -0.05246248 -0.07851165 0.10306744
v -0.05452267 -0.07872599 0.10142011
v -0.03237010 -0.07873470 0.10287327
v -0.03470356 -0.07864394 0.10396931
v -0.03216472 -0.07853071 0.10339502
v -0.03990400 -0.07804925 0.10586040
v -0.05891732 -0.04212587 0.12258746
v -0.06151810 -0.04735845 0.12110924
v -0.06446172 -0.05500165 0.11723441
v -0.04761395 -0.07820302 0.10513460
v -0.04647126 -0.07804378 0.10554516
v -0.04912959 -0.07804459 0.10495154
v -0.04484350 -0.07878535 0.10423362
v -0.04732874 -0.07878534 0.10382076
v -0.04739312 -0.07872230 0.10411736
v -0.04487854 -0.07872232 0.10453508
v -0.04234484 -0.07850277 0.10526141
v -0.04615877 -0.07376429 0.10987577
v -0.03567652 -0.01481500 0.12652923
v -0.01778040 -0.01484689 0.12046481
v -0.01890046 -0.07888146 0.06397909
v -0.01530821 -0.07882087 0.07401617
v -0.01672591 -0.07892101 0.06889389
v -0.01521728 -0.07881325 0.07928787
v -0.01557726 -0.07894555 0.07669001
v -0.01445711 -0.07841958 0.07939775
v -0.01467289 -0.07835322 0.08194399
v -0.01481522 -0.07856338 0.07393053
v -0.01450194 -0.07849339 0.07661312
v -0.01675958 -0.07891864 0.08425769
v -0.02271944 -0.07807694 0.09802075
v -0.02017574 -0.07809839 0.09519150
v -0.02471897 -0.07806960 0.09980529
v -0.02542607 -0.07853502 0.09951863
v -0.01919802 -0.07878663 0.09142106
v -0.01833668 -0.07886162 0.08902658
v -0.01778199 -0.07873255 0.08927469
v -0.01987856 -0.07843344 0.09403995
v -0.01847136 -0.07846009 0.09183162
v 0.00152122 -0.06458283 0.08123620
v 0.00597944 -0.06135195 0.07652370
v -0.02727906 -0.07823788 0.10142983
v 0.00656958 -0.05517097 0.08789525
v 0.01000548 -0.05081781 0.08460753
v 0.00836414 -0.05085821 0.08814509
v 0.01452746 -0.04278909 0.08226109
v -0.04766195 -0.05086668 0.03058062
v -0.02925999 -0.07906123 0.05590841
v -0.02502587 -0.07912165 0.05882268
v -0.03378913 -0.07884695 0.05330783
v -0.03355443 -0.07846807 0.05255758
v -0.03362438 -0.07861380 0.05278001
v -0.03406126 -0.07900670 0.05419921
v -0.03132794 -0.07890157 0.05421248
v 0.04160283 -0.01353565 0.03525597
v 0.03941917 -0.01419378 0.04311074
v 0.03951921 -0.01486168 0.04266303
v 0.02470346 -0.01338362 0.07584517
v 0.02927357 -0.01370229 0.06809617
v 0.03186000 -0.01303303 0.06147747
v 0.03909775 -0.01332112 0.04303412
v 0.03127494 -0.01639685 0.06405009
v 0.03424865 -0.01833536 0.05607928
v 0.03627452 -0.01946392 0.04960633
v 0.02948745 -0.01442877 0.06819700
v 0.03331605 -0.01437440 0.06004439
v 0.01192287 -0.01365840 0.09427528
v 0.00624998 -0.01458513 0.10127674
v -0.00596370 -0.01458686 0.11239517
v 0.00326554 -0.01410904 0.10405750
v 0.00267676 -0.01387767 0.10445102
v 0.00276577 -0.01409660 0.10454174
v -0.00607187 -0.01410612 0.11225908
v 0.00306697 -0.01367297 0.10385505
v 0.00454123 -0.01334252 0.10187823
v 0.01758984 -0.01014142 0.07546106
v 0.01950031 -0.01098904 0.07618905
v 0.02547896 -0.01193961 0.06997944
v -0.06993036 -0.01000000 0.04977488
v -0.07023960 -0.01003251 0.04957258
v -0.06194393 -0.01000000 0.04382257
v -0.06756856 -0.01013490 0.04680962
v -0.05009770 -0.01005884 0.03618758
v 0.00305834 -0.06482361 0.05578745
v -0.08893046 -0.04212587 0.07807431
v -0.08845430 -0.04735845 0.07513431
v -0.08380749 -0.05640613 0.06507384
v -0.08636344 -0.05079536 0.06600928
v -0.08636146 -0.05090940 0.06613656
v -0.04911932 -0.07867865 0.05344202
v -0.05174022 -0.07840315 0.05378830
v -0.05803489 -0.07378148 0.05159253
v -0.05671876 -0.07806484 0.05591990
v -0.06905920 -0.07804441 0.07825013
v -0.06872357 -0.07820392 0.07560811
v -0.06644901 -0.07837432 0.06804445
v -0.06596889 -0.07863507 0.06825313
v -0.04886149 -0.07884770 0.05432176
v -0.05660459 -0.07806519 0.05585293
v -0.05411869 -0.07838903 0.05488134
v -0.05865388 -0.07822072 0.05754759
v -0.05876325 -0.07806384 0.05741014
v -0.06245959 -0.07822257 0.06122706
v -0.06506112 -0.07851904 0.06581178
v -0.06345861 -0.07863922 0.06375841
v -0.06422415 -0.07806401 0.06322712
v -0.07782160 -0.01363985 0.04745109
v -0.07777304 -0.01355631 0.04752528
v -0.07253832 -0.01509917 0.11590056
v -0.08920452 -0.01337255 0.07749619
v -0.08941478 -0.01352092 0.07933422
v -0.08929995 -0.01352015 0.08202311
v -0.08947868 -0.01369974 0.08203534
v -0.08976129 -0.01411943 0.08205455
v -0.08264045 -0.01006091 0.08104298
v -0.08907825 -0.01337140 0.08200743
v -0.08861207 -0.01351810 0.08737591
v -0.08514813 -0.01336564 0.09784458
v -0.08306647 -0.01351202 0.10240360
v -0.08267569 -0.01389733 0.05367803
v -0.08229188 -0.04735845 0.05529600
v -0.08404099 -0.04212587 0.05783002
v -0.08155985 -0.05091091 0.05500649
v -0.08429344 -0.05079672 0.06024425
v -0.07491826 -0.01012101 0.05439461
v -0.06680685 -0.07837491 0.08854187
v -0.06592580 -0.07821842 0.09104118
v -0.06460104 -0.07822167 0.09333827
v -0.06305776 -0.07822315 0.09549526
v -0.06605017 -0.07872737 0.08824400
v -0.06525597 -0.07863783 0.09069818
v -0.00919826 -0.05089503 0.11177438
v -0.00647638 -0.05080030 0.10918906
v -0.00496269 -0.05084878 0.10765361
v -0.00331401 -0.01483652 0.11029597
v 0.01842079 -0.01555418 0.08645534
v -0.06806750 -0.07862961 0.08084316
v -0.05256263 -0.07836887 0.10329784
v -0.05002681 -0.07850957 0.10398877
v -0.03721209 -0.07864149 0.10455398
v -0.04745459 -0.07862888 0.10440056
v -0.04751230 -0.07850849 0.10466637
v -0.04994335 -0.07862975 0.10372987
v -0.04497237 -0.07836519 0.10534251
v -0.04756557 -0.07836511 0.10491175
v -0.04491200 -0.07862892 0.10482292
v -0.04376915 -0.07804473 0.10586891
v -0.04264300 -0.07804569 0.10591750
v -0.04235654 -0.07804593 0.10592985
v -0.01755890 -0.07885440 0.06632739
v -0.01561939 -0.07876130 0.07134797
v -0.01700371 -0.07900664 0.06900065
v -0.01527626 -0.07886655 0.07666949
v -0.01588975 -0.07899732 0.07671060
v -0.01707129 -0.07892728 0.08418428
v -0.01773302 -0.07890163 0.08657979
v -0.02117633 -0.07808834 0.09636930
v -0.02753959 -0.07853290 0.10102468
v -0.01752376 -0.07862569 0.08938928
v -0.01968554 -0.07827835 0.09417428
v -0.02149059 -0.07841480 0.09610182
v -0.01826329 -0.07830682 0.09194817
v -0.02512673 -0.07824004 0.09989695
v -0.04766536 -0.05083856 0.03057036
v -0.02725365 -0.07910158 0.05752777
v -0.03632263 -0.07879107 0.05265301
v 0.03939478 -0.01486791 0.04308956
v 0.03278666 -0.01317919 0.05982694
v 0.03128157 -0.01305152 0.06271491
v 0.03925525 -0.01360877 0.04307457
v 0.03659303 -0.01405793 0.05165395
v 0.03655673 -0.01391931 0.05164200
v 0.03664459 -0.01447920 0.05166909
v 0.03938028 -0.01400740 0.04310315
v 0.03332731 -0.01463902 0.06004674
v 0.03327170 -0.01410881 0.06002774
v 0.00332989 -0.01433090 0.10412243
v 0.00336554 -0.01447565 0.10415819
v 0.00307019 -0.01367909 0.10385834
v 0.00256929 -0.01367652 0.10434113
v 0.00290512 -0.01344658 0.10368878
v 0.01751937 -0.01014134 0.07556628
v -0.07036173 -0.01007349 0.04944303
v -0.06757285 -0.01000826 0.04750095
v -0.08858807 -0.04735845 0.07807904
v -0.08360466 -0.05500154 0.06285217
v -0.08423021 -0.05788862 0.06954952
v -0.08483001 -0.05500017 0.06655769
v -0.05154451 -0.07865949 0.05428096
v -0.04919658 -0.07856401 0.05317543
v -0.05182562 -0.07824428 0.05357216
v -0.06570327 -0.07872703 0.06836856
v -0.05835545 -0.07852138 0.05792445
v -0.05851172 -0.07838044 0.05772714
v -0.06528083 -0.07837780 0.06568940
v -0.06482343 -0.07863730 0.06594414
v -0.07756593 -0.01336337 0.04766764
v -0.07757519 -0.01336307 0.04767814
v -0.07763574 -0.01342729 0.04760826
v -0.07758434 -0.01336277 0.04768851
v -0.07773104 -0.01351700 0.04754594
v -0.08105483 -0.01369505 0.05149232
v -0.08090668 -0.01351536 0.05159476
v -0.08192714 -0.01336815 0.05346550
v -0.08959290 -0.01370042 0.07933630
v -0.08963327 -0.01390060 0.08204588
v -0.08907226 -0.01411907 0.08746050
v -0.08840467 -0.01336961 0.08733811
v -0.07467924 -0.01012174 0.05409377
v -0.07529771 -0.01012023 0.05495777
v -0.06672484 -0.07805871 0.08980616
v -0.06499822 -0.07872915 0.09056623
v -0.06549820 -0.07851962 0.09082220
v -0.06747615 -0.07878578 0.08079538
v -0.06777865 -0.07872288 0.08081982
v -0.06833865 -0.07850938 0.08086507
v -0.05017389 -0.07820450 0.10444491
v -0.04494339 -0.07850855 0.10509310
v -0.04233972 -0.07862873 0.10496995
v -0.04499868 -0.07820312 0.10556901
v -0.04235319 -0.07819712 0.10573836
v -0.01646203 -0.07881318 0.06879200
v -0.01503734 -0.07870176 0.07396942
v -0.02131348 -0.07825860 0.09625272
v -0.01810096 -0.07813918 0.09203862
v -0.02523364 -0.07912428 0.05907247
v 0.03804830 -0.01487304 0.04738814
v 0.03947582 -0.01486385 0.04281178
v 0.03308485 -0.01360413 0.05995177
v 0.03917955 -0.01347052 0.04305513
v 0.03639279 -0.01352413 0.05158613
v 0.03661976 -0.01419818 0.05166244
v 0.00340550 -0.01477707 0.10419650
v 0.00306852 -0.01367593 0.10385664
v 0.00294507 -0.01350246 0.10372982
v -0.06780066 -0.01007641 0.04721456
v -0.08432482 -0.05516144 0.06503844
v -0.08572669 -0.05499855 0.07035284
v -0.08310064 -0.05788851 0.06519002
v -0.05818642 -0.07863931 0.05813782
v -0.06048597 -0.07838142 0.05945763
v -0.07971721 -0.01336541 0.05030729
v -0.08239251 -0.01351734 0.05385110
v -0.08864567 -0.01337014 0.08583463
v -0.06572211 -0.07837842 0.09093686
v -0.05010388 -0.07836639 0.10422779
v -0.01792471 -0.07814405 0.09172348
v 0.03784124 -0.01487383 0.04804916
v 0.03778879 -0.01520445 0.04804946
v 0.03294744 -0.01337891 0.05989453
v 0.03651102 -0.01378344 0.05162663
v 0.03663691 -0.01433896 0.05166747
v 0.00337851 -0.01457351 0.10417063
v -0.06768774 -0.01003380 0.04735651
v -0.08208875 -0.01336835 0.05374260
v 0.02914996 -0.01348788 0.06803573
v 0.00288290 -0.01457365 0.10466015
f 1 2 3
f 4 5 6
f 7 8 9
f 9 5 4
f 10 8 7
f 11 12 13
f 14 9 8
f 15 16 17
f 17 14 15
f 15 14 8
f 18 3 2
f 19 9 4
f 20 21 22
f 22 21 23
f 12 11 24
f 25 14 17
f 26 27 14
f 12 24 26
f 26 28 27
f 26 24 11
f 29 30 8
f 31 16 8
f 31 8 30
f 32 10 33
f 32 8 10
f 34 8 16
f 34 15 8
f 16 15 34
f 35 36 37
f 38 1 3
f 38 39 1
f 40 41 42
f 3 5 40
f 40 38 3
f 38 40 39
f 43 2 1
f 44 45 3
f 18 44 3
f 46 36 35
f 47 48 49
f 50 51 52
f 51 53 52
f 51 54 55
f 54 51 50
f 56 27 28
f 56 57 27
f 7 9 58
f 59 10 7
f 60 58 9
f 60 9 19
f 61 6 35
f 62 63 64
f 65 66 67
f 68 69 70
f 71 72 22
f 73 74 75
f 76 77 17
f 76 78 77
f 76 17 16
f 76 16 31
f 17 77 79
f 79 25 17
f 25 79 80
f 81 14 82
f 83 82 14
f 83 14 25
f 84 25 80
f 79 84 80
f 85 83 84
f 84 83 25
f 86 87 74
f 88 89 90
f 91 11 13
f 90 91 13
f 92 29 8
f 32 92 8
f 92 32 93
f 35 37 94
f 94 61 35
f 61 94 95
f 94 37 36
f 96 97 98
f 99 100 101
f 102 40 42
f 40 102 39
f 42 1 102
f 1 39 102
f 103 104 105
f 106 6 107
f 108 52 109
f 109 110 108
f 108 50 52
f 111 112 109
f 109 113 111
f 53 114 52
f 114 115 113
f 114 109 52
f 114 113 109
f 116 114 117
f 117 114 53
f 118 119 120
f 118 121 122
f 123 120 119
f 123 119 124
f 125 56 28
f 26 126 28
f 126 127 28
f 126 26 128
f 58 129 7
f 130 19 4
f 131 132 133
f 133 132 134
f 133 135 131
f 136 137 138
f 136 133 134
f 136 138 133
f 139 140 141
f 142 19 130
f 143 144 145
f 146 144 143
f 147 148 149
f 147 150 148
f 151 152 153
f 153 147 151
f 153 150 147
f 154 155 156
f 157 158 159
f 62 160 161
f 162 68 70
f 163 164 165
f 166 164 163
f 167 168 169
f 170 166 171
f 172 62 161
f 172 161 70
f 173 174 175
f 174 176 175
f 177 22 23
f 177 71 22
f 178 179 180
f 181 179 178
f 182 183 184
f 185 122 121
f 186 187 188
f 189 56 125
f 189 187 190
f 56 189 57
f 191 192 193
f 194 192 195
f 194 193 192
f 187 196 190
f 197 198 199
f 197 200 74
f 201 73 75
f 74 73 201
f 198 197 201
f 201 197 74
f 202 203 175
f 82 204 205
f 206 207 26
f 206 26 11
f 11 208 206
f 209 125 28
f 210 189 209
f 209 189 125
f 211 87 86
f 200 212 74
f 213 175 214
f 213 202 175
f 213 215 202
f 216 217 175
f 217 214 175
f 218 219 220
f 221 186 188
f 222 223 89
f 88 222 89
f 12 224 13
f 224 90 13
f 224 88 90
f 225 91 226
f 227 173 175
f 227 228 173
f 203 227 175
f 64 229 230
f 231 229 173
f 232 129 58
f 94 233 95
f 234 235 236
f 235 237 238
f 107 239 240
f 241 97 96
f 241 148 242
f 241 96 149
f 149 148 241
f 243 244 245
f 243 246 247
f 243 247 244
f 248 243 100
f 249 243 245
f 243 249 100
f 250 251 252
f 253 40 48
f 254 255 256
f 255 254 257
f 258 43 1
f 259 260 244
f 259 244 247
f 104 103 261
f 261 262 263
f 261 103 262
f 264 6 106
f 35 6 264
f 264 46 35
f 265 239 107
f 265 107 266
f 265 266 239
f 267 107 6
f 267 266 107
f 267 6 5
f 267 5 266
f 268 266 5
f 263 262 268
f 45 263 268
f 268 5 3
f 268 3 45
f 262 103 269
f 269 268 262
f 270 110 271
f 272 273 274
f 275 272 274
f 273 272 275
f 276 113 277
f 278 111 113
f 279 111 110
f 109 112 279
f 279 110 109
f 280 114 116
f 281 282 283
f 281 283 115
f 284 54 285
f 286 166 170
f 53 51 287
f 288 115 114
f 288 281 115
f 280 288 114
f 255 289 256
f 290 255 257
f 118 291 119
f 292 119 293
f 292 124 119
f 120 123 294
f 123 295 296
f 295 123 124
f 297 123 296
f 297 298 294
f 297 294 123
f 299 296 285
f 299 285 300
f 299 297 296
f 299 300 297
f 301 270 271
f 50 108 301
f 301 108 110
f 110 270 301
f 302 297 300
f 303 304 236
f 305 306 307
f 308 309 310
f 309 308 137
f 311 312 313
f 314 141 140
f 315 316 70
f 70 161 315
f 317 318 319
f 320 321 319
f 319 322 320
f 323 324 325
f 325 326 327
f 328 324 323
f 329 153 152
f 330 143 145
f 330 331 143
f 317 331 330
f 330 318 317
f 330 322 319
f 330 319 318
f 146 332 144
f 332 146 333
f 146 334 333
f 334 335 333
f 334 336 335
f 337 336 334
f 338 329 152
f 338 152 151
f 338 151 147
f 6 339 4
f 339 330 4
f 330 339 322
f 153 340 150
f 341 342 343
f 344 345 180
f 180 179 344
f 345 344 346
f 345 154 180
f 154 154 180
f 154 345 155
f 155 154 154
f 347 117 348
f 117 347 349
f 350 156 349
f 351 350 349
f 352 179 181
f 352 353 179
f 354 355 157
f 354 157 184
f 354 184 356
f 160 357 161
f 358 70 316
f 358 162 70
f 359 23 21
f 360 67 361
f 362 363 4
f 362 145 144
f 4 363 364
f 166 365 164
f 168 167 366
f 163 165 366
f 366 171 163
f 169 168 366
f 366 165 169
f 201 366 167
f 366 201 171
f 170 171 367
f 367 184 170
f 367 356 184
f 367 354 356
f 367 171 354
f 368 166 163
f 368 163 171
f 368 171 166
f 369 360 361
f 369 361 23
f 369 23 359
f 370 371 372
f 373 69 68
f 373 374 69
f 374 373 65
f 373 68 66
f 373 66 65
f 375 201 75
f 63 174 376
f 376 229 64
f 173 229 377
f 377 174 173
f 377 229 376
f 377 376 174
f 216 378 87
f 378 216 375
f 378 74 87
f 75 74 378
f 378 375 75
f 379 380 381
f 382 140 139
f 383 384 385
f 386 178 180
f 183 182 387
f 387 388 389
f 390 391 392
f 393 390 394
f 393 391 390
f 393 395 391
f 164 365 396
f 397 393 394
f 397 398 393
f 293 119 397
f 399 191 400
f 191 399 192
f 401 189 210
f 187 189 401
f 402 197 199
f 197 402 403
f 404 405 193
f 404 194 406
f 194 404 193
f 407 27 408
f 407 408 409
f 410 408 27
f 408 411 409
f 410 411 408
f 411 399 400
f 412 413 196
f 412 196 187
f 412 186 413
f 412 187 186
f 200 197 414
f 414 197 403
f 415 201 174
f 415 174 63
f 171 201 415
f 416 415 63
f 415 416 172
f 415 70 69
f 415 172 70
f 417 393 398
f 393 417 395
f 405 418 398
f 418 417 398
f 82 83 419
f 419 204 82
f 89 223 420
f 420 223 421
f 420 421 205
f 205 204 420
f 422 225 226
f 422 423 424
f 211 425 87
f 425 216 87
f 216 425 426
f 427 425 211
f 428 216 426
f 428 217 216
f 428 426 425
f 428 425 427
f 429 219 218
f 429 430 219
f 431 218 220
f 432 433 434
f 435 436 437
f 435 437 438
f 223 222 439
f 439 421 223
f 439 14 81
f 205 421 439
f 439 82 205
f 439 81 82
f 440 224 12
f 88 224 440
f 12 26 440
f 440 26 14
f 439 440 14
f 440 222 88
f 440 439 222
f 206 441 207
f 441 422 424
f 225 422 441
f 441 206 208
f 91 442 11
f 225 442 91
f 442 208 11
f 442 441 208
f 441 442 225
f 228 227 443
f 443 444 228
f 443 445 444
f 446 230 229
f 231 446 229
f 447 7 129
f 447 232 7
f 447 129 232
f 242 233 448
f 448 233 94
f 449 234 236
f 234 449 450
f 449 451 450
f 304 449 236
f 452 234 450
f 452 453 234
f 245 244 454
f 455 244 260
f 455 238 237
f 237 454 455
f 455 454 244
f 455 456 238
f 457 240 239
f 458 99 101
f 459 458 101
f 460 100 99
f 460 248 100
f 461 249 462
f 461 97 101
f 461 101 100
f 461 100 249
f 97 461 98
f 461 462 98
f 314 463 141
f 464 18 2
f 43 464 2
f 464 43 465
f 466 467 468
f 469 253 48
f 253 469 470
f 471 1 42
f 471 258 1
f 41 471 42
f 472 471 41
f 473 474 475
f 475 476 477
f 478 479 480
f 266 268 481
f 481 268 269
f 482 103 105
f 482 269 103
f 274 273 483
f 484 349 156
f 484 485 486
f 485 484 345
f 487 486 273
f 488 489 490
f 276 277 488
f 488 490 276
f 488 491 283
f 492 493 278
f 492 113 276
f 492 278 113
f 112 111 494
f 494 279 112
f 279 494 111
f 495 283 282
f 495 496 489
f 488 495 489
f 495 488 283
f 497 283 491
f 115 283 497
f 113 497 491
f 497 113 115
f 496 498 499
f 498 496 280
f 116 499 498
f 498 280 116
f 500 284 285
f 55 54 501
f 284 501 54
f 502 286 170
f 502 503 286
f 504 505 506
f 504 507 505
f 117 508 348
f 508 117 53
f 509 495 282
f 495 509 496
f 282 281 509
f 281 288 509
f 280 496 509
f 509 288 280
f 48 47 510
f 289 510 256
f 510 49 256
f 510 47 49
f 511 290 257
f 254 511 257
f 256 49 511
f 511 254 256
f 512 513 255
f 255 290 512
f 290 511 512
f 514 291 118
f 515 295 124
f 515 296 295
f 515 285 296
f 298 297 516
f 516 294 298
f 516 517 118
f 516 118 120
f 120 294 516
f 518 301 271
f 519 40 5
f 110 111 519
f 5 9 519
f 9 14 519
f 519 14 27
f 27 118 519
f 519 118 517
f 517 302 520
f 520 519 517
f 520 302 50
f 521 302 517
f 297 302 521
f 516 521 517
f 521 516 297
f 522 54 50
f 522 50 302
f 285 54 522
f 522 300 285
f 522 302 300
f 523 524 525
f 526 524 527
f 528 527 524
f 528 524 523
f 529 530 531
f 532 530 529
f 133 533 135
f 533 534 535
f 536 451 537
f 538 451 536
f 539 449 304
f 539 537 451
f 451 449 539
f 540 541 542
f 309 543 310
f 543 384 310
f 385 384 543
f 544 137 136
f 544 309 137
f 311 545 546
f 546 312 311
f 546 547 312
f 546 538 547
f 548 545 311
f 548 549 550
f 548 550 551
f 552 451 538
f 553 551 554
f 383 553 554
f 98 462 555
f 555 462 305
f 556 96 98
f 556 557 96
f 558 133 138
f 558 308 310
f 138 137 558
f 308 558 137
f 139 141 559
f 139 559 560
f 560 559 141
f 549 548 561
f 549 561 562
f 313 562 311
f 563 314 140
f 564 550 549
f 549 562 564
f 564 562 565
f 564 314 563
f 566 567 568
f 72 71 566
f 569 570 571
f 569 567 570
f 569 568 567
f 572 573 574
f 58 575 576
f 60 575 58
f 577 575 60
f 578 575 577
f 326 325 579
f 579 324 337
f 579 325 324
f 580 324 328
f 581 328 323
f 582 581 323
f 583 146 143
f 331 583 143
f 583 331 317
f 319 583 317
f 583 334 146
f 144 332 584
f 585 584 332
f 586 319 321
f 587 588 361
f 589 338 147
f 590 591 339
f 590 339 329
f 153 329 592
f 339 592 329
f 593 148 150
f 150 340 593
f 593 242 148
f 593 594 95
f 594 593 340
f 593 95 233
f 593 233 242
f 595 61 95
f 595 95 594
f 595 596 61
f 596 595 594
f 597 342 341
f 598 343 342
f 599 351 349
f 599 349 347
f 600 180 154
f 601 602 603
f 604 159 158
f 605 604 606
f 607 158 157
f 355 607 157
f 607 604 158
f 608 354 171
f 608 69 369
f 609 608 610
f 608 415 69
f 171 415 608
f 357 611 161
f 611 315 161
f 612 142 130
f 613 4 330
f 613 362 4
f 330 362 613
f 614 330 145
f 362 614 145
f 614 362 330
f 615 616 617
f 67 66 618
f 619 365 166
f 620 201 167
f 198 201 620
f 169 199 620
f 620 167 169
f 620 199 198
f 69 374 621
f 621 369 69
f 621 374 65
f 360 369 621
f 621 65 67
f 67 360 621
f 622 359 21
f 622 369 359
f 623 624 625
f 172 626 62
f 626 172 416
f 63 62 626
f 626 416 63
f 627 176 174
f 627 375 176
f 627 174 201
f 201 375 627
f 628 216 175
f 628 375 216
f 628 175 176
f 176 375 628
f 629 64 63
f 629 376 64
f 376 629 63
f 570 567 630
f 631 336 337
f 324 631 337
f 580 631 324
f 71 177 632
f 632 630 567
f 632 633 634
f 632 634 630
f 635 388 387
f 636 284 390
f 390 392 636
f 637 119 291
f 637 397 119
f 293 397 638
f 639 515 638
f 638 292 293
f 124 292 638
f 638 515 124
f 640 641 642
f 642 641 643
f 118 642 121
f 642 643 121
f 191 644 640
f 644 641 640
f 641 645 643
f 643 645 121
f 645 185 121
f 641 646 647
f 646 405 398
f 648 188 187
f 648 423 188
f 648 187 423
f 424 423 649
f 441 649 207
f 649 441 424
f 650 423 187
f 187 401 650
f 650 649 423
f 650 401 210
f 210 209 650
f 28 127 650
f 650 209 28
f 405 404 651
f 651 418 405
f 652 191 640
f 652 407 191
f 652 27 407
f 640 642 652
f 652 118 27
f 652 642 118
f 653 654 655
f 656 402 199
f 657 57 189
f 57 657 27
f 657 410 27
f 658 407 409
f 409 411 658
f 658 411 400
f 400 191 658
f 407 658 191
f 411 659 399
f 659 190 192
f 659 192 399
f 659 189 190
f 660 661 438
f 662 654 169
f 662 169 165
f 663 664 219
f 219 664 665
f 220 219 665
f 665 431 220
f 666 83 85
f 430 429 666
f 667 420 226
f 667 226 91
f 667 91 90
f 667 90 89
f 89 420 667
f 668 84 79
f 85 84 668
f 668 666 85
f 430 666 668
f 188 423 669
f 423 422 669
f 419 670 204
f 670 420 204
f 671 86 74
f 74 672 671
f 673 74 212
f 673 672 74
f 674 675 676
f 434 675 674
f 674 432 434
f 677 673 212
f 672 673 677
f 678 214 217
f 678 217 428
f 678 211 86
f 678 427 211
f 678 428 427
f 218 431 679
f 679 675 434
f 679 676 675
f 679 431 676
f 413 186 680
f 435 680 436
f 680 221 436
f 186 221 680
f 681 212 200
f 681 677 212
f 681 682 683
f 681 683 677
f 173 228 684
f 228 444 684
f 684 231 173
f 684 444 231
f 445 685 686
f 686 685 78
f 687 77 78
f 688 685 445
f 445 689 688
f 688 78 685
f 688 687 78
f 688 689 664
f 663 688 664
f 690 443 227
f 690 689 445
f 443 690 445
f 690 227 203
f 691 690 203
f 690 664 689
f 690 691 664
f 231 444 692
f 693 692 444
f 694 101 97
f 694 459 101
f 448 694 242
f 694 241 242
f 97 241 694
f 36 459 695
f 695 94 36
f 695 448 94
f 459 694 695
f 695 694 448
f 696 697 303
f 698 238 699
f 698 699 700
f 698 700 701
f 235 698 236
f 238 698 235
f 698 303 236
f 698 701 303
f 702 703 704
f 704 703 705
f 705 706 704
f 705 703 136
f 706 705 527
f 705 526 527
f 707 706 527
f 707 528 307
f 707 527 528
f 708 709 710
f 245 454 708
f 708 454 709
f 711 712 699
f 711 456 712
f 699 238 711
f 238 456 711
f 243 713 246
f 713 243 248
f 714 106 107
f 107 240 714
f 715 460 99
f 715 248 460
f 462 249 716
f 716 249 245
f 708 716 245
f 717 565 718
f 562 718 565
f 250 719 468
f 719 250 252
f 250 720 251
f 720 721 722
f 723 720 722
f 724 725 726
f 726 725 727
f 728 464 465
f 729 730 731
f 729 732 730
f 733 313 312
f 734 41 40
f 734 40 253
f 734 735 473
f 736 474 473
f 736 473 735
f 736 475 474
f 736 735 475
f 737 738 470
f 470 469 737
f 737 469 255
f 737 255 513
f 737 513 738
f 739 475 735
f 739 734 253
f 735 734 739
f 739 253 470
f 476 475 739
f 477 476 739
f 739 470 738
f 739 738 477
f 44 740 45
f 481 741 266
f 266 741 239
f 741 457 239
f 742 481 269
f 742 269 482
f 742 741 481
f 105 712 743
f 743 482 105
f 724 744 745
f 745 746 724
f 747 727 748
f 727 725 748
f 748 725 749
f 750 156 155
f 750 484 156
f 155 345 750
f 484 750 345
f 751 752 483
f 751 748 749
f 273 275 753
f 754 484 486
f 486 487 754
f 755 487 756
f 757 756 487
f 493 492 758
f 758 492 276
f 758 276 490
f 759 758 490
f 760 491 488
f 760 488 277
f 760 113 491
f 760 277 113
f 284 761 390
f 390 761 394
f 761 639 394
f 762 503 502
f 762 502 170
f 170 184 762
f 762 184 183
f 763 762 183
f 183 387 763
f 763 387 389
f 764 347 348
f 348 508 764
f 53 287 765
f 765 508 53
f 504 766 507
f 508 766 504
f 767 766 768
f 769 469 48
f 48 510 769
f 469 769 255
f 769 289 255
f 769 510 289
f 770 771 772
f 770 729 731
f 770 772 729
f 512 773 513
f 773 512 771
f 771 770 773
f 774 118 122
f 774 514 118
f 122 291 774
f 291 514 774
f 775 515 639
f 775 500 285
f 775 285 515
f 776 519 520
f 301 518 776
f 776 518 271
f 271 110 776
f 110 519 776
f 777 778 779
f 777 779 530
f 780 529 781
f 529 780 532
f 780 782 532
f 783 533 133
f 534 533 783
f 558 783 133
f 783 784 534
f 783 558 310
f 785 786 787
f 785 132 131
f 785 787 132
f 785 131 135
f 785 788 786
f 785 135 533
f 785 789 788
f 785 533 535
f 535 790 785
f 785 790 789
f 526 791 524
f 791 526 787
f 787 786 791
f 539 792 537
f 792 536 537
f 793 794 792
f 538 536 792
f 792 547 538
f 792 794 547
f 795 539 304
f 796 797 540
f 797 796 795
f 798 544 136
f 544 798 309
f 799 548 551
f 551 553 799
f 799 553 383
f 800 546 545
f 800 702 552
f 546 800 538
f 800 552 538
f 450 451 801
f 801 451 552
f 555 802 98
f 802 555 803
f 802 556 98
f 557 556 804
f 804 802 803
f 802 804 556
f 805 531 530
f 530 779 805
f 805 778 531
f 805 779 778
f 806 530 532
f 806 807 808
f 806 532 807
f 371 809 372
f 809 371 810
f 811 812 813
f 811 813 814
f 141 463 815
f 815 560 141
f 815 463 719
f 816 313 466
f 816 562 313
f 816 466 718
f 816 718 562
f 817 311 562
f 817 562 561
f 817 548 311
f 817 561 548
f 550 818 551
f 818 563 551
f 564 818 550
f 818 564 563
f 314 564 819
f 819 565 717
f 819 564 565
f 820 573 572
f 582 820 572
f 820 582 821
f 822 823 824
f 19 142 825
f 826 576 575
f 826 575 578
f 326 827 828
f 829 830 320
f 831 830 829
f 831 586 321
f 337 334 831
f 831 579 337
f 832 571 570
f 832 570 833
f 834 580 328
f 834 328 835
f 834 832 833
f 834 835 571
f 834 571 832
f 834 631 580
f 836 572 574
f 836 582 572
f 836 581 582
f 837 325 327
f 325 838 323
f 837 838 325
f 838 837 839
f 840 583 319
f 334 583 840
f 840 319 586
f 840 831 334
f 840 586 831
f 362 841 363
f 841 362 144
f 144 584 841
f 842 843 844
f 844 845 842
f 846 177 23
f 846 632 177
f 633 632 846
f 588 847 361
f 847 23 361
f 847 846 23
f 848 844 843
f 849 843 842
f 850 851 338
f 821 852 853
f 853 852 854
f 854 852 855
f 856 596 594
f 856 340 153
f 856 594 340
f 596 856 61
f 153 592 856
f 856 592 339
f 856 6 61
f 856 339 6
f 857 609 610
f 858 859 343
f 343 598 858
f 610 860 861
f 861 860 862
f 861 857 610
f 861 862 857
f 863 864 722
f 865 864 866
f 867 350 351
f 599 867 351
f 156 350 867
f 867 599 347
f 868 504 506
f 868 506 386
f 868 386 180
f 600 868 180
f 869 600 347
f 347 764 869
f 504 868 869
f 869 868 600
f 869 508 504
f 869 764 508
f 602 601 870
f 181 178 870
f 870 352 181
f 870 601 352
f 871 605 606
f 388 605 871
f 871 602 872
f 873 159 604
f 604 605 873
f 873 635 159
f 873 605 388
f 873 388 635
f 874 607 355
f 874 875 607
f 355 876 874
f 874 876 875
f 877 871 606
f 602 877 603
f 871 877 602
f 878 879 880
f 881 608 369
f 881 622 21
f 622 881 369
f 20 381 881
f 608 882 610
f 882 883 610
f 884 608 609
f 884 876 355
f 884 859 858
f 884 858 876
f 608 885 354
f 886 62 64
f 887 888 889
f 92 887 889
f 887 92 93
f 890 358 316
f 315 890 316
f 890 824 823
f 891 823 822
f 68 162 892
f 364 893 894
f 893 364 363
f 363 841 893
f 895 618 66
f 896 618 895
f 897 616 615
f 898 899 900
f 901 619 166
f 901 166 286
f 625 624 902
f 623 903 624
f 904 623 625
f 625 905 904
f 906 382 907
f 140 382 906
f 908 784 383
f 140 906 908
f 908 563 140
f 909 383 784
f 909 783 310
f 783 909 784
f 910 845 833
f 910 833 570
f 570 630 910
f 911 336 631
f 845 911 833
f 911 834 833
f 911 631 834
f 71 632 912
f 912 632 567
f 912 566 71
f 566 912 567
f 913 178 386
f 872 913 914
f 913 915 914
f 916 872 914
f 915 916 914
f 388 916 389
f 917 387 182
f 917 635 387
f 917 182 184
f 635 917 159
f 917 184 157
f 157 159 917
f 164 396 918
f 918 165 164
f 919 900 899
f 919 899 920
f 921 392 391
f 922 284 636
f 922 636 768
f 923 398 397
f 923 646 398
f 185 924 122
f 924 291 122
f 924 637 291
f 646 924 647
f 923 924 646
f 925 397 394
f 925 638 397
f 394 639 925
f 639 638 925
f 926 191 193
f 926 646 641
f 193 405 926
f 405 646 926
f 185 645 927
f 927 924 185
f 927 647 924
f 927 641 647
f 927 645 641
f 26 207 928
f 207 649 928
f 128 26 928
f 928 126 128
f 127 126 928
f 928 650 127
f 928 649 650
f 661 660 929
f 930 929 660
f 931 404 406
f 931 651 404
f 418 651 931
f 169 654 932
f 654 653 932
f 932 199 169
f 933 653 934
f 934 935 936
f 937 194 195
f 938 939 929
f 930 938 929
f 940 411 410
f 940 659 411
f 657 940 410
f 940 657 189
f 189 659 940
f 941 435 438
f 438 661 941
f 413 680 941
f 941 680 435
f 661 929 941
f 942 660 438
f 943 942 438
f 200 414 944
f 660 942 944
f 944 942 682
f 944 681 200
f 681 944 682
f 418 945 417
f 946 664 691
f 946 665 664
f 946 203 202
f 946 691 203
f 946 202 215
f 947 419 83
f 947 83 666
f 434 433 948
f 948 433 949
f 436 950 437
f 420 670 951
f 226 420 951
f 951 422 226
f 951 669 422
f 676 683 952
f 952 674 676
f 953 213 214
f 215 213 953
f 953 677 683
f 953 683 676
f 954 678 86
f 954 86 671
f 955 429 218
f 218 679 955
f 955 679 434
f 956 438 437
f 957 674 943
f 957 956 437
f 958 444 445
f 445 686 958
f 958 693 444
f 958 686 693
f 959 686 78
f 959 78 76
f 959 76 31
f 959 31 30
f 960 79 77
f 77 687 960
f 960 688 663
f 687 688 960
f 960 668 79
f 430 668 960
f 219 430 960
f 960 663 219
f 961 92 889
f 92 961 29
f 889 888 961
f 888 962 961
f 30 29 961
f 963 962 693
f 693 686 963
f 963 961 962
f 964 693 962
f 964 965 966
f 964 962 888
f 964 888 965
f 967 577 60
f 967 60 19
f 19 825 967
f 577 968 578
f 968 826 578
f 967 968 577
f 576 826 968
f 968 58 576
f 968 232 58
f 968 969 232
f 970 699 712
f 970 700 699
f 104 970 105
f 970 712 105
f 701 700 970
f 971 303 701
f 971 696 303
f 972 454 237
f 237 973 972
f 972 973 974
f 974 709 972
f 454 972 709
f 975 973 237
f 975 234 453
f 975 237 235
f 975 235 234
f 976 974 973
f 976 709 974
f 707 976 706
f 977 545 385
f 977 800 545
f 800 977 702
f 977 309 703
f 703 702 977
f 978 136 134
f 978 705 136
f 134 132 978
f 978 132 787
f 787 526 978
f 705 978 526
f 99 458 979
f 979 715 99
f 979 459 36
f 979 458 459
f 715 980 248
f 462 716 981
f 306 305 981
f 981 305 462
f 981 710 306
f 981 716 708
f 981 708 710
f 717 718 982
f 982 819 717
f 982 466 468
f 982 718 466
f 982 463 314
f 314 819 982
f 983 719 252
f 983 252 251
f 251 720 984
f 984 720 723
f 485 985 986
f 986 985 346
f 346 344 986
f 987 988 485
f 986 987 485
f 989 990 987
f 987 991 989
f 772 771 992
f 724 726 992
f 993 726 727
f 994 250 468
f 467 994 468
f 995 720 250
f 996 730 732
f 997 732 729
f 997 729 772
f 998 467 466
f 998 994 467
f 998 999 994
f 1000 793 1001
f 1000 794 793
f 1002 312 547
f 1002 733 312
f 1003 258 473
f 473 475 1003
f 1003 475 477
f 1003 477 738
f 1003 738 1004
f 258 1003 1005
f 1005 1003 1004
f 465 43 1005
f 1005 43 258
f 1006 1004 738
f 1007 1008 541
f 731 730 1008
f 1009 472 41
f 734 1009 41
f 471 472 1009
f 258 471 1009
f 473 258 1009
f 1009 734 473
f 740 1010 1011
f 1010 728 478
f 712 456 1012
f 1012 743 712
f 1013 742 482
f 1013 482 743
f 457 741 1013
f 741 742 1013
f 746 745 1014
f 1015 345 346
f 1015 346 985
f 1015 485 345
f 1015 985 485
f 1016 486 485
f 988 1016 485
f 751 1017 748
f 752 751 1018
f 274 483 1018
f 483 752 1018
f 1018 275 274
f 749 1019 1018
f 1018 751 749
f 1019 745 1018
f 1018 49 275
f 1018 745 49
f 1020 487 755
f 1020 754 487
f 755 1021 1020
f 1020 484 754
f 1020 1021 484
f 1022 757 487
f 1022 487 273
f 1022 275 757
f 755 756 1023
f 756 757 1023
f 1023 757 275
f 1023 758 759
f 493 758 1023
f 1023 278 493
f 111 278 1023
f 1023 519 111
f 1023 49 48
f 1023 275 49
f 48 40 1023
f 1023 40 519
f 759 1024 1025
f 1025 1023 759
f 1026 490 489
f 1027 759 490
f 1027 1024 759
f 1027 490 1026
f 1028 284 500
f 1028 761 284
f 1028 500 775
f 761 1028 639
f 1028 775 639
f 1029 1030 503
f 762 1029 503
f 1029 763 1030
f 1029 762 763
f 505 1031 506
f 1031 915 913
f 1031 386 506
f 1031 913 386
f 1030 763 1032
f 1032 763 389
f 1031 1033 915
f 505 507 1034
f 1035 1033 1034
f 1034 1031 505
f 1034 1033 1031
f 1030 1036 503
f 1037 766 508
f 1038 1039 287
f 1038 287 51
f 1039 1040 287
f 1040 1037 287
f 1040 1039 55
f 768 766 1040
f 1040 766 1037
f 922 1040 55
f 1040 922 768
f 1036 1041 503
f 1042 1041 1043
f 1043 1041 1044
f 512 1045 771
f 724 992 1045
f 1045 992 771
f 1045 744 724
f 1045 1046 744
f 1047 1045 512
f 1048 745 744
f 744 1046 1048
f 1048 1046 745
f 1049 770 731
f 1049 773 770
f 1049 1006 773
f 301 776 1050
f 1050 776 520
f 50 301 1050
f 1050 520 50
f 379 1051 380
f 1051 1052 380
f 1053 1054 1052
f 1055 380 1052
f 1052 1054 1055
f 1055 371 380
f 810 371 1055
f 1055 1054 810
f 791 1056 524
f 1056 791 786
f 525 524 1056
f 786 788 1056
f 1056 788 789
f 1057 540 542
f 1057 796 540
f 1058 792 539
f 539 795 1058
f 793 792 1058
f 1001 793 1058
f 1058 1057 1001
f 1058 795 796
f 1057 1058 796
f 797 1059 540
f 1059 541 540
f 1059 1007 541
f 479 1007 1059
f 1059 480 479
f 1060 797 795
f 1060 304 303
f 1060 795 304
f 303 697 1060
f 797 1060 1061
f 1062 136 703
f 1062 798 136
f 1062 703 309
f 798 1062 309
f 548 799 1063
f 1063 383 385
f 1063 799 383
f 1064 552 702
f 1064 801 552
f 1064 702 704
f 1065 1066 808
f 1067 854 1068
f 1068 854 855
f 1069 1070 530
f 806 1069 530
f 1069 808 1070
f 1069 806 808
f 1071 1066 803
f 1072 777 530
f 530 1070 1072
f 1072 1071 777
f 1072 1070 808
f 1071 1072 1066
f 808 1066 1072
f 1073 811 814
f 1073 809 810
f 809 1073 814
f 1073 810 1054
f 1073 1054 811
f 1074 1075 812
f 781 529 1076
f 1076 529 531
f 1077 1078 1075
f 1078 1077 813
f 1078 812 1075
f 813 812 1078
f 1079 814 813
f 813 1077 1079
f 1079 1077 1080
f 1081 1082 1083
f 1081 815 1082
f 1083 560 1081
f 815 1081 560
f 1084 815 719
f 1082 815 1084
f 1084 1085 1082
f 1086 1087 1088
f 1087 1086 1089
f 1086 1090 1089
f 1091 820 821
f 1091 854 807
f 1092 807 532
f 573 820 1092
f 1092 1091 807
f 1092 820 1091
f 1092 1093 573
f 824 1094 1095
f 1094 611 1095
f 315 611 1094
f 1094 890 315
f 1094 824 890
f 1096 828 827
f 1096 827 829
f 1096 829 320
f 1097 321 320
f 830 1097 320
f 1097 831 321
f 831 1097 830
f 1098 831 829
f 1098 827 326
f 829 827 1098
f 582 1099 821
f 1100 1101 1102
f 1101 838 839
f 1101 1099 582
f 1101 582 323
f 1101 323 838
f 844 1103 845
f 1103 335 336
f 1104 1105 585
f 1104 848 1105
f 1104 332 333
f 1104 585 332
f 333 335 1104
f 335 1103 1104
f 844 848 1104
f 1104 1103 844
f 843 849 1106
f 1106 1105 848
f 1106 848 843
f 588 587 1107
f 1108 849 842
f 1108 842 634
f 634 633 1108
f 589 1109 338
f 1109 850 338
f 1110 851 852
f 1110 1102 851
f 1110 1100 1102
f 1111 854 1067
f 1111 807 854
f 1111 1067 1065
f 1111 808 807
f 1111 1065 808
f 1112 589 147
f 1112 1113 589
f 1112 147 149
f 1112 149 96
f 1112 557 1113
f 1112 96 557
f 851 850 1114
f 1114 852 851
f 855 852 1114
f 1114 1068 855
f 341 343 1115
f 1115 1116 341
f 343 859 1115
f 1117 865 866
f 1118 723 722
f 1118 722 864
f 1119 864 1120
f 1119 866 864
f 1121 1119 1120
f 1122 865 1117
f 1123 347 600
f 1123 867 347
f 867 1123 156
f 1123 154 156
f 1123 600 154
f 1124 872 602
f 602 870 1124
f 1124 870 178
f 1124 178 913
f 1124 913 872
f 388 871 1125
f 1125 871 872
f 1125 916 388
f 1125 872 916
f 1126 877 606
f 603 877 1126
f 1127 881 21
f 1127 21 20
f 881 1127 20
f 1128 885 355
f 884 1129 608
f 1129 884 355
f 355 885 1129
f 10 1130 33
f 890 1131 358
f 1131 890 823
f 1131 823 1132
f 1131 162 358
f 1131 1133 162
f 1131 1132 1134
f 1131 1134 1133
f 68 892 1135
f 66 68 1135
f 1136 130 4
f 896 1137 1138
f 1138 1137 616
f 1138 897 896
f 1138 616 897
f 617 893 1139
f 615 617 1139
f 1139 1140 615
f 1141 1137 896
f 1137 1141 1142
f 1143 618 896
f 897 1143 896
f 1144 899 898
f 1144 396 365
f 1144 898 396
f 1042 1043 1145
f 1145 1043 1146
f 1144 1145 899
f 899 1145 920
f 1145 1146 920
f 1147 904 905
f 904 1147 608
f 1148 905 625
f 1148 1149 905
f 1147 1148 883
f 1148 1147 1149
f 1089 1148 625
f 1148 1089 1090
f 371 370 1150
f 608 881 1151
f 1151 904 608
f 1151 1150 370
f 1151 370 372
f 372 623 1151
f 1152 1089 625
f 625 902 1152
f 1152 1087 1089
f 1152 1153 1087
f 1154 383 554
f 1154 908 383
f 554 551 1154
f 551 563 1154
f 563 908 1154
f 1155 384 383
f 909 1155 383
f 310 384 1155
f 1155 909 310
f 1156 845 910
f 634 842 1156
f 842 845 1156
f 1156 630 634
f 1156 910 630
f 1157 336 911
f 1157 911 845
f 1157 1103 336
f 845 1103 1157
f 391 395 1158
f 395 417 1158
f 417 945 1158
f 1158 1159 1160
f 1158 945 1159
f 1161 921 1162
f 392 921 1161
f 1163 501 284
f 922 1163 284
f 55 501 1163
f 1163 922 55
f 1164 397 637
f 1164 923 397
f 637 924 1164
f 1164 924 923
f 1165 644 191
f 1165 191 926
f 641 644 1165
f 1165 926 641
f 192 1166 195
f 1166 937 195
f 1166 1167 937
f 1166 192 190
f 196 1166 190
f 1168 1166 196
f 1167 1166 1168
f 1168 196 413
f 413 941 1168
f 1169 941 929
f 1169 1168 941
f 1170 653 655
f 1171 1172 1159
f 1173 653 933
f 1173 932 653
f 1173 199 932
f 1173 656 199
f 194 1174 406
f 937 1174 194
f 1175 1176 936
f 935 1175 936
f 1175 406 1174
f 1175 1174 1176
f 1175 931 406
f 1175 1177 931
f 1175 935 1178
f 1177 1175 1178
f 1179 934 653
f 934 1179 935
f 653 1170 1179
f 1178 935 1179
f 1179 1170 1178
f 1180 929 939
f 1180 1169 929
f 1167 1168 1180
f 1169 1180 1168
f 656 1181 402
f 403 402 1181
f 682 942 1182
f 1182 942 943
f 683 682 1182
f 1182 952 683
f 1182 943 674
f 1182 674 952
f 1183 944 414
f 944 1183 660
f 1184 662 165
f 1184 1185 1186
f 946 1187 665
f 1187 946 215
f 215 953 1187
f 1187 953 676
f 1188 666 429
f 1188 429 955
f 1188 948 949
f 434 948 1188
f 1188 955 434
f 1189 670 419
f 947 1189 419
f 1189 947 666
f 666 1188 1189
f 1190 951 670
f 670 1189 1190
f 1191 953 214
f 1192 943 438
f 438 956 1192
f 1192 957 943
f 957 1192 956
f 1193 432 674
f 1193 674 957
f 1193 433 432
f 1193 950 433
f 437 950 1193
f 1193 957 437
f 686 959 1194
f 1194 963 686
f 1194 959 30
f 30 961 1194
f 1194 961 963
f 1195 692 693
f 964 1195 693
f 1195 446 231
f 231 692 1195
f 1195 964 966
f 230 446 1195
f 1195 966 230
f 1196 1197 1198
f 1196 1198 1199
f 1200 1196 1199
f 1201 824 1095
f 1202 967 825
f 1202 891 822
f 1202 1203 891
f 1202 825 142
f 142 1203 1202
f 968 1204 969
f 1204 1199 969
f 1204 1200 1199
f 1205 263 45
f 1205 261 263
f 740 1205 45
f 1205 740 1011
f 970 1206 701
f 1206 970 104
f 697 696 1207
f 1207 1208 1061
f 1207 1206 1208
f 1209 975 453
f 975 1209 973
f 453 452 1209
f 1210 709 976
f 1210 976 707
f 709 1210 710
f 1210 707 307
f 306 710 1210
f 1210 307 306
f 1211 977 385
f 977 1211 309
f 715 979 1212
f 457 1212 240
f 246 713 1213
f 1213 713 248
f 248 980 1213
f 1214 468 719
f 1214 982 468
f 721 1215 722
f 1216 863 722
f 1216 1217 863
f 1215 1216 722
f 1216 1218 1217
f 989 1219 1220
f 991 1219 989
f 1221 727 747
f 1222 988 1223
f 988 987 1223
f 987 1224 991
f 1224 987 986
f 1224 1225 991
f 1224 986 1225
f 1226 1227 1228
f 1226 1121 863
f 1229 1121 1120
f 1121 1229 863
f 1120 864 1229
f 1229 864 863
f 1230 993 727
f 1231 994 999
f 995 1231 999
f 250 994 1231
f 1231 995 250
f 541 1008 1232
f 1232 1008 730
f 1232 542 541
f 1232 1233 542
f 1234 1218 1216
f 1235 1234 1236
f 1237 1234 1235
f 1238 732 997
f 1238 1235 1236
f 1235 1238 997
f 1239 998 466
f 466 313 1239
f 313 733 1239
f 1239 999 998
f 1240 542 1233
f 1240 1000 1001
f 1057 1240 1001
f 1240 1057 542
f 1000 1241 794
f 794 1241 547
f 1241 1002 547
f 1240 1241 1000
f 1004 1006 1242
f 513 773 1243
f 1006 1243 773
f 1243 738 513
f 1243 1006 738
f 1244 1010 740
f 1244 44 18
f 1244 740 44
f 464 1244 18
f 1244 464 728
f 728 1010 1244
f 1245 1010 478
f 1245 1061 1208
f 1245 1208 1011
f 1011 1010 1245
f 1246 1012 456
f 456 455 1246
f 1012 1246 260
f 1246 455 260
f 1247 743 1012
f 1247 1013 743
f 1248 1019 749
f 1248 725 724
f 1248 749 725
f 746 1248 724
f 1014 1248 746
f 1249 988 1017
f 1249 1017 751
f 1249 751 483
f 1249 483 273
f 1250 988 1222
f 1250 1017 988
f 1250 1221 747
f 1250 1222 1221
f 748 1250 747
f 1017 1250 748
f 273 753 1251
f 1251 1022 273
f 1251 753 275
f 1022 1251 275
f 755 1023 1252
f 1252 1025 755
f 1252 1023 1025
f 1253 1021 755
f 1025 1253 755
f 349 484 1253
f 1253 484 1021
f 349 1253 1254
f 489 496 1255
f 1255 1026 489
f 1255 496 499
f 1255 499 116
f 1033 1256 915
f 1256 916 915
f 916 1256 389
f 1256 1032 389
f 1257 1034 507
f 1035 1034 1257
f 1257 507 1258
f 1257 1258 1035
f 1259 1035 1044
f 1259 1033 1035
f 1044 1041 1259
f 1259 1041 1036
f 1259 1036 1030
f 1260 765 287
f 287 1037 1260
f 1260 508 765
f 1260 1037 508
f 1261 55 1039
f 1039 1038 1261
f 1261 51 55
f 1261 1038 51
f 1262 1044 1035
f 1262 1035 1258
f 1262 1043 1044
f 766 1263 507
f 1263 1258 507
f 1263 766 767
f 767 1258 1263
f 49 745 1264
f 1264 1047 512
f 1264 511 49
f 1264 512 511
f 1046 1045 1265
f 1047 1265 1045
f 1266 1008 1007
f 1049 1266 1267
f 731 1008 1266
f 1266 1049 731
f 1268 778 777
f 1268 1071 803
f 777 1071 1268
f 782 780 1269
f 1270 1271 1272
f 1271 1273 1272
f 1273 1271 1274
f 1275 1051 379
f 1051 1275 1276
f 1052 1051 1276
f 1276 1053 1052
f 1276 1273 1274
f 1276 1275 1273
f 1277 1270 1269
f 1277 1271 1270
f 1278 1271 1277
f 1277 1279 1278
f 1279 1074 812
f 812 811 1279
f 1054 1053 1280
f 1280 1278 1279
f 1280 1276 1274
f 1053 1276 1280
f 1274 1271 1280
f 1280 1271 1278
f 480 1059 1281
f 1281 1059 797
f 478 480 1281
f 1281 1245 478
f 548 1282 545
f 1282 385 545
f 801 1064 1283
f 1283 452 450
f 450 801 1283
f 1283 1209 452
f 1284 1285 781
f 781 1076 1284
f 1286 1284 790
f 1284 1076 790
f 1287 789 790
f 790 1076 1287
f 1287 1056 789
f 531 778 1287
f 1287 1076 531
f 1288 1075 1074
f 1288 1074 1285
f 1284 1288 1285
f 1289 1077 1075
f 1288 1289 1075
f 1289 1288 1290
f 1080 1077 1289
f 1291 809 814
f 1079 1291 814
f 784 1292 534
f 1293 1294 1295
f 1296 1297 1298
f 1296 1298 1299
f 1296 1082 1085
f 1296 1085 1297
f 1296 1083 1082
f 1300 1301 1295
f 1302 1301 1300
f 719 983 1303
f 1303 1084 719
f 1303 983 251
f 1303 251 1304
f 1303 1304 1084
f 139 560 1305
f 1305 382 139
f 907 382 1305
f 1306 821 853
f 1306 1091 821
f 853 854 1306
f 1091 1306 854
f 1307 1092 532
f 532 782 1307
f 573 1308 574
f 1308 1309 574
f 1310 1311 1312
f 1311 1313 1312
f 1311 1314 1313
f 1315 381 20
f 828 1096 1316
f 1316 1096 320
f 326 579 1317
f 1317 1098 326
f 579 831 1317
f 1317 831 1098
f 1312 1318 1319
f 1319 1310 1312
f 1320 1319 1318
f 1321 837 327
f 1321 1322 837
f 1321 1323 1322
f 828 1323 1321
f 1322 1324 837
f 1325 1326 821
f 1325 821 1099
f 1325 1101 1326
f 1325 1099 1101
f 1327 1102 1101
f 1327 1101 839
f 839 837 1327
f 1327 1324 1102
f 837 1324 1327
f 1328 897 615
f 1328 615 1140
f 1328 1143 897
f 588 1107 1329
f 1329 1107 849
f 1330 1106 849
f 849 1107 1330
f 1331 1108 633
f 633 846 1331
f 846 847 1331
f 1331 847 588
f 588 1329 1331
f 1108 1331 849
f 1331 1329 849
f 1110 1332 1100
f 1332 1110 852
f 1332 852 821
f 821 1326 1332
f 1332 1101 1100
f 1326 1101 1332
f 850 1109 1333
f 1333 1114 850
f 1334 1068 1114
f 1334 1333 804
f 1334 1114 1333
f 803 1066 1334
f 1334 804 803
f 884 1335 859
f 1335 1115 859
f 1335 884 609
f 1116 1336 1337
f 1115 1336 1116
f 1336 1338 1337
f 1339 1340 880
f 1341 1342 866
f 1341 1339 1342
f 1341 1340 1339
f 1342 1343 866
f 1343 1117 866
f 1338 1344 1337
f 1118 1345 723
f 1345 1118 864
f 1293 1346 1294
f 1346 1293 1298
f 1347 1126 606
f 606 604 1347
f 1348 880 1340
f 1349 352 601
f 1349 601 603
f 875 876 1350
f 1350 1351 875
f 1350 858 598
f 858 1350 876
f 1350 598 342
f 342 1351 1350
f 1352 354 885
f 1128 1352 885
f 1352 355 354
f 1352 1128 355
f 1353 885 608
f 1129 1353 608
f 1353 1129 885
f 886 1354 1355
f 1354 1356 1355
f 1354 886 64
f 1357 886 1355
f 1357 1355 1358
f 1357 62 886
f 1357 160 62
f 1357 1197 160
f 1357 1358 1197
f 232 969 1359
f 1359 969 1199
f 1360 612 130
f 1361 612 1360
f 1361 1360 1362
f 1361 891 1203
f 1361 142 612
f 1361 1203 142
f 1132 1363 1134
f 1363 1361 1362
f 1361 1363 891
f 891 1363 823
f 1363 1132 823
f 1142 1141 1364
f 1364 1141 1135
f 616 1365 1366
f 1366 617 616
f 893 1366 894
f 1366 893 617
f 1137 1367 616
f 1367 1365 616
f 1367 1137 1142
f 1368 364 894
f 1366 1368 894
f 1368 1366 1365
f 1368 1136 4
f 1368 1365 1136
f 1369 893 841
f 1369 1139 893
f 1369 841 584
f 1139 1370 1140
f 1370 1328 1140
f 1370 1105 1106
f 896 895 1371
f 1371 1141 896
f 1371 895 66
f 66 1135 1371
f 1141 1371 1135
f 1372 1041 1042
f 1372 1042 1373
f 1372 286 503
f 1041 1372 503
f 1372 901 286
f 1372 1373 901
f 1374 1373 1042
f 1042 1145 1374
f 619 901 1374
f 901 1373 1374
f 1374 1145 1144
f 365 619 1374
f 1374 1144 365
f 768 636 1375
f 1375 767 768
f 1375 1376 767
f 1375 1161 1376
f 1146 1043 1377
f 1377 1376 1161
f 920 1146 1377
f 1378 903 1379
f 1380 1381 1382
f 1383 1147 905
f 1147 1383 1149
f 1384 883 1148
f 1384 1302 883
f 1384 1301 1302
f 1385 1151 881
f 1150 1151 1385
f 371 1150 1385
f 1385 881 381
f 380 371 1385
f 1385 381 380
f 623 904 1386
f 1386 1151 623
f 1151 1386 904
f 1387 1388 1389
f 1390 1087 1153
f 1390 1389 1388
f 1391 1392 1393
f 1393 1378 1391
f 1394 1382 1392
f 1394 1392 1391
f 908 1395 784
f 1395 908 906
f 1396 1158 1160
f 921 1396 1162
f 1396 919 1162
f 1396 1397 919
f 1398 165 918
f 1398 1184 165
f 1398 1185 1184
f 1399 1396 1160
f 1399 1397 1396
f 1399 1172 1400
f 1399 1160 1159
f 1172 1399 1159
f 1399 1401 1397
f 1401 898 900
f 900 919 1401
f 919 1397 1401
f 1402 1161 1162
f 1402 919 920
f 1162 919 1402
f 920 1377 1402
f 1402 1377 1161
f 1403 636 392
f 392 1161 1403
f 1403 1375 636
f 1161 1375 1403
f 1404 1178 1170
f 1404 1171 1178
f 1404 1170 655
f 1404 1186 1400
f 1404 1400 1172
f 1172 1171 1404
f 1405 1171 1159
f 1405 931 1177
f 1178 1171 1405
f 1405 1177 1178
f 1159 945 1405
f 1406 1173 933
f 656 1173 1406
f 933 934 1406
f 1406 934 1407
f 1406 1181 656
f 1406 1407 938
f 1406 938 1181
f 1408 934 936
f 1408 1407 934
f 936 1176 1408
f 1408 1180 939
f 939 938 1408
f 938 1407 1408
f 1409 938 930
f 1409 1181 938
f 403 1181 1409
f 1409 414 403
f 1409 1183 414
f 1409 930 660
f 1183 1409 660
f 431 665 1410
f 1187 1410 665
f 676 431 1410
f 1410 1187 676
f 1411 669 951
f 1190 1411 951
f 1411 950 436
f 1411 1190 950
f 1412 1190 1189
f 1412 1188 949
f 1412 1189 1188
f 1412 949 433
f 433 950 1413
f 950 1190 1413
f 1413 1412 433
f 1412 1413 1190
f 678 1414 214
f 1414 1191 214
f 953 1191 1415
f 672 677 1415
f 677 953 1415
f 1191 1414 1415
f 1415 1414 678
f 678 954 1415
f 1415 671 672
f 1415 954 671
f 1416 1095 611
f 1416 611 357
f 1416 1201 1095
f 1416 1196 1201
f 1197 1196 1416
f 1416 357 160
f 160 1197 1416
f 1417 1202 822
f 822 824 1417
f 824 1201 1417
f 1200 1204 1417
f 1417 1196 1200
f 1417 1201 1196
f 971 1418 696
f 1418 1207 696
f 1207 1418 1206
f 1418 971 701
f 1418 701 1206
f 1419 1011 1208
f 1208 1206 1419
f 1419 1205 1011
f 1419 1206 104
f 104 261 1419
f 261 1205 1419
f 697 1207 1420
f 1420 1207 1061
f 1420 1060 697
f 1060 1420 1061
f 1421 976 973
f 973 1209 1421
f 704 706 1421
f 706 976 1421
f 1421 1064 704
f 1421 1283 1064
f 1421 1209 1283
f 1422 543 309
f 1211 1422 309
f 385 543 1422
f 1422 1211 385
f 1423 1212 979
f 1423 714 240
f 240 1212 1423
f 46 264 1423
f 36 46 1423
f 1423 979 36
f 1423 264 106
f 1423 106 714
f 1424 980 715
f 715 1212 1424
f 1424 1212 457
f 1424 1247 980
f 457 1013 1424
f 1247 1424 1013
f 463 982 1425
f 1214 1425 982
f 1425 719 463
f 1425 1214 719
f 251 984 1426
f 1426 984 723
f 1085 1084 1427
f 1304 1427 1084
f 1427 1428 1085
f 1427 1122 1428
f 865 1122 1427
f 1220 1219 1429
f 1429 1219 991
f 353 991 1430
f 991 1225 1430
f 179 353 1430
f 1430 344 179
f 1430 986 344
f 1430 1225 986
f 1431 987 990
f 1431 1223 987
f 990 1432 1431
f 1222 1223 1431
f 1431 1221 1222
f 1431 1432 1221
f 1433 1226 1228
f 1121 1226 1433
f 1434 1218 1234
f 1434 1234 1237
f 1434 1226 863
f 1435 1226 1436
f 1226 1435 1227
f 1435 1437 1227
f 1435 989 1220
f 1435 1220 1437
f 1233 1438 1439
f 1439 995 999
f 1439 1438 995
f 1239 1439 999
f 1439 1239 733
f 1440 1438 721
f 1438 1440 995
f 721 720 1440
f 720 995 1440
f 1441 1442 996
f 1438 1441 996
f 1441 1233 1442
f 1441 1438 1233
f 1443 996 1442
f 1442 1233 1443
f 1233 1232 1443
f 1443 730 996
f 1443 1232 730
f 992 1444 772
f 1444 992 726
f 1444 997 772
f 1444 1235 997
f 1237 1235 1445
f 1436 1237 1445
f 1444 1445 1235
f 1445 1230 1436
f 993 1230 1445
f 726 993 1445
f 1445 1444 726
f 1446 1267 1242
f 1446 1242 1006
f 1446 1049 1267
f 1006 1049 1446
f 1447 479 478
f 1447 728 465
f 478 728 1447
f 1448 1007 479
f 1447 1448 479
f 1449 1012 260
f 1449 1247 1012
f 1247 1449 980
f 1449 1213 980
f 1019 1248 1450
f 1450 1248 1014
f 1450 745 1019
f 1450 1014 745
f 1451 1016 988
f 1451 988 1249
f 1451 1249 273
f 1451 273 486
f 1016 1451 486
f 1452 1025 1024
f 1254 1453 349
f 116 117 1453
f 1453 117 349
f 1454 1027 1026
f 1255 1454 1026
f 1027 1454 1024
f 1454 1453 1024
f 116 1453 1454
f 1455 1259 1030
f 1259 1455 1033
f 1455 1256 1033
f 1030 1032 1455
f 1032 1256 1455
f 1043 1262 1456
f 1456 1377 1043
f 1456 1262 1258
f 1046 1265 1457
f 745 1046 1457
f 1457 1264 745
f 1264 1457 1047
f 1457 1265 1047
f 1458 1266 1007
f 1007 1448 1458
f 1458 1448 1447
f 1459 528 523
f 1268 1459 778
f 1459 525 778
f 1459 523 525
f 528 1460 307
f 1460 305 307
f 1460 528 1459
f 1460 1459 1268
f 1460 1268 803
f 803 555 1460
f 1460 555 305
f 1461 379 381
f 381 1315 1461
f 1461 1275 379
f 1461 1314 1275
f 1313 1314 1461
f 1461 1315 1313
f 1309 1308 1462
f 573 1093 1462
f 1462 1308 573
f 1463 1269 780
f 1463 1277 1269
f 1279 1464 1074
f 1074 1464 1285
f 1464 1279 1277
f 1054 1280 1465
f 1465 1280 1279
f 1465 811 1054
f 1465 1279 811
f 1466 1245 1281
f 1466 1281 797
f 1466 1061 1245
f 1466 797 1061
f 1063 1467 548
f 1467 1282 548
f 1467 1063 385
f 385 1282 1467
f 1067 1068 1468
f 1334 1468 1068
f 1468 1065 1067
f 1066 1065 1468
f 1468 1334 1066
f 1469 1056 1287
f 1469 1287 778
f 1470 1290 1288
f 1470 790 535
f 535 1471 1470
f 1080 1289 1472
f 1472 1289 1290
f 1472 1380 1080
f 1470 1472 1290
f 1472 1470 1471
f 1473 372 809
f 809 1291 1473
f 1473 1474 372
f 1473 1291 1474
f 1475 1293 1295
f 1475 1295 1476
f 1475 1476 1299
f 1475 1299 1298
f 1298 1293 1475
f 1477 860 610
f 883 1302 1477
f 1477 610 883
f 1295 1294 1478
f 1478 1300 1295
f 1477 1478 860
f 1302 1300 1478
f 1478 1477 1302
f 1301 1479 1295
f 1479 1476 1295
f 1480 1299 1476
f 1296 1480 1083
f 1480 1296 1299
f 1388 1481 1088
f 1088 1087 1482
f 1482 1388 1088
f 1390 1482 1087
f 1482 1390 1388
f 1305 1483 907
f 1483 1305 1484
f 1483 1387 907
f 1388 1387 1483
f 1484 1481 1483
f 1483 1481 1388
f 1485 1093 1092
f 1485 1307 1093
f 1485 1092 1307
f 1486 1316 320
f 1486 339 1316
f 320 322 1486
f 339 1486 322
f 1487 836 574
f 574 1320 1487
f 1488 1320 574
f 1488 1319 1320
f 574 1309 1488
f 1488 1309 1310
f 1488 1310 1319
f 1489 1490 1312
f 1313 1489 1312
f 1491 1318 1312
f 1490 1491 1312
f 1492 1323 828
f 1322 1323 1492
f 1493 1321 327
f 1321 1493 828
f 327 326 1493
f 1493 326 828
f 1494 1324 1322
f 1494 590 329
f 1494 338 851
f 1494 329 338
f 851 1102 1494
f 1102 1324 1494
f 1143 1495 618
f 1328 1495 1143
f 1496 1333 1109
f 589 1113 1496
f 1496 1109 589
f 1496 1113 557
f 557 804 1496
f 1333 1496 804
f 1497 1437 1220
f 1227 1437 1497
f 1335 1498 1115
f 1498 1336 1115
f 1498 1335 609
f 609 857 1498
f 857 1336 1498
f 1499 1336 857
f 1338 1336 1499
f 1499 857 862
f 1499 862 1338
f 1500 341 1116
f 1500 1116 1337
f 1501 1500 1502
f 1501 879 597
f 1501 880 879
f 1119 1503 866
f 1503 1341 866
f 1503 1119 1121
f 1504 1500 1337
f 1504 1502 1500
f 1504 1337 1344
f 864 865 1505
f 1505 1345 864
f 1345 1505 723
f 1505 1304 723
f 865 1427 1505
f 1505 1427 1304
f 1294 1346 1506
f 1507 1508 1346
f 1507 1509 1344
f 1507 1344 1508
f 1510 607 875
f 1347 1510 875
f 604 607 1510
f 1510 1347 604
f 1511 1348 1512
f 1511 878 880
f 1511 880 1348
f 1513 1348 1340
f 1513 1340 1341
f 1514 1126 1347
f 1514 1515 1126
f 1514 1347 875
f 1514 875 1351
f 1516 1514 1351
f 1515 1514 1516
f 1516 597 879
f 878 1516 879
f 342 597 1516
f 1516 1351 342
f 1517 1349 1512
f 353 352 1517
f 1517 352 1349
f 1126 1515 1518
f 1518 1516 878
f 1515 1516 1518
f 1354 1519 1356
f 1519 230 966
f 1519 966 965
f 1520 1130 10
f 1520 1359 1130
f 1520 10 59
f 1520 59 7
f 7 232 1520
f 232 1359 1520
f 1521 1355 1356
f 1521 1356 1519
f 1522 1130 1359
f 1522 1359 1523
f 1524 1358 1355
f 1524 1198 1197
f 1358 1524 1197
f 1524 1199 1198
f 1525 892 162
f 162 1133 1525
f 1525 1133 1134
f 1134 1526 1525
f 1525 1135 892
f 1525 1364 1135
f 1525 1526 1142
f 1142 1364 1525
f 1527 1142 1526
f 1528 1134 1363
f 1528 1363 1362
f 1527 1528 1362
f 1528 1526 1134
f 1528 1527 1526
f 4 364 1529
f 1529 1368 4
f 1368 1529 364
f 1530 1370 1139
f 1105 1370 1530
f 1531 1391 1378
f 1531 1378 1379
f 1532 1474 1379
f 1532 372 1474
f 1532 903 623
f 1532 1379 903
f 1532 623 372
f 905 1149 1533
f 1533 1383 905
f 1383 1533 1149
f 1534 1384 1148
f 1534 1148 1090
f 1301 1384 1534
f 1086 1534 1090
f 1535 906 907
f 1387 1535 907
f 1393 1536 1378
f 624 903 1536
f 1378 1536 903
f 1158 1537 391
f 1537 1158 1396
f 1537 921 391
f 1537 1396 921
f 1538 1398 918
f 1185 1398 1538
f 1401 1538 898
f 396 898 1538
f 1538 918 396
f 1539 1401 1399
f 1539 1399 1400
f 1185 1538 1539
f 1539 1538 1401
f 1186 1539 1400
f 1539 1186 1185
f 1540 1404 655
f 655 654 1540
f 654 662 1540
f 1404 1540 1186
f 662 1184 1540
f 1540 1184 1186
f 1541 945 418
f 1541 1405 945
f 418 931 1541
f 1541 931 1405
f 1542 1408 1176
f 1176 1174 1542
f 1542 1174 937
f 1542 1180 1408
f 1542 937 1167
f 1167 1180 1542
f 188 669 1543
f 1411 1543 669
f 1543 1411 436
f 1543 221 188
f 436 221 1543
f 1544 967 1202
f 1544 1202 1417
f 1544 1417 1204
f 1544 968 967
f 1544 1204 968
f 1545 723 1304
f 1545 1426 723
f 1545 1304 251
f 251 1426 1545
f 1546 991 353
f 1517 1546 353
f 1546 1513 1220
f 1546 1517 1512
f 1348 1513 1546
f 1512 1348 1546
f 1547 1436 1230
f 1547 1435 1436
f 1548 990 989
f 1548 1432 990
f 1549 1217 1218
f 1434 1549 1218
f 863 1217 1549
f 1549 1434 863
f 1550 1237 1436
f 1550 1434 1237
f 1550 1436 1226
f 1226 1434 1550
f 1439 1551 1233
f 733 1002 1551
f 1551 1439 733
f 1552 1238 1236
f 1238 1552 732
f 1552 996 732
f 1553 260 259
f 1553 1449 260
f 1553 259 247
f 1553 247 246
f 246 1213 1553
f 1213 1449 1553
f 1554 1254 1253
f 1554 1452 1254
f 1554 1253 1025
f 1554 1025 1452
f 1555 1452 1024
f 1024 1453 1555
f 1452 1555 1254
f 1555 1453 1254
f 1556 1255 116
f 116 1454 1556
f 1556 1454 1255
f 1557 1258 767
f 1557 1456 1258
f 1557 767 1376
f 1377 1557 1376
f 1557 1377 1456
f 1558 1266 1458
f 1267 1266 1558
f 1559 1270 1272
f 1307 1560 1093
f 1560 1462 1093
f 782 1269 1560
f 1560 1307 782
f 1560 1269 1270
f 1270 1559 1560
f 1273 1275 1561
f 1561 1275 1314
f 1561 1272 1273
f 1561 1562 1272
f 1314 1311 1561
f 1561 1311 1310
f 1561 1310 1562
f 1563 781 1285
f 1464 1563 1285
f 1563 780 781
f 1563 1463 780
f 1463 1563 1277
f 1563 1464 1277
f 525 1056 1564
f 1469 1564 1056
f 1564 778 525
f 1564 1469 778
f 1565 790 1470
f 1565 1470 1288
f 1565 1286 790
f 1565 1284 1286
f 1565 1288 1284
f 1472 1566 1380
f 1380 1566 1381
f 1567 1476 1568
f 1567 1480 1476
f 1083 1480 1567
f 1305 1567 1484
f 1567 1481 1484
f 1567 1568 1481
f 1569 1320 1318
f 1569 1570 1320
f 1318 1491 1569
f 1569 568 569
f 1569 569 571
f 1569 571 1570
f 1571 1487 1320
f 1320 1570 1571
f 836 1571 581
f 1571 836 1487
f 1571 835 328
f 1571 328 581
f 571 835 1571
f 1571 1570 571
f 1572 1313 1315
f 1572 1489 1313
f 1572 1315 20
f 1572 20 1573
f 1489 1572 1490
f 1572 1573 1490
f 1322 1492 1574
f 1574 1494 1322
f 1574 1492 828
f 591 590 1574
f 1494 1574 590
f 828 1316 1574
f 1574 339 591
f 1574 1316 339
f 67 618 1575
f 618 1495 1575
f 1576 1495 1328
f 1576 1575 1495
f 341 1500 1577
f 1501 1577 1500
f 1577 597 341
f 1577 1501 597
f 1578 1579 1502
f 1578 1343 1342
f 1578 1342 1579
f 1509 1580 1578
f 1117 1343 1578
f 1578 1580 1117
f 1581 1501 1502
f 1502 1579 1581
f 1581 1339 880
f 1501 1581 880
f 1342 1339 1581
f 1581 1579 1342
f 1121 1433 1582
f 1582 1503 1121
f 1582 1227 1503
f 1227 1582 1228
f 1582 1433 1228
f 1583 862 860
f 1478 1583 860
f 1583 1478 1294
f 1294 1506 1583
f 1584 1344 1338
f 1584 1508 1344
f 1584 1338 862
f 1583 1584 862
f 1584 1583 1506
f 1584 1506 1346
f 1346 1508 1584
f 1585 1122 1117
f 1585 1117 1580
f 1585 1580 1509
f 1507 1585 1509
f 1586 1507 1346
f 1586 1346 1298
f 1587 1497 1220
f 1587 1220 1513
f 1227 1497 1587
f 1587 1503 1227
f 1341 1503 1587
f 1587 1513 1341
f 1512 1349 1588
f 1518 1588 1349
f 1588 1511 1512
f 878 1511 1588
f 1588 1518 878
f 1126 1518 1589
f 1589 1518 1349
f 603 1126 1589
f 1589 1349 603
f 1590 1354 64
f 1590 1519 1354
f 64 230 1590
f 230 1519 1590
f 1591 1355 1521
f 1591 1521 1523
f 1591 1524 1355
f 1591 1523 1524
f 1592 1521 1519
f 1592 1519 965
f 1592 965 888
f 1593 1522 1523
f 1594 1523 1359
f 1594 1524 1523
f 1594 1359 1199
f 1594 1199 1524
f 1362 1360 1595
f 1595 1360 130
f 1595 130 1136
f 1596 1142 1527
f 1596 1367 1142
f 1369 1597 1139
f 1597 1530 1139
f 1597 1369 584
f 1597 584 585
f 1597 585 1105
f 1105 1530 1597
f 1598 1080 1380
f 1598 1531 1080
f 1598 1380 1382
f 1394 1598 1382
f 1598 1394 1391
f 1391 1531 1598
f 1379 1474 1599
f 1599 1531 1379
f 1599 1080 1531
f 1599 1079 1080
f 1599 1291 1079
f 1599 1474 1291
f 1600 1086 1088
f 1088 1481 1600
f 1600 1481 1568
f 1600 1568 1476
f 1476 1479 1600
f 1600 1479 1301
f 1601 1535 1387
f 1601 1395 906
f 906 1535 1601
f 1601 1602 1395
f 784 1395 1603
f 1602 1603 1395
f 1603 1292 784
f 1381 1292 1603
f 1603 1602 1381
f 1604 1536 1393
f 1393 1605 1604
f 1604 902 624
f 624 1536 1604
f 1604 1152 902
f 1152 1604 1153
f 1604 1390 1153
f 1604 1605 1390
f 1606 1429 991
f 1546 1606 991
f 1220 1429 1606
f 1606 1546 1220
f 1607 1221 1432
f 1607 727 1221
f 1435 1607 989
f 1547 1607 1435
f 1607 1230 727
f 1607 1547 1230
f 1608 1240 1233
f 1551 1608 1233
f 1608 1241 1240
f 1002 1241 1608
f 1608 1551 1002
f 1609 1236 1234
f 1609 1552 1236
f 1609 1216 1215
f 1609 1234 1216
f 1609 1215 721
f 1552 1609 996
f 721 1438 1609
f 1609 1438 996
f 1610 1558 1458
f 1610 1242 1267
f 1267 1558 1610
f 1309 1462 1611
f 1560 1611 1462
f 1611 1560 1559
f 1272 1562 1611
f 1611 1559 1272
f 1310 1309 1611
f 1611 1562 1310
f 1612 1292 1381
f 1566 1612 1381
f 1612 534 1292
f 535 534 1612
f 1612 1471 535
f 1612 1472 1471
f 1612 1566 1472
f 1613 560 1083
f 1083 1567 1613
f 1613 1305 560
f 1613 1567 1305
f 1614 1569 1491
f 1569 1614 568
f 1328 1370 1615
f 1615 1576 1328
f 1615 1106 1330
f 1615 1370 1106
f 1615 1330 1107
f 1107 1576 1615
f 67 1575 1616
f 1575 1576 1616
f 1616 361 67
f 1616 587 361
f 1616 1107 587
f 1616 1576 1107
f 1504 1617 1502
f 1617 1578 1502
f 1509 1578 1617
f 1617 1344 1509
f 1617 1504 1344
f 1298 1297 1618
f 1618 1586 1298
f 1618 1297 1085
f 1085 1428 1618
f 1122 1618 1428
f 1618 1122 1585
f 1618 1585 1507
f 1507 1586 1618
f 1521 1592 1619
f 887 1593 1619
f 888 887 1619
f 1619 1592 888
f 1523 1521 1620
f 1620 1593 1523
f 1521 1619 1620
f 1620 1619 1593
f 1522 1621 1130
f 1621 1522 1593
f 1621 33 1130
f 1621 32 33
f 32 1621 93
f 1621 887 93
f 1621 1593 887
f 1622 1527 1362
f 1362 1595 1622
f 1622 1596 1527
f 1622 1595 1136
f 1367 1623 1365
f 1596 1623 1367
f 1623 1136 1365
f 1623 1622 1136
f 1622 1623 1596
f 1624 1534 1086
f 1624 1086 1600
f 1301 1534 1624
f 1624 1600 1301
f 1625 1387 1389
f 1625 1389 1390
f 1625 1390 1605
f 1625 1393 1392
f 1625 1605 1393
f 1432 1548 1626
f 1626 1607 1432
f 1626 1548 989
f 1626 989 1607
f 1627 1458 1447
f 1627 1610 1458
f 465 1005 1627
f 1627 1447 465
f 1627 1005 1004
f 1004 1242 1627
f 1242 1610 1627
f 1628 1491 1490
f 1628 1614 1491
f 1490 1573 1628
f 1628 566 568
f 1614 1628 568
f 1629 1601 1387
f 1387 1625 1629
f 1601 1629 1602
f 1630 1573 20
f 1630 1628 1573
f 20 22 1630
f 22 72 1630
f 72 566 1630
f 1628 1630 566
f 1629 1631 1602
f 1631 1392 1382
f 1631 1625 1392
f 1631 1629 1625
f 1382 1381 1631
f 1381 1602 1631
f 883 882 1147
f 1147 882 608
f 1632 596 270
f 1633 1634 1635
f 1636 1634 1637
f 270 1638 1632
f 1632 1638 33
f 1639 1640 270
f 1639 270 1641
f 596 1641 270
f 596 61 35
f 1642 1643 1644
f 1645 1646 1647
f 1645 1648 1646
f 1649 1650 1637
f 1651 1652 1653
f 1654 1655 1656
f 1657 1658 1656
f 1656 1658 1654
f 1641 1659 1639
f 596 35 1660
f 596 1660 1641
f 1641 1660 1659
f 33 447 1632
f 129 447 1661
f 58 129 1661
f 1662 58 1661
f 58 447 129
f 1643 1663 1644
f 1664 1642 1644
f 1642 1664 1665
f 1666 1667 1644
f 1667 1664 1644
f 1664 1667 1665
f 1668 1669 1670
f 1671 1669 1668
f 1672 1673 1674
f 1653 1675 1651
f 1675 1676 1677
f 1653 1652 1675
f 1676 1675 1652
f 1678 1675 1677
f 1675 1679 1651
f 1648 1680 1681
f 1682 1683 1681
f 1684 1642 1665
f 1685 1686 1687
f 1688 1689 1690
f 1691 1692 1693
f 1694 1691 1693
f 1694 1695 1691
f 1692 1696 1693
f 1697 1698 1699
f 1692 1699 1698
f 1696 1698 1697
f 1696 1692 1698
f 1700 1701 1702
f 1703 1704 1705
f 1704 1706 1705
f 1707 1706 1704
f 1708 1706 1709
f 1710 1706 1707
f 1710 1709 1706
f 1711 1712 1713
f 1714 1715 1637
f 1714 1716 1717
f 1716 1718 1717
f 1718 1719 1717
f 1717 1719 1720
f 1720 1719 1721
f 1634 1722 1635
f 1723 1724 1725
f 1726 1727 1728
f 1729 1633 1635
f 1703 1705 1730
f 1731 1732 1733
f 1734 1733 1732
f 1731 1733 1735
f 1736 1737 1738
f 1738 1737 1739
f 1739 1737 1740
f 1741 1651 1742
f 1679 1742 1651
f 1647 1646 1742
f 1742 1679 1647
f 1651 1743 1652
f 1741 1743 1651
f 1744 1678 1745
f 1733 1746 1735
f 1746 1733 1747
f 1748 1749 1750
f 1750 1746 1747
f 1751 1752 1753
f 82 1754 205
f 1638 1754 82
f 1755 1756 1757
f 1757 127 1755
f 1758 1759 1760
f 1761 1762 1763
f 26 1761 1763
f 769 289 1639
f 744 289 257
f 744 276 289
f 289 1640 1639
f 1640 289 276
f 39 1639 1764
f 1659 1764 1639
f 734 736 1009
f 735 736 734
f 1765 271 270
f 447 7 1661
f 58 1662 1766
f 58 1766 576
f 153 596 130
f 1767 1768 1769
f 1644 1770 1666
f 1663 1770 1644
f 1666 1770 1771
f 1663 1771 1770
f 1772 1773 1774
f 1669 1775 1776
f 1777 1776 1775
f 1671 1775 1669
f 1777 1778 1779
f 1780 1781 1782
f 1783 1784 1781
f 1783 1781 1780
f 1783 1785 1784
f 1785 1786 1784
f 1787 1788 1789
f 1786 1787 1784
f 1788 1787 1790
f 1673 1791 1671
f 1672 1791 1673
f 1791 1775 1671
f 1775 1791 1792
f 1791 1793 1792
f 1793 1791 1672
f 1647 1794 1675
f 1679 1794 1647
f 1675 1794 1679
f 1795 1648 1645
f 1795 1680 1648
f 1796 1797 1682
f 1798 1799 1800
f 1801 1799 1798
f 1801 1800 1799
f 1801 1802 1800
f 1803 1804 1805
f 1700 1806 1807
f 1808 1807 1806
f 1806 1809 1810
f 1700 1702 1806
f 1809 1806 1702
f 1811 1812 1807
f 1813 1812 1811
f 1807 1812 1700
f 1814 1812 1815
f 1815 1812 1813
f 1811 1807 1816
f 1809 1817 1810
f 1684 1695 1818
f 1684 1818 1642
f 1819 1820 1821
f 1822 1823 1824
f 1824 1823 1825
f 1691 1823 1692
f 1826 1827 1822
f 1826 1828 1827
f 1820 1829 1821
f 1820 1830 1685
f 1688 1831 1699
f 1697 1699 1831
f 1690 1831 1688
f 1832 1833 1834
f 1835 1832 1834
f 1836 1835 1834
f 1837 61 596
f 1838 1839 1840
f 1841 1838 1842
f 1710 1843 1709
f 1701 1843 1710
f 1701 1711 1843
f 1711 1713 1843
f 1708 1843 1713
f 1843 1708 1709
f 1844 1701 1700
f 1814 1844 1812
f 1812 1844 1700
f 1701 1844 1711
f 1701 1845 1702
f 1701 1710 1845
f 1809 1702 1845
f 1809 1845 1846
f 1708 1847 1705
f 1708 1713 1847
f 1848 1708 1705
f 1706 1848 1705
f 1708 1848 1706
f 1719 1849 1721
f 1720 1850 1717
f 1847 1713 1851
f 1852 1669 1776
f 1669 1852 1670
f 1853 1854 1855
f 1856 1857 1858
f 1859 1860 1861
f 1650 1649 1862
f 1863 1862 1649
f 1650 1862 1637
f 1862 1636 1637
f 1864 1865 1866
f 1866 1867 1864
f 1634 1636 1868
f 1634 1868 1722
f 1862 1868 1636
f 1869 1870 1871
f 1870 1872 1871
f 1873 1874 1875
f 1876 1877 1725
f 1845 1877 1846
f 1725 1878 1723
f 1726 1879 1880
f 1880 1881 1726
f 1882 1881 1880
f 1883 1884 1732
f 1885 1886 1887
f 1727 1726 1888
f 1740 1889 1739
f 1890 1891 1892
f 1893 1894 1895
f 1896 1897 1893
f 1730 1898 1703
f 1703 1898 1899
f 1900 1901 1890
f 1890 1902 1900
f 1902 1903 1904
f 1902 1890 1892
f 1905 1734 1732
f 1884 1905 1732
f 1883 1906 1884
f 1885 1887 1906
f 1906 1883 1885
f 1907 1908 1884
f 1909 1910 1911
f 1912 1913 1914
f 1915 1916 1913
f 1917 1736 1738
f 1736 1917 1918
f 1918 1917 1919
f 1648 1920 1646
f 1912 1921 1913
f 1913 1921 1915
f 1742 1646 1922
f 1915 1923 1916
f 1745 1924 1925
f 1677 1924 1678
f 1678 1924 1745
f 1676 1924 1677
f 1926 1927 1928
f 1658 1926 1654
f 1929 1930 1931
f 1932 1933 1934
f 1933 1935 1934
f 1656 1936 1657
f 1937 1938 1939
f 1940 1655 1654
f 1938 1941 1939
f 1941 1942 1943
f 1753 1944 1751
f 1945 1946 1947
f 1942 1948 1949
f 1948 1950 1949
f 1950 1948 1928
f 1949 1951 1942
f 1942 1951 1943
f 27 1952 1953
f 1954 1955 1930
f 1956 1955 1954
f 1930 1955 1957
f 1957 1955 1952
f 1955 1953 1952
f 205 421 1958
f 223 1958 421
f 223 421 205
f 1959 13 11
f 26 1763 206
f 208 206 1763
f 208 11 1960
f 127 1960 1961
f 127 208 1960
f 1962 1963 17
f 1964 1963 1965
f 1963 1966 17
f 1961 1967 1638
f 1638 1967 1754
f 1754 1967 205
f 223 205 1967
f 89 223 1967
f 89 1967 88
f 1968 1963 1962
f 1963 1968 1965
f 1969 1962 25
f 1638 25 17
f 17 25 1962
f 14 1969 25
f 27 408 1952
f 1970 1971 1972
f 1755 1973 1756
f 1955 1956 1973
f 1974 1973 1956
f 1756 1973 1974
f 1953 1973 1755
f 1955 1973 1953
f 127 1757 126
f 127 28 1755
f 1961 125 127
f 1638 270 125
f 125 1961 1638
f 28 127 125
f 28 125 1755
f 1953 125 56
f 1953 1755 125
f 1756 1975 1757
f 1757 1975 1761
f 1976 1977 1978
f 1976 1760 1977
f 1759 1977 1760
f 1977 1759 1979
f 1762 1980 1763
f 1980 208 1763
f 1978 1981 11
f 1981 1959 11
f 1959 1981 1978
f 769 470 469
f 110 270 1982
f 110 1983 270
f 110 1984 1983
f 270 1983 1765
f 1984 1765 1983
f 110 279 1984
f 1982 279 110
f 111 1640 276
f 1985 1986 1987
f 1988 1764 3
f 1764 1988 39
f 736 474 42
f 102 42 474
f 39 474 1639
f 102 474 39
f 736 472 1009
f 42 472 736
f 42 41 472
f 1989 521 517
f 270 521 298
f 517 521 270
f 517 270 518
f 271 518 270
f 271 1765 518
f 1989 518 1765
f 1990 1991 1992
f 1992 1991 1765
f 1991 1989 1765
f 1993 640 642
f 409 185 640
f 125 185 409
f 774 185 514
f 185 125 270
f 774 122 185
f 298 185 270
f 514 185 298
f 58 1994 447
f 576 1994 58
f 447 1994 1632
f 1632 1994 576
f 1632 577 596
f 577 130 596
f 576 826 1632
f 1766 826 576
f 1995 1996 1997
f 1997 1996 1998
f 1766 1999 60
f 1766 1773 1999
f 1997 1998 2000
f 1768 2001 2002
f 2003 2004 2005
f 2006 2007 1798
f 2008 1774 1773
f 130 320 153
f 153 320 339
f 1772 4 1773
f 4 130 1773
f 130 4 2009
f 2010 2011 1772
f 320 2011 2012
f 2011 320 322
f 2013 1775 1792
f 1775 2013 1777
f 1777 2013 1778
f 2014 1781 1784
f 1787 2014 1784
f 1789 2014 1787
f 2015 2014 1789
f 2015 2016 2017
f 2018 2017 2016
f 2016 2019 2018
f 1788 1790 2020
f 1787 2021 1790
f 1786 2021 1787
f 1793 2022 2023
f 2024 2023 2022
f 2025 2022 2026
f 2024 2022 2025
f 2027 2028 1672
f 1672 2028 1793
f 1795 2029 1680
f 1795 1645 2029
f 2030 2031 2032
f 1796 2030 2032
f 1682 1681 2030
f 1796 1682 2030
f 1683 1682 2033
f 1797 2033 1682
f 1797 2034 2035
f 1683 2036 1681
f 2036 2037 1681
f 2038 2039 1724
f 1725 2039 1876
f 1725 1724 2039
f 2040 2041 2042
f 2042 2041 2043
f 2043 2041 1803
f 2044 1800 2045
f 1802 2045 1800
f 1839 2045 1840
f 1840 2045 1802
f 2046 2047 2048
f 2049 2050 1803
f 2050 1804 1803
f 2051 2052 2053
f 1834 2054 2055
f 2056 2054 2057
f 2058 1806 1810
f 1806 2058 1808
f 1817 2058 1810
f 1689 2059 1690
f 1689 1811 2059
f 1816 2059 1811
f 1808 2060 1807
f 2061 2062 1687
f 2062 2063 2064
f 2063 2062 2061
f 1684 2065 1695
f 2065 1691 1695
f 1694 2066 1695
f 2066 1818 1695
f 2005 2067 2003
f 1865 2067 2068
f 2004 2069 2070
f 2004 2003 2069
f 1864 2071 1865
f 2071 2067 1865
f 2067 2071 2003
f 1819 2072 2073
f 2074 2073 1824
f 1824 2073 1822
f 1826 2073 2072
f 1822 2073 1826
f 1820 2075 2074
f 1815 2076 1814
f 1828 2077 1815
f 1826 2077 1828
f 2072 2077 1826
f 1824 2078 2074
f 1686 2078 1825
f 2078 1824 1825
f 2074 2078 1820
f 1686 1685 2078
f 1830 1820 2078
f 1830 2078 1685
f 2079 1823 1822
f 1827 2079 1822
f 1692 2079 1699
f 1823 2079 1692
f 1699 2079 1688
f 1688 2079 1827
f 1823 2080 1825
f 1691 2080 1823
f 2065 2080 1691
f 1688 2081 1689
f 1827 2081 1688
f 1827 1828 2081
f 1815 2081 1828
f 1813 2081 1815
f 1811 2081 1813
f 1689 2081 1811
f 2082 2083 2084
f 1831 2085 1697
f 2086 2085 1690
f 1690 2085 1831
f 153 856 596
f 596 856 1837
f 1837 856 153
f 1782 2087 1780
f 2088 2089 2090
f 2091 1838 1840
f 1838 2091 1842
f 1847 2092 1705
f 1847 2093 2092
f 2094 2095 1718
f 1719 1718 2095
f 2094 2096 1633
f 1714 1637 2096
f 1716 1714 2096
f 1634 2096 1637
f 1633 2096 1634
f 1716 2096 1718
f 2094 1718 2096
f 2097 1721 2098
f 1849 2098 1721
f 1821 2098 1849
f 2099 2097 2098
f 1829 2098 1821
f 2099 2098 1829
f 1849 2100 1821
f 1821 2100 1819
f 2101 2102 2103
f 2004 2101 2005
f 2104 2105 2068
f 2068 2105 1865
f 1866 1865 2105
f 1854 2106 2107
f 1853 2106 1854
f 1852 2106 1670
f 2106 1852 2107
f 2108 2109 2110
f 2111 2109 2108
f 2112 2109 2113
f 2114 2115 2116
f 2117 2118 2119
f 2119 2118 2120
f 2120 2118 2121
f 2109 2121 2118
f 2122 2123 2124
f 2125 1857 1856
f 2126 1951 1949
f 2127 2128 2129
f 2128 2127 2130
f 2131 2130 2132
f 2128 2130 2131
f 1873 2133 1874
f 1874 2133 2134
f 1859 2135 1860
f 1860 2135 2134
f 1863 1649 2136
f 1863 2136 2137
f 2138 2131 2132
f 2137 2138 2132
f 2136 2138 2137
f 2139 2140 2141
f 2139 2142 2140
f 2140 2142 2097
f 2097 2142 1721
f 1721 2142 1720
f 2143 1862 1863
f 2143 1868 1862
f 2144 1872 1870
f 2145 2144 1870
f 2146 1895 1894
f 1899 2147 1703
f 1704 2147 1707
f 1703 2147 1704
f 1723 2147 1899
f 1878 2147 1723
f 1877 2148 1725
f 1878 1725 2148
f 1877 1845 2148
f 2147 2148 1707
f 2148 2147 1878
f 1710 1707 2148
f 1845 1710 2148
f 1889 2149 1739
f 1748 2149 1749
f 1739 2149 1748
f 1886 2150 2151
f 2152 2151 2150
f 2151 1882 1887
f 1886 2151 1887
f 1886 2153 2150
f 2150 2153 2152
f 1897 1896 2154
f 1727 2155 1728
f 2108 1728 2155
f 1737 2156 1740
f 1889 1740 2156
f 1729 2157 2158
f 1891 1890 2159
f 1894 2160 2146
f 1903 2161 1893
f 1893 2161 1894
f 1902 2162 1900
f 1902 1904 2162
f 1900 2163 1901
f 1901 2163 2164
f 2165 2166 2167
f 2167 2166 1898
f 1723 2168 1724
f 1899 2168 1723
f 1903 1893 2169
f 1897 2169 1893
f 2154 2169 1897
f 1901 2164 2170
f 2165 2170 2166
f 2166 2170 2164
f 2116 2171 2114
f 2172 2171 2173
f 2173 2171 2116
f 2114 2174 2115
f 1905 1884 2175
f 1908 2175 1884
f 2176 1882 1880
f 1907 2176 1880
f 1882 2176 1887
f 1906 1887 2176
f 1906 2176 1884
f 1907 1884 2176
f 2177 1907 1880
f 1907 2177 2178
f 2179 2180 2181
f 1910 1909 2182
f 2182 2118 2117
f 2183 2184 2185
f 2183 1909 1911
f 1909 2183 2185
f 2174 2114 2186
f 2184 2187 2185
f 1920 2188 1646
f 2188 1922 1646
f 1912 2189 1921
f 2189 1917 1738
f 1917 2189 1912
f 2190 2189 1738
f 1741 2191 1923
f 1923 2191 1922
f 1923 2192 1916
f 1922 2192 1923
f 2193 1916 2192
f 2194 2193 2192
f 1744 2195 1678
f 2196 2195 1744
f 1750 1747 2197
f 1750 2197 1748
f 2197 2190 1738
f 1739 2197 1738
f 1739 1748 2197
f 1924 2198 1925
f 1921 2198 1915
f 1950 2199 2200
f 1927 1945 2199
f 1927 2199 1928
f 1928 2199 1950
f 1947 2199 1945
f 1947 2200 2199
f 2201 2202 1657
f 1926 2202 1927
f 1657 2202 1658
f 1658 2202 1926
f 2201 2203 2204
f 2203 2201 1657
f 1936 2203 1657
f 1927 2205 1945
f 2205 1946 1945
f 2202 2205 1927
f 2202 2201 2205
f 2206 2207 2208
f 2209 2210 1990
f 1992 2209 1990
f 2211 2209 1992
f 2212 2208 2213
f 2207 2213 2208
f 2214 2215 2216
f 2217 2215 2214
f 1929 2218 2219
f 1931 2218 1929
f 2220 2218 2214
f 1929 2221 1930
f 2222 2221 1929
f 2221 1954 1930
f 1954 2221 2222
f 2223 2224 1871
f 1872 2223 1871
f 1655 2225 1656
f 2226 1870 1869
f 1870 2226 2145
f 2227 2226 2228
f 2145 2226 2227
f 2225 2229 1656
f 2230 2229 2225
f 2231 2232 2233
f 2234 2235 2236
f 2235 2234 2233
f 2234 2231 2233
f 2237 1937 2238
f 2239 2240 2238
f 1939 2238 1937
f 2239 2238 1939
f 1937 2241 1938
f 2241 1940 1938
f 1941 2242 1942
f 2242 1948 1942
f 1940 2242 1938
f 2242 1941 1938
f 1940 1654 2242
f 1946 2243 1947
f 2244 2206 2208
f 2245 2246 2247
f 2248 1926 1928
f 1948 2248 1928
f 1926 2248 1654
f 2242 1654 2248
f 2242 2248 1948
f 2109 2249 2113
f 2249 2109 2111
f 2155 2250 2251
f 2252 2253 2254
f 2152 2254 2253
f 2151 2152 2253
f 2151 2253 2255
f 2252 2254 2256
f 2252 2256 1943
f 1943 2256 1941
f 2257 2155 1727
f 1888 2257 1727
f 2253 2252 2257
f 56 57 1953
f 1953 57 27
f 125 57 56
f 408 27 57
f 57 125 409
f 408 57 409
f 13 224 1961
f 1959 88 224
f 224 13 1959
f 1959 1978 2258
f 223 2258 1958
f 89 2258 223
f 1959 2258 88
f 88 2258 89
f 1961 2259 13
f 1960 2259 1961
f 13 2259 11
f 1960 11 2259
f 1963 1964 2260
f 32 33 2261
f 2262 16 8
f 17 16 1638
f 1638 16 2262
f 1662 1661 2263
f 32 2264 33
f 33 2264 2265
f 2266 2264 1964
f 1969 2267 1962
f 1968 2268 2269
f 2268 1968 1962
f 2267 2268 1962
f 1965 2270 2271
f 2270 1968 2269
f 1968 2270 1965
f 2272 2270 2269
f 2266 2273 2002
f 1768 2273 1769
f 2002 2273 1768
f 82 2274 1638
f 14 2274 82
f 1638 2274 25
f 25 2274 14
f 1767 2275 1778
f 1767 1769 2275
f 1778 2275 1779
f 2275 2276 1779
f 2272 2277 2278
f 2272 2269 2277
f 1993 2279 640
f 2280 2281 409
f 408 2281 1952
f 2281 408 409
f 1957 1952 2281
f 1957 2281 1930
f 1931 1930 2281
f 2280 1931 2281
f 2282 2283 2284
f 2277 2283 2278
f 2285 2286 2284
f 2286 2282 2284
f 1976 2287 1760
f 1971 2287 1762
f 1980 1762 2287
f 1980 2287 1976
f 1760 2288 1758
f 2287 2288 1760
f 2287 1971 2288
f 1971 2289 1972
f 1762 2289 1971
f 1972 2289 1975
f 1761 2289 1762
f 1975 2289 1761
f 1956 1954 2290
f 2291 2290 1954
f 2290 2291 2292
f 1956 2293 1974
f 2290 2293 1956
f 126 1757 128
f 1761 26 128
f 1761 128 1757
f 206 128 26
f 126 128 127
f 208 128 206
f 127 128 208
f 208 2294 11
f 1980 2294 208
f 11 2294 1978
f 1978 2294 1976
f 1980 1976 2294
f 1639 2295 769
f 470 769 2295
f 289 256 257
f 276 278 111
f 111 278 1985
f 279 112 1984
f 2296 1984 112
f 112 279 1982
f 111 112 1640
f 1640 112 270
f 1982 270 112
f 111 1985 112
f 2296 112 1985
f 1985 2297 2296
f 2298 490 759
f 757 490 272
f 744 490 276
f 272 490 744
f 278 2299 1985
f 490 2299 276
f 490 2298 2299
f 1986 2300 1987
f 2301 2302 2303
f 2304 2305 2302
f 2306 2307 2308
f 1857 2309 1858
f 2303 2310 2301
f 2311 2312 2313
f 2055 2314 2172
f 2315 2316 2314
f 2186 2314 2316
f 2317 736 735
f 735 734 2317
f 2317 474 736
f 1009 2317 734
f 2317 2318 2305
f 2319 2317 2320
f 1988 38 39
f 38 1988 3
f 2321 2322 2323
f 2323 2322 2324
f 2324 2322 2325
f 2326 2322 2321
f 1659 741 1764
f 239 741 1659
f 107 239 1659
f 239 107 2327
f 2328 2329 2325
f 239 2327 2329
f 521 516 298
f 517 519 1989
f 518 519 517
f 642 640 643
f 185 643 640
f 643 185 121
f 298 294 514
f 514 294 120
f 120 294 2330
f 2331 2332 2333
f 2331 2333 2210
f 2210 2333 1990
f 2333 1991 1990
f 60 2334 1766
f 130 2334 60
f 577 578 1766
f 826 1766 578
f 578 577 1632
f 826 578 1632
f 2335 1766 1662
f 1766 2335 1996
f 19 130 60
f 1999 19 60
f 130 19 1773
f 1999 1773 19
f 2001 2336 2002
f 2336 2263 2002
f 2336 2001 1768
f 1998 2336 1768
f 1996 2336 1998
f 2064 2337 2062
f 2062 2337 1687
f 2338 2339 2340
f 2341 2342 2343
f 2343 2344 2341
f 2345 1801 1798
f 2007 2345 1798
f 2007 2006 2346
f 1798 2347 2006
f 1800 2347 1798
f 2348 2347 1800
f 2127 2349 2350
f 2349 1860 2350
f 2349 2127 2129
f 2351 2349 2129
f 2352 2353 2354
f 2353 2352 2355
f 2356 2357 2358
f 1855 2359 2360
f 1854 2359 1855
f 2361 2360 2359
f 2362 2363 1861
f 2364 2365 2366
f 2367 2365 2364
f 2368 2369 2020
f 1774 2370 1772
f 2370 2010 1772
f 339 592 153
f 153 2371 1837
f 592 2371 153
f 130 2009 613
f 320 130 613
f 4 613 2009
f 4 1772 613
f 2011 613 1772
f 320 1486 339
f 1852 2372 2107
f 2107 2372 2373
f 1852 1776 2372
f 2374 2375 2376
f 1777 2377 1776
f 1674 2378 1672
f 2027 1672 2378
f 2379 2380 2027
f 2379 1674 2380
f 2381 2382 2383
f 1788 2382 1789
f 2381 2015 2382
f 2020 2382 1788
f 2015 1789 2382
f 2384 2385 2386
f 2381 2384 2015
f 2015 2384 2016
f 2387 2019 1766
f 2387 1996 1995
f 1996 2387 1766
f 2388 2384 2386
f 2384 2388 2016
f 2008 2388 2386
f 2008 1773 2388
f 2018 2389 2017
f 2014 2390 1781
f 2389 2390 2017
f 2017 2390 2015
f 2390 2014 2015
f 2021 2391 1790
f 2392 2391 2393
f 2391 1783 1780
f 1783 2391 1785
f 2022 2394 2026
f 2394 2022 1793
f 2026 2394 2028
f 2028 2394 1793
f 2395 2396 2025
f 2024 2397 2023
f 2031 2398 1680
f 2030 2398 2031
f 1680 2398 1681
f 2030 1681 2398
f 2399 1797 2035
f 2400 2035 2401
f 2034 2401 2035
f 2402 2034 1797
f 2403 2400 2404
f 1744 2405 2196
f 2031 2405 2032
f 2405 2195 2196
f 2031 1680 2405
f 2405 1675 1678
f 2195 2405 1678
f 2029 2405 1680
f 2029 1645 2405
f 1647 2405 1645
f 1675 2405 1647
f 2404 2406 2040
f 2404 2407 2406
f 1648 1681 2408
f 2409 2408 1681
f 1920 1648 2408
f 2192 2408 2194
f 2037 2410 1681
f 2410 2409 1681
f 2411 2412 1914
f 1917 2412 1919
f 1912 1914 2412
f 2412 1917 1912
f 2413 1919 2414
f 2412 2414 1919
f 2411 2415 2039
f 2039 2415 1876
f 1913 2416 1914
f 2193 2416 1916
f 2416 1913 1916
f 2417 2416 2193
f 2042 2043 2418
f 2042 2418 2040
f 2404 2418 2403
f 2418 2404 2040
f 2419 2049 1803
f 2041 2419 1803
f 2088 2090 2420
f 2420 2045 1839
f 2088 2420 1839
f 2045 2421 2044
f 2044 2421 1800
f 2421 2348 1800
f 2420 2421 2045
f 2047 2422 2048
f 1802 1801 2423
f 1802 2423 2424
f 2083 2425 2426
f 2427 1804 2428
f 2429 2428 1804
f 2429 2053 2428
f 2429 1804 2430
f 2050 2430 1804
f 2429 2430 2053
f 2053 2430 2050
f 2406 2431 2040
f 2051 2432 2052
f 2054 2432 2055
f 2431 2432 2051
f 2315 2055 2432
f 2431 2406 2432
f 2406 2407 2432
f 2050 2433 2053
f 2433 2051 2053
f 2050 2049 2433
f 2434 2054 1842
f 1842 2435 1841
f 2054 1841 2435
f 2054 2436 1841
f 2436 2054 2437
f 2054 2438 2437
f 1833 2438 1834
f 1834 2438 2054
f 2439 2440 2441
f 2441 2440 2442
f 2058 2443 1808
f 2444 2445 2440
f 2440 2445 2442
f 2446 2447 2448
f 2448 2447 2449
f 2443 2058 2450
f 2061 1687 2451
f 2080 2451 1825
f 2451 2080 2065
f 1686 2451 1687
f 1686 1825 2451
f 1818 2452 2453
f 2066 2452 1818
f 2066 1694 2452
f 1694 1693 2452
f 2453 2452 1693
f 2454 2073 2074
f 2073 2454 1819
f 2075 2454 2074
f 1819 2454 1820
f 2075 1820 2454
f 1712 1711 2455
f 2076 1712 2455
f 2076 2455 1814
f 2455 1844 1814
f 1844 2455 1711
f 2076 2456 1712
f 1815 2456 2076
f 2077 2456 1815
f 2069 2457 2070
f 2070 2457 2099
f 2097 2457 2140
f 2099 2457 2097
f 2458 2459 2460
f 2460 2461 2086
f 2084 2462 2082
f 1696 2463 1693
f 2453 1693 2463
f 1696 1697 2463
f 2464 2465 1834
f 1834 2465 2466
f 2467 1836 1834
f 2466 2467 1834
f 1837 2468 2469
f 2371 2468 1837
f 2468 2371 2470
f 2011 2471 2012
f 2472 2392 2393
f 2393 2473 2474
f 2087 2473 1780
f 2473 2391 1780
f 2391 2473 2393
f 1782 2475 2087
f 2380 1674 2475
f 2380 2475 2476
f 2477 2478 2479
f 2480 2479 2478
f 2480 2478 2481
f 2482 2483 2484
f 2088 2485 2089
f 2436 2486 1841
f 2486 2436 2437
f 1832 2487 1833
f 1832 1835 2487
f 1836 2487 1835
f 1802 2488 1840
f 2488 2091 1840
f 2095 2489 1719
f 1851 2489 1847
f 1847 2489 2093
f 2093 2489 2094
f 2094 2489 2095
f 2100 2490 1819
f 1819 2490 2072
f 2456 2490 1712
f 2077 2072 2490
f 2456 2077 2490
f 2490 2491 1712
f 2490 2100 2491
f 2489 1851 2491
f 1712 2491 1713
f 1851 1713 2491
f 2492 2493 1850
f 2493 1714 1717
f 1850 2493 1717
f 2142 2139 2494
f 2494 1850 1720
f 2142 2494 1720
f 2105 2104 2495
f 2360 2495 1855
f 2109 2496 2121
f 2496 2109 2112
f 2497 2125 1856
f 2120 2498 2119
f 2499 2498 2120
f 2115 2500 2116
f 2501 2212 2502
f 2213 2502 2212
f 2308 2502 2306
f 2502 2213 2306
f 2122 2503 2123
f 2501 2503 2212
f 2123 2504 2505
f 2506 2504 2507
f 2126 2508 1951
f 2251 2508 2249
f 2250 2508 2251
f 2126 2509 2510
f 1950 2509 1949
f 2509 2126 1949
f 2200 2509 1950
f 2509 2200 2511
f 1947 2512 2200
f 2511 2200 2512
f 2513 2514 2362
f 2362 1861 2515
f 2516 2515 2351
f 1860 2515 1861
f 2349 2515 1860
f 2349 2351 2515
f 2130 2517 2132
f 2133 2518 2134
f 2134 2518 1860
f 2135 2519 2134
f 2134 2519 1874
f 2139 2520 2521
f 2141 2520 2139
f 1864 2522 2141
f 2071 1864 2523
f 2141 2523 1864
f 2141 2140 2523
f 2457 2523 2140
f 2523 2457 2069
f 2069 2003 2523
f 2071 2523 2003
f 2105 2524 1866
f 2360 2524 2495
f 2495 2524 2105
f 2137 2525 1863
f 2143 1863 2525
f 1868 2526 1722
f 1722 2526 1635
f 2527 1635 2526
f 2527 2526 2528
f 2145 2529 2144
f 2530 2238 2240
f 2531 2532 2533
f 2146 2534 1895
f 2152 2534 2254
f 1888 1726 2535
f 1881 2535 1726
f 1888 2535 2255
f 2535 1881 1882
f 2151 2255 2535
f 2151 2535 1882
f 1746 2536 1735
f 1735 2536 1731
f 2536 1750 1749
f 1750 2536 1746
f 2154 1896 2537
f 2538 2539 2540
f 2541 2539 2542
f 2542 2543 1889
f 2543 2149 1889
f 2539 2543 2542
f 2539 2538 2543
f 2149 2543 1749
f 2538 2544 2543
f 1895 2545 1893
f 2153 2545 2152
f 2534 2545 1895
f 2152 2545 2534
f 2155 2546 2108
f 2108 2546 2111
f 2249 2111 2546
f 1737 1736 2547
f 1737 2547 2156
f 1918 2548 1736
f 2548 1918 1919
f 2549 2158 2157
f 2158 2549 1891
f 1891 2549 1892
f 1891 2550 2158
f 2159 2550 1891
f 1901 2551 1890
f 2159 1890 2551
f 2170 2551 1901
f 2165 2551 2170
f 1635 2552 1729
f 1729 2552 2157
f 2527 2552 1635
f 2528 2552 2527
f 2553 1902 1892
f 1902 2553 1903
f 2554 2555 2556
f 2557 2558 2160
f 2146 2558 2559
f 2160 2558 2146
f 2554 2560 2555
f 2555 2560 2561
f 2163 2562 2164
f 1903 2563 1904
f 2169 2563 1903
f 2564 2169 2154
f 2544 2564 2154
f 2564 2563 2169
f 2540 2564 2538
f 2538 2564 2544
f 1904 2564 2540
f 2563 2564 1904
f 2175 2565 2178
f 2175 1908 2565
f 2178 2565 1907
f 1907 2565 1908
f 2566 2567 1879
f 2568 2567 2566
f 1879 2567 1880
f 2567 2177 1880
f 2569 2570 2179
f 2181 1745 2569
f 2181 2569 2179
f 1925 2569 1745
f 2571 2569 1925
f 2570 2569 2571
f 1733 1734 2572
f 1733 2572 1747
f 2118 2573 2109
f 2182 2573 2118
f 2183 2574 2184
f 2316 2575 2186
f 2576 2575 2577
f 2577 2575 2578
f 2186 2575 2174
f 2566 1879 2579
f 1726 1728 2579
f 1879 1726 2579
f 2566 2579 2110
f 2579 2108 2110
f 2108 2579 1728
f 2566 2110 2580
f 2573 2182 2580
f 2185 2580 1909
f 2182 1909 2580
f 2109 2580 2110
f 2573 2580 2109
f 2185 2581 2580
f 2580 2581 2566
f 2191 1741 2582
f 2191 2582 1922
f 1742 2582 1741
f 1922 2582 1742
f 2188 1920 2583
f 2408 2583 1920
f 2192 2583 2408
f 2188 2583 1922
f 1922 2583 2192
f 2571 2190 2584
f 2197 1747 2584
f 2197 2584 2190
f 2571 2584 2570
f 1676 2585 1924
f 1924 2585 2198
f 1923 2585 1741
f 1923 1915 2585
f 2198 2585 1915
f 1925 2586 2571
f 2198 2586 1925
f 2571 2586 2190
f 2586 2198 1921
f 2189 2586 1921
f 2190 2586 2189
f 2235 2587 2236
f 2203 2587 2204
f 2588 2204 2587
f 2588 2587 2235
f 2589 2203 1936
f 2587 2589 2236
f 2589 2587 2203
f 2205 2590 1946
f 2204 2590 2201
f 2205 2201 2590
f 2122 2124 2591
f 2592 2122 2591
f 2593 2591 2124
f 2591 2593 2592
f 2207 2206 2594
f 2207 2594 2595
f 2595 2594 2211
f 2594 2209 2211
f 2596 1859 1861
f 2363 2596 1861
f 2216 2597 2214
f 2597 2220 2214
f 2218 2598 2219
f 2598 2218 2220
f 2218 1931 2599
f 2280 2599 1931
f 2214 2599 2217
f 2218 2599 2214
f 2135 1859 2600
f 2226 1869 2601
f 2601 2602 2228
f 2226 2601 2228
f 2603 2602 1932
f 2604 2605 2606
f 2223 2605 2604
f 2606 2605 2607
f 2223 1872 2605
f 2608 2604 2606
f 1935 2609 2610
f 2611 2612 2613
f 2614 2615 2616
f 2234 2615 2231
f 2235 2233 2617
f 2617 2588 2235
f 2617 2618 2619
f 2232 2618 2233
f 2617 2233 2618
f 2620 2621 2622
f 2232 2620 2622
f 2620 2232 2231
f 2615 2620 2231
f 2621 2623 2622
f 2246 2622 2623
f 2246 2623 2247
f 2615 2624 2616
f 2624 2615 2234
f 1940 2625 1655
f 2241 2625 1940
f 1937 2626 2241
f 2627 2626 2628
f 2241 2626 2629
f 2627 2629 2626
f 2123 2630 2124
f 2123 2505 2630
f 2631 2632 2506
f 2504 2506 2632
f 2593 2633 1946
f 2243 1946 2633
f 2243 2633 2505
f 2630 2505 2633
f 2634 2635 2636
f 2252 1943 2637
f 1951 2637 1943
f 2257 2252 2637
f 2257 2637 2250
f 2508 2637 1951
f 2637 2508 2250
f 2256 2254 2638
f 2146 2559 2638
f 2534 2638 2254
f 2534 2146 2638
f 2239 1939 2639
f 2239 2639 2559
f 1941 2639 1939
f 2256 2639 1941
f 2638 2559 2639
f 2638 2639 2256
f 2640 2250 2155
f 2257 2640 2155
f 2250 2640 2257
f 2641 2257 1888
f 2257 2641 2253
f 2255 2641 1888
f 2253 2641 2255
f 224 88 2642
f 224 2642 1961
f 1967 2642 88
f 2642 1967 1961
f 1977 2643 1978
f 2258 1978 2643
f 2258 2643 1958
f 2643 1977 1979
f 2644 2261 33
f 1638 2644 33
f 2262 2644 1638
f 2261 2645 32
f 32 2645 8
f 2262 8 2645
f 2644 2262 2645
f 2644 2645 2261
f 7 59 1661
f 2263 1661 59
f 33 59 447
f 447 59 7
f 2263 2646 2002
f 2646 2266 2002
f 2646 2264 2266
f 2265 10 33
f 2263 10 2265
f 10 59 33
f 59 10 2263
f 2647 32 8
f 2647 2264 32
f 205 1958 2648
f 205 2648 82
f 2268 2649 2269
f 2277 2269 2649
f 1759 2649 1979
f 2271 2650 2651
f 2270 2650 2271
f 2270 2272 2650
f 2651 2650 2652
f 2271 2653 1965
f 1965 2653 1964
f 1964 2653 2266
f 2653 2273 2266
f 2651 2654 2271
f 2653 2271 2654
f 2653 2654 2273
f 2651 2655 2654
f 1759 1758 2656
f 2283 2277 2656
f 2656 2649 1759
f 2649 2656 2277
f 1758 2284 2656
f 2283 2656 2284
f 2279 2280 407
f 640 407 409
f 409 407 2280
f 2352 2657 2658
f 2352 2658 2355
f 2659 2660 2661
f 2659 2662 2663
f 2662 2659 2661
f 2664 2662 2661
f 2665 2662 2664
f 2658 2657 2666
f 1758 2667 2284
f 2288 2667 1758
f 2660 2667 2661
f 2284 2667 2285
f 2660 2285 2667
f 2668 2291 1954
f 2222 2668 1954
f 2669 2670 1970
f 1970 1972 2671
f 2671 2669 1970
f 2292 2672 2290
f 2293 2290 2672
f 2673 2674 2355
f 2355 2674 2353
f 2353 2674 2675
f 2291 2676 2292
f 2676 2672 2292
f 2672 2676 2677
f 2298 759 2678
f 1639 476 2295
f 2295 739 470
f 476 739 2295
f 256 254 257
f 257 2679 744
f 1985 1987 2680
f 2680 2297 1985
f 2211 1992 2681
f 1765 2681 1992
f 1984 2681 1765
f 2296 2681 1984
f 759 2682 757
f 490 2682 759
f 2682 490 757
f 2299 2683 1985
f 1985 2683 1986
f 2299 2298 2683
f 1986 2683 2298
f 492 278 276
f 2299 492 276
f 278 492 2299
f 2301 2684 2302
f 2685 2684 2301
f 2302 2686 2303
f 2686 2302 2305
f 2304 2687 2685
f 2302 2687 2304
f 2687 2684 2685
f 2684 2687 2302
f 2685 2688 2304
f 2689 739 2690
f 2691 470 2689
f 739 2689 470
f 2689 2692 2691
f 470 2693 469
f 2694 2695 2696
f 2697 2695 2307
f 2306 2698 2307
f 2307 2698 2699
f 2700 2698 2306
f 2701 2702 2697
f 2697 2702 2695
f 2703 2685 2301
f 2306 2704 2700
f 2213 2704 2306
f 2207 2704 2213
f 2704 2705 2700
f 2207 2595 2704
f 2706 2707 2708
f 2708 2709 2710
f 2710 2709 2711
f 2711 2709 2712
f 2713 2500 2115
f 2309 2714 2715
f 2309 1857 2714
f 2716 2714 2717
f 2714 2718 2717
f 2710 2711 2719
f 2710 2719 2309
f 2309 2719 1858
f 2712 1858 2719
f 2712 2719 2711
f 2720 2721 2722
f 2317 2721 2318
f 2318 2723 2305
f 2723 2686 2305
f 2686 2723 2720
f 2312 2724 2313
f 2717 2313 2724
f 2716 2717 2724
f 2303 2725 2310
f 2304 2726 2305
f 2317 2726 2727
f 2315 2728 2055
f 2728 2314 2055
f 2314 2728 2315
f 2314 2729 2172
f 2729 2171 2172
f 2314 2186 2729
f 2171 2729 2114
f 2186 2114 2729
f 472 2730 1009
f 2730 2317 1009
f 2730 472 41
f 42 2730 41
f 2730 2173 2116
f 2500 2730 2116
f 2317 2730 2320
f 2731 2732 2733
f 2731 2733 2734
f 2735 2326 2321
f 3 268 2736
f 38 3 2737
f 2736 2737 3
f 107 106 2327
f 2329 2327 106
f 1660 106 1659
f 1659 106 107
f 2328 2738 2329
f 2329 2738 239
f 239 2738 741
f 61 2739 35
f 1837 2739 61
f 2325 2740 2324
f 2329 2740 2325
f 2324 2740 2469
f 2740 1837 2469
f 2740 2739 1837
f 1991 2741 1989
f 521 1989 2741
f 521 2741 516
f 518 1989 776
f 519 776 1989
f 776 519 518
f 514 2742 774
f 774 2742 2743
f 2245 2744 2332
f 2743 2330 2744
f 1752 2745 1753
f 1753 2745 2746
f 577 1766 2747
f 2334 2747 1766
f 577 2747 130
f 2747 2334 130
f 2263 2748 1662
f 2336 2748 2263
f 2748 2335 1662
f 2335 2748 1996
f 2336 1996 2748
f 1666 1771 2749
f 2749 1667 1666
f 2063 2750 2064
f 2751 1853 1855
f 1853 2751 2752
f 2752 2751 2104
f 2495 2751 1855
f 2495 2104 2751
f 2067 2005 2753
f 2067 2753 2068
f 2063 2061 2754
f 2063 2754 2755
f 2754 2065 1684
f 2754 1684 1665
f 2755 2754 1665
f 2451 2754 2061
f 2754 2451 2065
f 2064 2756 2337
f 2101 2756 2102
f 2101 2004 2757
f 2004 2070 2757
f 2756 2101 2757
f 2756 2757 2337
f 2337 2758 1687
f 1685 1687 2758
f 2759 2760 2340
f 2338 2760 2090
f 2340 2760 2338
f 1771 2761 2762
f 1663 2761 1771
f 2763 2761 1663
f 2761 2763 2764
f 2344 2764 2341
f 2765 2763 1663
f 1663 1643 2765
f 2766 2767 2768
f 2769 2767 2766
f 2420 2090 2770
f 2513 2771 2772
f 2362 2771 2513
f 2515 2771 2362
f 2352 2773 2657
f 2657 2773 2357
f 2352 2354 2773
f 2283 2774 2278
f 2655 2775 2276
f 2276 2775 1779
f 2776 2777 2778
f 2774 2777 2278
f 2777 2272 2278
f 2776 2779 2780
f 2776 2778 2779
f 2781 2782 2783
f 2784 2785 2786
f 2361 2787 2360
f 2787 2524 2360
f 2524 2787 2788
f 2789 2787 2361
f 2790 2791 2792
f 2786 2791 2784
f 2792 2791 2786
f 2793 2794 2358
f 2795 2796 2797
f 2364 2796 2367
f 2798 2793 2675
f 2794 2798 2799
f 2793 2798 2794
f 2796 2800 2367
f 2800 2796 2795
f 2801 2364 2366
f 2783 2802 2801
f 2783 2803 2781
f 2801 2366 2803
f 2801 2803 2783
f 2781 2804 2782
f 2369 2805 2020
f 2382 2805 2383
f 2382 2020 2805
f 2370 2806 2385
f 2385 2806 2386
f 2386 2806 2008
f 2008 2806 1774
f 2370 1774 2806
f 2370 2385 2807
f 2381 2383 2807
f 2370 2807 2010
f 2384 2807 2385
f 2384 2381 2807
f 2805 2807 2383
f 2807 2805 2010
f 2808 592 339
f 2808 2371 592
f 1486 2808 339
f 2371 2808 2470
f 2808 320 2012
f 320 2808 1486
f 320 330 322
f 613 330 320
f 2011 322 330
f 2011 330 613
f 2797 2809 2795
f 2372 1776 2810
f 2377 2810 1776
f 2810 2811 2376
f 2811 2810 2377
f 2376 2811 2374
f 2797 2812 2813
f 2796 2812 2797
f 2796 2364 2812
f 2813 2812 2802
f 2801 2802 2812
f 2801 2812 2364
f 2379 2814 1674
f 1674 2814 2378
f 2027 2814 2379
f 2378 2814 2027
f 2387 1995 2815
f 2387 2815 2816
f 1997 2815 1995
f 2397 2816 2815
f 2019 2817 2018
f 2387 2817 2019
f 2389 2018 2817
f 2389 2817 2396
f 2016 2818 2019
f 2388 2818 2016
f 2388 1773 2818
f 1766 2818 1773
f 2019 2818 1766
f 2392 2819 2820
f 2020 2820 2368
f 2821 2822 2823
f 2468 2470 2824
f 2323 2825 2321
f 1786 2826 2021
f 1785 2826 1786
f 2380 2476 2827
f 2028 2027 2827
f 2380 2827 2027
f 2827 2395 2025
f 2026 2827 2025
f 2028 2827 2026
f 2475 2828 2476
f 2827 2476 2828
f 2827 2828 2395
f 1781 2828 1782
f 2475 1782 2828
f 2390 2829 1781
f 1781 2829 2828
f 2828 2829 2395
f 2390 2389 2829
f 2389 2396 2829
f 2395 2829 2396
f 2397 2830 2023
f 1793 2830 1792
f 2023 2830 1793
f 2387 2831 2817
f 2831 2024 2025
f 2396 2831 2025
f 2817 2831 2396
f 1797 2832 2033
f 2399 2832 1797
f 2439 2441 2833
f 2399 2833 2441
f 2439 2833 2035
f 2035 2833 2399
f 1797 1796 2834
f 2834 2402 1797
f 2401 2034 2835
f 2404 2835 2407
f 2401 2835 2400
f 2404 2400 2835
f 2836 2405 1744
f 1745 2836 1744
f 2181 2836 1745
f 2411 2837 2412
f 2412 2837 2414
f 2038 2837 2039
f 2837 2411 2039
f 2414 2837 2413
f 2838 2415 2839
f 2415 2838 1876
f 2036 2840 2037
f 2037 2840 2841
f 2036 1683 2840
f 2033 2840 1683
f 2410 2842 2409
f 2842 2408 2409
f 2410 2037 2842
f 2841 2842 2037
f 2408 2842 2194
f 2843 2194 2842
f 2841 2843 2842
f 2839 2844 2417
f 2415 2844 2839
f 2415 2411 2844
f 2411 1914 2844
f 2416 2844 1914
f 2417 2844 2416
f 2417 2845 2839
f 2846 2847 2843
f 2193 2847 2417
f 2417 2847 2845
f 2845 2847 2846
f 2194 2847 2193
f 2843 2847 2194
f 2848 2418 2043
f 2444 2848 2043
f 2418 2848 2403
f 2035 2848 2439
f 2400 2848 2035
f 2403 2848 2400
f 2420 2849 2421
f 2770 2849 2420
f 2422 2850 2048
f 2851 2047 2046
f 2427 2851 2046
f 2056 2057 2852
f 2853 2852 2057
f 2054 2056 2852
f 2852 2853 2054
f 2422 2047 2854
f 2851 2854 2047
f 2432 2855 2052
f 2054 2855 2432
f 2854 2855 2853
f 2345 2856 1801
f 2423 1801 2856
f 2857 2427 2046
f 2083 2858 2084
f 2426 2858 2083
f 2858 2857 2084
f 2427 2859 1804
f 2858 2426 2859
f 2315 2860 2861
f 2860 2432 2861
f 2432 2860 2315
f 2051 2862 2431
f 2433 2862 2051
f 2433 2049 2862
f 2419 2862 2049
f 2419 2041 2862
f 2040 2862 2041
f 2431 2862 2040
f 2054 2863 1842
f 2435 1842 2863
f 2435 2863 2054
f 2440 2864 2444
f 2848 2444 2864
f 2060 1808 2865
f 2443 2865 1808
f 2865 2443 1816
f 1816 1807 2865
f 2060 2865 1807
f 1816 2866 2059
f 2059 2866 1690
f 2086 1690 2866
f 2086 2866 2460
f 2866 2458 2460
f 2449 2867 2868
f 2447 2867 2449
f 2868 2869 2449
f 2445 2870 2442
f 2442 2870 2867
f 2867 2870 2868
f 2447 2446 2871
f 2448 2449 2872
f 2450 2872 2873
f 2869 2872 2449
f 2869 2873 2872
f 2450 2873 2874
f 2450 2874 2443
f 2443 2874 1816
f 1816 2874 2866
f 2458 2874 2873
f 2866 2874 2458
f 2459 2875 2082
f 2083 2875 2425
f 2875 2083 2082
f 2461 2876 2877
f 2462 2876 2082
f 2876 2462 2877
f 2459 2082 2876
f 2459 2876 2460
f 2461 2460 2876
f 2461 2878 2086
f 2085 2878 1697
f 2085 2086 2878
f 2463 1697 2878
f 2461 2877 2879
f 2461 2879 2878
f 2878 2879 2463
f 2465 2880 2466
f 2464 2880 2465
f 2824 2881 2468
f 2324 2881 2323
f 2882 2011 2010
f 2011 2882 2471
f 2805 2882 2010
f 2369 2882 2805
f 2471 2883 2821
f 2368 2883 2369
f 2883 2882 2369
f 2882 2883 2471
f 2822 2821 2883
f 2342 2884 2343
f 2474 2885 2393
f 2393 2885 2472
f 2886 2887 2888
f 2885 2887 2886
f 2888 2889 2477
f 2887 2889 2888
f 2890 2475 1674
f 1673 2890 1674
f 2480 2891 2479
f 2891 2477 2479
f 2891 2888 2477
f 2480 2892 2891
f 2477 2893 2478
f 2482 2893 2483
f 2478 2893 2481
f 2475 2894 2087
f 2890 2894 2475
f 2894 2890 2895
f 2896 2895 1673
f 2890 1673 2895
f 2485 2088 2897
f 2897 2486 2485
f 2088 1839 2897
f 1838 2897 1839
f 1838 1841 2897
f 2486 2897 1841
f 2486 2898 2485
f 2438 2898 2437
f 2898 2486 2437
f 2338 2899 2339
f 2900 2899 2338
f 2057 2901 2902
f 2901 2434 1842
f 2091 2901 1842
f 2902 2901 2091
f 2054 2901 2057
f 2434 2901 2054
f 2902 2091 2903
f 2424 2903 1802
f 2488 1802 2903
f 2488 2903 2091
f 2489 2904 1719
f 2491 2904 2489
f 1849 1719 2904
f 2100 1849 2904
f 2491 2100 2904
f 2138 2136 2905
f 2138 2906 2131
f 2905 2906 2138
f 2112 2907 2908
f 2908 2907 2126
f 2907 2508 2126
f 2908 2909 2112
f 2112 2909 2496
f 2497 2910 2507
f 2910 2506 2507
f 2712 2911 2912
f 2498 2913 2119
f 2499 2914 2498
f 2712 2914 1858
f 2912 2914 2712
f 2914 1856 1858
f 2914 2499 1856
f 2915 2916 2917
f 2917 2916 2918
f 2117 2119 2916
f 2915 2117 2916
f 2913 2916 2119
f 2918 2916 2913
f 2695 2694 2919
f 2307 2919 2308
f 2695 2919 2307
f 2497 2920 2125
f 2125 2920 2921
f 2497 2507 2920
f 2504 2920 2507
f 2249 2922 2113
f 2508 2922 2249
f 2772 2923 2513
f 2924 2923 2925
f 2514 2923 2924
f 2513 2923 2514
f 2518 2133 2926
f 1867 2927 1864
f 2927 2522 1864
f 2520 2141 2928
f 2522 2928 2141
f 2137 2132 2929
f 2525 2137 2929
f 2517 2929 2132
f 2525 2930 2143
f 2529 2931 2144
f 2238 2932 2933
f 2530 2932 2238
f 2934 2932 2530
f 2932 2934 2933
f 2628 2237 2935
f 2628 2935 2936
f 2934 2935 2933
f 2934 2937 2935
f 2935 2937 2936
f 2936 2938 2939
f 2937 2938 2936
f 2531 2938 2940
f 2940 2938 2937
f 1883 2941 1885
f 1731 2941 1732
f 1732 2941 1883
f 2536 2941 1731
f 2942 2941 2536
f 2943 2941 2942
f 2941 2943 1885
f 2154 2944 2544
f 2537 2944 2154
f 2943 2944 2537
f 2942 2544 2944
f 2943 2942 2944
f 2153 1886 2945
f 1886 1885 2945
f 2943 2945 1885
f 2945 2943 2537
f 2539 2946 2540
f 2946 2163 1900
f 2543 2947 1749
f 2543 2544 2947
f 2942 2947 2544
f 1749 2947 2536
f 2536 2947 2942
f 1896 1893 2948
f 2545 2948 1893
f 2545 2153 2948
f 2945 2948 2153
f 2155 2949 2546
f 2546 2949 2249
f 2156 2950 1889
f 2547 2950 2156
f 2547 1736 2950
f 2548 2950 1736
f 2548 2541 2950
f 1889 2950 2542
f 2541 2542 2950
f 2413 2951 1919
f 2951 2548 1919
f 2549 2157 2952
f 2549 2952 1892
f 2952 2553 1892
f 2553 2952 2561
f 2550 2953 2158
f 2953 2094 1633
f 1729 2953 1633
f 2158 2953 1729
f 2550 2159 2954
f 2551 2954 2159
f 2552 2955 2157
f 2558 2557 2956
f 2239 2956 2240
f 2559 2956 2239
f 2558 2956 2559
f 2957 2240 2956
f 2957 2956 2557
f 2554 2958 2560
f 2560 2958 2161
f 2160 1894 2958
f 2161 2958 1894
f 2553 2959 1903
f 2161 1903 2959
f 2560 2161 2959
f 2561 2959 2553
f 2560 2959 2561
f 2960 2168 1899
f 1898 2960 1899
f 2166 2960 1898
f 2179 2961 2180
f 2962 2961 2963
f 2964 2175 2178
f 2964 2963 2965
f 2182 2966 1910
f 2117 2966 2182
f 2915 2967 2117
f 2183 1911 2967
f 2967 2574 2183
f 2184 2968 2578
f 2574 2968 2184
f 2578 2968 2577
f 2969 2575 2576
f 2575 2969 2174
f 2187 2970 2568
f 2962 2970 2187
f 2178 2970 2964
f 2962 2963 2970
f 2964 2970 2963
f 2575 2971 2578
f 2316 2971 2575
f 2315 2972 2316
f 2972 2971 2316
f 2187 2973 2185
f 2973 2581 2185
f 2187 2568 2973
f 2566 2973 2568
f 2581 2973 2566
f 2584 2974 2570
f 2570 2974 2965
f 2965 2974 2572
f 2572 2974 1747
f 2584 1747 2974
f 1676 1652 2975
f 2975 2585 1676
f 1743 2975 1652
f 1743 1741 2975
f 2585 2975 1741
f 2588 2976 2204
f 2204 2976 2590
f 2977 2978 2206
f 2594 2206 2978
f 2594 2978 2209
f 2978 2331 2210
f 2331 2978 2977
f 2209 2978 2210
f 2979 2980 2596
f 2219 2981 1929
f 1929 2982 2222
f 2979 2983 2982
f 2279 2984 2280
f 2599 2280 2984
f 2279 1993 2984
f 2599 2984 2217
f 2985 2986 2987
f 2988 2985 2987
f 1933 2989 1935
f 1935 2989 2609
f 2602 2990 1932
f 2601 2990 2602
f 2987 2991 2224
f 2986 2991 2987
f 2990 2991 2986
f 1871 2991 1869
f 2224 2991 1871
f 2601 1869 2991
f 2990 2601 2991
f 2224 2992 2987
f 2988 2987 2992
f 2993 2992 2600
f 2988 2992 2993
f 2603 1932 2994
f 2603 2994 2613
f 2608 2606 2995
f 2608 2995 2996
f 2997 2996 2995
f 2532 2995 2533
f 2997 2995 2532
f 2996 2998 2608
f 2135 2998 2519
f 2608 2998 2135
f 2999 3000 3001
f 2215 3002 2216
f 3003 3002 2215
f 3004 3003 2215
f 1751 3004 1752
f 3005 3006 2609
f 3006 2610 2609
f 2610 3006 3007
f 2613 3008 2611
f 3009 3008 3010
f 3008 2994 3010
f 2994 3008 2613
f 2994 3011 3010
f 3012 3013 3014
f 3012 3014 3015
f 3015 2612 2611
f 2612 3015 3014
f 3013 3016 3014
f 3017 3016 3013
f 2612 3018 2613
f 2603 2613 3018
f 2602 3018 2228
f 2603 3018 2602
f 2616 3019 2614
f 3015 2611 3020
f 3021 2634 2619
f 3021 2331 2977
f 2620 3022 2621
f 3022 2620 2615
f 2615 2614 3022
f 3023 2623 2621
f 3024 3023 2621
f 2589 3025 2236
f 2627 3026 2629
f 2629 3026 2241
f 2241 3026 2625
f 2237 3027 1937
f 3027 2626 1937
f 2628 3027 2237
f 2626 3027 2628
f 2512 3028 2631
f 2631 3028 2632
f 1947 3028 2512
f 2243 3028 1947
f 2505 3029 2243
f 2504 3029 2505
f 2632 3029 2504
f 3029 3028 2243
f 3028 3029 2632
f 2593 3030 2633
f 2633 3030 2630
f 2593 2124 3030
f 2630 3030 2124
f 2592 3031 2122
f 2593 3031 2592
f 2206 3032 2977
f 2244 3032 2206
f 2977 3032 3021
f 2634 3032 2635
f 3021 3032 2634
f 3033 2646 2263
f 2646 3033 2264
f 16 3034 8
f 17 3034 16
f 3035 2267 1969
f 3035 2268 2267
f 14 3035 1969
f 82 3035 14
f 2648 3035 82
f 3036 2643 1979
f 3035 3036 2268
f 3035 2648 3036
f 2643 3036 1958
f 2648 1958 3036
f 2649 3036 1979
f 2268 3036 2649
f 2650 3037 2652
f 3037 2650 2272
f 2777 3037 2272
f 2776 2652 3037
f 2777 2776 3037
f 2654 2655 3038
f 2276 3038 2655
f 2275 3038 2276
f 2275 1769 3038
f 2273 3038 1769
f 2654 3038 2273
f 2279 652 640
f 652 407 640
f 407 652 2279
f 2660 3039 2285
f 2660 2659 3039
f 2286 3040 2282
f 3040 2286 2285
f 3039 3040 2285
f 3041 3040 2659
f 3039 2659 3040
f 2356 3042 3043
f 3041 3043 3042
f 3043 3041 2659
f 2666 3043 2659
f 2666 3044 2658
f 2667 3045 2661
f 2664 2661 3045
f 1971 1970 3045
f 1970 2665 3045
f 2664 3045 2665
f 2288 1971 3045
f 3045 2667 2288
f 2222 3046 2668
f 2982 3046 2222
f 2668 3046 2983
f 3046 2982 2983
f 1970 3047 2665
f 2670 3047 1970
f 3048 1756 1974
f 1756 3048 1975
f 1975 3048 1972
f 2671 1972 3048
f 2293 3049 3050
f 2671 3050 3049
f 3048 3050 2671
f 2293 3050 1974
f 3050 3048 1974
f 2293 3051 3049
f 3052 3051 2293
f 3052 3053 2677
f 2672 2677 3053
f 2293 3053 3052
f 2672 3053 2293
f 2365 3054 2366
f 2596 3055 2979
f 2668 3056 2291
f 2676 2291 3056
f 2668 2983 3056
f 3057 3056 2983
f 2676 3056 3058
f 3056 3057 3058
f 275 3059 757
f 757 1023 759
f 2678 759 1023
f 3059 1023 757
f 272 744 3060
f 272 3061 757
f 275 3061 272
f 757 3061 275
f 744 3062 1046
f 1046 3062 1265
f 2679 3062 744
f 1265 3062 2679
f 2211 3063 2595
f 2681 3063 2211
f 2297 3063 2296
f 3063 2681 2296
f 2688 3064 2690
f 2692 3064 3065
f 3064 2689 2690
f 2689 3064 2692
f 3064 3066 3065
f 3066 3064 2688
f 256 3067 254
f 254 3067 257
f 3068 2698 2700
f 2698 3068 2699
f 3069 2699 3068
f 2310 3070 2301
f 3070 2703 2301
f 3070 2310 3071
f 3072 3070 3071
f 3073 3074 2311
f 2311 3074 2312
f 2692 3065 3075
f 3076 3077 3073
f 2703 3078 3065
f 3070 3072 3078
f 3070 3078 2703
f 2725 3079 3080
f 3079 3081 3080
f 3081 3079 3082
f 3081 3082 3083
f 2968 3084 2577
f 2968 2574 3084
f 2714 3085 2715
f 2714 2716 3085
f 3085 2724 2715
f 2724 3085 2716
f 3086 2721 2317
f 2721 3086 2722
f 2723 2318 3087
f 2723 3087 2720
f 2724 3088 2715
f 2312 3089 2724
f 3089 3088 2724
f 3088 3089 2715
f 2715 3089 2309
f 2309 3089 3090
f 2725 3080 3091
f 2707 3091 3080
f 2707 2706 3091
f 3071 3091 2706
f 2310 3091 3071
f 2725 3091 2310
f 2305 3092 2317
f 2726 3092 2305
f 2726 2317 3092
f 2688 3093 2304
f 2726 2304 3093
f 3093 2688 2690
f 475 476 1639
f 476 475 3094
f 474 475 1639
f 2317 3095 474
f 2730 42 3096
f 102 3096 42
f 39 3096 102
f 1834 3096 39
f 2320 3097 2500
f 2730 3097 2320
f 3097 2730 2500
f 2735 3098 2326
f 2735 2731 3098
f 2321 3099 2735
f 2735 3099 3100
f 3100 3099 3101
f 2825 3099 2321
f 3101 3099 2825
f 2731 3102 2732
f 2735 3102 2731
f 38 3103 39
f 2737 3103 38
f 39 3103 1834
f 106 264 2329
f 1660 35 264
f 2739 264 35
f 268 3104 2736
f 2736 3104 2328
f 3104 2738 2328
f 2741 1991 3105
f 2333 3105 1991
f 2333 2332 3105
f 2744 3105 2332
f 120 118 514
f 2742 514 118
f 2743 3106 2330
f 2742 3106 2743
f 120 2330 3106
f 118 120 3106
f 118 3106 2742
f 3107 2744 2245
f 2247 3107 2245
f 2746 3107 2247
f 2744 3107 2743
f 185 3108 121
f 3109 3110 2745
f 3107 3110 2743
f 2745 3110 2746
f 3107 2746 3110
f 3111 185 122
f 185 3111 3108
f 3108 3111 3109
f 774 3111 122
f 2743 3111 774
f 3110 3111 2743
f 3111 3110 3109
f 3004 3112 1752
f 2215 2217 3112
f 2215 3112 3004
f 3113 3114 3115
f 2482 3116 2893
f 2102 3117 2103
f 2750 3117 2064
f 3117 2756 2064
f 2756 3117 2102
f 2104 3118 2752
f 2068 3118 2104
f 2753 3118 2068
f 2757 3119 2337
f 2337 3119 2758
f 2758 3119 1685
f 1820 1685 3119
f 1829 1820 3119
f 2760 2766 3120
f 2761 3121 2762
f 3122 3121 3123
f 2764 2763 3124
f 2764 3124 2341
f 2481 3125 2480
f 3122 3125 2481
f 3122 3123 3125
f 3122 2481 3126
f 3126 3116 3113
f 3126 3113 3115
f 2762 3127 1771
f 3121 3127 2762
f 3122 3127 3121
f 3126 3115 3127
f 3126 3127 3122
f 2749 1771 3127
f 2767 3128 2768
f 3124 3128 2341
f 2342 2341 3128
f 3128 2767 2342
f 2347 2348 3129
f 2347 3129 2768
f 3129 2849 2770
f 3120 3129 2770
f 2421 3129 2348
f 2849 3129 2421
f 2768 3129 2766
f 3120 2766 3129
f 3130 2283 2282
f 2283 3130 2774
f 3131 2775 2655
f 2651 2652 3131
f 2651 3131 2655
f 2777 3132 2778
f 2774 3132 2777
f 2778 3132 3133
f 3133 3132 2774
f 3134 3135 3136
f 2514 2924 3137
f 2514 3137 2362
f 2783 3138 2802
f 2783 2782 3138
f 3139 3140 3141
f 2786 3140 2792
f 2358 3142 2793
f 2357 3142 2358
f 2773 3142 2357
f 2674 3143 2675
f 2675 3143 2798
f 2785 3144 3145
f 2785 2784 3146
f 2804 3146 2782
f 3144 2785 3146
f 3144 3146 2804
f 2808 3147 2470
f 2471 2821 3147
f 2471 3147 2012
f 3147 2808 2012
f 2811 2377 3148
f 3149 3150 3151
f 2809 3152 2795
f 3153 2799 3152
f 3154 2374 3155
f 2811 3155 2374
f 3156 2373 3157
f 2372 3157 2373
f 2810 2376 3157
f 2810 3157 2372
f 3157 2376 3158
f 3159 3160 2373
f 3160 3159 3161
f 2359 3162 2361
f 3160 3163 2373
f 2359 1854 3163
f 2359 3163 3162
f 3162 3163 3160
f 1854 2107 3163
f 2373 3163 2107
f 2820 2819 3164
f 3165 3164 2819
f 3166 3164 3165
f 3164 3166 2368
f 2820 3164 2368
f 2020 1790 3167
f 2020 3167 2820
f 2391 3167 1790
f 2392 3167 2391
f 2820 3167 2392
f 3168 3169 3170
f 2823 3168 3171
f 2822 3168 2823
f 2823 3172 2821
f 2824 2470 3172
f 3147 2821 3172
f 3147 3172 2470
f 2825 2323 3173
f 2824 3174 3173
f 3172 2823 3174
f 3172 3174 2824
f 2021 3175 2391
f 2826 3175 2021
f 2391 3175 1785
f 2826 1785 3175
f 2815 3176 2397
f 2397 3176 2830
f 2830 3177 1792
f 1792 3177 2013
f 2013 3177 1778
f 1778 3177 1767
f 2024 3178 2397
f 2831 3178 2024
f 2397 3178 2816
f 2816 3178 2387
f 2831 2387 3178
f 2402 3179 2034
f 2835 2034 3179
f 2834 3179 2402
f 2834 1796 3179
f 1796 2032 3179
f 2405 3179 2032
f 2432 3179 2405
f 3180 3179 2432
f 3180 2432 3181
f 2432 2407 3181
f 2835 3181 2407
f 3181 3179 3180
f 3179 3181 2835
f 2836 3182 2405
f 2432 3182 2861
f 2432 2405 3182
f 2838 3183 1876
f 2872 3184 2448
f 2872 2450 3184
f 2838 3185 3183
f 1809 1846 3185
f 1817 1809 3185
f 3186 3185 1846
f 3183 3185 3186
f 2446 3187 2846
f 3187 2845 2846
f 2448 3187 2446
f 3184 3187 2448
f 2850 2424 3188
f 2850 3189 2424
f 2903 2424 3189
f 2903 3189 2902
f 2428 3190 2427
f 3190 2851 2427
f 2853 3191 2054
f 2855 2054 3191
f 2855 3191 2853
f 2084 3192 2462
f 2857 3192 2084
f 2346 3193 2007
f 2426 2425 3194
f 2859 2426 3194
f 2425 1805 3194
f 2427 3195 2859
f 2859 3195 2858
f 2440 2439 3196
f 2864 2440 3196
f 2848 3196 2439
f 2864 3196 2848
f 2444 3197 2445
f 2444 2043 3197
f 2869 2868 3198
f 2875 3198 2425
f 2445 3199 2870
f 3197 3199 2445
f 3197 2043 3199
f 2043 1803 3199
f 1803 1805 3199
f 2399 3200 2871
f 2871 3200 2447
f 2399 2441 3200
f 2442 3200 2441
f 2867 3200 2442
f 2867 2447 3200
f 2832 2399 3201
f 2871 3201 2399
f 2832 3201 2033
f 2033 3201 2840
f 2871 2840 3201
f 2871 3202 2840
f 2843 3202 2846
f 2846 3202 2446
f 2871 2446 3202
f 2841 3202 2843
f 2840 3202 2841
f 2487 1836 3203
f 2467 3203 1836
f 2467 2466 3203
f 2880 3203 2466
f 2733 3204 2734
f 2880 2734 3204
f 2733 2732 3204
f 3102 3204 2732
f 2468 3205 2469
f 2881 3205 2468
f 2324 2469 3205
f 2881 2324 3205
f 3206 2881 2824
f 3173 3206 2824
f 2881 3206 2323
f 3173 2323 3206
f 3207 2883 2368
f 2883 3207 2822
f 3166 3207 2368
f 2884 3208 2472
f 2392 3208 2819
f 2472 3208 2392
f 2884 3209 2343
f 2888 3209 2886
f 3209 2884 2472
f 2885 2886 3209
f 2885 3209 2472
f 3210 3211 2759
f 3211 2769 2766
f 2760 3211 2766
f 3211 2760 2759
f 2889 2887 3212
f 2887 2885 3212
f 2473 3212 2474
f 2885 2474 3212
f 2893 2477 3213
f 2893 3213 2483
f 2891 3214 2888
f 3209 3214 2343
f 3214 3209 2888
f 2891 2892 3214
f 2344 2343 3214
f 2344 3214 2892
f 2485 3215 2089
f 3216 3215 2485
f 2089 3215 2090
f 3216 2900 3215
f 2338 2090 3215
f 2338 3215 2900
f 3216 2485 3217
f 2898 3217 2485
f 2487 3217 1833
f 3216 3217 2487
f 2438 1833 3217
f 2898 2438 3217
f 2899 2900 3218
f 3216 3218 2900
f 3218 3216 2487
f 3203 3218 2487
f 2494 2139 3219
f 2521 3219 2139
f 2906 3220 3221
f 2906 2905 3220
f 3222 3220 2905
f 2771 3223 2772
f 3224 2515 2516
f 2906 3221 3225
f 3225 2128 2131
f 2906 3225 2131
f 2351 2129 3226
f 2351 3226 2516
f 3226 3224 2516
f 3224 3226 3227
f 3228 1715 1714
f 2493 3228 1714
f 2113 3229 2112
f 3229 2907 2112
f 2922 3229 2113
f 2907 3229 2508
f 3229 2922 2508
f 2496 3230 2121
f 3230 2120 2121
f 2120 3230 2499
f 2509 3231 3232
f 2709 3233 2712
f 2911 2712 3233
f 3234 3233 2709
f 2912 3235 2914
f 2717 3236 2313
f 3236 3237 2311
f 3236 2311 2313
f 2718 3238 2919
f 2921 2501 3238
f 2919 3238 2308
f 3238 2502 2308
f 2502 3238 2501
f 2920 3239 2921
f 2921 3239 2501
f 2504 2123 3239
f 2920 2504 3239
f 3239 2503 2501
f 2503 3239 2123
f 2517 3240 2926
f 2127 2350 3240
f 2130 2127 3240
f 2130 3240 2517
f 2926 3241 2518
f 1860 3241 2350
f 2518 3241 1860
f 3241 3240 2350
f 3240 3241 2926
f 3242 3243 3244
f 3245 3243 3246
f 2928 2522 3247
f 2928 3247 2520
f 2520 3247 2521
f 3248 3249 1867
f 2927 1867 3249
f 3247 2522 3249
f 2927 3249 2522
f 2925 3246 3250
f 2925 3250 2924
f 3249 3251 3247
f 2930 3252 2143
f 2143 3252 1868
f 2526 1868 3252
f 2929 3253 2525
f 2930 2525 3253
f 1875 3254 1873
f 3254 3253 1873
f 3253 3254 2930
f 2939 3255 2936
f 2936 3255 2628
f 2627 3255 3256
f 2627 2628 3255
f 3257 2931 3258
f 2240 3259 2530
f 3260 3259 2240
f 3261 3262 2940
f 2937 3261 2940
f 3261 2937 2934
f 2934 2530 3263
f 3259 3263 2530
f 3263 3259 3260
f 3263 3261 2934
f 3261 3263 3262
f 2935 3264 2933
f 2935 2237 3264
f 3264 2238 2933
f 2238 3264 2237
f 2607 3265 2606
f 2995 3265 2533
f 3265 2995 2606
f 2539 3266 2946
f 2539 2541 3266
f 2562 3266 2541
f 2163 3266 2562
f 2946 3266 2163
f 1904 2540 3267
f 2946 3267 2540
f 2162 1904 3267
f 2162 3267 1900
f 3267 2946 1900
f 2945 2537 3268
f 2945 3268 2948
f 2537 1896 3268
f 2948 3268 1896
f 2155 2251 3269
f 3269 2949 2155
f 2249 3269 2251
f 2949 3269 2249
f 2951 2413 3270
f 2951 3270 2168
f 2168 3270 1724
f 2837 3270 2413
f 2038 1724 3270
f 3270 2837 2038
f 2951 3271 2548
f 2168 3271 2951
f 2953 2550 3272
f 3272 2954 2092
f 2954 3272 2550
f 2092 2093 3272
f 2094 3272 2093
f 2953 3272 2094
f 2165 3273 2551
f 2551 3273 2954
f 1730 1705 3273
f 1898 3273 2167
f 1898 1730 3273
f 2092 3273 1705
f 2954 3273 2092
f 2555 3274 2556
f 2955 2556 3274
f 2955 3274 2157
f 2952 2157 3274
f 3274 2555 2561
f 2952 3274 2561
f 3275 2552 2528
f 3275 2955 2552
f 2531 2940 3276
f 3277 2958 2554
f 2160 3277 2557
f 2958 3277 2160
f 2957 2557 3278
f 3277 3278 2557
f 2570 3279 2179
f 2965 3279 2570
f 2179 3279 2961
f 2961 3279 2963
f 2965 2963 3279
f 2572 3280 2965
f 2572 1734 3280
f 2964 3280 2175
f 2965 3280 2964
f 3281 1910 3282
f 2966 3282 1910
f 3281 3282 2117
f 2117 3282 2966
f 2117 3283 3281
f 2967 3283 2117
f 2967 1911 3283
f 2970 3284 2568
f 2567 2568 3284
f 3284 2970 2178
f 2177 3284 2178
f 2567 3284 2177
f 2962 2187 3285
f 2971 3285 2578
f 2184 2578 3285
f 2187 2184 3285
f 2972 3286 2971
f 3285 3286 2962
f 2971 3286 3285
f 2961 2962 3286
f 2961 3286 2180
f 2180 3286 2972
f 2976 3287 2636
f 2619 3287 2617
f 2617 3287 2588
f 2976 2588 3287
f 2634 2636 3287
f 2634 3287 2619
f 2593 3288 2636
f 2636 3288 2976
f 2593 1946 3288
f 2590 3288 1946
f 2976 3288 2590
f 3289 2980 2979
f 2596 3290 1859
f 2980 3290 2596
f 2993 3290 2980
f 2600 1859 3290
f 2600 3290 2993
f 1929 3291 3292
f 2981 3291 1929
f 3292 3293 1929
f 1929 3293 2982
f 3292 2979 3293
f 2982 3293 2979
f 3109 2745 3294
f 2745 1752 3294
f 3112 3294 1752
f 3295 3296 3297
f 3001 3298 2999
f 3296 3299 2985
f 3295 3299 3296
f 2985 3299 2986
f 3300 2992 2224
f 2600 3300 2135
f 2992 3300 2600
f 2223 3300 2224
f 2223 2604 3300
f 2608 3300 2604
f 2608 2135 3300
f 3001 3301 3005
f 3301 3302 3303
f 3000 3301 3001
f 3301 3000 3302
f 3000 2999 3304
f 1944 3304 1751
f 3000 3305 3302
f 3023 3305 1944
f 3306 3004 1751
f 2988 2993 3307
f 2980 3307 2993
f 3289 3307 2980
f 3308 3307 3289
f 3309 3310 3303
f 3005 3310 3006
f 3310 3301 3303
f 3301 3310 3005
f 3006 3311 3007
f 3310 3309 3311
f 3310 3311 3006
f 3312 3009 3010
f 3011 3312 3010
f 3007 3313 2610
f 3314 3315 2230
f 1936 1656 3316
f 2625 3317 1655
f 3318 3317 2625
f 3017 3319 3016
f 3016 3319 2227
f 2227 3319 2145
f 2529 2145 3319
f 3320 3018 2612
f 2612 3014 3320
f 3016 3320 3014
f 3016 2227 3320
f 2228 3320 2227
f 3018 3320 2228
f 3019 3321 2614
f 3309 3303 3321
f 3311 3322 3007
f 3015 3323 3012
f 3020 3323 3015
f 2618 3324 2619
f 3324 3021 2619
f 3021 3324 2331
f 2621 3325 3024
f 3022 3325 2621
f 3325 3302 3024
f 3302 3325 3303
f 3022 2614 3325
f 3321 3303 3325
f 3321 3325 2614
f 3023 3326 2623
f 2623 3326 2247
f 1753 3326 1944
f 1944 3326 3023
f 2746 3326 1753
f 2247 3326 2746
f 2624 3327 2616
f 3327 2624 2234
f 2234 2236 3327
f 2625 3328 3318
f 3026 3328 2625
f 3256 3258 3329
f 3031 2593 3330
f 3031 3331 2122
f 3032 2244 3332
f 3032 3332 2635
f 2265 3333 2263
f 3333 3033 2263
f 2264 3333 2265
f 3033 3333 2264
f 3334 2647 8
f 3034 3334 8
f 1966 3335 17
f 3034 17 3335
f 1963 3335 1966
f 2260 3335 1963
f 3334 3335 2260
f 3334 3034 3335
f 3041 3042 3336
f 3336 3040 3041
f 2666 2657 3337
f 3337 3043 2666
f 3043 3337 2356
f 2357 3337 2657
f 2357 2356 3337
f 2673 2355 3338
f 2658 3338 2355
f 3044 3338 2658
f 2669 3339 2670
f 3339 3047 2670
f 3047 3339 2665
f 2662 2665 3339
f 2662 3339 2663
f 3340 2663 3339
f 3340 3341 2663
f 2666 3341 3044
f 3341 2659 2663
f 3341 2666 2659
f 3342 2673 3343
f 3338 3343 2673
f 3044 3343 3338
f 3344 3345 3346
f 3347 3348 3058
f 2676 3348 2677
f 3348 2676 3058
f 3349 2677 3348
f 3350 3351 3346
f 3347 3351 3350
f 3351 3347 3058
f 3057 3351 3058
f 3051 3352 3049
f 3352 3051 3052
f 3352 3052 2677
f 3349 3352 2677
f 3353 3352 3349
f 2800 3354 2367
f 2367 3354 2365
f 3354 3054 2365
f 2674 2673 3355
f 3342 3355 2673
f 3356 3347 3350
f 3357 3356 3350
f 3355 3342 3356
f 3355 3356 3357
f 3055 3358 3344
f 2596 2363 3358
f 3055 2596 3358
f 3359 3057 2983
f 2979 3359 2983
f 3055 3359 2979
f 3055 3344 3360
f 3360 3351 3057
f 3359 3360 3057
f 3359 3055 3360
f 3344 3346 3360
f 3351 3360 3346
f 275 272 3361
f 3361 3059 275
f 2678 3362 2298
f 1986 2298 3362
f 1023 3362 2678
f 3059 3362 1023
f 1986 3362 2300
f 3060 1018 274
f 3361 272 274
f 746 3060 744
f 1018 1019 3363
f 3060 1019 1018
f 3059 3364 3362
f 3063 3365 2595
f 2704 2595 3365
f 2704 3365 2705
f 2705 3365 1987
f 2680 1987 3365
f 2680 3365 2297
f 3365 3063 2297
f 2688 2685 3366
f 3066 2688 3366
f 3076 3367 3077
f 469 3368 769
f 3067 3368 469
f 289 769 3368
f 289 3368 256
f 3368 3067 256
f 2693 3369 469
f 3369 3067 469
f 3369 3370 3067
f 2697 3371 2701
f 2705 3372 2700
f 3373 3372 3374
f 3373 3375 3372
f 3069 3376 3375
f 3068 3376 3069
f 3372 3375 3376
f 3074 3377 2312
f 2706 3377 3071
f 3072 3071 3377
f 3072 3377 3074
f 3378 3379 2696
f 3379 3378 2702
f 2695 3378 2696
f 2702 3378 2695
f 3379 2702 3380
f 3073 3380 3076
f 3379 3380 3237
f 3073 2311 3380
f 3237 3380 2311
f 3077 3381 3073
f 3078 3072 3381
f 3074 3073 3381
f 3074 3381 3072
f 1987 3382 2705
f 2705 3382 3383
f 2705 3384 3385
f 3383 3384 2705
f 3079 3386 3082
f 3386 2720 2722
f 3080 3387 2707
f 3081 3387 3080
f 3388 2713 2115
f 2174 3388 2115
f 2969 3388 2174
f 3388 2969 2576
f 2577 3388 2576
f 3084 3388 2577
f 2967 3389 2574
f 3084 2574 3389
f 2967 2915 3389
f 2917 3389 2915
f 3084 3389 3390
f 3391 3387 3081
f 2320 3392 2319
f 2500 3392 2320
f 2713 3392 2500
f 3393 3392 2713
f 3390 3394 3395
f 3082 3396 3083
f 3386 3396 3082
f 3086 3396 2722
f 2722 3396 3386
f 2317 2319 3397
f 2721 3398 2318
f 3087 2318 3398
f 2720 3398 2721
f 3087 3398 2720
f 3399 3089 2312
f 3377 3399 2312
f 3377 2706 3399
f 2706 2708 3399
f 2710 3399 2708
f 3089 3399 2710
f 3089 3400 3090
f 3400 3089 2710
f 3090 3400 2309
f 3400 2710 2309
f 3094 3401 476
f 3093 3402 2726
f 3403 2317 2727
f 1834 3404 2464
f 2880 2464 3404
f 2880 3404 2734
f 3405 1834 3406
f 2326 3407 2322
f 106 1660 3408
f 264 3408 1660
f 106 3408 264
f 2740 3409 2739
f 3409 264 2739
f 2740 2329 3409
f 264 3409 2329
f 268 481 3104
f 3104 481 2738
f 741 481 1764
f 2738 481 741
f 3105 3410 2741
f 294 298 3410
f 294 3410 2330
f 516 3410 298
f 2741 3410 516
f 2744 2330 3411
f 3105 2744 3411
f 3410 3411 2330
f 3411 3410 3105
f 3412 643 121
f 3108 3412 121
f 642 3412 1993
f 643 3412 642
f 3108 3109 3412
f 3294 3412 3109
f 3413 3117 2750
f 3117 3413 2103
f 3413 3414 2103
f 3114 3415 3115
f 3415 3127 3115
f 3127 3415 2749
f 2749 3415 1667
f 2893 3416 2481
f 3116 3416 2893
f 3126 2481 3416
f 3126 3416 3116
f 3113 3417 3114
f 3418 3417 3113
f 3413 3114 3417
f 3418 3419 3417
f 3414 3417 3419
f 3413 3417 3414
f 2752 3420 1853
f 2106 3420 1670
f 3420 2106 1853
f 3421 3422 1668
f 3421 1668 1670
f 3420 3421 1670
f 3118 2753 3423
f 3419 3423 3414
f 2101 3423 2005
f 2753 2005 3423
f 2103 3423 2101
f 3414 3423 2103
f 3119 3424 1829
f 2099 3424 2070
f 2099 1829 3424
f 2757 2070 3424
f 3424 3119 2757
f 3120 3425 2760
f 2760 3425 2090
f 2770 3425 3120
f 3425 2770 2090
f 3121 3426 3123
f 3426 3125 3123
f 3125 3426 2480
f 2480 3426 2892
f 2764 3427 2761
f 3121 2761 3427
f 3426 3121 3427
f 3426 3427 2892
f 2892 3427 2344
f 3427 2764 2344
f 3124 2763 3428
f 3428 2346 2006
f 2765 3428 2763
f 2346 3428 2765
f 2347 3429 2006
f 2006 3429 3428
f 3428 3429 3124
f 3429 3128 3124
f 2768 3429 2347
f 3128 3429 2768
f 3153 3430 3431
f 3130 3432 2774
f 3336 3432 3040
f 3040 3432 2282
f 3432 3130 2282
f 2774 3432 3133
f 3433 3133 3432
f 3336 3433 3432
f 3131 3434 2775
f 2776 3434 2652
f 3434 3131 2652
f 2776 2780 3434
f 2524 3435 1866
f 3435 2524 2788
f 3436 3437 3135
f 2792 3437 2790
f 3438 3437 3436
f 2790 3437 3438
f 3135 3134 3439
f 3135 3439 3436
f 3436 3439 2789
f 2362 3440 3145
f 3137 3440 2362
f 3161 3441 3160
f 3162 3160 3441
f 2791 2790 3442
f 3140 3443 3141
f 3440 3443 3145
f 3443 3440 3141
f 3443 2785 3145
f 2785 3443 2786
f 2786 3443 3140
f 3140 3444 2792
f 3444 3437 2792
f 3437 3444 3135
f 3135 3444 3136
f 3139 3136 3444
f 3140 3139 3444
f 2793 3445 2675
f 3142 3445 2793
f 2353 3445 2354
f 2675 3445 2353
f 3446 3447 3448
f 3449 3448 3447
f 3449 3447 2780
f 3434 2780 3447
f 3148 2377 3450
f 2775 3450 1779
f 1779 3450 1777
f 2377 1777 3450
f 3451 2809 2797
f 2813 3451 2797
f 3149 3451 2813
f 3151 3451 3149
f 3449 3452 3448
f 3152 3453 2795
f 3143 3453 2798
f 2798 3453 2799
f 3453 3152 2799
f 2795 3453 2800
f 2800 3453 3143
f 3152 2809 3454
f 3152 3454 3153
f 3153 3454 3430
f 3454 3455 3430
f 3148 3456 2811
f 2811 3456 3155
f 3155 3456 3154
f 2375 3457 2376
f 3457 3158 2376
f 3157 3458 3156
f 3158 3458 3157
f 3149 3459 3150
f 3460 3150 3459
f 3159 3461 3161
f 3162 3462 2361
f 2789 2361 3462
f 3441 3438 3462
f 3441 3462 3162
f 3438 3436 3462
f 2789 3462 3436
f 3169 3463 3170
f 3165 3170 3463
f 3165 3463 3166
f 3463 3207 3166
f 3207 3463 2822
f 3168 2822 3464
f 3463 3464 2822
f 3168 3464 3169
f 3464 3463 3169
f 3173 3465 2825
f 3174 3465 3173
f 3465 3466 2825
f 3174 3466 3465
f 3100 3467 2339
f 3468 3176 2815
f 2000 3468 1997
f 2815 1997 3468
f 2000 1998 3468
f 3176 3468 2830
f 1768 3468 1998
f 1768 1767 3468
f 3177 3468 1767
f 3177 2830 3468
f 2861 3469 2315
f 3182 3469 2861
f 2972 3469 2180
f 2972 2315 3469
f 2181 2180 3469
f 2836 2181 3469
f 3182 2836 3469
f 3183 3186 3470
f 1877 3470 1846
f 3186 1846 3470
f 3471 3185 2838
f 3185 3471 1817
f 3184 2450 3471
f 2058 1817 3471
f 2450 2058 3471
f 3187 3184 3472
f 3472 3471 2838
f 3471 3472 3184
f 2838 2839 3472
f 2845 3472 2839
f 3187 3472 2845
f 3188 2424 3473
f 2345 2007 3474
f 3193 3474 2007
f 2850 2422 3475
f 3475 3189 2850
f 3190 3476 2851
f 2854 2851 3476
f 3476 2855 2854
f 3190 2428 3476
f 2428 2053 3476
f 2052 3476 2053
f 2855 3476 2052
f 2850 3477 2048
f 2046 3478 2857
f 3478 2046 2048
f 1818 3479 1642
f 1642 3479 1643
f 3479 1818 2453
f 3480 3479 2453
f 3481 3480 2453
f 2463 3481 2453
f 2879 3481 2463
f 2462 3482 2877
f 3192 3482 2462
f 3193 3483 3480
f 2765 1643 3483
f 3479 3483 1643
f 3483 3479 3480
f 2765 3483 2346
f 3193 2346 3483
f 1804 3484 1805
f 3484 3194 1805
f 2857 3485 2427
f 3485 3195 2427
f 2858 3485 2857
f 3195 3485 2858
f 3198 3486 2869
f 2873 3486 2458
f 2869 3486 2873
f 2459 2458 3486
f 2875 2459 3486
f 2875 3486 3198
f 2870 3487 2868
f 3198 2868 3487
f 3199 3487 2870
f 2425 3487 1805
f 3198 3487 2425
f 3488 3208 2884
f 2342 3488 2884
f 2767 2769 3488
f 2767 3488 2342
f 2819 3489 3165
f 3208 3489 2819
f 3488 2769 3489
f 3488 3489 3208
f 2473 2087 3490
f 2473 3490 3212
f 3491 3492 2895
f 3422 3491 3493
f 3422 3494 1668
f 3494 3422 3493
f 3491 3494 3493
f 3494 2896 1673
f 3494 1673 1671
f 1668 3494 1671
f 3495 3218 3203
f 3203 2880 3495
f 3204 3495 2880
f 3218 3495 2899
f 3219 3496 2494
f 3244 3496 2521
f 2521 3496 3219
f 2493 2492 3497
f 3497 3228 2493
f 2925 3498 3246
f 3498 3245 3246
f 3227 3499 3223
f 3225 3221 3499
f 3223 3500 3227
f 3227 3500 3224
f 2771 3500 3223
f 2771 2515 3500
f 3224 3500 2515
f 2128 3501 2129
f 3226 2129 3501
f 3225 3501 2128
f 3499 3501 3225
f 3226 3501 3227
f 3501 3499 3227
f 3502 1649 1637
f 1715 3502 1637
f 3228 3502 1715
f 2909 3503 2496
f 3503 3230 2496
f 3230 3504 2499
f 2910 2497 3504
f 3503 2910 3504
f 3503 3504 3230
f 2499 3504 1856
f 1856 3504 2497
f 3232 2909 3505
f 2909 2908 3505
f 3232 3506 2909
f 3503 2909 3506
f 3503 3506 2910
f 2910 3506 2506
f 2509 3507 3231
f 2511 3507 2509
f 3508 2913 2498
f 2914 3508 2498
f 3235 3508 2914
f 3394 3509 3510
f 3511 3235 2912
f 2911 3511 2912
f 3233 3234 3511
f 3233 3511 2911
f 3379 3512 2696
f 3379 3237 3512
f 3236 3513 3237
f 2919 3514 2718
f 3514 3513 2718
f 3513 3514 3237
f 2696 3514 2694
f 2919 2694 3514
f 3512 3514 2696
f 3512 3237 3514
f 3515 3238 2718
f 3238 3515 2921
f 2714 1857 3515
f 2714 3515 2718
f 2125 3515 1857
f 2921 3515 2125
f 3516 3250 3246
f 3243 3516 3246
f 3516 3243 3242
f 3248 3517 3249
f 3249 3517 3251
f 3251 3517 3134
f 3439 3134 3517
f 3251 3518 3247
f 3242 3244 3518
f 3244 2521 3518
f 3247 3518 2521
f 3519 3252 2930
f 3254 3519 2930
f 2517 3520 2929
f 2929 3520 3253
f 2926 3520 2517
f 3253 3520 1873
f 2133 1873 3520
f 2926 2133 3520
f 3257 2607 3521
f 3521 2605 1872
f 2605 3521 2607
f 2144 3521 1872
f 2931 3521 2144
f 3257 3521 2931
f 3257 3522 2607
f 3522 3265 2607
f 3257 3258 3523
f 3256 3523 3258
f 3255 3523 3256
f 2939 3523 3255
f 3522 3523 2939
f 3522 3257 3523
f 3524 3263 3260
f 2240 3524 3260
f 2957 3524 2240
f 3271 3525 2548
f 2562 3525 3271
f 2548 3525 2541
f 3525 2562 2541
f 3271 3526 2562
f 2562 3526 2164
f 2960 3526 2168
f 3526 3271 2168
f 2164 3526 2166
f 3526 2960 2166
f 2165 2167 3527
f 3273 3527 2167
f 3527 3273 2165
f 2556 3528 3529
f 2955 3530 2556
f 3530 3528 2556
f 2998 3531 2519
f 3531 2997 2532
f 2997 3531 2996
f 2998 2996 3531
f 1875 1874 3532
f 3533 1875 3532
f 2519 3532 1874
f 3531 3532 2519
f 3532 3534 3533
f 3534 3532 3531
f 2532 3534 3531
f 3262 3535 2940
f 3535 3276 2940
f 3529 3536 2556
f 2556 3536 2554
f 3277 2554 3536
f 3277 3536 3278
f 2175 3537 1905
f 3280 3537 2175
f 1905 3537 1734
f 3280 1734 3537
f 3538 3283 1911
f 3283 3538 3281
f 1910 3538 1911
f 3281 3538 1910
f 3292 3539 2979
f 3539 3289 2979
f 3291 3539 3292
f 3539 3291 2981
f 3539 2981 2219
f 3289 3539 3308
f 3297 3540 3295
f 3541 3297 3296
f 3542 3298 3001
f 3542 3001 3005
f 2609 3542 3005
f 2989 3542 2609
f 3299 3295 3543
f 3543 2989 1933
f 3304 3544 3000
f 3305 3000 3544
f 1944 3544 3304
f 3305 3544 1944
f 3024 3545 3023
f 3023 3545 3305
f 3302 3545 3024
f 3305 3545 3302
f 3004 3546 3003
f 3306 3546 3004
f 3547 3304 2999
f 3306 3547 2999
f 3304 3547 1751
f 1751 3547 3306
f 3313 3548 2610
f 1935 3548 1934
f 2610 3548 1935
f 2230 3549 2229
f 3316 3549 2230
f 2229 3549 1656
f 3316 1656 3549
f 3550 2589 1936
f 3551 2225 1655
f 3317 3551 1655
f 3552 3319 3017
f 3315 3552 3017
f 3552 3315 3314
f 3319 3552 2529
f 3322 3553 3009
f 3553 3020 2611
f 3008 3553 2611
f 3553 3008 3009
f 3322 3009 3554
f 3313 3554 3011
f 3554 3313 3007
f 3322 3554 3007
f 3312 3554 3009
f 3312 3011 3554
f 3553 3555 3020
f 3555 3553 3322
f 3311 3309 3555
f 3311 3555 3322
f 3013 3012 3556
f 2616 3557 3019
f 3557 3323 3019
f 3323 3557 3012
f 3556 3012 3557
f 3558 3324 2618
f 2622 3558 2232
f 2618 2232 3558
f 2246 3558 2622
f 3324 3559 2331
f 2245 3559 2246
f 3558 2246 3559
f 3558 3559 3324
f 3559 2245 2332
f 2331 3559 2332
f 3328 3026 3560
f 3026 2627 3560
f 3328 3560 3318
f 3256 3560 2627
f 3329 3560 3256
f 3560 3317 3318
f 2635 3561 2636
f 3330 3561 2635
f 2593 2636 3561
f 3330 2593 3561
f 3331 3562 2244
f 2635 3562 3331
f 3332 2244 3562
f 3332 3562 2635
f 3563 3330 2635
f 3331 3563 2635
f 3330 3563 3031
f 3331 3031 3563
f 2208 3564 2244
f 2244 3564 3331
f 2212 3564 2208
f 2503 3564 2212
f 2122 3564 2503
f 3331 3564 2122
f 2264 3565 1964
f 2260 1964 3565
f 3334 2260 3565
f 3346 3566 3350
f 3345 3566 3346
f 3566 3357 3350
f 3345 3054 3566
f 3354 3566 3054
f 3357 3566 3354
f 3345 3344 3567
f 3358 2363 3567
f 3358 3567 3344
f 3353 3349 3568
f 3343 3568 3342
f 3049 3569 2671
f 2671 3569 2669
f 3352 3570 3049
f 3353 3570 3352
f 3569 3049 3570
f 3569 3570 2669
f 3570 3339 2669
f 3339 3570 3340
f 3353 3340 3570
f 3354 2800 3571
f 3143 2674 3571
f 3143 3571 2800
f 3355 3571 2674
f 3354 3571 3357
f 3571 3355 3357
f 3356 3572 3347
f 3572 3348 3347
f 3348 3572 3349
f 3568 3349 3572
f 3356 3342 3572
f 3568 3572 3342
f 3060 3573 272
f 274 272 3573
f 274 3573 3060
f 744 745 746
f 746 1450 3060
f 1450 1019 3060
f 1019 1450 3363
f 3364 3574 3374
f 3361 3574 3059
f 3574 3364 3059
f 274 3574 3361
f 3574 274 1018
f 3364 3575 3362
f 3362 3575 2300
f 2300 3575 1987
f 3366 3576 3066
f 2703 3065 3576
f 3066 3576 3065
f 2703 3576 2685
f 3366 2685 3576
f 3367 3577 3077
f 3078 3577 3065
f 3077 3577 3381
f 3381 3577 3078
f 2691 3578 470
f 2693 470 3578
f 3067 511 257
f 3370 511 3067
f 2679 257 511
f 2679 1264 1265
f 511 1264 2679
f 1264 511 3370
f 1046 1265 3579
f 3370 3579 1265
f 3580 3371 2697
f 3580 2697 2307
f 2699 3580 2307
f 3069 3580 2699
f 3371 3580 3069
f 3068 2700 3581
f 3372 3581 2700
f 3068 3581 3376
f 3376 3581 3372
f 2705 3385 3582
f 3582 3372 2705
f 3380 2702 3583
f 3380 3583 3076
f 2702 2701 3583
f 3371 3583 2701
f 3584 3583 3371
f 3079 2725 3585
f 3386 3079 3585
f 3386 3585 2720
f 2725 2303 3585
f 2686 3585 2303
f 3585 2686 2720
f 2707 3586 2708
f 3387 3586 2707
f 2709 2708 3586
f 3389 3587 3390
f 3509 3587 2918
f 3587 2917 2918
f 2917 3587 3389
f 3390 3587 3394
f 3587 3509 3394
f 3081 3083 3588
f 3588 3391 3081
f 3395 3589 3393
f 3510 3590 3394
f 3395 3394 3590
f 3590 3589 3395
f 3391 3590 3510
f 3588 3590 3391
f 3588 3083 3590
f 3589 3590 3083
f 3395 3591 3390
f 3388 3591 2713
f 3393 2713 3591
f 3591 3395 3393
f 3390 3591 3084
f 3388 3084 3591
f 3086 3592 3396
f 3593 3086 2317
f 475 3594 3094
f 474 3594 475
f 3095 3594 474
f 3594 3095 2317
f 2726 3595 2727
f 3402 3595 2726
f 3594 2727 3595
f 3595 3402 3401
f 3401 3094 3595
f 3594 3595 3094
f 3402 3596 3401
f 739 3596 2690
f 3093 2690 3596
f 3093 3596 3402
f 739 476 3596
f 3401 3596 476
f 3405 3597 1834
f 3597 3404 1834
f 3404 3598 2734
f 3599 3103 2737
f 3406 3599 2737
f 3103 3599 1834
f 3406 1834 3599
f 2328 2325 3600
f 2322 3600 2325
f 3407 3600 2322
f 481 3601 1764
f 268 3601 481
f 1764 3601 3
f 3 3601 268
f 3602 3412 3294
f 3112 2217 3602
f 3294 3112 3602
f 2984 3602 2217
f 2984 1993 3602
f 3412 3602 1993
f 2755 3603 2063
f 3415 3603 1667
f 1667 3603 1665
f 2755 1665 3603
f 3604 3415 3114
f 3413 2750 3604
f 3413 3604 3114
f 3421 3605 3422
f 2484 3606 2482
f 3607 3606 2484
f 3606 3116 2482
f 3116 3606 3113
f 3418 3113 3606
f 3607 3418 3606
f 2794 3608 2358
f 2356 3608 3042
f 2356 2358 3608
f 3433 3609 3133
f 3431 3609 3433
f 3431 3430 3609
f 3434 3610 2775
f 3610 3450 2775
f 3450 3610 3148
f 3611 3148 3610
f 3446 3610 3447
f 3447 3610 3434
f 3248 1867 3612
f 3612 3435 3248
f 1866 3612 1867
f 3435 3612 1866
f 3435 3613 3248
f 3613 3517 3248
f 3517 3613 3439
f 3435 2788 3613
f 2787 3613 2788
f 2787 2789 3613
f 3439 3613 2789
f 2790 3438 3614
f 3442 2790 3614
f 3441 3614 3438
f 3614 3441 3161
f 2791 3615 2784
f 3442 3615 2791
f 3445 3616 2354
f 3142 3616 3445
f 2773 2354 3616
f 3142 2773 3616
f 3446 3448 3617
f 3611 3617 3448
f 3617 3610 3446
f 3610 3617 3611
f 3455 3618 3430
f 3452 3618 3455
f 3452 3449 3618
f 3609 3430 3618
f 3456 3619 3154
f 3448 3619 3611
f 3611 3620 3148
f 3620 3456 3148
f 3619 3620 3611
f 3456 3620 3619
f 3457 3621 3158
f 3621 3457 2375
f 2375 2374 3621
f 3154 3621 2374
f 3460 3621 3150
f 3461 3621 3460
f 3621 3458 3158
f 3458 3621 3156
f 3461 3156 3621
f 3615 3442 3622
f 3459 3622 3460
f 3138 3623 2802
f 3623 2813 2802
f 3623 3149 2813
f 3623 3459 3149
f 3461 3624 3156
f 3159 3624 3461
f 3156 3624 2373
f 3159 2373 3624
f 3625 3174 2823
f 3174 3625 3626
f 3625 2823 3171
f 3626 3625 3467
f 1877 1876 3627
f 3470 1877 3627
f 3183 3627 1876
f 3470 3627 3183
f 2423 3628 2424
f 3628 3473 2424
f 3473 3629 3188
f 3628 3629 3473
f 3188 3629 3630
f 2856 3629 2423
f 3628 2423 3629
f 3629 3631 3630
f 3631 3482 3192
f 3630 3631 3477
f 3477 3631 3192
f 3480 3632 3193
f 3474 3193 3632
f 3481 3632 3480
f 3475 3633 3189
f 2902 3633 2057
f 3189 3633 2902
f 3475 2422 3633
f 2854 3633 2422
f 2853 2057 3633
f 3633 2854 2853
f 3188 3630 3634
f 3477 3634 3630
f 3188 3634 2850
f 2850 3634 3477
f 3477 3192 3635
f 3192 2857 3635
f 3478 3635 2857
f 3194 3636 2859
f 3484 3636 3194
f 2859 3636 1804
f 3484 1804 3636
f 3637 3199 1805
f 3487 3637 1805
f 3199 3637 3487
f 3165 3638 3170
f 3489 3638 3165
f 3170 3638 3210
f 3489 2769 3638
f 3211 3638 2769
f 3211 3210 3638
f 2894 3639 2087
f 3639 3490 2087
f 2895 3639 2894
f 3492 3639 2895
f 3212 3640 2889
f 3490 3640 3212
f 3639 3492 3640
f 3639 3640 3490
f 2889 3640 2477
f 3213 2477 3640
f 3213 3640 2483
f 3492 2483 3640
f 2895 3641 3491
f 3494 3491 3641
f 3641 2895 2896
f 3494 3641 2896
f 3492 3642 2483
f 3491 3642 3492
f 2483 3642 2484
f 3422 2484 3642
f 3491 3422 3642
f 3204 3643 3495
f 2735 3100 3643
f 3100 2339 3643
f 3644 3496 3244
f 3243 3644 3244
f 3243 3245 3644
f 3644 3645 3496
f 3497 2492 3646
f 3645 3646 2492
f 3497 3647 3228
f 3502 3228 3647
f 3646 3647 3497
f 3502 3647 1649
f 3222 2905 3647
f 3647 3646 3222
f 2136 1649 3647
f 2905 2136 3647
f 3648 3498 2925
f 2923 2772 3648
f 2923 3648 2925
f 3220 3649 3221
f 3648 3649 3498
f 2908 2126 3650
f 3505 2908 3650
f 2126 2510 3650
f 2509 3650 2510
f 3232 3650 2509
f 3505 3650 3232
f 3232 3231 3651
f 3507 3651 3231
f 3651 3506 3232
f 3506 3651 3507
f 2512 3652 2511
f 3507 2511 3652
f 3652 2512 2631
f 2631 2506 3652
f 3506 3652 2506
f 3507 3652 3506
f 3508 3653 2913
f 3508 3235 3653
f 3509 3653 3235
f 2913 3653 2918
f 3653 3509 2918
f 3236 2717 3654
f 3513 3236 3654
f 2718 3654 2717
f 3513 3654 2718
f 3139 3655 3136
f 3516 3242 3655
f 3519 3656 3252
f 2526 3656 2528
f 3252 3656 2526
f 3657 3656 3519
f 3522 3658 3265
f 3658 2938 2531
f 2938 3658 2939
f 3658 3522 2939
f 2533 3658 2531
f 3265 3658 2533
f 3657 3659 3660
f 3519 3254 3661
f 3519 3661 3657
f 1875 3661 3254
f 3659 3657 3661
f 3533 3661 1875
f 3659 3661 3533
f 3662 3663 3660
f 3664 3534 2532
f 3534 3664 3533
f 3659 3533 3664
f 3665 3666 3278
f 3536 3665 3278
f 3524 3667 3263
f 3524 2957 3667
f 3278 3667 2957
f 3666 3667 3278
f 2219 3668 3539
f 3539 3668 3308
f 2598 3668 2219
f 2598 2220 3668
f 3668 3541 3308
f 3297 3669 3540
f 3669 3002 3003
f 3002 3669 2216
f 3308 3670 3307
f 3541 3670 3308
f 3307 3670 2988
f 3296 3670 3541
f 2985 3670 3296
f 2985 2988 3670
f 3543 3295 3671
f 3540 3671 3295
f 3671 3540 3298
f 3542 3671 3298
f 3542 2989 3671
f 3543 3671 2989
f 3299 3672 2986
f 3543 3672 3299
f 2990 2986 3672
f 3543 1933 3672
f 1932 3672 1933
f 2990 3672 1932
f 1934 3673 1932
f 3313 3011 3674
f 3674 3548 3313
f 3673 3674 1932
f 3548 3674 1934
f 3673 1934 3674
f 2994 1932 3674
f 3011 2994 3674
f 3316 3675 1936
f 3675 3550 1936
f 3329 3676 3314
f 3676 3552 3314
f 3552 3676 2529
f 3329 3258 3676
f 2931 3676 3258
f 2931 2529 3676
f 3323 3677 3019
f 3555 3309 3677
f 3677 3323 3020
f 3555 3677 3020
f 3321 3677 3309
f 3321 3019 3677
f 3678 3025 2589
f 3550 3678 2589
f 3556 3679 3013
f 3678 3679 3556
f 3013 3679 3017
f 3679 3315 3017
f 3327 3680 2616
f 3680 3557 2616
f 3678 3680 3025
f 3557 3680 3556
f 3678 3556 3680
f 3314 3681 3329
f 3560 3329 3681
f 3560 3681 3317
f 3551 3317 3681
f 3551 3681 2225
f 2225 3681 2230
f 3681 3314 2230
f 3334 3682 2647
f 3565 3682 3334
f 2647 3682 2264
f 2264 3682 3565
f 3345 3683 3054
f 3567 3683 3345
f 2803 2366 3683
f 3054 3683 2366
f 2803 3683 2781
f 3353 3684 3340
f 3568 3684 3353
f 3568 3343 3684
f 3684 3341 3340
f 3341 3684 3044
f 3044 3684 3343
f 746 1014 1450
f 3384 3685 3385
f 3383 3685 3384
f 3382 3685 3383
f 3382 1987 3685
f 3686 3369 2693
f 3578 3686 2693
f 2692 3687 2691
f 3578 2691 3687
f 3075 3687 2692
f 3578 3687 3075
f 3370 1265 1457
f 1264 1457 1265
f 1457 1264 3370
f 1046 3688 744
f 744 3688 745
f 745 3688 746
f 1014 746 3688
f 1450 3688 3363
f 1014 3688 1450
f 3689 3363 3690
f 3373 3691 3375
f 3373 3374 3691
f 3689 3692 3363
f 3574 3692 3689
f 1018 3363 3692
f 3692 3574 1018
f 3371 3069 3693
f 3584 3371 3693
f 3375 3693 3069
f 3584 3693 3375
f 3367 3694 3690
f 3690 3694 3689
f 3367 3076 3694
f 3583 3694 3076
f 3583 3584 3694
f 3391 3695 3387
f 3510 3695 3391
f 3387 3696 3586
f 3695 3696 3387
f 3695 3510 3696
f 3396 3697 3083
f 3697 3589 3083
f 3592 3397 3698
f 3592 3698 3589
f 3392 3698 2319
f 3397 2319 3698
f 3393 3698 3392
f 3589 3698 3393
f 3593 3699 3086
f 3397 3699 2317
f 3699 3593 2317
f 3403 3700 2317
f 2317 3700 3594
f 3700 3403 2727
f 3594 3700 2727
f 3098 3701 2326
f 3098 2731 3701
f 2734 3701 2731
f 3598 3701 2734
f 3598 3404 3702
f 3406 3702 3405
f 3597 3405 3702
f 3597 3702 3404
f 2737 3702 3406
f 2750 2063 3703
f 3604 2750 3703
f 3603 3703 2063
f 3415 3703 3603
f 3604 3703 3415
f 3422 3704 2484
f 3605 3704 3422
f 3705 3423 3419
f 3423 3705 3118
f 3706 3705 3419
f 3605 3705 3706
f 3118 3705 2752
f 3707 3608 2794
f 3431 3707 3153
f 2794 2799 3707
f 3153 3707 2799
f 3433 3708 3431
f 3608 3708 3042
f 3707 3431 3708
f 3707 3708 3608
f 3336 3042 3708
f 3336 3708 3433
f 3609 3709 3133
f 2779 3709 2780
f 2780 3709 3449
f 3133 3709 2778
f 2779 2778 3709
f 3709 3618 3449
f 3618 3709 3609
f 3615 3710 2784
f 3146 2784 3710
f 3146 3710 2782
f 3138 2782 3710
f 3455 3711 3452
f 3452 3712 3448
f 3712 3619 3448
f 3711 3712 3452
f 3619 3712 3154
f 3614 3713 3442
f 3622 3442 3713
f 3713 3614 3161
f 3622 3713 3460
f 3461 3713 3161
f 3461 3460 3713
f 3622 3459 3714
f 3623 3714 3459
f 3623 3138 3714
f 3622 3714 3615
f 3710 3714 3138
f 3615 3714 3710
f 3466 3715 3716
f 3715 3717 3716
f 3717 3715 3466
f 3717 3718 3716
f 3101 3718 3100
f 2825 3718 3101
f 3466 3718 2825
f 3718 3466 3716
f 3467 3719 3626
f 3717 3719 3467
f 3719 3717 3466
f 3626 3719 3174
f 3466 3174 3719
f 3210 3720 3170
f 3168 3720 3171
f 3170 3720 3168
f 3467 3720 3721
f 3720 3625 3171
f 3625 3720 3467
f 3467 3722 2339
f 3721 3722 3467
f 3629 3723 3631
f 3474 3723 2345
f 2856 2345 3723
f 3723 3629 2856
f 3632 3724 3474
f 3724 3723 3474
f 3723 3724 3631
f 3631 3724 3482
f 3632 3481 3725
f 3482 3725 2877
f 3724 3725 3482
f 3725 3724 3632
f 2879 2877 3725
f 3481 2879 3725
f 3478 3726 3635
f 3478 2048 3726
f 3727 3643 3204
f 3204 3102 3727
f 3643 3727 2735
f 3102 2735 3727
f 3495 3728 2899
f 3643 3728 3495
f 2899 3728 2339
f 3643 2339 3728
f 3645 3729 3496
f 3496 3729 2494
f 2494 3729 1850
f 2492 1850 3729
f 3645 2492 3729
f 3499 3221 3730
f 3649 3730 3221
f 3499 3730 3223
f 3649 3648 3730
f 3223 3730 2772
f 3648 2772 3730
f 3649 3220 3731
f 3222 3731 3220
f 3498 3731 3245
f 3649 3731 3498
f 3250 3732 2924
f 3137 2924 3732
f 3440 3732 3141
f 3732 3440 3137
f 3516 3733 3250
f 3655 3733 3516
f 3733 3732 3250
f 3655 3139 3733
f 3139 3141 3733
f 3732 3733 3141
f 3655 3242 3734
f 3518 3734 3242
f 3251 3734 3518
f 3251 3134 3734
f 3134 3136 3734
f 3655 3734 3136
f 3530 3735 3528
f 3735 3663 3528
f 3735 3530 2955
f 3275 3735 2955
f 3275 2528 3735
f 3736 3664 3276
f 3535 3736 3276
f 3662 3660 3736
f 3662 3736 3262
f 3535 3262 3736
f 3659 3736 3660
f 3664 3736 3659
f 3664 2532 3737
f 3664 3737 3276
f 2531 3737 2532
f 3276 3737 2531
f 3262 3738 3662
f 3665 3738 3262
f 3528 3738 3529
f 3738 3536 3529
f 3536 3738 3665
f 3738 3663 3662
f 3663 3738 3528
f 3739 3667 3666
f 3665 3262 3739
f 3665 3739 3666
f 3263 3739 3262
f 3667 3739 3263
f 3668 2220 3740
f 3668 3740 3541
f 2597 3740 2220
f 2597 2216 3740
f 3669 3740 2216
f 3541 3740 3297
f 3740 3669 3297
f 3669 3003 3741
f 3669 3741 3540
f 3546 3741 3003
f 3546 3306 3741
f 3306 2999 3741
f 3298 3741 2999
f 3540 3741 3298
f 3678 3550 3742
f 3679 3678 3742
f 3675 3742 3550
f 3675 3316 3742
f 2230 3742 3316
f 3315 3742 2230
f 3679 3742 3315
f 3680 3743 3025
f 3025 3743 2236
f 2804 2781 3744
f 3683 3744 2781
f 3144 2804 3744
f 3744 3683 3567
f 2362 3145 3744
f 3144 3744 3145
f 2363 2362 3744
f 3567 2363 3744
f 3364 3745 3685
f 3746 3575 3364
f 3685 3746 3364
f 3575 3746 1987
f 3685 1987 3746
f 3577 3367 3747
f 3579 3748 1046
f 3688 1046 3748
f 3748 3749 3688
f 3370 3749 3579
f 3579 3749 3748
f 3694 3750 3689
f 3694 3584 3750
f 3689 3750 3574
f 2709 3751 3234
f 3586 3751 2709
f 3511 3234 3751
f 3592 3752 3396
f 3697 3396 3752
f 3752 3592 3589
f 3697 3752 3589
f 3592 3753 3397
f 3699 3397 3753
f 3086 3753 3592
f 3699 3753 3086
f 3407 3754 3600
f 3600 3754 2328
f 2326 3754 3407
f 3701 3754 2326
f 3607 3755 3706
f 3706 3755 3605
f 2484 3755 3607
f 3704 3755 2484
f 3704 3605 3755
f 3607 3756 3418
f 3706 3756 3607
f 3418 3756 3419
f 3706 3419 3756
f 3705 3757 2752
f 3757 3705 3605
f 3421 3757 3605
f 3757 3420 2752
f 3420 3757 3421
f 3451 3151 3758
f 3711 3758 3151
f 3451 3758 2809
f 3454 2809 3758
f 3454 3758 3455
f 3758 3711 3455
f 3712 3759 3154
f 3151 3150 3759
f 3711 3151 3759
f 3759 3712 3711
f 3621 3759 3150
f 3621 3154 3759
f 3717 3467 3760
f 3760 3718 3717
f 3467 3100 3760
f 3718 3760 3100
f 3761 3722 3721
f 3761 3720 3210
f 3720 3761 3721
f 3761 3210 2759
f 2759 2340 3761
f 3477 3762 2048
f 3726 2048 3762
f 3635 3762 3477
f 3726 3762 3635
f 3222 3763 3731
f 3646 3763 3222
f 3645 3763 3646
f 3644 3763 3645
f 3644 3245 3763
f 3731 3763 3245
f 3735 3764 3663
f 3657 3660 3764
f 3663 3764 3660
f 3764 3656 3657
f 3656 3764 2528
f 3735 2528 3764
f 3680 3327 3765
f 3680 3765 3743
f 3327 2236 3765
f 3743 3765 2236
f 3364 3374 3766
f 3364 3766 3745
f 3685 3767 3385
f 3745 3767 3685
f 3766 3767 3745
f 3766 3374 3767
f 3582 3385 3767
f 3372 3767 3374
f 3582 3767 3372
f 3370 3369 3768
f 3686 3768 3369
f 3749 3370 3768
f 3749 3768 3747
f 3578 3075 3768
f 3686 3578 3768
f 3749 3769 3688
f 3688 3769 3363
f 3690 3363 3769
f 3690 3769 3367
f 3747 3367 3769
f 3769 3749 3747
f 3584 3375 3770
f 3750 3584 3770
f 3691 3770 3375
f 3750 3770 3574
f 3574 3770 3374
f 3691 3374 3770
f 3696 3771 3586
f 3586 3771 3751
f 3701 3598 3772
f 3754 3701 3772
f 3702 3772 3598
f 2737 2736 3772
f 2737 3772 3702
f 2736 2328 3772
f 3754 3772 2328
f 3761 2340 3773
f 3761 3773 3722
f 2339 3773 2340
f 3722 3773 2339
f 3747 3774 3577
f 3768 3774 3747
f 3768 3075 3774
f 3075 3065 3774
f 3577 3774 3065
f 3751 3775 3511
f 3771 3775 3751
f 3771 3696 3775
f 3696 3510 3775
f 3511 3775 3235
f 3509 3775 3510
f 3509 3235 3775
f 2172 2173 3096
f 1834 2055 3096
f 2172 3096 2055
f 2730 3096 2173

