# https://github.com/mikedh/trimesh
v -0.02338825 -0.04689907 0.02456656
v -0.00164527 -0.05203760 0.02025481
v -0.03198981 -0.03828176 0.03179734
v 0.03357339 -0.02992165 0.03881231
v -0.00888343 -0.02707954 0.04119711
v -0.00375077 0.03747484 0.01522914
v -0.01776852 -0.02719943 0.04109652
v 0.01780720 -0.02724105 0.04106160
v -0.00001556 -0.02706129 0.04121243
v 0.01821488 -0.02730672 0.04100649
v 0.01820553 -0.02722024 0.04107905
v 0.00884365 -0.02708634 0.04119141
v -0.01314701 -0.05041366 0.02161746
v 0.02577384 -0.02854438 0.03996797
v 0.03119909 -0.04092412 0.02958013
v -0.00643356 -0.02707790 0.04119850
v -0.03260525 -0.02911774 0.03948687
v 0.00316011 -0.02706797 0.04120682
v -0.03252288 -0.02908531 0.03951408
v -0.02116689 0.03105677 0.01661663
v -0.03332460 -0.02974530 0.03896028
v -0.03281471 -0.03260433 0.03656127
v -0.03327664 -0.03022934 0.03855412
v 0.02634216 -0.04453735 0.02514257
v 0.02645828 -0.04497842 0.02617817
v 0.02513457 -0.04547324 0.02500872
v 0.02649101 -0.04166984 0.02044508
v 0.00380082 0.03746972 0.01523036
v -0.00792766 -0.03665245 0.00000000
v -0.01100627 -0.03972355 0.00376224
v -0.01342972 -0.03501275 0.00000000
v -0.00758696 -0.05150957 0.02069789
v 0.02330040 -0.04665019 0.02477539
v 0.02259997 -0.04698602 0.02449359
v 0.03402121 -0.03069371 0.03816447
v -0.03717477 -0.00492811 0.00000000
v -0.04121773 -0.00150000 0.00375739
v -0.03749137 0.00080435 0.00000000
v -0.04103324 -0.00374408 0.00374387
v -0.01223314 -0.02712806 0.04115640
v -0.01799269 0.03301729 0.01622003
v -0.01462048 0.03466433 0.01586931
v -0.02421966 0.02886877 0.01701766
v -0.02696990 0.02629790 0.01751979
v -0.03332543 -0.03000849 0.03873944
v -0.03333844 -0.02993508 0.03880103
v 0.03507402 0.01326888 -0.00000000
v 0.03668845 0.00775935 -0.00000000
v 0.03447266 -0.01476095 -0.00000000
v 0.03744294 0.00206795 -0.00000000
v 0.00915892 -0.03636432 0.00000000
v 0.00350060 -0.03733625 0.00000000
v -0.00883945 -0.01211875 -0.00000000
v 0.02482667 -0.03311333 0.00398951
v 0.02786294 -0.04046668 0.02057375
v 0.03804839 0.00287163 0.02141080
v 0.03817534 0.00000000 0.02191631
v 0.03941435 0.00379415 0.01563790
v 0.04133593 -0.00000000 0.00694163
v 0.04144502 -0.00150000 0.00577467
v 0.04149985 0.00000000 0.00445807
v 0.02122295 0.03101805 0.01662436
v 0.01804118 0.03299050 0.01622559
v 0.01468120 0.03463830 0.01587499
v 0.01114246 0.03595173 0.01558282
v 0.00392592 0.04045452 0.00872601
v -0.00000032 0.04065771 0.00871678
v 0.00384821 0.03940889 0.01156501
v 0.00003275 0.03766570 0.01518364
v -0.02208853 0.03030424 -0.00000000
v -0.00634839 0.03695874 -0.00000000
v 0.03181541 -0.01985019 -0.00000000
v -0.00063226 0.03749467 -0.00000000
v -0.02645558 0.02657729 -0.00000000
v -0.03112805 -0.02091158 0.00000000
v -0.00223978 -0.03743305 0.00000000
v 0.00127693 -0.05205286 0.02024202
v 0.00101984 -0.05206608 0.02023091
v 0.00390679 -0.05191952 0.02035390
v -0.00474581 -0.05184674 0.02041497
v -0.00287503 -0.04124948 0.00393158
v -0.00563583 -0.04096344 0.00393087
v -0.01361482 -0.03890477 0.00375952
v 0.03323438 -0.02981688 0.03890022
v 0.03334864 -0.02983585 0.03888430
v 0.02499305 -0.04582460 0.02546814
v 0.03390950 -0.03020159 0.03857740
v 0.03152155 -0.04046622 0.02996436
v 0.03633373 0.01025420 0.02049701
v 0.03645227 0.01027036 0.02040927
v -0.00010045 -0.04134950 0.00393153
v 0.00538613 -0.04086806 0.00376410
v 0.00265853 -0.04113631 0.00376517
v -0.03692921 0.00651796 0.00000000
v -0.03550145 0.01207878 0.00000000
v -0.03324157 0.01735650 -0.00000000
v -0.03942898 0.01205469 0.00377522
v -0.04041678 0.00812086 0.00376615
v -0.03798987 0.01584248 0.00370958
v -0.03132224 0.02553177 0.00946558
v -0.03371845 0.02231578 0.00964388
v -0.03289413 0.02174665 0.01348488
v -0.00745636 0.03690723 0.01536287
v -0.01287615 0.03525139 0.01575226
v -0.01108062 0.03597112 0.01557842
v -0.02413836 0.02878284 0.01706798
v -0.02942862 0.02349477 0.01805951
v -0.03159845 0.02046493 0.01863557
v -0.03347128 0.01721318 0.01924858
v -0.03358774 0.01725942 0.01917959
v -0.03334105 -0.02986413 0.03886057
v -0.03333475 -0.02979117 0.03892179
v -0.03983935 -0.00856596 0.01282732
v -0.03936114 -0.01111812 0.01420839
v -0.04061655 -0.00155672 0.01146642
v -0.04024694 -0.00150000 0.01330739
v -0.03512427 0.01385343 0.01981812
v -0.03277291 -0.02918287 0.03943221
v -0.03331888 -0.02971713 0.03898391
v -0.03329303 -0.02964310 0.03904603
v -0.03813373 -0.00001025 0.02204400
v -0.03769782 -0.00801381 0.02365383
v 0.03731979 -0.00367193 -0.00000000
v 0.03632190 -0.00932573 -0.00000000
v 0.00808305 -0.04042012 0.00376236
v 0.01460257 -0.03454005 0.00000000
v 0.01970395 -0.03190618 0.00000000
v 0.01845063 -0.03684777 0.00374788
v 0.01596222 -0.03799630 0.00375265
v 0.02840353 -0.03016051 0.00408271
v 0.02350366 -0.04376534 0.02012987
v 0.02856817 -0.04245507 0.02535476
v 0.02914456 -0.03916859 0.02068285
v 0.03005365 -0.02851744 0.00408474
v 0.03002400 -0.02848933 0.00399498
v 0.03817293 -0.00000061 0.02192548
v 0.03965164 0.01129627 0.00377330
v 0.03263748 0.01846740 -0.00000000
v 0.02943595 0.02323305 -0.00000000
v 0.02554446 0.02745415 -0.00000000
v 0.02105424 0.03103174 -0.00000000
v 0.03883984 0.00757083 0.01514008
v 0.03758332 0.00657938 0.02069452
v 0.03790307 0.00455375 0.02101562
v 0.04041091 -0.00000000 0.01251867
v 0.04045815 0.00388999 0.01091531
v 0.04056347 -0.00150000 0.01175633
v 0.04102342 -0.00155647 0.00917750
v 0.04116156 -0.00150000 0.00829406
v 0.03530803 -0.02586391 0.03298914
v 0.00003326 0.03814521 0.01477895
v -0.00167125 0.03815806 0.01469574
v 0.00003319 0.03808543 0.01486570
v 0.01017801 0.03613852 0.01555170
v 0.00750357 0.03689750 0.01536514
v 0.00561820 0.03714063 0.01531856
v 0.00098418 0.03755929 0.01521899
v -0.01191571 0.03555652 -0.00000000
v -0.01165483 0.03955197 0.00377929
v -0.01720374 0.03332089 -0.00000000
v -0.03020254 0.02222739 -0.00000000
v -0.01549434 0.03821810 0.00379011
v -0.00776544 0.04076327 0.00440046
v -0.00803690 0.04063994 0.00531178
v -0.00688660 0.04092224 0.00448566
v -0.00836669 -0.04049331 0.00392918
v -0.02622066 -0.04406841 0.02347600
v -0.02467290 -0.03323063 0.00399412
v -0.02356393 -0.04609789 0.02338360
v -0.02414140 -0.04650452 0.02489762
v -0.02456714 -0.03308818 0.00375018
v -0.02639293 -0.03165158 0.00375051
v -0.02336792 -0.02932900 0.00000000
v -0.02757111 -0.02541818 0.00000000
v -0.01861700 -0.03255238 0.00000000
v -0.03395538 -0.01591484 0.00000000
v -0.03598683 -0.01054505 0.00000000
v 0.01303200 -0.05030786 0.02170624
v 0.01515340 -0.04972050 0.02219909
v 0.01784182 -0.04883442 0.02294260
v 0.02233124 -0.04709373 0.02440321
v -0.02650652 -0.03178782 0.00399472
v -0.02647429 -0.03174917 0.00390820
v -0.02744919 -0.04447440 0.02660110
v -0.01104019 -0.03984609 0.00392631
v -0.01038996 -0.05102916 0.02110100
v -0.01071385 -0.05095509 0.02116315
v -0.00187415 -0.05203475 0.02025720
v -0.01616655 -0.03791253 0.00375589
v 0.02420553 0.02872579 0.01707924
v 0.02129246 0.03110856 0.01657457
v 0.02555101 -0.04550455 0.02573670
v 0.03402041 -0.03045311 0.03836635
v 0.03403215 -0.03059378 0.03824832
v 0.03403353 -0.03055673 0.03827941
v 0.03196751 -0.03968276 0.03062176
v 0.03195988 -0.03969816 0.03060884
v 0.03298087 -0.03666531 0.02813919
v 0.03162306 -0.04030406 0.03010042
v 0.03182969 -0.03918919 0.02803911
v 0.02158231 0.03143945 0.01613355
v 0.02462322 0.02911589 0.01657203
v 0.02193580 0.03276767 0.01230250
v 0.03365285 -0.02996636 0.03877479
v 0.03372741 -0.03001732 0.03873202
v 0.03728718 0.00660922 0.02110826
v 0.03734290 0.00660896 0.02105775
v 0.03379576 -0.03007402 0.03868445
v 0.03385678 -0.03013574 0.03863266
v 0.03739466 0.00660727 0.02100348
v 0.03790885 0.00291263 0.02166479
v -0.00286619 -0.04112270 0.00376570
v -0.00010014 -0.04122241 0.00376567
v -0.00010031 -0.04129047 0.00384549
v -0.00287092 -0.04119059 0.00384553
v -0.00561852 -0.04083753 0.00376523
v -0.04127836 0.00000003 0.00734195
v -0.04124185 0.00000003 0.00771237
v -0.04108673 0.00398106 0.00716906
v -0.04106858 -0.00596728 0.00445793
v -0.04064021 -0.00827637 0.00609691
v -0.04105556 -0.00596728 0.00505395
v -0.03926114 -0.01254470 0.00375605
v -0.03990956 -0.01029710 0.00375627
v -0.04067236 -0.00806576 0.00418987
v -0.04064259 -0.00805986 0.00409697
v -0.04014931 -0.01035894 0.00418905
v -0.04110637 0.00569405 0.00447061
v -0.04129304 0.00410210 0.00437562
v -0.03812216 0.01589780 0.00386945
v -0.03817539 0.01592007 0.00395946
v -0.03636409 0.01959833 0.00388235
v -0.03056982 0.02487821 0.01314451
v 0.00444511 0.04098180 0.00376295
v 0.00040152 0.04121753 0.00375938
v 0.01607052 0.03388198 -0.00000000
v 0.01071012 0.03593805 -0.00000000
v 0.00509868 0.03715176 -0.00000000
v 0.00783110 0.03984934 0.00875489
v 0.00797239 0.04047697 0.00634275
v 0.00767177 0.03881979 0.01163397
v -0.00000031 0.03960663 0.01154209
v 0.00399892 0.04108491 0.00633686
v 0.00803627 0.04064006 0.00531178
v -0.00834601 0.03661387 0.01544199
v -0.02795149 0.02777849 0.01283219
v -0.02984335 0.02373041 0.01757886
v -0.03948614 0.01183338 0.00689262
v -0.03986269 0.00776383 0.01060039
v -0.03887819 0.01158183 0.01031949
v -0.03744792 -0.01024725 0.02437646
v -0.03926061 -0.00150000 0.01763018
v -0.04071002 0.00000002 0.01099158
v -0.04045817 0.00388995 0.01091531
v -0.03746986 0.00668423 0.02086956
v -0.03750772 0.00667865 0.02080720
v -0.03794864 0.00294024 0.02159670
v -0.03941438 0.00379412 0.01563790
v -0.03815639 0.00112642 0.02168745
v -0.03798618 0.00293033 0.02153370
v -0.03801850 0.00291971 0.02146912
v -0.03804557 0.00290850 0.02140357
v -0.03806669 -0.00001157 0.02218004
v -0.03727228 0.00669317 0.02109205
v -0.03732799 0.00669304 0.02104155
v -0.03301999 -0.02931353 0.03932258
v -0.03294202 -0.02926303 0.03936495
v -0.03523856 0.01388145 0.01973074
v -0.03643086 0.01034623 0.02039493
v -0.03298704 -0.02929195 0.03934068
v -0.03285916 -0.02921938 0.03940158
v -0.03309165 -0.02937034 0.03927491
v -0.03737973 0.00669148 0.02098729
v 0.03692732 -0.02299134 0.01859406
v 0.03646661 -0.02466650 0.02090834
v 0.03599641 -0.02643235 0.02093208
v 0.03704455 -0.02223627 0.02036357
v 0.03346936 -0.03479544 0.02565873
v 0.03482485 -0.02988982 0.02095274
v 0.03401054 -0.03336482 0.02568431
v 0.03407480 -0.03055684 0.03793467
v 0.03492543 -0.03016714 0.02546174
v 0.03447042 -0.03190506 0.02570794
v 0.03545086 -0.02817527 0.02094737
v 0.01074905 -0.03979222 0.00375990
v 0.01076676 -0.03985783 0.00383823
v 0.00810795 -0.04054480 0.00392649
v 0.00540272 -0.04099409 0.00392913
v 0.02664324 -0.03167199 0.00399214
v 0.01848092 -0.03690832 0.00382312
v 0.02087904 -0.03558933 0.00380423
v 0.02748851 -0.04353030 0.02525765
v 0.02703146 -0.04460885 0.02648828
v 0.02860883 -0.04349237 0.02742511
v 0.02957766 -0.04131556 0.02543500
v 0.03033113 -0.03778413 0.02077208
v 0.03854835 -0.01600000 0.01629257
v 0.04033324 -0.00823089 0.00962128
v 0.04025297 -0.00852028 0.00999664
v 0.04051238 -0.00758505 0.00878358
v 0.04072748 -0.00689023 0.00764252
v 0.04034818 -0.00918119 0.00805978
v 0.03635585 0.01927756 0.00669242
v 0.03578979 0.01889530 0.00984434
v 0.03751581 0.01530513 0.01006858
v 0.03701415 0.00934546 0.02010631
v 0.04000232 -0.00155647 0.01442291
v 0.03651122 -0.01940563 0.02832010
v 0.04108671 0.00398111 0.00716906
v 0.00752564 0.03699354 0.01531973
v 0.00383308 0.03774235 0.01506520
v 0.00754733 0.03708518 0.01526317
v 0.00756823 0.03717059 0.01519619
v 0.00003285 0.03776120 0.01513932
v 0.00311031 0.03806755 0.01471492
v 0.00385213 0.03788948 0.01490931
v 0.00386043 0.03794887 0.01482162
v -0.00367397 0.04105726 0.00376186
v -0.03413806 0.02300958 0.00372401
v -0.01568142 0.03808247 0.00637058
v -0.01901731 0.03572446 0.00895428
v -0.01541599 0.03746987 0.00887158
v -0.01546564 0.03814751 0.00371298
v -0.01933871 0.03632310 0.00639155
v -0.01920879 0.03649762 0.00380005
v -0.01551973 0.03828054 0.00387503
v -0.02818087 -0.03016424 0.00382690
v -0.02643628 -0.03170358 0.00382634
v -0.02265688 -0.03442399 0.00374969
v -0.02269411 -0.03448052 0.00382530
v -0.03680206 -0.01914611 0.00427848
v -0.03780648 -0.01702704 0.00418681
v -0.03678337 -0.01913639 0.00418580
v -0.03324464 -0.03300115 0.01973944
v -0.03399431 -0.03064047 0.01773827
v -0.03093049 -0.04081098 0.02967507
v -0.03411468 -0.03125330 0.01971345
v -0.03490289 -0.02877520 0.01770996
v -0.03487768 -0.02945668 0.01966933
v -0.03758042 -0.01692521 0.00375530
v -0.03656329 -0.01902190 0.00375485
v -0.03564650 -0.02117827 0.00418397
v -0.03118230 -0.03631388 0.01973290
v -0.03300732 -0.02504160 0.00408880
v -0.02998588 -0.03785766 0.01969727
v 0.01240565 -0.05048693 0.02155598
v 0.00960899 -0.05111846 0.02102607
v 0.01342489 -0.03910299 0.00391778
v 0.02920668 -0.04299925 0.02783890
v 0.03029484 -0.04198948 0.02868619
v 0.02951335 -0.04274151 0.02805516
v -0.02825572 -0.03024436 0.00399552
v -0.02828359 -0.03027419 0.00408536
v -0.02726955 -0.04066176 0.01956071
v -0.02867996 -0.03931047 0.01963958
v -0.02813464 -0.03011476 0.00375096
v -0.02857115 -0.04170006 0.02354149
v -0.03058847 -0.03904932 0.02357118
v -0.02565435 -0.04570136 0.02557155
v -0.03172773 -0.03928189 0.03095813
v -0.03186138 -0.03889025 0.03128675
v -0.03553478 -0.02761979 0.01960797
v -0.00209770 -0.05201962 0.02026990
v -0.01874082 -0.03690338 0.00399640
v -0.01585026 -0.04967304 0.02223892
v -0.01849164 -0.04881837 0.02295607
v -0.01621641 -0.03802955 0.00391662
v 0.03332255 -0.02982166 0.03889620
v 0.02946893 0.02344387 0.01806925
v 0.02701433 0.02625195 0.01752871
v 0.03164814 0.02038757 0.01865021
v 0.03350520 0.01714672 0.01926108
v 0.03362180 0.01719273 0.01919209
v 0.02428711 0.02881160 0.01702890
v 0.03402660 -0.03062434 0.03822268
v 0.03284958 -0.03619186 0.02562967
v 0.03244502 -0.03794619 0.02808922
v 0.03497013 -0.02731997 0.03436188
v 0.03531125 -0.02592277 0.03292471
v 0.02107128 0.03184144 0.01595320
v 0.02136026 0.03119365 0.01650995
v 0.01815498 0.03317263 0.01611410
v 0.01820861 0.03325370 0.01603860
v 0.02457157 0.02907728 0.01668351
v 0.03382847 0.01726166 0.01900294
v 0.03387221 0.01727324 0.01894704
v 0.03195155 0.02053254 0.01839440
v 0.03373074 0.01723149 0.01910523
v 0.03375465 -0.03003991 0.03871306
v 0.03744206 0.00660420 0.02094596
v 0.03748481 0.00659979 0.02088572
v 0.03382073 -0.03009925 0.03866328
v 0.03795148 0.00290349 0.02160395
v -0.00562779 -0.04090495 0.00384494
v -0.00834098 -0.04036882 0.00376413
v -0.01102441 -0.03978909 0.00384118
v 0.00266672 -0.04126314 0.00393078
v 0.00539501 -0.04093551 0.00384351
v -0.04146885 0.00000004 0.00540894
v -0.04106901 -0.00482220 0.00392957
v -0.04118108 -0.00375754 0.00393159
v -0.04111069 -0.00375113 0.00383066
v -0.04138235 -0.00154740 0.00398814
v -0.04123830 -0.00376276 0.00403992
v -0.04080528 -0.00664041 0.00732699
v -0.04086884 -0.00596724 0.00738311
v -0.04095187 -0.00622697 0.00620919
v -0.04119892 -0.00483741 0.00426743
v -0.04042962 -0.00801762 0.00375664
v -0.04076757 -0.00592118 0.00373501
v -0.03782561 -0.01703566 0.00427959
v -0.03871418 -0.01484902 0.00418779
v -0.03868571 -0.01483810 0.00409511
v -0.04008093 -0.01034130 0.00400503
v -0.04003259 -0.01032883 0.00391697
v -0.03942975 -0.01259855 0.00400462
v -0.04070403 -0.00807204 0.00437481
v -0.04062708 -0.00846600 0.00445542
v -0.03949707 -0.01262006 0.00418852
v -0.03951693 -0.01262641 0.00428145
v -0.04016944 -0.01036414 0.00428203
v -0.03993385 -0.01129267 0.00445456
v -0.04018072 -0.01036705 0.00437385
v -0.03696965 -0.02291446 0.01750529
v -0.04101766 0.00407469 0.00375981
v -0.04119496 0.00000001 0.00373465
v -0.04130432 0.00000002 0.00385956
v -0.03425569 0.02275203 0.00661486
v -0.03354328 0.02438988 0.00459253
v -0.03439901 0.02318584 0.00449146
v -0.03805998 0.01587180 0.00378565
v -0.03949335 0.01207442 0.00385637
v -0.03024196 0.02329583 0.01753951
v -0.01143045 0.03784681 0.01174789
v -0.01508494 0.03650295 0.01190053
v -0.01486074 0.03512606 0.01541606
v 0.01619666 0.03784391 0.00371454
v 0.00845855 0.04035116 0.00377099
v 0.00445237 0.04104859 0.00384098
v 0.00782176 0.03738390 0.01485919
v 0.01196763 0.03964017 0.00531416
v -0.00399956 0.04108484 0.00633686
v -0.00392654 0.04045445 0.00872602
v -0.00797301 0.04047684 0.00634275
v 0.00040218 0.04128464 0.00383650
v -0.00367998 0.04112415 0.00383962
v -0.00783168 0.03984922 0.00875490
v -0.02734725 0.02657070 0.01704983
v -0.02708954 0.02689975 0.01687349
v -0.02862588 0.02851038 0.00930757
v -0.02952869 0.02356079 0.01799121
v -0.02970800 0.02366725 0.01780729
v -0.02962276 0.02361888 0.01790640
v -0.02722253 0.02649364 0.01727243
v -0.03180934 0.02057079 0.01848076
v -0.03860166 -0.01593745 0.01517185
v -0.03913179 -0.01302349 0.01431696
v -0.03927609 -0.01322025 0.01295434
v -0.03901224 0.01412859 0.00452179
v -0.03810558 0.01562563 0.00678426
v -0.03883984 0.00757077 0.01514008
v -0.03965749 0.01212474 0.00422627
v -0.04065454 0.00816874 0.00420584
v -0.03990840 0.01136510 0.00450204
v -0.04048363 0.00793884 0.00701995
v -0.04068325 0.00817453 0.00439235
v -0.03763570 -0.00856904 0.02383347
v -0.04110080 0.00000003 0.00858212
v -0.03490126 0.01841551 0.01385374
v -0.03511750 0.01496741 0.01906658
v -0.03657183 0.01491870 0.01425114
v -0.03549704 0.01391734 0.01938802
v -0.03204551 0.02065882 0.01814679
v -0.03774803 0.00569694 0.02079585
v -0.03369656 0.01729839 0.01909274
v -0.03282136 -0.02920320 0.03941515
v -0.03290635 -0.02924403 0.03938089
v -0.03742712 0.00668853 0.02092978
v -0.03315572 -0.02943271 0.03922257
v -0.03785849 0.00295749 0.02171560
v -0.03312967 -0.02940701 0.03924413
v -0.03306194 -0.02934650 0.03929491
v -0.03325706 -0.02957022 0.03910719
v -0.03321112 -0.02949970 0.03916636
v 0.03199440 -0.03961740 0.03067660
v 0.03461344 -0.02869188 0.03583561
v 0.03773893 -0.01935668 0.01848378
v 0.03343436 -0.03535230 0.02819080
v 0.04120238 0.00495375 0.00446769
v 0.04083519 0.00737845 0.00438840
v 0.04009857 -0.01066642 0.00630184
v 0.04149985 -0.00150000 0.00445807
v 0.01078218 -0.03991500 0.00392273
v 0.00809637 -0.04048681 0.00384133
v 0.00677289 -0.05160012 0.02062191
v 0.01603089 -0.03815990 0.00399893
v 0.01853016 -0.03700673 0.00399038
v 0.01340566 -0.03904690 0.00383415
v 0.02666961 -0.03170341 0.00408150
v 0.02282745 -0.03430590 0.00374479
v 0.02092767 -0.03567227 0.00393766
v 0.02841243 -0.02447415 0.00000000
v 0.02989529 -0.02836726 0.00375065
v 0.02825379 -0.03000151 0.00374966
v 0.03215053 -0.03754800 0.02559512
v 0.03683973 -0.01907432 0.00428158
v 0.03011854 -0.04216317 0.02854045
v 0.03036695 -0.04153797 0.02792951
v 0.02839557 -0.04364707 0.02729531
v 0.03051328 -0.04011514 0.02550019
v 0.03445760 -0.02306280 0.00418485
v 0.03142122 -0.03632327 0.02084168
v 0.03161853 -0.02677295 0.00408745
v 0.03308230 -0.02494323 0.00409017
v 0.03304992 -0.02491882 0.00399973
v 0.03562833 -0.02433521 0.03171109
v 0.03402739 -0.03048575 0.03833896
v 0.03423671 -0.02987451 0.03744849
v 0.04068832 -0.00596711 0.00881072
v 0.03810550 0.01562582 0.00678426
v 0.03887815 0.01158194 0.01031948
v 0.03752267 0.00659412 0.02082335
v 0.03657178 0.01491882 0.01425114
v 0.03490118 0.01841565 0.01385373
v 0.03397984 0.01729358 0.01876621
v 0.03350595 0.01829134 0.01845756
v 0.03553955 0.01393620 0.01925603
v 0.03971636 0.01131476 0.00385396
v 0.03840552 0.01519752 0.00386698
v 0.03977231 0.01133074 0.00394073
v 0.03858200 0.01526756 0.00443805
v 0.03925539 0.01344092 0.00451672
v 0.03834288 0.01517267 0.00378369
v 0.03667052 0.01887012 0.00379405
v 0.03958470 -0.00150000 0.01627064
v 0.03823977 -0.00049908 0.02167071
v 0.03823986 -0.00049952 0.02167036
v 0.03844406 -0.00158470 0.02085675
v 0.04144927 0.00204444 0.00446000
v 0.01809873 0.03308417 0.01617674
v 0.01481422 0.03490781 0.01569434
v 0.00382263 0.03765687 0.01513045
v 0.00003303 0.03793797 0.01501992
v -0.00377229 0.03766198 0.01512925
v 0.00003294 0.03785252 0.01508452
v 0.00384297 0.03782032 0.01499103
v 0.00758797 0.03724814 0.01511992
v -0.00771489 0.04049869 0.00376925
v -0.03630480 0.01956629 0.00379594
v -0.03420170 0.02305256 0.00380458
v -0.01795214 0.03739627 0.00456476
v -0.01167463 0.03884998 0.00880427
v -0.01188005 0.03947195 0.00635415
v -0.01917303 0.03642985 0.00372056
v -0.03171590 0.02625038 0.00372854
v -0.02897186 0.02925213 0.00373058
v -0.02088795 -0.04795554 0.02368007
v -0.02065422 -0.04804937 0.02360134
v -0.01929618 -0.04851634 0.02320950
v -0.02460749 -0.03314253 0.00382591
v -0.02272676 -0.03453011 0.00390694
v -0.02087955 -0.03558993 0.00380569
v -0.01866049 -0.03674506 0.00375124
v -0.01869116 -0.03680552 0.00382734
v -0.03131359 -0.04017838 0.03020588
v -0.03848283 -0.01476029 0.00375573
v -0.03303199 -0.02506032 0.00418075
v -0.03439629 -0.02315314 0.00418228
v 0.02952519 -0.04263461 0.02786499
v 0.02873112 -0.04339295 0.02750854
v -0.02822139 -0.03020761 0.00390888
v -0.02984061 -0.02852384 0.00382750
v -0.02889797 -0.04317516 0.02751199
v -0.02684090 -0.04490442 0.02624027
v -0.03057230 -0.03988784 0.02551260
v -0.03147000 -0.03763775 0.02357250
v -0.03226652 -0.03617671 0.02356634
v -0.03226805 -0.03469126 0.01974648
v -0.03050086 -0.04141791 0.02916579
v -0.03058916 -0.04127347 0.02928699
v -0.03001495 -0.04202813 0.02865376
v -0.02050198 -0.04810563 0.02355413
v -0.01365679 -0.03902482 0.00392215
v -0.01619316 -0.03797499 0.00383319
v -0.01871805 -0.03685850 0.00390953
v 0.03340510 -0.02985207 0.03887069
v 0.03349035 -0.02988351 0.03884431
v 0.02710466 0.02632573 0.01746124
v 0.02718985 0.02639150 0.01737806
v 0.02726744 0.02644731 0.01728125
v 0.02451068 0.02902639 0.01678772
v 0.02974875 0.02361591 0.01781695
v 0.03185942 0.02049294 0.01849536
v 0.03400107 -0.03038155 0.03842640
v 0.03859213 -0.01579507 0.01614577
v 0.03905443 -0.01363048 0.01459522
v 0.02153686 0.03139516 0.01624081
v 0.02148396 0.03133871 0.01634104
v 0.02142463 0.03127103 0.01643153
v 0.01825836 0.03332543 0.01595182
v 0.02795129 0.02777869 0.01283219
v 0.02494796 0.02889967 0.01650161
v 0.02739236 0.02652415 0.01705853
v 0.02281514 0.03421350 0.00641832
v 0.02565549 0.03122068 0.00917050
v 0.02607646 0.03177468 0.00645261
v 0.02363503 0.03407758 0.00459770
v 0.02244191 0.03363413 0.00905331
v 0.01901689 0.03572468 0.00895427
v 0.03203098 0.02056182 0.01828177
v 0.03289401 0.02174682 0.01348487
v 0.03056967 0.02487839 0.01314450
v 0.03089702 0.02241927 0.01770075
v 0.03212271 0.02058567 0.01809928
v 0.03650683 0.01027592 0.02035908
v 0.03664669 0.01028214 0.02018850
v 0.03786134 0.00292085 0.02172287
v 0.03798902 0.00289354 0.02154094
v 0.03813377 -0.00001028 0.02204389
v 0.03812778 -0.00001039 0.02205605
v 0.03806676 -0.00001160 0.02217992
v -0.00835474 -0.04043545 0.00384355
v 0.00266292 -0.04120422 0.00384487
v -0.04133072 -0.00155672 0.00695914
v -0.04103154 -0.00150000 0.00914709
v -0.04139475 -0.00150000 0.00637299
v -0.04149985 -0.00150000 0.00445807
v -0.03963180 -0.01096878 0.01263226
v -0.04002956 -0.00939251 0.01114013
v -0.04149985 0.00000005 0.00445807
v -0.04140629 0.00278062 0.00446121
v -0.04149664 -0.00150000 0.00437339
v -0.04099877 -0.00481397 0.00382905
v -0.04124070 -0.00154740 0.00378528
v -0.04131818 -0.00154740 0.00388285
v -0.04104071 -0.00602042 0.00521467
v -0.04112621 -0.00482889 0.00403748
v -0.04055424 -0.00804233 0.00391752
v -0.03997523 -0.01031404 0.00383357
v -0.03777862 -0.01701449 0.00409423
v -0.03946808 -0.01261080 0.00409576
v -0.04105451 -0.00596466 0.00428494
v -0.04103104 -0.00596095 0.00419242
v -0.03608717 -0.02574988 0.01953037
v -0.03638566 -0.02490271 0.01759192
v -0.04012698 -0.01055421 0.00611291
v -0.03194173 -0.03852346 0.03159453
v -0.04141083 -0.00150000 0.00404110
v -0.04139047 0.00000003 0.00399879
v -0.04143326 -0.00154740 0.00410110
v -0.03963117 0.01211667 0.00413025
v -0.03959497 0.01210557 0.00403550
v -0.04062610 0.00816302 0.00411188
v -0.03954891 0.01209145 0.00394365
v -0.04126129 0.00409894 0.00419150
v -0.04123142 0.00409597 0.00409901
v -0.04053995 0.00814566 0.00392990
v -0.03425752 0.02309027 0.00389319
v -0.02303961 0.03448408 0.00459506
v -0.02283635 0.03463011 0.00449929
v -0.02283617 0.03462984 0.00440038
v -0.02540643 0.03277508 0.00460405
v -0.02612602 0.03221641 0.00451069
v -0.02764239 0.03091036 0.00460836
v -0.02622326 0.03195794 0.00534224
v -0.02612652 0.03221702 0.00441117
v -0.02918771 0.02947013 0.00451316
v -0.02924376 0.02921452 0.00535770
v -0.02976916 0.02886814 0.00460781
v -0.01554755 0.03487978 0.01537094
v -0.01829284 0.03346245 0.01574774
v -0.01859851 0.03480327 0.01208573
v -0.01976988 0.03266611 0.01579927
v -0.02193610 0.03276747 0.01230254
v -0.00776369 0.04075410 0.00430737
v -0.00776018 0.04073577 0.00421281
v 0.00847240 0.04041701 0.00385105
v 0.00445869 0.04110675 0.00392505
v 0.01241853 0.03932019 0.00378141
v 0.00851370 0.04061338 0.00440501
v 0.00760319 0.04079470 0.00448993
v 0.00762257 0.03737470 0.01494563
v 0.01124074 0.03622422 0.01540844
v 0.01983646 0.03607355 0.00372179
v 0.02331177 0.03393435 0.00372724
v -0.00403431 0.04124432 0.00531098
v -0.00000033 0.04128883 0.00633527
v 0.00040275 0.04134325 0.00391963
v -0.00368521 0.04118246 0.00392339
v 0.00040324 0.04139264 0.00400734
v -0.00369579 0.04130039 0.00419614
v -0.00369759 0.04132041 0.00428920
v -0.00107327 0.04148572 0.00446416
v 0.00040392 0.04146250 0.00419053
v -0.00369314 0.04127082 0.00410318
v -0.00368961 0.04123148 0.00401175
v -0.00774758 0.04066984 0.00402488
v -0.00773845 0.04062205 0.00393459
v -0.00775483 0.04070777 0.00411814
v -0.00376162 0.03757054 0.01518452
v -0.00752060 0.03718032 0.01519398
v -0.00749983 0.03709491 0.01526093
v -0.00378259 0.03774747 0.01506402
v -0.00747828 0.03700328 0.01531747
v -0.01114681 0.03615874 0.01547359
v -0.01466585 0.03475982 0.01582163
v -0.01471031 0.03485037 0.01576116
v -0.01810614 0.03319950 0.01610858
v -0.01475289 0.03493392 0.01568877
v -0.01815961 0.03328061 0.01603313
v -0.01479265 0.03500861 0.01560585
v -0.01820922 0.03335239 0.01594641
v -0.00384880 0.03940882 0.01156503
v -0.00380958 0.03795401 0.01482050
v -0.01102106 0.03656736 0.01502913
v -0.00767231 0.03881969 0.01163399
v -0.02450323 0.02913501 0.01667252
v -0.02729040 0.02653822 0.01716487
v -0.02152515 0.03147866 0.01612614
v -0.02506397 0.03041734 0.01255128
v -0.02909030 0.02903230 0.00649605
v -0.03170732 0.02052169 0.01856678
v -0.02714507 0.02643770 0.01736920
v -0.03190131 0.02061061 0.01837984
v -0.03841983 -0.01600001 0.01647843
v -0.03818491 -0.01806483 0.01528662
v -0.03751587 0.01530497 0.01006858
v -0.04067343 0.00817255 0.00429977
v -0.03968182 0.01213220 0.00441610
v -0.04060547 0.00855841 0.00448452
v -0.03788905 0.01129152 0.01467905
v -0.03671688 0.01045105 0.01990018
v -0.03635597 0.01927733 0.00669242
v -0.03394544 0.01736101 0.01875381
v -0.03391368 0.01735654 0.01881574
v -0.03201495 0.02065079 0.01820776
v -0.03754058 0.00667190 0.02074329
v -0.03817293 -0.00000061 0.02192548
v -0.03817534 0.00000000 0.02191632
v -0.03815141 -0.00049961 0.02200980
v -0.03977867 0.00000001 0.01543229
v -0.03658289 0.01035802 0.02023387
v -0.03790600 0.00294933 0.02165753
v -0.03317782 -0.02945984 0.03919981
v 0.03496117 -0.02725453 0.03442396
v 0.03497108 -0.02738310 0.03430013
v 0.03424178 -0.02994898 0.03739446
v 0.03308824 -0.03634193 0.02991195
v 0.03986564 -0.01153073 0.00445142
v 0.03927228 -0.01250755 0.00375558
v 0.03785357 -0.01697454 0.00428315
v 0.04149642 -0.00150000 0.00437631
v 0.04149459 -0.00154738 0.00437647
v 0.04096134 -0.00480959 0.00378462
v 0.04107315 -0.00374771 0.00378604
v 0.00715512 -0.05153321 0.02067805
v 0.01601145 -0.03811359 0.00391167
v 0.01338363 -0.03898267 0.00375665
v 0.02472013 -0.03297126 0.00374759
v 0.02652903 -0.03153612 0.00374906
v 0.02476070 -0.03302537 0.00382267
v 0.02289785 -0.03441166 0.00389949
v 0.02479636 -0.03307291 0.00390376
v 0.02022769 -0.04590537 0.02031711
v 0.01850754 -0.03696152 0.00390441
v 0.02994441 -0.02841385 0.00382651
v 0.02998749 -0.02845471 0.00390841
v 0.02834091 -0.03009401 0.00390691
v 0.03682123 -0.01906474 0.00418863
v 0.03569543 -0.02109689 0.00418682
v 0.03069716 -0.04154344 0.02906046
v 0.03096555 -0.04123066 0.02932292
v 0.03137163 -0.03885770 0.02555276
v 0.03310695 -0.02496182 0.00418229
v 0.03566911 -0.02108134 0.00409424
v 0.03439850 -0.02302324 0.00400173
v 0.03158747 -0.02674665 0.00399735
v 0.03593262 -0.02273982 0.03052106
v 0.03825264 -0.00153114 0.02161771
v 0.03401217 -0.03041374 0.03839939
v 0.03398748 -0.03034167 0.03845986
v 0.03403062 -0.03052416 0.03830674
v 0.04065368 -0.00712860 0.00803399
v 0.04114041 -0.00322286 0.00738840
v 0.04089784 -0.00639959 0.00654494
v 0.03948610 0.01183353 0.00689261
v 0.03696733 0.01882327 0.00455695
v 0.03755552 0.00658728 0.02075943
v 0.03788901 0.01129160 0.01467904
v 0.03671730 0.01027782 0.02006339
v 0.03391214 0.01728242 0.01888860
v 0.03540898 0.01385038 0.01958182
v 0.03551995 0.01385878 0.01939883
v 0.03514697 0.01379552 0.01982899
v 0.03526134 0.01382336 0.01974161
v 0.03536349 0.01384343 0.01963834
v 0.02115912 0.03567259 0.00458531
v 0.02302453 0.03447087 0.00459465
v 0.02348806 0.03419051 0.00450214
v 0.01933824 0.03632335 0.00639155
v 0.01568089 0.03808269 0.00637058
v 0.01859815 0.03480346 0.01208572
v 0.01834220 0.03343537 0.01575302
v 0.02654781 0.03146831 0.00373020
v 0.02335539 0.03399774 0.00380882
v 0.03853751 0.01524990 0.00414734
v 0.03988219 0.01136214 0.00422194
v 0.03985542 0.01135449 0.00412636
v 0.03660265 0.01883510 0.00371598
v 0.03219515 0.02565995 0.00372787
v 0.03457770 0.02234253 0.00372286
v 0.04136281 0.00332536 0.00437344
v 0.01477145 0.03482430 0.01576678
v 0.01578898 0.03825611 0.00531807
v 0.01187947 0.03947213 0.00635415
v 0.01167410 0.03885014 0.00880427
v 0.00381182 0.03756541 0.01518573
v 0.00003311 0.03801603 0.01494654
v -0.00772751 0.04056476 0.00384887
v -0.03623753 0.01952995 0.00371742
v -0.01578952 0.03825589 0.00531806
v -0.01558912 0.03845115 0.00445457
v -0.01526362 0.03857735 0.00454513
v -0.01253909 0.03955150 0.00452448
v -0.01196822 0.03963999 0.00531416
v -0.01170392 0.03971802 0.00404271
v -0.02602307 0.03208958 0.00390277
v -0.02274386 0.03449012 0.00389709
v -0.02598066 0.03203733 0.00381222
v -0.02902611 0.02930692 0.00381321
v -0.01924024 0.03655721 0.00388750
v -0.01554139 0.03833380 0.00396620
v -0.02275447 -0.03457219 0.00399325
v -0.02464288 -0.03319021 0.00390769
v -0.02092806 -0.03567267 0.00393935
v -0.03126458 -0.04024852 0.03014703
v -0.03163038 -0.03953462 0.03074606
v -0.03569843 -0.02685926 0.01766066
v -0.03874468 -0.01486072 0.00437238
v -0.03904469 -0.01406325 0.00445367
v -0.03283375 -0.02490991 0.00375264
v -0.03419004 -0.02301432 0.00375331
v -0.03558527 -0.02114190 0.00400105
v -0.03667601 -0.01908054 0.00391481
v -0.03554221 -0.02111633 0.00391358
v -0.03672039 -0.01910362 0.00400249
v -0.03543296 -0.02105144 0.00375405
v -0.03662343 -0.01905319 0.00383179
v -0.02979165 -0.02847706 0.00375144
v -0.02988351 -0.02856484 0.00390961
v -0.02973132 -0.04115013 0.02550338
v -0.02895736 -0.04316915 0.02769633
v -0.03134056 -0.03858073 0.02552111
v -0.03044535 -0.04090061 0.02755238
v -0.01363725 -0.03896892 0.00383775
v 0.02436658 0.02889180 0.01696267
v 0.02988428 0.02367881 0.01758843
v 0.02985527 0.02366744 0.01764821
v 0.02733543 0.02649178 0.01717363
v 0.02966339 0.02356768 0.01791610
v 0.03395321 -0.03027059 0.03851951
v 0.01485416 0.03498246 0.01561135
v 0.01489048 0.03504679 0.01551966
v 0.01830317 0.03338632 0.01585582
v 0.02506372 0.03041754 0.01255126
v 0.02862563 0.02851062 0.00930757
v 0.02909001 0.02903259 0.00649605
v 0.02816926 0.03043090 0.00460868
v 0.02972914 0.02892405 0.00451259
v 0.03206534 0.02057243 0.01822225
v 0.02982292 0.02365315 0.01770654
v 0.03132204 0.02553201 0.00946557
v 0.03182528 0.02601481 0.00654998
v 0.03425552 0.02275228 0.00661486
v 0.03484320 0.02251445 0.00448763
v 0.03396481 0.02380119 0.00458944
v 0.03371830 0.02231599 0.00964388
v 0.03668437 0.01028079 0.02012672
v 0.03660438 0.01028181 0.02024819
v -0.04037928 -0.00596721 0.01083605
v -0.04113916 -0.00323936 0.00738870
v -0.03959920 -0.01110275 0.01274211
v -0.04075075 -0.00681598 0.00765106
v -0.04019722 -0.00974809 0.00916909
v -0.04149336 0.00000004 0.00436943
v -0.04148851 0.00000004 0.00430330
v -0.04149066 -0.00154740 0.00433650
v -0.04146810 -0.00150000 0.00420354
v -0.04086643 -0.00593593 0.00384751
v -0.04092156 -0.00480493 0.00374264
v -0.04132655 -0.00150000 0.00389090
v -0.04116968 -0.00483398 0.00415085
v -0.04149932 -0.00152291 0.00445807
v -0.04138623 -0.00305699 0.00446938
v -0.04131069 -0.00376935 0.00427063
v -0.04096377 -0.00619930 0.00607599
v -0.04060319 -0.00805204 0.00400568
v -0.04049615 -0.00803081 0.00383403
v -0.04011987 -0.01035135 0.00409623
v -0.04069269 -0.00806979 0.00428292
v -0.04106224 -0.00596610 0.00437988
v -0.03952806 -0.01262997 0.00437323
v -0.04128168 0.00410097 0.00428413
v -0.04145207 0.00000004 0.00414811
v -0.04058788 0.00815532 0.00401938
v -0.04134069 0.00000003 0.00391834
v -0.04114277 0.00408714 0.00392028
v -0.04119189 0.00409203 0.00400810
v -0.04048268 0.00813413 0.00384500
v -0.03430457 0.02312205 0.00398813
v -0.03434224 0.02314749 0.00408750
v -0.03187049 0.02637848 0.00399714
v -0.03177520 0.02629952 0.00381053
v -0.03439812 0.02318524 0.00439298
v -0.03438876 0.02317891 0.00429176
v -0.03641444 0.01962554 0.00397504
v -0.03827643 0.01596232 0.00424965
v -0.03648605 0.01966423 0.00417200
v -0.03437027 0.02316642 0.00418935
v -0.02055233 0.03602692 0.00458175
v -0.02279994 0.03457502 0.00409298
v -0.02605858 0.03213333 0.00399969
v -0.02608672 0.03216799 0.00410099
v -0.02295236 0.03439524 0.00533116
v -0.02281555 0.03421323 0.00641833
v -0.02907345 0.02935474 0.00390401
v -0.03182551 0.02601453 0.00654998
v -0.03195408 0.02644776 0.00450646
v 0.01324588 0.03931933 0.00452983
v 0.01632368 0.03813976 0.00436311
v 0.01631816 0.03812692 0.00426415
v 0.00850228 0.04055908 0.00412166
v 0.00850809 0.04058670 0.00421673
v 0.01248194 0.03952036 0.00414275
v 0.00848439 0.04047402 0.00393722
v 0.01622676 0.03791401 0.00379216
v 0.00851186 0.04060463 0.00431163
v 0.00760617 0.03731651 0.01503583
v 0.01142998 0.03784695 0.01174789
v 0.01630846 0.03810431 0.00416439
v 0.01629441 0.03807160 0.00406551
v 0.01993349 0.03624958 0.00398371
v 0.01627599 0.03802870 0.00396930
v 0.01987348 0.03614071 0.00380167
v -0.00369857 0.04133133 0.00438104
v -0.00000033 0.04144691 0.00531094
v 0.00040362 0.04143242 0.00409814
v 0.00447360 0.04124386 0.00429189
v 0.00471436 0.04122999 0.00447457
v -0.00379235 0.03782544 0.01498987
v -0.00754020 0.03725788 0.01511774
v -0.01125932 0.03644320 0.01514357
v -0.01117832 0.03624364 0.01540415
v -0.01111402 0.03606726 0.01553194
v -0.01805006 0.03311099 0.01617120
v -0.01482882 0.03507300 0.01551424
v -0.01123508 0.03638707 0.01523738
v -0.01825391 0.03341334 0.01585047
v -0.00757459 0.03738448 0.01494353
v -0.02444251 0.02908397 0.01677664
v -0.02437383 0.02902151 0.01687048
v -0.02429887 0.02894911 0.01695145
v -0.02978206 0.02370462 0.01769692
v -0.03198063 0.02064009 0.01826726
v -0.02371616 0.02992056 0.01631129
v -0.02130375 0.03123252 0.01650227
v -0.02607681 0.03177439 0.00645261
v -0.02565580 0.03122044 0.00917051
v -0.02706005 0.02637181 0.01745234
v -0.03379419 0.01732875 0.01899048
v -0.03534065 0.01390171 0.01962749
v -0.03889503 -0.01401334 0.01503576
v -0.03995500 -0.01115110 0.00773193
v -0.03767226 -0.02017217 0.01538565
v -0.03745650 -0.02090051 0.01740227
v -0.03578989 0.01889512 0.00984434
v -0.03967419 0.01212986 0.00432202
v -0.03784830 -0.00596710 0.02315643
v -0.03823988 -0.00049968 0.02167029
v -0.03294197 0.01928845 0.01827499
v -0.03960709 0.00000001 0.01612617
v -0.03648539 0.01035191 0.02034474
v -0.03653619 0.01035584 0.02029090
v -0.03538612 0.01390873 0.01957098
v -0.03669579 0.01035429 0.02004911
v -0.03542747 0.01391366 0.01951187
v 0.03460650 -0.02862187 0.03589413
v 0.03482155 -0.02801008 0.03482310
v 0.03402432 -0.03068992 0.03816764
v 0.04069021 0.00735220 0.00392762
v 0.04108634 0.00330308 0.00375898
v 0.04121773 -0.00000000 0.00375739
v 0.04018654 -0.01034267 0.00436990
v 0.04057489 -0.00871137 0.00445288
v 0.03953962 -0.01259267 0.00437204
v 0.03850240 -0.01471099 0.00375666
v 0.04103839 -0.00481861 0.00388249
v 0.04078305 -0.00592061 0.00375008
v 0.01598847 -0.03805883 0.00382911
v 0.02657259 -0.03158791 0.00382452
v 0.02434348 -0.02852446 -0.00000000
v 0.02286489 -0.03436215 0.00381915
v 0.02292594 -0.03445386 0.00398449
v 0.01811433 -0.04773088 0.02133590
v 0.02837545 -0.03013069 0.00399321
v 0.02830019 -0.03005078 0.00382527
v 0.03660129 -0.01895088 0.00375608
v 0.03113622 -0.04038810 0.02798670
v 0.03443209 -0.02304573 0.00409246
v 0.03150385 -0.02667586 0.00382817
v 0.03823989 -0.00050028 0.02167026
v 0.03814230 -0.00000817 0.02201811
v 0.04061247 -0.00839399 0.00629919
v 0.04070576 -0.00806106 0.00437362
v 0.04141963 -0.00155647 0.00605828
v 0.04132191 -0.00383023 0.00446842
v 0.04101332 -0.00610162 0.00550485
v 0.04121597 -0.00483940 0.00446487
v 0.04106861 -0.00596710 0.00445784
v 0.04048361 0.00793894 0.00701995
v 0.04075438 0.00782100 0.00448052
v 0.03820508 0.01617663 0.00453718
v 0.03555360 0.02136426 0.00457469
v 0.03481326 0.02249506 0.00418631
v 0.03241305 0.02583387 0.00419950
v 0.03483222 0.02250734 0.00428840
v 0.03687564 0.01897597 0.00426837
v 0.03990746 0.01136936 0.00441108
v 0.03394806 0.01728920 0.01882815
v 0.03545035 0.01385524 0.01952270
v 0.02596529 0.03233337 0.00460554
v 0.01998978 0.03635168 0.00448407
v 0.01998892 0.03635012 0.00438599
v 0.01508452 0.03650312 0.01190054
v 0.02950913 0.02870993 0.00373040
v 0.03845923 0.01521884 0.00395648
v 0.03981878 0.01134402 0.00403208
v 0.03681586 -0.01739406 0.02716855
v 0.04149612 -0.00000000 0.00436923
v 0.04149595 -0.00000000 0.00436524
v 0.01472679 0.03473377 0.01582729
v -0.01172884 0.03980230 0.00442667
v -0.01172684 0.03979554 0.00433193
v -0.01167393 0.03961657 0.00386147
v -0.01171451 0.03975383 0.00413846
v -0.01932093 0.03671010 0.00438211
v -0.01932194 0.03671202 0.00447996
v -0.01931519 0.03669923 0.00428170
v -0.02266435 0.03436977 0.00372638
v -0.02593209 0.03197749 0.00372983
v -0.01926685 0.03660764 0.00398126
v -0.02091503 -0.03565045 0.00390346
v -0.03873369 -0.01485651 0.00428065
v -0.03864811 -0.01482368 0.00400405
v -0.03860145 -0.01480579 0.00391614
v -0.03774185 -0.01699793 0.00400328
v -0.03764224 -0.01695306 0.00383235
v -0.03932574 -0.01256533 0.00383328
v -0.03675621 -0.01912226 0.00409332
v -0.03562006 -0.02116257 0.00409168
v -0.03433704 -0.02311326 0.00399973
v -0.03429545 -0.02308527 0.00391246
v -0.03297495 -0.02501705 0.00399853
v -0.03288772 -0.02495086 0.00382901
v -0.03549124 -0.02108605 0.00383078
v -0.03136280 -0.02673728 0.00375201
v -0.02991985 -0.02859957 0.00399638
v -0.02886058 -0.04326740 0.02761389
v 0.02444178 0.02896407 0.01688163
v 0.02782575 0.02613659 0.01701497
v 0.03175722 0.02044408 0.01858141
v 0.02956917 0.02350974 0.01800094
v 0.03024876 0.02836559 0.00460696
v 0.03218504 0.02615152 0.00460044
v 0.02674602 0.03170310 0.00451190
v 0.03209594 0.02058037 0.01816125
v 0.03655766 0.01027974 0.02030523
v -0.04034943 -0.00818661 0.00977974
v -0.03990596 -0.01079412 0.01051833
v -0.04045548 -0.00887986 0.00769975
v -0.04146987 -0.00154740 0.00422021
v -0.04077250 -0.00592192 0.00374062
v -0.04101430 -0.00595831 0.00412642
v -0.04128167 -0.00376671 0.00415369
v -0.04095059 -0.00594858 0.00397957
v -0.04146524 0.00000004 0.00420421
v -0.04108446 0.00408134 0.00383704
v -0.03182703 0.02634247 0.00390065
v -0.03517134 0.02198566 0.00457871
v -0.03662792 0.01947277 0.00456165
v -0.03821901 0.01593831 0.00405400
v -0.03829573 0.01597040 0.00444313
v -0.03791656 0.01683888 0.00454219
v -0.01946288 0.03650146 0.00532346
v -0.02612046 0.03220956 0.00430863
v -0.02916728 0.02944950 0.00420661
v -0.02610731 0.03219336 0.00420464
v -0.02283031 0.03462098 0.00429862
v -0.01930438 0.03667875 0.00418025
v -0.01928828 0.03664825 0.00407948
v -0.01557257 0.03841047 0.00416027
v -0.02918183 0.02946419 0.00431081
v -0.03190501 0.02640709 0.00409802
v -0.03174161 0.02668691 0.00460239
v 0.01248994 0.03954560 0.00424015
v 0.01243887 0.03938442 0.00386413
v 0.01244126 0.03610795 0.01512347
v 0.01595376 0.03829575 0.00455030
v 0.01632528 0.03814349 0.00445982
v 0.01990600 0.03619972 0.00388953
v -0.00398456 0.04130716 0.00447158
v 0.00040423 0.04149458 0.00437448
v 0.00181924 0.04145959 0.00446530
v 0.00403365 0.04124439 0.00531098
v 0.00447145 0.04122408 0.00419861
v -0.00380139 0.03789461 0.01490817
v -0.01120793 0.03632021 0.01532487
v -0.02142707 0.03137774 0.01633348
v -0.00755829 0.03732626 0.01503369
v -0.00639926 0.03765388 0.01480241
v -0.02981438 0.02371897 0.01763862
v -0.02457680 0.02918843 0.01650370
v -0.02123617 0.03114735 0.01656686
v -0.02244227 0.03363389 0.00905333
v -0.03387778 0.01734970 0.01887617
v -0.03383788 0.01734043 0.01893459
v -0.03826884 -0.00154897 0.02155010
v -0.03397300 0.01736314 0.01869090
v -0.03546449 0.01391652 0.01945070
v 0.03238645 -0.03840530 0.03169367
v 0.04077698 0.00736791 0.00410884
v 0.04133067 0.00332277 0.00418964
v 0.04130063 0.00332035 0.00409734
v 0.04056656 0.00732981 0.00376465
v 0.04017495 -0.01033968 0.00427834
v 0.03895465 -0.01431005 0.00445556
v 0.03991424 -0.01027261 0.00375477
v 0.04121773 -0.00150000 0.00375739
v 0.04115040 -0.00375475 0.00388432
v 0.04133710 -0.00154738 0.00391098
v 0.04121549 -0.00376068 0.00399281
v 0.04043098 -0.00800667 0.00375617
v 0.04087573 -0.00593564 0.00385975
v 0.02661081 -0.03163338 0.00390600
v 0.03666151 -0.01898206 0.00383333
v 0.03760887 -0.01686488 0.00375671
v 0.03856576 -0.01473520 0.00383406
v 0.03675847 -0.01903225 0.00400470
v 0.03679420 -0.01905075 0.00409586
v 0.03671412 -0.01900929 0.00391669
v 0.03772480 -0.01691687 0.00391765
v 0.03154913 -0.02671420 0.00391043
v 0.03145215 -0.02663209 0.00375197
v 0.03290842 -0.02481214 0.00375330
v 0.03425129 -0.02292473 0.00375442
v 0.04092648 -0.00632569 0.00628699
v 0.04121406 -0.00485765 0.00446481
v 0.03986268 0.00776391 0.01060039
v 0.03856175 0.01525952 0.00424525
v 0.03688096 0.01897852 0.00455804
v 0.03484198 0.02251367 0.00438935
v 0.03242974 0.02584719 0.00430297
v 0.02970822 0.02890369 0.00420615
v 0.04010778 0.01064295 0.00449723
v 0.03548739 0.01385802 0.01946153
v 0.02664095 0.03157864 0.00390338
v 0.02961260 0.02881063 0.00390372
v 0.02956438 0.02876370 0.00381298
v 0.01997212 0.03631965 0.00418350
v 0.01859410 0.03707984 0.00456918
v 0.01692353 0.03423111 0.01549885
v 0.01541551 0.03747007 0.00887158
v 0.03850334 0.01523634 0.00405051
v 0.03682268 0.01894864 0.00406887
v 0.03678136 0.01892731 0.00397217
v 0.03685409 0.01896484 0.00416820
v 0.03464211 0.02238424 0.00380307
v 0.03478468 0.02247655 0.00408482
v 0.03230794 0.02574997 0.00389955
v 0.03673042 0.01890103 0.00387998
v 0.03469867 0.02242086 0.00389129
v 0.04135126 0.00332443 0.00428210
v 0.01120904 0.03613935 0.01547793
v -0.00974456 0.04033479 0.00450404
v -0.01169036 0.03967215 0.00394981
v -0.01555905 0.03837722 0.00406188
v -0.01558741 0.03844694 0.00435817
v -0.01558197 0.03843359 0.00425958
v -0.02270674 0.03443394 0.00380769
v -0.02277507 0.03453736 0.00399283
v -0.03769627 -0.01697739 0.00391548
v -0.03854614 -0.01478457 0.00383289
v -0.03938217 -0.01258335 0.00391662
v -0.03437069 -0.02313590 0.00409017
v -0.03293498 -0.02498672 0.00391144
v -0.03424625 -0.02305215 0.00382985
v -0.03141434 -0.02678122 0.00382821
v -0.02994932 -0.02862773 0.00408634
v -0.02871604 -0.04339112 0.02751007
v 0.02736534 0.02650949 0.01711680
v 0.02968489 0.02888099 0.00410233
v 0.02972307 0.02891814 0.00431031
v 0.02672707 0.03168066 0.00420560
v -0.04060328 -0.00729079 0.00852747
v -0.04101921 -0.00595908 0.00414575
v -0.03645519 0.01964756 0.00407221
v -0.03825268 0.01595239 0.00415130
v -0.03651867 0.01968186 0.00437225
v -0.03650708 0.01967560 0.00427258
v -0.03829058 0.01596824 0.00434740
v -0.02281833 0.03460285 0.00419556
v -0.02918843 0.02947086 0.00441352
v -0.02911306 0.02939473 0.00400118
v -0.03194668 0.02644162 0.00430491
v 0.01046420 0.04015320 0.00450914
v 0.01245635 0.03943960 0.00395303
v 0.00849437 0.04052151 0.00402796
v 0.01625335 0.03797595 0.00387760
v 0.01129783 0.03636760 0.01524155
v 0.01492254 0.03509979 0.01542141
v 0.01586460 0.03832945 0.00454962
v 0.00447476 0.04125452 0.00438392
v 0.00040412 0.04148307 0.00428307
v 0.00446401 0.04115560 0.00401369
v -0.02147982 0.03143428 0.01623332
v -0.02136792 0.03130998 0.01642390
v -0.02455474 0.02917375 0.01656113
v -0.03818624 -0.00151779 0.02187360
v -0.03662519 0.01035845 0.02017420
v 0.03295228 -0.03578251 0.03389445
v 0.03239258 -0.03855909 0.03074544
v 0.04073844 0.00736093 0.00401671
v 0.04080576 0.00737312 0.00420245
v 0.04115324 0.00330847 0.00383601
v 0.04069432 -0.00805879 0.00428181
v 0.03876372 -0.01481084 0.00437490
v 0.03933690 -0.01252812 0.00383271
v 0.03939336 -0.01254610 0.00391593
v 0.04132539 -0.00150000 0.00388921
v 0.04119944 -0.00154738 0.00374219
v 0.04139815 -0.00154738 0.00401938
v 0.04149595 -0.00150000 0.00436524
v 0.04078636 -0.00592114 0.00375399
v 0.04088261 -0.00595654 0.00387414
v 0.03767076 -0.01689264 0.00383413
v 0.03777033 -0.01693728 0.00400583
v 0.03435690 -0.02299540 0.00391416
v 0.03548196 -0.02097076 0.00375529
v 0.03430763 -0.02296243 0.00383125
v 0.03296253 -0.02485293 0.00382984
v 0.04121045 -0.00483875 0.00434532
v 0.04105690 -0.00596512 0.00429981
v 0.04119109 -0.00483649 0.00422979
v 0.04132201 -0.00377038 0.00434871
v 0.04115475 -0.00483223 0.00410705
v 0.04102127 -0.00595927 0.00414748
v 0.04105470 -0.00598463 0.00430812
v 0.04103113 -0.00596089 0.00418966
v 0.03857639 0.01526533 0.00434263
v 0.03689090 0.01898385 0.00446468
v 0.03243757 0.02585345 0.00450424
v 0.03989937 0.01136704 0.00431731
v 0.02659754 0.03152721 0.00381271
v 0.02339356 0.03405320 0.00389851
v 0.01995558 0.03628965 0.00408234
v 0.02345114 0.03413687 0.00409499
v 0.02348803 0.03419046 0.00440308
v 0.02348215 0.03418193 0.00430113
v 0.01998315 0.03633966 0.00428529
v 0.03225532 0.02570797 0.00380965
v 0.03238720 0.02581324 0.00409646
v 0.02965295 0.02884990 0.00400084
v 0.03474639 0.02245176 0.00398583
v 0.01117606 0.03604787 0.01553632
v -0.01172212 0.03977957 0.00423540
v -0.03145950 -0.02681971 0.00391048
v 0.02972983 0.02892472 0.00441297
v 0.02674047 0.03169653 0.00430970
v 0.02667728 0.03162167 0.00400042
v 0.02346995 0.03416421 0.00419783
v -0.03652145 0.01968336 0.00446951
v -0.02914440 0.02942639 0.00410274
v -0.03193037 0.02642810 0.00420126
v -0.03195437 0.02644799 0.00440716
v 0.01249682 0.03956731 0.00443217
v 0.01247075 0.03948502 0.00404648
v 0.01127053 0.03630077 0.01532911
v 0.01132221 0.03642368 0.01514767
v 0.00446826 0.04119474 0.00410539
v -0.03817293 -0.00138279 0.02192548
v -0.03666286 0.01035718 0.02011242
v 0.03235624 -0.03852707 0.03159149
v 0.04126093 0.00331715 0.00400664
v 0.04121166 0.00331318 0.00391903
v 0.04140914 -0.00000000 0.00403738
v 0.04082501 0.00737660 0.00429608
v 0.04063269 0.00734178 0.00384311
v 0.04132539 -0.00000000 0.00388921
v 0.04146655 -0.00000000 0.00419760
v 0.03875292 -0.01480671 0.00428301
v 0.04003730 -0.01030427 0.00391470
v 0.04140914 -0.00150000 0.00403738
v 0.04144520 -0.00154738 0.00413453
v 0.04078162 -0.00594012 0.00375211
v 0.04049752 -0.00801984 0.00383345
v 0.03780698 -0.01695370 0.00409715
v 0.03563440 -0.02106083 0.00400328
v 0.03554033 -0.02100525 0.00383234
v 0.03300989 -0.02488864 0.00391245
v 0.04126679 -0.00376535 0.00410974
v 0.04130294 -0.00376864 0.00423287
v 0.04096338 -0.00594985 0.00400426
v 0.04105980 -0.00596561 0.00433894
v 0.04101946 -0.00597883 0.00415268
v 0.03688770 0.01898219 0.00436769
v 0.03243769 0.02585354 0.00440507
v 0.03235209 0.02578522 0.00399580
v -0.03149772 -0.02685229 0.00399740
v 0.02674660 0.03170379 0.00441232
v 0.02670605 0.03165575 0.00410185
v 0.02342562 0.03409978 0.00399455
v 0.01249484 0.03956106 0.00433710
v -0.03817183 -0.00150620 0.02192929
v 0.03222688 -0.03902646 0.03117246
v 0.04126404 -0.00154738 0.00381211
v 0.04142987 -0.00000000 0.00409523
v 0.03866770 -0.01477415 0.00400573
v 0.04008576 -0.01031674 0.00400237
v 0.03997990 -0.01028950 0.00383169
v 0.04055563 -0.00803134 0.00391683
v 0.03783467 -0.01696609 0.00419008
v 0.03559135 -0.02103540 0.00391548
v 0.04147725 -0.00154738 0.00425339
v 0.04098948 -0.00595409 0.00406883
v 0.04110339 -0.00482622 0.00399054
v 0.04105810 -0.00596532 0.00431603
v -0.03152869 -0.02687869 0.00408751
v 0.03862108 -0.01475634 0.00391756
v 0.03870522 -0.01478849 0.00409703
v 0.04146655 -0.00150000 0.00419760
v 0.04064406 -0.00804885 0.00409605
v 0.04015454 -0.01033443 0.00418566
v 0.04012487 -0.01032680 0.00409319
v 0.03873356 -0.01479932 0.00418995
v 0.03944098 -0.01256126 0.00400381
v 0.04060461 -0.00804104 0.00400487
v 0.04067390 -0.00805475 0.00418885
v 0.03950844 -0.01258274 0.00418750
v 0.03947937 -0.01257348 0.00409484
v 0.03952838 -0.01258909 0.00428034
v 0.01195880 -0.05296624 0.02518774
v 0.01467196 -0.05197431 0.02549475
v 0.01149621 -0.05595125 0.03048225
v 0.01009628 -0.05100522 0.02112109
v -0.05304564 -0.03355413 0.11837167
v -0.04696850 -0.02700000 0.11537650
v -0.04919917 -0.02700000 0.11181426
v -0.05594880 -0.04833205 0.08869556
v -0.05534405 -0.04945553 0.08755749
v -0.02700058 -0.02650000 0.07691736
v -0.05080063 -0.02700000 0.10792828
v -0.05172749 -0.02700000 0.10382873
v -0.01670561 -0.02700000 0.12313651
v -0.01300587 -0.02700000 0.12106682
v -0.00563467 -0.02650000 0.09238362
v -0.01784875 -0.02721129 0.04108657
v -0.00970966 -0.02700000 0.11840101
v -0.00623516 -0.03355846 0.12427128
v -0.00364647 -0.03355918 0.12174524
v -0.00691201 -0.02700000 0.11521593
v -0.01404532 -0.02650000 0.09283120
v -0.03721144 -0.02700000 0.12317387
v -0.03324498 -0.02700000 0.12456407
v -0.05565708 -0.03375297 0.08660492
v -0.05571239 -0.03386474 0.08657835
v -0.05711762 -0.03375222 0.09018072
v -0.05515644 -0.05056959 0.08764245
v -0.05588626 -0.05056959 0.08939554
v -0.05560388 -0.05166149 0.08950304
v -0.05650863 -0.05056959 0.09119516
v -0.03200438 -0.03812440 0.03192937
v -0.05349668 -0.03433016 0.11825728
v -0.05476671 -0.03433091 0.11621119
v -0.05264882 -0.04833205 0.11819703
v -0.05394005 -0.04945553 0.11596064
v -0.05895614 -0.03433678 0.10039270
v -0.05893714 -0.03422239 0.10148041
v -0.05892290 -0.03410504 0.10147987
v -0.05271159 -0.02700009 0.09699213
v -0.05826355 -0.03355682 0.10529517
v -0.04250761 -0.06366453 0.12112008
v -0.04135435 -0.05960767 0.12394381
v -0.04351034 -0.05966006 0.12246674
v -0.04050288 -0.06361972 0.12248719
v -0.02707523 -0.03355454 0.13204069
v -0.02700000 -0.02700000 0.12535778
v -0.02898151 -0.03355436 0.13197893
v 0.01054685 -0.06129398 0.04788581
v -0.00485159 -0.06964263 0.09339931
v -0.00574689 -0.06978051 0.09113143
v 0.00799555 -0.06211490 0.04794027
v -0.00419278 -0.06949029 0.09576157
v -0.00652704 -0.06991426 0.09143624
v -0.00738687 -0.06999680 0.08924399
v -0.00632686 -0.06990301 0.09135891
v 0.02380325 -0.05349754 0.05344544
v 0.02137440 -0.05501823 0.05795415
v 0.02228553 -0.05484622 0.05316932
v 0.02057108 -0.05372089 0.06788313
v 0.02179759 -0.05369272 0.06311353
v 0.02122138 -0.05293660 0.06809414
v 0.01989080 -0.04803704 0.02361168
v -0.00331664 -0.06886350 0.10076722
v -0.00357608 -0.06867153 0.10330863
v -0.04293228 -0.06907994 0.11529827
v -0.04317427 -0.06899714 0.11552463
v -0.04422507 -0.06907737 0.11378140
v -0.04395704 -0.06912217 0.11357400
v -0.05144210 -0.05997470 0.11276112
v -0.04880607 -0.06386432 0.11413408
v -0.05026805 -0.05991021 0.11494187
v -0.00469361 -0.02700000 0.11160341
v 0.01121711 -0.03320505 0.10048605
v -0.02070218 -0.02700000 0.12455036
v -0.01601501 -0.03355636 0.13007134
v 0.01150920 -0.03341684 0.10040639
v 0.02951880 -0.03343108 0.05663668
v 0.00800585 -0.03338983 0.10606752
v 0.00794543 -0.03333034 0.10603028
v 0.01821455 -0.02731557 0.04099906
v -0.02902690 -0.03432991 0.13228486
v -0.03130547 -0.04833205 0.13131711
v -0.02952250 -0.04945553 0.13140503
v -0.00925195 -0.03355775 0.12659220
v 0.02000543 -0.04137725 0.08156858
v 0.01573179 -0.04833205 0.08929351
v 0.01633698 -0.04929940 0.08750039
v 0.02172181 -0.03595667 0.07938314
v 0.01610460 -0.05024525 0.08736397
v 0.01200034 -0.05020689 0.09633320
v -0.05642283 -0.03434104 0.08792360
v -0.05726317 -0.03422594 0.09013153
v -0.05732697 -0.03434019 0.09032001
v -0.05803628 -0.03433934 0.09278113
v -0.05271461 -0.02700000 0.09683613
v -0.02698698 -0.02650000 0.07683963
v -0.05806002 -0.03365022 0.09391303
v -0.05238025 -0.02700000 0.09493987
v -0.05823746 -0.03398229 0.09387612
v -0.05854622 -0.03433849 0.09529115
v -0.05879356 -0.03398133 0.09766780
v -0.04417184 -0.02700000 0.11851404
v -0.04134342 -0.02700000 0.12082604
v -0.04088847 -0.02700000 0.12113795
v -0.02910152 -0.02700000 0.12526917
v -0.03089172 -0.03355414 0.13180105
v -0.04636082 -0.02700000 0.08463155
v -0.05488119 -0.05166149 0.08776709
v -0.05511519 -0.05269430 0.08930463
v -0.05409814 -0.05269428 0.08700985
v -0.04824662 -0.06748450 0.09034336
v -0.04977231 -0.06398589 0.08956457
v -0.04779036 -0.06719844 0.08914801
v -0.04888596 -0.05984489 0.11701830
v -0.04436385 -0.06371273 0.11957233
v -0.05240622 -0.06003676 0.11049153
v -0.05555178 -0.05269440 0.11030242
v -0.05315852 -0.06009477 0.10814859
v -0.05459715 -0.05269439 0.11271358
v -0.04299049 -0.06885218 0.08644082
v -0.04445029 -0.06885581 0.08830740
v -0.04325952 -0.06879471 0.08620524
v -0.04621207 -0.06888083 0.09131914
v -0.03140192 -0.06952304 0.07885897
v -0.04653165 -0.06882489 0.09116352
v -0.04731852 -0.06885200 0.09298548
v -0.01756639 -0.05422479 0.03158217
v -0.01799535 -0.05122608 0.02639291
v -0.01509291 -0.05532221 0.03131390
v -0.01253074 -0.05761945 0.03391805
v -0.01257402 -0.05626232 0.03106796
v -0.04474394 -0.06879828 0.08810335
v -0.04748737 -0.06735161 0.08878550
v -0.04598665 -0.06794513 0.08724108
v -0.04578379 -0.06817546 0.08738164
v -0.04699298 -0.06807122 0.08906446
v -0.04616145 -0.06769735 0.08712006
v -0.04714002 -0.06858911 0.09086911
v -0.04684316 -0.06872681 0.09101244
v -0.04794891 -0.06861941 0.09274874
v -0.05147705 -0.06407522 0.09405231
v -0.05200427 -0.06409214 0.09635048
v -0.05310816 -0.06025608 0.09341829
v -0.05761328 -0.04945553 0.09482903
v -0.05747781 -0.04833205 0.09361339
v -0.05367342 -0.06026418 0.09587587
v -0.05231898 -0.06409409 0.09866562
v -0.05593582 -0.05269433 0.09166764
v -0.05655643 -0.05269436 0.09408199
v -0.05056253 -0.04945553 0.12071349
v -0.05180520 -0.04945553 0.11917645
v -0.05164102 -0.05056959 0.11905212
v -0.05344508 -0.05269438 0.11502364
v -0.05329874 -0.03421637 0.11854661
v -0.05292815 -0.04945553 0.11759324
v -0.05376174 -0.05056959 0.11585759
v -0.05501024 -0.03355477 0.11512375
v -0.05071120 -0.03355368 0.12135527
v -0.05311488 -0.03364507 0.11841950
v -0.04750119 -0.05166149 0.12311863
v -0.04709273 -0.05269436 0.12296900
v -0.04605642 -0.05166149 0.12434305
v -0.04500647 -0.03355315 0.12642056
v -0.05890700 -0.03433611 0.10216499
v -0.05879861 -0.03410439 0.10341012
v -0.05271404 -0.02700007 0.09696524
v -0.05271926 -0.02700003 0.09690792
v -0.05820340 -0.04863322 0.10039270
v -0.05817761 -0.04833205 0.09871566
v -0.05806204 -0.04945553 0.09858236
v -0.04513421 -0.05269435 0.12457034
v -0.04452350 -0.05166149 0.12548639
v -0.03786936 -0.05166149 0.12900430
v -0.03973224 -0.05056959 0.12855729
v -0.03960777 -0.05166149 0.12828195
v -0.03910430 -0.05956239 0.12518342
v -0.04087497 -0.05269435 0.12724215
v -0.04305644 -0.05269435 0.12599736
v -0.04294449 -0.05166149 0.12651816
v -0.03468150 -0.03374531 0.13125639
v -0.03091843 -0.03385689 0.13201608
v -0.03091100 -0.03374591 0.13195631
v -0.02899515 -0.03385717 0.13219531
v -0.02899135 -0.03374616 0.13213517
v -0.03826026 -0.03355322 0.12997106
v -0.03831583 -0.03374491 0.13011700
v -0.03469605 -0.03385625 0.13131475
v -0.03092411 -0.03397530 0.13206169
v -0.01517220 -0.07035478 0.08045413
v -0.01531114 -0.07036219 0.08068628
v -0.01746179 -0.07034209 0.07957324
v -0.00378000 -0.06931052 0.09822851
v -0.00398454 -0.06938691 0.09572496
v -0.00526888 -0.06976780 0.09351607
v -0.00464077 -0.06964868 0.09583787
v -0.00487683 -0.06970076 0.09587687
v 0.01318439 -0.05988448 0.04490115
v 0.01067306 -0.06091681 0.04497930
v 0.01080798 -0.06031203 0.04205538
v 0.01595658 -0.05892395 0.04986679
v 0.01895241 -0.05715438 0.05260047
v -0.00356326 -0.06918531 0.09821375
v 0.00810687 -0.06176193 0.04505873
v 0.00822548 -0.06117886 0.04212717
v 0.00560299 -0.06184194 0.04220330
v 0.00571865 -0.06105078 0.03921041
v 0.00882472 -0.05681495 0.03034263
v -0.00742347 -0.05899007 0.03360240
v -0.00746654 -0.06019964 0.03659711
v -0.01002232 -0.05960448 0.03670095
v -0.00752556 -0.06120865 0.03958710
v -0.03161771 -0.06935024 0.07807679
v -0.03165004 -0.06930078 0.07795378
v 0.02288104 -0.05362648 0.05830001
v -0.00688475 -0.06728200 0.11293076
v -0.00684881 -0.06728400 0.11288129
v -0.00821360 -0.06714527 0.11481117
v 0.02000622 -0.04932051 0.07825834
v 0.01885793 -0.05208650 0.07775111
v 0.01932326 -0.05120334 0.07794955
v 0.01539557 -0.05204197 0.08698697
v 0.01971184 -0.05027984 0.07812070
v 0.02450513 -0.04933685 0.06390633
v 0.02445191 -0.04833206 0.06512647
v 0.02315284 -0.04933540 0.06875394
v 0.01493468 -0.05288085 0.08675354
v -0.00377464 -0.06806071 0.10589124
v 0.01832585 -0.05292484 0.07752905
v 0.01773443 -0.05371661 0.07728621
v 0.02472640 -0.04833206 0.06398917
v 0.02644081 -0.03592515 0.06649116
v 0.02636519 -0.03592899 0.06673115
v 0.02281129 -0.04833206 0.07069753
v 0.02785628 -0.03585309 0.06199913
v 0.02820732 -0.03573799 0.06088692
v 0.02499878 -0.03589173 0.07076661
v 0.02942678 -0.03394003 0.05752939
v 0.02945539 -0.03403778 0.05751402
v 0.02970654 -0.03379500 0.05665181
v -0.00341997 -0.06894440 0.10076382
v 0.00446854 -0.05190392 0.10887319
v 0.00154880 -0.05271504 0.11276715
v 0.00417421 -0.05273842 0.10866439
v -0.00555086 -0.06518719 0.11278446
v -0.00070711 -0.05317571 0.11557594
v -0.00554336 -0.06084472 0.11621624
v -0.00387700 -0.05674661 0.11708514
v -0.00426940 -0.05463256 0.11904290
v -0.00693922 -0.05984804 0.11859562
v 0.00203544 -0.05101901 0.11312846
v -0.00103453 -0.05186095 0.11690900
v 0.00182179 -0.05188034 0.11296660
v 0.00580065 -0.04206004 0.10899628
v 0.00551445 -0.03426008 0.11044178
v 0.00154561 -0.04833210 0.11453292
v 0.00146117 -0.04218878 0.11527714
v 0.00271014 -0.03430249 0.11438939
v -0.04268497 -0.06912453 0.11506695
v -0.04126777 -0.06912284 0.11644525
v -0.04400571 -0.06834140 0.11630241
v -0.04519188 -0.06854159 0.11453059
v -0.04382503 -0.06854554 0.11613338
v -0.04538732 -0.06833705 0.11468230
v -0.04976254 -0.06754603 0.10739114
v -0.05016320 -0.06775814 0.10513999
v -0.04964535 -0.06779196 0.10724363
v -0.01880929 -0.06863137 0.12114455
v -0.01893162 -0.06876674 0.12084001
v -0.01709729 -0.06874724 0.12000049
v -0.01835766 -0.06754047 0.12228379
v -0.02040142 -0.06757262 0.12300057
v -0.01842330 -0.06779397 0.12211581
v -0.02721114 -0.06743965 0.12415021
v -0.02465701 -0.06764596 0.12386167
v -0.02487530 -0.06347948 0.12598309
v -0.01680823 -0.06843866 0.12056613
v -0.01516177 -0.06859282 0.11927071
v -0.01499796 -0.06841969 0.11952999
v -0.01484941 -0.06821645 0.11976574
v -0.01311478 -0.06820035 0.11855034
v -0.01471798 -0.06798924 0.11997491
v -0.00884284 -0.05997971 0.12043498
v -0.00501044 -0.05269425 0.12112600
v -0.00558997 -0.02650173 0.09240045
v -0.00311841 -0.02700000 0.10766763
v -0.02488035 -0.02700000 0.12526762
v -0.02343197 -0.03355506 0.13183847
v -0.01966064 -0.03355574 0.13117684
v -0.01964108 -0.03364674 0.13125902
v 0.01120502 -0.03328769 0.10074187
v 0.01162396 -0.03364994 0.10050891
v 0.01799312 -0.03558111 0.08781532
v 0.02164131 -0.03549220 0.07935305
v 0.00738432 -0.05016920 0.10498923
v 0.01031721 -0.04833202 0.10031253
v 0.00751048 -0.04925642 0.10509815
v 0.01148794 -0.03385163 0.10089634
v 0.01166461 -0.03382115 0.10055997
v 0.01144959 -0.03369570 0.10087667
v 0.01184980 -0.03399693 0.10025739
v 0.00448917 -0.03346743 0.11135864
v 0.00618341 -0.03424692 0.10942251
v 0.00828397 -0.03412222 0.10623156
v 0.00825200 -0.03386113 0.10621554
v 0.00476029 -0.03418998 0.11153793
v 0.00806188 -0.03345625 0.10610187
v 0.00459205 -0.03360439 0.11142856
v 0.00811270 -0.03352887 0.10613283
v 0.01130709 -0.03340937 0.10079891
v 0.03388136 -0.03136196 0.03760374
v -0.02900001 -0.03409980 0.13227193
v -0.03092792 -0.03409945 0.13209221
v -0.03138614 -0.04945553 0.13119674
v -0.03324616 -0.04945553 0.13087405
v -0.02654778 -0.03433054 0.13234597
v -0.02614451 -0.03433065 0.13232414
v -0.02707604 -0.03410012 0.13233450
v -0.02707594 -0.03397589 0.13230370
v -0.02339897 -0.03410093 0.13213086
v -0.02707610 -0.03421697 0.13234860
v -0.00606083 -0.03398130 0.12447197
v -0.00609135 -0.03386227 0.12443682
v -0.00912929 -0.03386139 0.12677346
v -0.00916339 -0.03374998 0.12672307
v 0.01849871 -0.03603800 0.08683090
v 0.01686132 -0.04153546 0.08877380
v 0.01804158 -0.03585628 0.08783901
v 0.01217439 -0.04927729 0.09645957
v 0.01604905 -0.03581779 0.09199630
v 0.01803353 -0.03576499 0.08783487
v 0.01578795 -0.05116159 0.08719156
v 0.01143300 -0.05198698 0.09597223
v 0.01175301 -0.05111254 0.09617048
v -0.05721993 -0.03398317 0.09014611
v -0.05578289 -0.03410930 0.08654451
v -0.05670524 -0.04945553 0.09113388
v -0.05861332 -0.03364950 0.09768314
v -0.05271881 -0.02700003 0.09690091
v -0.05704795 -0.03365089 0.09020431
v -0.05819175 -0.03386312 0.09388561
v -0.05828205 -0.03422485 0.09386689
v -0.02669074 -0.02650195 0.07613125
v -0.04866037 -0.02700000 0.08797966
v -0.04724856 -0.06775552 0.08891974
v -0.04977047 -0.06756594 0.09439117
v -0.04929945 -0.06726873 0.09244240
v -0.05073413 -0.06404068 0.09178554
v -0.05231170 -0.06022552 0.09099594
v -0.05128016 -0.06016860 0.08862437
v -0.02537824 -0.02650000 0.07562844
v -0.01961400 -0.02744453 0.04089085
v -0.03256605 -0.02910272 0.03949947
v -0.03153558 -0.03970500 0.03060310
v -0.00784563 -0.05146411 0.02073603
v -0.00497180 -0.05181921 0.02043807
v -0.01640744 -0.04948939 0.02239302
v -0.04751527 -0.06381390 0.11606485
v -0.04645316 -0.06763083 0.11418713
v -0.04430180 -0.06788417 0.11657941
v -0.04402509 -0.06764182 0.11709516
v -0.04603380 -0.06376295 0.11788242
v -0.04550522 -0.05971821 0.12079622
v -0.05575584 -0.05166149 0.11087451
v -0.04990401 -0.06391291 0.11210460
v -0.05201885 -0.06403494 0.10556869
v -0.05151259 -0.06399950 0.10780744
v -0.03375530 -0.06930007 0.07956791
v -0.03387438 -0.06924274 0.07928700
v -0.04158181 -0.06879242 0.08449962
v -0.04181694 -0.06869323 0.08424377
v -0.04421240 -0.06817213 0.08537191
v -0.04555451 -0.06838178 0.08754063
v -0.02059545 -0.05011417 0.02701850
v -0.01000148 -0.05839990 0.03375174
v -0.00740094 -0.05761094 0.03065192
v -0.01541319 -0.05229039 0.02601465
v -0.01501017 -0.05666254 0.03410197
v -0.00237793 -0.06255890 0.04243595
v -0.02197685 -0.07008561 0.07770332
v -0.02438600 -0.06991640 0.07741368
v -0.00500798 -0.06238344 0.04249084
v -0.02054083 -0.05001996 0.02679364
v -0.04664861 -0.06838223 0.08926045
v -0.04741649 -0.06841595 0.09073628
v -0.04530177 -0.06855782 0.08771599
v -0.04766794 -0.06821267 0.09061612
v -0.04864185 -0.06893261 0.09881376
v -0.04838337 -0.06890661 0.09684210
v -0.04803808 -0.06895944 0.09690367
v -0.04829392 -0.06898441 0.09884318
v -0.02440863 -0.06999938 0.07799298
v -0.04930553 -0.06870937 0.09875918
v -0.04904166 -0.06868028 0.09672635
v -0.04872019 -0.06881277 0.09678258
v -0.04793878 -0.06887949 0.09488302
v -0.05769075 -0.05056959 0.09672772
v -0.05741066 -0.05056959 0.09486586
v -0.05789524 -0.04945553 0.09670331
v -0.05885350 -0.03433763 0.09783395
v -0.05622016 -0.05166149 0.09128507
v -0.05701603 -0.05056959 0.09301763
v -0.05672260 -0.05166149 0.09308972
v -0.05711337 -0.05166149 0.09491989
v -0.05210635 -0.05269438 0.11721762
v -0.05275654 -0.05056959 0.11747938
v -0.05588102 -0.03433170 0.11407110
v -0.05528295 -0.03421746 0.11526741
v -0.05613606 -0.03421805 0.11351790
v -0.05797350 -0.03397840 0.10806940
v -0.05800354 -0.03410294 0.10807691
v -0.05761256 -0.03433337 0.10956211
v -0.05077414 -0.03364460 0.12141094
v -0.04939850 -0.03355351 0.12275265
v -0.04889157 -0.05166149 0.12178255
v -0.04910769 -0.05056959 0.12199371
v -0.05017776 -0.05166149 0.12038165
v -0.04891703 -0.05269437 0.12120258
v -0.04799756 -0.03355335 0.12407333
v -0.04175559 -0.03355320 0.12839191
v -0.05850370 -0.03355718 0.10338192
v -0.05858820 -0.03364825 0.10338998
v -0.05807651 -0.04944959 0.10039270
v -0.04624455 -0.05056959 0.12457950
v -0.03797666 -0.05056959 0.12928677
v -0.03684138 -0.05056959 0.12969290
v -0.03981707 -0.04945553 0.12874494
v -0.03391950 -0.03432886 0.13159114
v -0.03148958 -0.03432934 0.13203229
v -0.03092967 -0.03421623 0.13210618
v -0.03810823 -0.06911118 0.11876024
v -0.03637608 -0.06910117 0.11969180
v -0.04129527 -0.05166149 0.12745580
v -0.03841069 -0.06357943 0.12363447
v -0.03860579 -0.05269434 0.12829813
v -0.01854514 -0.04945553 0.13033669
v -0.01928324 -0.03433271 0.13140336
v -0.02104416 -0.04833205 0.13104208
v -0.02339741 -0.03421787 0.13214490
v -0.02212034 -0.04945553 0.13112243
v -0.02220003 -0.05166149 0.13062061
v -0.01868320 -0.05166149 0.12984771
v -0.01860110 -0.05056959 0.13013850
v -0.02340257 -0.06736872 0.12384371
v -0.01966346 -0.06730311 0.12292191
v -0.02035207 -0.06352020 0.12507594
v -0.02898680 -0.03364530 0.13206291
v -0.03090208 -0.03364507 0.13188452
v -0.03829014 -0.03364412 0.13004951
v -0.03464372 -0.03355359 0.13110474
v -0.03630157 -0.03432846 0.13096564
v -0.03633037 -0.04833205 0.13018867
v -0.03471804 -0.03421541 0.13140275
v -0.03471462 -0.03409869 0.13138910
v -0.03470717 -0.03397460 0.13135931
v -0.00612916 -0.06987660 0.09128195
v -0.00593539 -0.06983554 0.09120594
v -0.00703679 -0.06995201 0.08906504
v -0.00441209 -0.06957807 0.09579931
v -0.00505667 -0.06971300 0.09345702
v -0.00450656 -0.06957757 0.09827148
v -0.00570789 -0.06982705 0.09363620
v -0.01741714 -0.06889976 0.11937806
v -0.01906038 -0.06886292 0.12052065
v -0.01919289 -0.06891746 0.12019310
v -0.00686686 -0.06991087 0.08897736
v -0.00803300 -0.06999823 0.08688491
v 0.01334017 -0.05925813 0.04198968
v 0.01562969 -0.05868001 0.04482713
v 0.01546048 -0.05910416 0.04777646
v 0.02039612 -0.05630716 0.04805274
v -0.00364084 -0.06909484 0.10075545
v -0.00387933 -0.06922764 0.10074493
v 0.01111871 -0.05847956 0.03619386
v 0.01095591 -0.05949359 0.03911931
v 0.00849803 -0.05936494 0.03618187
v 0.00835549 -0.06037445 0.03915825
v -0.00943316 -0.07009533 0.08492654
v -0.00955704 -0.07013009 0.08502640
v -0.01003073 -0.07011412 0.08408241
v -0.00832948 -0.07006558 0.08707702
v -0.00981227 -0.07017384 0.08523075
v 0.00549719 -0.06240540 0.04513673
v 0.00295217 -0.06229313 0.04228199
v -0.01348587 -0.07029890 0.08121216
v -0.01173494 -0.07022816 0.08253433
v -0.01314655 -0.07032169 0.08178748
v 0.00644980 -0.05441263 0.02474435
v 0.00921645 -0.05378428 0.02493267
v 0.00328419 -0.05930937 0.03319687
v 0.00340677 -0.05793562 0.03021644
v 0.00598008 -0.05884608 0.03319223
v 0.00584437 -0.06004652 0.03619402
v 0.00316687 -0.06051224 0.03623353
v 0.00865401 -0.05816841 0.03323009
v 0.00612597 -0.05748074 0.03025078
v -0.00474867 -0.05799755 0.03048578
v 0.00057509 -0.05955093 0.03325042
v 0.02528426 -0.05028597 0.05888640
v 0.02412709 -0.05030093 0.06378603
v 0.02364678 -0.05121977 0.06364151
v 0.02665542 -0.04931141 0.05402163
v 0.02624398 -0.05024741 0.05392799
v 0.03196670 -0.03428521 0.04715138
v 0.02632198 -0.04833205 0.05737828
v 0.02420898 -0.05205358 0.05861613
v 0.03107300 -0.03991951 0.04183975
v 0.03302403 -0.03298170 0.04256738
v 0.03267243 -0.03358672 0.04401325
v 0.03215935 -0.03407798 0.04638754
v 0.01184748 -0.03391460 0.10022638
v 0.03388722 -0.03017382 0.03860071
v 0.03393432 -0.03024087 0.03854445
v 0.02963103 -0.03360448 0.05665063
v 0.03343539 -0.02986327 0.03886129
v -0.00663444 -0.02650000 0.09010354
v 0.03352074 -0.02989749 0.03883257
v 0.02181567 -0.05210456 0.06828993
v 0.02164862 -0.04932928 0.07353815
v 0.02379407 -0.04833206 0.06736031
v -0.00353604 -0.06803254 0.10524060
v -0.00328922 -0.06837985 0.10334593
v -0.00700868 -0.06754165 0.11285785
v -0.00716222 -0.06779645 0.11276472
v -0.00570724 -0.06768497 0.11065910
v 0.02567233 -0.04833206 0.06006996
v 0.02891563 -0.03502120 0.05894798
v 0.02919940 -0.03467621 0.05820438
v 0.02167482 -0.03558447 0.07936616
v 0.02169941 -0.03567843 0.07937564
v 0.02495554 -0.03551147 0.07075667
v 0.02172248 -0.03586578 0.07938395
v 0.01801747 -0.03567284 0.08782702
v 0.02500107 -0.03579925 0.07076873
v 0.01968470 -0.04833206 0.07971238
v 0.02920472 -0.03457784 0.05824702
v 0.02972958 -0.03389274 0.05664777
v 0.03127844 -0.03410713 0.05037344
v 0.02998561 -0.03406811 0.05576940
v 0.03127778 -0.03427925 0.05037778
v -0.00347463 -0.06857724 0.10332232
v 0.01413438 -0.05490856 0.03065981
v 0.02299094 -0.05062055 0.03231879
v 0.02099534 -0.05174410 0.03200052
v 0.02152652 -0.05024927 0.02944272
v 0.02492426 -0.04937426 0.03257288
v 0.02414822 -0.05109037 0.03528618
v -0.01388470 -0.06881579 0.11754949
v -0.01552356 -0.06882855 0.11869996
v -0.01410234 -0.06887219 0.11726759
v -0.01237124 -0.06880713 0.11626840
v -0.01367296 -0.06871707 0.11782413
v -0.00429739 -0.06914534 0.10320023
v -0.00413331 -0.06933995 0.10073230
v -0.00728263 -0.06503372 0.11527400
v -0.00703502 -0.06009905 0.11852522
v -0.00974072 -0.06718784 0.11653692
v -0.00303715 -0.05474867 0.11745626
v -0.00228758 -0.05287411 0.11784931
v -0.00129441 -0.05269732 0.11671728
v 0.00098137 -0.03423890 0.11667202
v 0.00486656 -0.05015204 0.10917778
v 0.00218876 -0.05013641 0.11325194
v -0.04416486 -0.06811915 0.11645130
v -0.04555935 -0.06811439 0.11481597
v -0.04695276 -0.06786674 0.11316071
v -0.04946792 -0.06803246 0.10718952
v -0.04893697 -0.06782205 0.10928627
v -0.04508342 -0.06911553 0.11197025
v -0.04606235 -0.06910468 0.11025514
v -0.04687482 -0.06909019 0.10845967
v -0.01971924 -0.07026547 0.07868852
v -0.04448728 -0.06899430 0.11398441
v -0.04636566 -0.06905883 0.11040968
v -0.04719231 -0.06904355 0.10858564
v -0.04640333 -0.06853171 0.11280926
v -0.01725496 -0.06884446 0.11969325
v -0.01011214 -0.06792750 0.11618825
v -0.01037595 -0.06825482 0.11594138
v -0.00902355 -0.06819715 0.11452202
v -0.00882974 -0.06796805 0.11467487
v -0.00087049 -0.04222899 0.11830829
v -0.00006130 -0.03432935 0.11799011
v -0.00118710 -0.04833210 0.11805424
v -0.00871527 -0.03433711 0.12660077
v -0.01142660 -0.04833205 0.12745421
v -0.00877905 -0.04945553 0.12561421
v -0.00907793 -0.03422237 0.12684950
v -0.01533810 -0.06873048 0.11899224
v -0.01347158 -0.06857861 0.11808571
v -0.01869572 -0.06846085 0.12142840
v -0.01694741 -0.06861062 0.12029333
v -0.01859277 -0.06826040 0.12168688
v -0.01850173 -0.06803601 0.12191664
v -0.02051142 -0.06806476 0.12262067
v -0.01657037 -0.06801073 0.12103476
v -0.01296463 -0.06797215 0.11874645
v -0.01134575 -0.06796037 0.11737791
v -0.01283524 -0.06772642 0.11891588
v -0.01120145 -0.06771395 0.11753460
v -0.01170237 -0.06839420 0.11699145
v -0.01066317 -0.06851035 0.11567312
v -0.01191091 -0.06856890 0.11676580
v -0.01097669 -0.06870178 0.11538079
v -0.01129563 -0.06882066 0.11508384
v -0.01079810 -0.05987014 0.12212998
v -0.00853314 -0.05269426 0.12431727
v -0.01288004 -0.05977261 0.12361021
v -0.01202296 -0.06374307 0.12080467
v -0.00670543 -0.05269426 0.12278780
v -0.01018286 -0.06382822 0.11923557
v 0.01128057 -0.03325849 0.10052591
v 0.02957916 -0.03351489 0.05664523
v 0.01183803 -0.03383267 0.10019174
v 0.01164798 -0.03373472 0.10053636
v 0.02154851 -0.03531852 0.07931625
v 0.01155421 -0.03348990 0.10044355
v 0.00719558 -0.05106277 0.10484506
v -0.00316233 -0.03366237 0.12134732
v -0.00352945 -0.03375158 0.12185235
v -0.00311399 -0.03375824 0.12138983
v 0.00072061 -0.03352479 0.11647547
v 0.00454308 -0.03353287 0.11139537
v 0.00081876 -0.03366000 0.11655062
v 0.00474485 -0.03401852 0.11152951
v 0.00472747 -0.03393184 0.11151858
v 0.00815758 -0.03360676 0.10615995
v 0.01138906 -0.03354682 0.10084409
v 0.00463542 -0.03368111 0.11145777
v 0.00467265 -0.03376200 0.11148265
v -0.03094669 -0.04077875 0.02970211
v 0.03385157 -0.03099919 0.03908695
v -0.02899806 -0.03397561 0.13224122
v -0.03135711 -0.05056959 0.13099286
v -0.03320482 -0.05056959 0.13067231
v -0.03503529 -0.05056959 0.13023877
v -0.03495674 -0.05166149 0.12994701
v -0.03674517 -0.05166149 0.12940645
v -0.02455778 -0.05948823 0.12772216
v -0.02211232 -0.05951679 0.12734464
v -0.02950581 -0.05056959 0.13119976
v -0.02161791 -0.03433198 0.13189261
v -0.01781489 -0.03355606 0.13067709
v -0.02341434 -0.03374696 0.13199438
v -0.02340757 -0.03385807 0.13205439
v -0.01961026 -0.03385890 0.13138859
v -0.01959958 -0.03397753 0.13143353
v -0.01959246 -0.03410195 0.13146359
v -0.02707564 -0.03374638 0.13219737
v -0.00604043 -0.03410615 0.12449550
v -0.00476542 -0.03433872 0.12334509
v -0.00910327 -0.03398032 0.12681194
v -0.00613133 -0.03375077 0.12439079
v -0.01591268 -0.03410292 0.13034831
v -0.01590779 -0.03422004 0.13036163
v -0.01495419 -0.03433410 0.12999173
v 0.01124521 -0.04833204 0.09856262
v 0.01394643 -0.03592528 0.09610559
v 0.01604078 -0.03572742 0.09199125
v 0.01256795 -0.05364933 0.09101751
v -0.00403406 -0.06780412 0.10707269
v -0.00414658 -0.06748636 0.10783354
v -0.05724957 -0.03410828 0.09013610
v -0.05579586 -0.03422706 0.08653832
v -0.05575463 -0.03398410 0.08655807
v -0.05721603 -0.04945553 0.09296849
v -0.05607873 -0.04945553 0.08932226
v -0.05871143 -0.03364870 0.10147249
v -0.05813190 -0.03375151 0.09389806
v -0.05717563 -0.03386392 0.09016109
v -0.05874714 -0.03386226 0.09767174
v -0.05826803 -0.03410729 0.09386978
v -0.02680479 -0.02650195 0.07628368
v -0.04727752 -0.06770653 0.08890346
v -0.04708955 -0.06795193 0.08900978
v -0.04789111 -0.06798541 0.09051016
v -0.03327082 -0.02959875 0.03908324
v -0.05235561 -0.02700004 0.09485926
v -0.03333680 -0.02981858 0.03889878
v -0.02516894 -0.02650000 0.07566033
v -0.01146457 -0.02650000 0.08003271
v -0.01303868 -0.02650000 0.07886105
v -0.01264747 -0.02650000 0.07899074
v -0.01357018 -0.05029513 0.02171692
v -0.04570725 -0.06787904 0.11493102
v -0.04679526 -0.06810286 0.11305972
v -0.05040658 -0.05056959 0.12057898
v -0.04729772 -0.05978036 0.11897491
v -0.05059276 -0.05269437 0.11928155
v -0.05437635 -0.05166149 0.11407854
v -0.05464661 -0.05056959 0.11421365
v -0.05603972 -0.05056959 0.11097799
v -0.05522664 -0.04833205 0.11373858
v -0.05683174 -0.03433252 0.11185030
v -0.05801731 -0.03422008 0.10808036
v -0.05805865 -0.04945553 0.10226014
v -0.05080692 -0.06395840 0.10999089
v -0.05369712 -0.06014714 0.10574780
v -0.05402013 -0.06019225 0.10330462
v -0.05682985 -0.05269441 0.10524928
v -0.05056042 -0.06748232 0.10366245
v -0.04759920 -0.06893333 0.09497682
v -0.02678772 -0.06983636 0.07807618
v -0.02916052 -0.06958283 0.07771827
v -0.03154955 -0.06943224 0.07833065
v -0.03158419 -0.06939413 0.07820253
v -0.03147734 -0.06949025 0.07859246
v -0.02908655 -0.06967476 0.07820438
v -0.04377064 -0.06855439 0.08575801
v -0.04502980 -0.06869807 0.08790480
v -0.04439835 -0.06794186 0.08520958
v -0.01000987 -0.05702956 0.03084660
v -0.03604922 -0.06900373 0.08023711
v -0.03619402 -0.06889158 0.07995912
v -0.03404074 -0.06910011 0.07888048
v -0.03409213 -0.06903857 0.07875098
v 0.00305580 -0.06151217 0.03927613
v 0.00037841 -0.06175494 0.03935572
v -0.01544253 -0.07032441 0.07999342
v -0.01735420 -0.07033237 0.07931964
v -0.04588522 -0.06877522 0.08969744
v -0.04608167 -0.06869581 0.08958480
v -0.04626978 -0.06861977 0.08947694
v -0.04871740 -0.06895754 0.10079382
v -0.04836981 -0.06900831 0.10079125
v -0.02207637 -0.07014744 0.07837239
v -0.04816321 -0.06893846 0.10680003
v -0.04847088 -0.06881460 0.10689101
v -0.04864560 -0.06891626 0.10483401
v -0.04894581 -0.06889195 0.10281633
v -0.04896139 -0.06879073 0.10489646
v -0.04898135 -0.06884015 0.09878556
v -0.04826996 -0.06878424 0.09479212
v -0.04849674 -0.06824709 0.09254543
v -0.05721916 -0.05269424 0.10046449
v -0.05722215 -0.05269423 0.10039270
v -0.05412564 -0.06022850 0.10083457
v -0.05719039 -0.05269441 0.09899747
v -0.05401129 -0.06025369 0.09835314
v -0.05697488 -0.05269438 0.09653088
v -0.05755479 -0.05166149 0.09861192
v -0.05756413 -0.05164760 0.10039270
v -0.05883305 -0.03433769 0.09766476
v -0.05883885 -0.03422368 0.09766401
v -0.05882461 -0.03410622 0.09766518
v -0.05888732 -0.03433735 0.09867717
v -0.05632646 -0.05269435 0.09318732
v -0.05671202 -0.05269437 0.09499257
v -0.05739072 -0.05166149 0.09676355
v -0.05140014 -0.05166149 0.11886971
v -0.05208108 -0.03432946 0.12019571
v -0.05090776 -0.03397472 0.12152915
v -0.05326185 -0.03397537 0.11852107
v -0.05093076 -0.03409883 0.12154952
v -0.05834732 -0.03364787 0.10530834
v -0.05771686 -0.03355629 0.10800563
v -0.05841940 -0.03374897 0.10531968
v -0.05872147 -0.03386078 0.10340271
v -0.05847941 -0.03386032 0.10532913
v -0.05683431 -0.03397722 0.11171589
v -0.05658768 -0.03355543 0.11162213
v -0.05585482 -0.03355509 0.11339096
v -0.05593175 -0.03364607 0.11342564
v -0.04925499 -0.04945553 0.12213764
v -0.04937316 -0.04833205 0.12217107
v -0.04961573 -0.03421526 0.12296967
v -0.04888438 -0.03432829 0.12367999
v -0.04187777 -0.03397403 0.12862372
v -0.04515556 -0.03397399 0.12663606
v -0.04301546 -0.03432793 0.12804645
v -0.04805325 -0.03364426 0.12413616
v -0.04179472 -0.03364410 0.12846614
v -0.05876769 -0.03397969 0.10340714
v -0.05852522 -0.03397916 0.10533635
v -0.05705314 -0.05056959 0.10761509
v -0.04770358 -0.05056959 0.12334298
v -0.04310191 -0.05056959 0.12677608
v -0.04469650 -0.05056959 0.12573412
v -0.04320919 -0.04945553 0.12695187
v -0.04086359 -0.03432798 0.12918550
v -0.04189863 -0.03421471 0.12866329
v -0.04110141 -0.04833205 0.12824959
v -0.02900092 -0.03421661 0.13228600
v -0.04340636 -0.06887811 0.11574172
v -0.04246770 -0.06833972 0.11779853
v -0.04113469 -0.06763233 0.11959536
v -0.03733909 -0.06784648 0.12169037
v -0.03532802 -0.06782300 0.12254374
v -0.03624654 -0.06354450 0.12456317
v -0.00863607 -0.07009023 0.08727356
v -0.01007384 -0.07018133 0.08543831
v -0.03093728 -0.06878975 0.12245505
v -0.03294123 -0.06881364 0.12201712
v -0.03088306 -0.06891467 0.12213800
v -0.02886196 -0.06888996 0.12238557
v -0.02489132 -0.06898177 0.12163308
v -0.02485302 -0.06893025 0.12197991
v -0.02683677 -0.06895467 0.12210597
v -0.02295509 -0.06895902 0.12132896
v -0.02881111 -0.06902830 0.12170427
v -0.03076974 -0.06905045 0.12146734
v -0.01170456 -0.07026238 0.08374088
v -0.03277203 -0.06902321 0.12138387
v -0.03268416 -0.06907040 0.12105278
v -0.02684321 -0.06900506 0.12175874
v -0.03652298 -0.06905557 0.11999868
v -0.03455420 -0.06908747 0.12046160
v -0.01702539 -0.03433343 0.13075244
v -0.01500694 -0.04945553 0.12910321
v -0.01508632 -0.05056959 0.12891318
v -0.01520278 -0.05166149 0.12863438
v -0.02400097 -0.03433126 0.13220809
v -0.02580418 -0.05056959 0.13127837
v -0.02215264 -0.05056959 0.13091904
v -0.02165153 -0.05269430 0.13013834
v -0.01927344 -0.05269430 0.12961100
v -0.01970464 -0.05955934 0.12674287
v -0.02259677 -0.06349424 0.12563331
v -0.01815645 -0.06355806 0.12431258
v -0.01602574 -0.06360789 0.12334502
v -0.04013853 -0.03397407 0.12947388
v -0.04011964 -0.03385578 0.12943208
v -0.04015117 -0.03409810 0.12950183
v -0.03835356 -0.03397412 0.13021605
v -0.04003061 -0.03355321 0.12923504
v -0.04006517 -0.03364411 0.12931153
v -0.04009490 -0.03374489 0.12937732
v -0.03466403 -0.03364451 0.13118626
v -0.03862103 -0.03432817 0.13016140
v -0.03804980 -0.04945553 0.12947927
v -0.03508883 -0.04945553 0.13043763
v -0.00476646 -0.06962444 0.09828477
v -0.00511805 -0.06973331 0.09591594
v -0.00401082 -0.06941900 0.09824318
v -0.00425379 -0.06950862 0.09825756
v -0.00593094 -0.06983039 0.09369625
v -0.00548656 -0.06980605 0.09357596
v -0.00670167 -0.06985800 0.08889159
v -0.00817959 -0.07003704 0.08698016
v -0.00721048 -0.06998082 0.08915410
v 0.01289968 -0.06044210 0.05079506
v 0.01530030 -0.05927699 0.05080648
v 0.01303918 -0.06028615 0.04783048
v 0.01973399 -0.05668401 0.04798468
v 0.02370258 -0.05391896 0.04487582
v 0.02300805 -0.05449023 0.04836584
v 0.02138930 -0.05561628 0.04817180
v 0.02209851 -0.05499497 0.04466877
v 0.00285685 -0.06284180 0.04521053
v 0.00539763 -0.06273688 0.04799172
v -0.01332036 -0.07033443 0.08200773
v -0.01127448 -0.07024300 0.08331361
v 0.00366423 -0.05483994 0.02463745
v -0.00470177 -0.05487781 0.02487412
v 0.02568255 -0.04933050 0.05899511
v 0.02309021 -0.05209231 0.06347924
v 0.02478471 -0.05119384 0.05875833
v 0.02543335 -0.05233840 0.04868294
v 0.02514961 -0.05197152 0.05370286
v 0.02369232 -0.04897688 0.02977062
v 0.02575361 -0.04753540 0.03002674
v 0.02232126 -0.05218906 0.03503998
v 0.03397236 -0.03031046 0.03848605
v -0.01128485 -0.02650000 0.08040545
v 0.02234608 -0.05122520 0.06846812
v -0.00385889 -0.06817246 0.10587236
v -0.00734369 -0.06803992 0.11265239
v -0.00755254 -0.06826586 0.11252098
v -0.00924191 -0.06840229 0.11434869
v -0.00948198 -0.06857722 0.11415707
v -0.00575144 -0.06740370 0.11105917
v 0.00661743 -0.05276522 0.10444532
v -0.00606643 -0.06816898 0.11048929
v -0.00628795 -0.06838737 0.11038037
v -0.00503045 -0.06835563 0.10819776
v 0.02967365 -0.03369838 0.05665281
v 0.02497995 -0.03560780 0.07076396
v 0.02270184 -0.03603308 0.07690397
v 0.02015867 -0.04833206 0.07834579
v -0.00337899 -0.06847986 0.10333475
v 0.01129808 -0.05728928 0.03330395
v 0.01735057 -0.05082375 0.02583898
v 0.02256109 -0.04712459 0.02468134
v -0.00368323 -0.06876224 0.10329367
v -0.00403711 -0.06900804 0.10324124
v -0.00639819 -0.06909827 0.10766401
v -0.00739367 -0.06897109 0.10981013
v -0.01261363 -0.06886388 0.11600679
v -0.00671102 -0.06914394 0.10753455
v -0.00508311 -0.05461640 0.11995919
v -0.00440117 -0.05269425 0.12046017
v -0.00358062 -0.05271649 0.11950210
v -0.00067492 -0.05012344 0.11718413
v -0.00889728 -0.06497805 0.11715674
v 0.00094875 -0.03398335 0.11664890
v 0.00470340 -0.03384596 0.11150296
v 0.00589081 -0.04833215 0.10798480
v 0.01113358 -0.03414067 0.10153300
v -0.04876460 -0.06806082 0.10921603
v -0.04838935 -0.06759740 0.11090978
v -0.04473867 -0.06887494 0.11417916
v -0.04565052 -0.06898668 0.11233010
v -0.04666219 -0.06897438 0.11056105
v -0.04537013 -0.06907030 0.11215208
v -0.04661186 -0.06832634 0.11294241
v -0.02074681 -0.06865483 0.12182445
v -0.02478140 -0.06870773 0.12264165
v -0.02275271 -0.06868061 0.12232731
v -0.02474946 -0.06854283 0.12294363
v -0.02682592 -0.06873552 0.12276888
v -0.02481613 -0.06883814 0.12231839
v -0.02682170 -0.06857271 0.12307173
v -0.02259186 -0.06809655 0.12314092
v -0.02469576 -0.06813008 0.12346554
v -0.02263932 -0.06831706 0.12289821
v -0.02472081 -0.06834838 0.12321944
v -0.02681345 -0.06768468 0.12399536
v -0.00824770 -0.06720590 0.11480631
v -0.00852108 -0.06746375 0.11491540
v -0.00866211 -0.06772146 0.11480608
v -0.00276619 -0.04833210 0.12008902
v -0.00299896 -0.03433914 0.12149097
v -0.01048342 -0.05269427 0.12570302
v -0.00907660 -0.05166149 0.12520234
v -0.01202812 -0.05166149 0.12708744
v -0.01087295 -0.03433591 0.12798104
v -0.01241408 -0.03422118 0.12882541
v -0.01647417 -0.06776720 0.12122557
v -0.01639362 -0.06751229 0.12138627
v -0.01668201 -0.06823668 0.12081434
v -0.01151317 -0.06818929 0.11719637
v -0.01328448 -0.06840456 0.11832914
v -0.01001010 -0.06881597 0.11373246
v -0.01213533 -0.06870794 0.11652321
v -0.01074228 -0.06855866 0.11559936
v -0.00664535 -0.05269426 0.12272890
v 0.01145822 -0.03334968 0.10036691
v 0.01108485 -0.03318601 0.10067404
v 0.02159906 -0.03540307 0.07933635
v 0.01141494 -0.03361049 0.10085803
v 0.01137709 -0.03352675 0.10083749
v 0.00693911 -0.05193007 0.10466317
v 0.00469985 -0.05103988 0.10904472
v 0.00925636 -0.05195820 0.10035866
v 0.00890292 -0.05279439 0.10013311
v 0.01151959 -0.03413174 0.10086815
v 0.01166397 -0.03415397 0.10061274
v 0.01150400 -0.03401033 0.10090306
v 0.01150222 -0.03413186 0.10089828
v 0.01150144 -0.03413188 0.10089962
v -0.00358358 -0.03365032 0.12180280
v -0.00348440 -0.03386317 0.12189361
v -0.00324935 -0.03354016 0.12127083
v 0.00077201 -0.03358941 0.11651488
v 0.00826943 -0.03394891 0.10622516
v 0.00475570 -0.03410489 0.11153589
v 0.00819598 -0.03368887 0.10618290
v -0.03103654 -0.04063390 0.02982366
v 0.03172965 -0.03413996 0.04838101
v 0.03172712 -0.03423363 0.04837304
v 0.03303129 -0.03281206 0.04263723
v 0.03260455 -0.03345323 0.04450876
v 0.03260382 -0.03354279 0.04448238
v 0.03303174 -0.03289854 0.04260257
v 0.03385012 -0.03115369 0.03898976
v -0.03677705 -0.05952508 0.12618691
v -0.02947343 -0.06348022 0.12605357
v -0.02898702 -0.06772342 0.12392996
v -0.02717256 -0.06347508 0.12612370
v -0.02948131 -0.05166149 0.13089859
v -0.01958921 -0.03421897 0.13147737
v -0.01962426 -0.03374772 0.13132973
v -0.02342249 -0.03364604 0.13192227
v -0.02340240 -0.03397662 0.13210021
v -0.02707545 -0.03364550 0.13212492
v -0.02707581 -0.03385742 0.13225767
v -0.00667506 -0.03433805 0.12505214
v -0.00908588 -0.03410505 0.12683769
v -0.01072902 -0.03410450 0.12787929
v -0.01074479 -0.03397983 0.12785256
v -0.00920435 -0.03364883 0.12666254
v -0.01083650 -0.03364846 0.12769742
v -0.01087969 -0.03355740 0.12762439
v -0.01079933 -0.03374958 0.12776028
v -0.01776929 -0.03374808 0.13082762
v 0.01345660 -0.04171333 0.09573854
v 0.01351069 -0.03584720 0.09694051
v 0.01299146 -0.03558134 0.09795651
v 0.01295261 -0.03554538 0.09803443
v 0.01251178 -0.03513733 0.09891866
v 0.01181997 -0.03422962 0.10032567
v 0.01182001 -0.03422964 0.10032558
v 0.01209950 -0.03450092 0.09977941
v 0.01395147 -0.03577835 0.09610564
v 0.01199971 -0.03421939 0.09998696
v 0.01184536 -0.03407868 0.10028458
v 0.01104500 -0.05282425 0.09574113
v -0.00481304 -0.06757542 0.10914066
v -0.00482563 -0.06813288 0.10827106
v -0.00526024 -0.06737961 0.11022478
v -0.05862650 -0.03355761 0.10146956
v -0.05878452 -0.03374986 0.10147502
v -0.04743096 -0.06744701 0.08881720
v -0.04872875 -0.06802199 0.09246030
v -0.05232403 -0.02700009 0.09479427
v -0.03322361 -0.03051447 0.03831486
v -0.03327168 -0.03025310 0.03853418
v -0.01198454 -0.02650000 0.07940608
v -0.01231900 -0.02650000 0.07916093
v -0.01170795 -0.02650000 0.07968700
v -0.02065187 -0.04811943 0.02370623
v -0.05350013 -0.05166149 0.11570641
v -0.05483082 -0.04945553 0.11430574
v -0.05788980 -0.05065091 0.10039270
v -0.05822269 -0.04833205 0.10039270
v -0.05881277 -0.03422169 0.10341152
v -0.05232350 -0.06406342 0.10328916
v -0.04998229 -0.06800055 0.10510240
v -0.04977021 -0.06823071 0.10505892
v -0.04926034 -0.06826059 0.10712673
v -0.04952776 -0.06844290 0.10500974
v -0.04902340 -0.06847071 0.10705555
v -0.04856329 -0.06828710 0.10913444
v -0.04875913 -0.06865715 0.10697664
v -0.05008864 -0.06819828 0.10293644
v -0.02683450 -0.06973135 0.07741366
v -0.02682045 -0.06978255 0.07763012
v -0.02680483 -0.06981776 0.07785156
v -0.04698756 -0.06890688 0.09311074
v -0.02912454 -0.06963889 0.07795867
v -0.04352143 -0.06869457 0.08597600
v -0.04204068 -0.06855413 0.08400025
v -0.04400226 -0.06837840 0.08555551
v -0.04019003 -0.06858622 0.08246364
v -0.04037429 -0.06841481 0.08221884
v -0.03841144 -0.06853225 0.08086356
v -0.02294730 -0.04891011 0.02753591
v -0.01013256 -0.05393922 0.02535579
v -0.03398720 -0.06915487 0.07901331
v -0.03632786 -0.06874751 0.07969557
v -0.01955426 -0.07019142 0.07812401
v -0.01960087 -0.07022016 0.07825974
v 0.00028584 -0.06253151 0.04236144
v -0.01742969 -0.07029258 0.07898796
v -0.00229577 -0.06177923 0.03944393
v -0.01964013 -0.07024249 0.07840079
v -0.01725167 -0.07029543 0.07907804
v -0.02205194 -0.07014633 0.07820246
v -0.04925701 -0.06863139 0.10495535
v -0.04905668 -0.06886649 0.10079680
v -0.04764122 -0.06875535 0.09286397
v -0.04858590 -0.06865003 0.09470601
v -0.04823567 -0.06844824 0.09264198
v -0.04914907 -0.06828177 0.09455431
v -0.04938799 -0.06805880 0.09449086
v -0.05699926 -0.05269439 0.09680998
v -0.05785644 -0.05056959 0.09859435
v -0.05087336 -0.03385637 0.12149870
v -0.05322402 -0.03385694 0.11849491
v -0.05082829 -0.03374542 0.12145884
v -0.04955160 -0.03385615 0.12290556
v -0.05328716 -0.03409956 0.11853858
v -0.05094129 -0.03421557 0.12155885
v -0.05786972 -0.03374837 0.10804359
v -0.05679114 -0.03385859 0.11169946
v -0.05687640 -0.03421866 0.11173196
v -0.05687255 -0.03433257 0.11173071
v -0.05605302 -0.03385815 0.11348035
v -0.05508484 -0.03364573 0.11516301
v -0.05514901 -0.03374665 0.11519680
v -0.05524320 -0.03397626 0.11524642
v -0.05317444 -0.03374593 0.11846065
v -0.04950905 -0.03374522 0.12286306
v -0.04810116 -0.03374504 0.12419021
v -0.04958408 -0.03397448 0.12293801
v -0.04507646 -0.03432802 0.12674543
v -0.05675934 -0.05166149 0.10754449
v -0.05725338 -0.04945553 0.10766321
v -0.04784153 -0.04945553 0.12349590
v -0.04637277 -0.04945553 0.12474065
v -0.04719675 -0.03432795 0.12515792
v -0.04820113 -0.03421499 0.12430304
v -0.04143640 -0.05056959 0.12772298
v -0.04481441 -0.04945553 0.12590297
v -0.04362441 -0.06872614 0.11594570
v -0.04212106 -0.06872447 0.11740801
v -0.04230342 -0.06854387 0.11761351
v -0.04261247 -0.06811745 0.11796146
v -0.04171209 -0.06899548 0.11694679
v -0.04013450 -0.06899033 0.11821885
v -0.03993842 -0.06907335 0.11795138
v -0.03114988 -0.06776049 0.12366318
v -0.03326357 -0.06779404 0.12320067
v -0.03111689 -0.06800228 0.12348106
v -0.03472843 -0.06756832 0.12292044
v -0.03402553 -0.06351577 0.12527488
v -0.03526214 -0.06806131 0.12236941
v -0.03285828 -0.06893694 0.12170742
v -0.03478751 -0.06895603 0.12109499
v -0.03489845 -0.06883415 0.12139482
v -0.02681589 -0.06816449 0.12359604
v -0.02683097 -0.06886408 0.12244495
v -0.03082684 -0.06900228 0.12180658
v -0.02891030 -0.06860256 0.12300856
v -0.03467201 -0.06904116 0.12078189
v -0.01608692 -0.04833205 0.12964609
v -0.01177957 -0.04945553 0.12753060
v -0.01879226 -0.05269429 0.12946285
v -0.02616343 -0.04833205 0.13160418
v -0.01735144 -0.05961649 0.12591861
v -0.01507053 -0.05968782 0.12487374
v -0.04185638 -0.03385575 0.12858315
v -0.04189207 -0.03409806 0.12865086
v -0.04015696 -0.03421476 0.12951463
v -0.03836448 -0.03409816 0.13024472
v -0.03833722 -0.03385582 0.13017316
v -0.03690695 -0.04945553 0.12988812
v -0.00503056 -0.06964827 0.09829726
v 0.01351074 -0.05842661 0.03909321
v 0.02065472 -0.05605189 0.05288515
v -0.00352810 -0.06902164 0.10075989
v 0.01638479 -0.05859018 0.04764039
v 0.02489209 -0.05300807 0.04681029
v 0.02656556 -0.05086017 0.04885115
v 0.02621347 -0.05158396 0.04700346
v -0.01148770 -0.07026799 0.08352615
v 0.00086558 -0.05505844 0.02462648
v 0.00067465 -0.05817151 0.03024926
v -0.00205550 -0.05818554 0.03034980
v 0.02724233 -0.04961194 0.04896442
v 0.02573503 -0.05113438 0.05382057
v 0.02665424 -0.05022351 0.03859605
v 0.02749761 -0.04842723 0.03567816
v 0.02736016 -0.04949940 0.03868902
v 0.02589334 -0.04985140 0.03549377
v 0.02045794 -0.05319429 0.03474035
v 0.01880555 -0.05339264 0.03280767
v 0.01622888 -0.05617523 0.03627724
v 0.03259496 -0.03362897 0.04445514
v 0.02769823 -0.04833205 0.04905503
v 0.02998137 -0.03389876 0.05576354
v 0.02994948 -0.03373278 0.05575060
v -0.01133258 -0.02650000 0.08030646
v 0.03368177 -0.02998612 0.03875820
v 0.02279999 -0.05030146 0.06862511
v -0.00415087 -0.06849197 0.10580286
v -0.00579638 -0.06889449 0.10790618
v -0.00680505 -0.06874733 0.11011824
v -0.00709300 -0.06887828 0.10996864
v -0.00831908 -0.06877694 0.11202609
v -0.00804391 -0.06864003 0.11220557
v -0.00551851 -0.06874167 0.10801449
v -0.00609136 -0.06901446 0.10778867
v -0.00533630 -0.06917549 0.10548339
v -0.00504096 -0.06907172 0.10556702
v -0.00661219 -0.06725983 0.11255634
v 0.02836859 -0.03560689 0.06042379
v 0.02857504 -0.03543907 0.05983092
v 0.02938796 -0.03384350 0.05754105
v 0.02499499 -0.03570420 0.07076792
v 0.02179918 -0.04833206 0.07361575
v 0.02926583 -0.03459544 0.05803031
v 0.02940400 -0.03446694 0.05763455
v 0.02948274 -0.03423056 0.05747406
v 0.02996208 -0.03423597 0.05576803
v 0.02986291 -0.03423512 0.05614050
v 0.02999679 -0.03424104 0.05562827
v 0.03063024 -0.03433367 0.05307778
v 0.03126353 -0.03436124 0.05037672
v 0.03124830 -0.03444888 0.05037559
v 0.03171640 -0.03432392 0.04836350
v 0.03216923 -0.03398938 0.04640609
v 0.01673289 -0.05370557 0.03086560
v 0.02441392 -0.04726240 0.02734814
v 0.01956292 -0.05011166 0.02681805
v -0.00778697 -0.06846791 0.11237143
v -0.00440008 -0.06942929 0.10071762
v -0.00595245 -0.06928149 0.10530221
v -0.00379593 -0.06884888 0.10327744
v -0.00449967 -0.06877572 0.10571387
v -0.00430270 -0.05239499 0.12053250
v -0.00996124 -0.06718814 0.11676992
v -0.01108058 -0.06745637 0.11766607
v 0.00096572 -0.03406907 0.11666134
v 0.00089590 -0.03381556 0.11660926
v 0.00834353 -0.03420444 0.10613121
v -0.04803637 -0.06784741 0.11126778
v -0.04826535 -0.06903124 0.10274791
v -0.04797737 -0.06905301 0.10470325
v -0.04751261 -0.06907280 0.10660893
v -0.04497476 -0.06872258 0.11436217
v -0.04591924 -0.06886664 0.11250091
v -0.04750261 -0.06895802 0.10870911
v -0.04745749 -0.06851603 0.11096868
v -0.02084058 -0.06878871 0.12151090
v -0.02065983 -0.06848599 0.12211690
v -0.01450992 -0.06748841 0.12030791
v -0.01286881 -0.06720942 0.11934906
v -0.01460474 -0.06774446 0.12015579
v -0.01397591 -0.06366959 0.12217510
v -0.02255115 -0.06785828 0.12335192
v -0.02467449 -0.06789396 0.12367985
v -0.00841280 -0.06720390 0.11499768
v -0.00824158 -0.06720624 0.11479789
v -0.00989929 -0.06756332 0.11638788
v -0.00718999 -0.04833205 0.12452607
v -0.00359222 -0.04833205 0.12105503
v -0.00341649 -0.03422479 0.12195590
v -0.00931463 -0.05269427 0.12487255
v -0.01470613 -0.05269428 0.12800194
v -0.01291846 -0.03433481 0.12907915
v -0.01242053 -0.03410396 0.12881275
v -0.01072180 -0.03422177 0.12789156
v -0.00973973 -0.06871652 0.11395032
v -0.00860713 -0.06887454 0.11183640
v 0.01127824 -0.03337499 0.10078280
v 0.01115814 -0.03324803 0.10071541
v 0.01159261 -0.03356795 0.10047787
v -0.00345001 -0.03398230 0.12192512
v -0.00309285 -0.03380015 0.12140841
v -0.00319712 -0.03361351 0.12131675
v 0.00827998 -0.03403628 0.10623042
v 0.00822751 -0.03377406 0.10620147
v 0.03217096 -0.03389737 0.04642342
v 0.03345169 -0.03206699 0.04077410
v 0.03385493 -0.03107795 0.03903836
v -0.03626523 -0.05269434 0.12916011
v -0.03314416 -0.05166149 0.13037629
v -0.02702462 -0.05947278 0.12787376
v -0.02407266 -0.05269431 0.13047324
v -0.02949639 -0.05946961 0.12779772
v -0.02581587 -0.05166149 0.13097642
v -0.02652123 -0.05269431 0.13061155
v -0.02394976 -0.05269431 0.13045625
v -0.01773836 -0.03397798 0.13092983
v -0.00617935 -0.03364957 0.12433551
v -0.01251672 -0.03364809 0.12862490
v -0.01076840 -0.03386095 0.12781259
v -0.01598567 -0.03364739 0.13015071
v -0.01779038 -0.03364708 0.13075800
v 0.01196406 -0.03435901 0.10004763
v 0.01207167 -0.03450683 0.09982900
v 0.01392698 -0.03592180 0.09614286
v 0.01208634 -0.03453141 0.09979825
v -0.00464862 -0.06789756 0.10833187
v -0.00587261 -0.06793287 0.11058223
v -0.05866093 -0.03374938 0.10339692
v -0.05889183 -0.03398027 0.10147876
v -0.05868635 -0.03375073 0.09767691
v -0.02667658 -0.02650000 0.07618273
v -0.04892978 -0.06777927 0.09238722
v -0.02681786 -0.02650000 0.07638926
v -0.03333977 -0.02989051 0.03883843
v -0.05250474 -0.05166149 0.11731235
v -0.05623321 -0.04945553 0.11104852
v -0.05790259 -0.05056863 0.10039270
v -0.05074780 -0.06741370 0.09988509
v -0.05242436 -0.06408368 0.10098331
v -0.05030341 -0.06796598 0.10296016
v -0.04984272 -0.06841267 0.10290986
v -0.02439425 -0.06995635 0.07760330
v -0.02904692 -0.06968977 0.07845289
v -0.04243738 -0.06817430 0.08356826
v -0.04224865 -0.06837934 0.08377382
v -0.03999128 -0.06872230 0.08272586
v -0.01279204 -0.05319875 0.02566655
v -0.00743539 -0.05450139 0.02508939
v -0.03825133 -0.06869449 0.08112075
v 0.00019992 -0.06307326 0.04527741
v -0.00493274 -0.06159764 0.03952022
v -0.04938081 -0.06873742 0.10080016
v -0.04968376 -0.06857407 0.10080381
v -0.04888055 -0.06848082 0.09462631
v -0.04961537 -0.06831606 0.09662767
v -0.04996065 -0.06838129 0.10080765
v -0.04960831 -0.06854405 0.09873507
v -0.05053454 -0.03432882 0.12201092
v -0.05779902 -0.03364732 0.10802603
v -0.05792857 -0.03385964 0.10805822
v -0.05673459 -0.03374740 0.11167796
v -0.05686319 -0.03410164 0.11172689
v -0.05599793 -0.03374702 0.11345550
v -0.05609507 -0.03397673 0.11349934
v -0.05520243 -0.03385774 0.11522494
v -0.05527047 -0.03410055 0.11526081
v -0.04945793 -0.03364442 0.12281200
v -0.04960579 -0.03409855 0.12295972
v -0.04817146 -0.03397426 0.12426954
v -0.04517300 -0.03409801 0.12666129
v -0.04505421 -0.03364405 0.12648956
v -0.04509528 -0.03374482 0.12654893
v -0.05755147 -0.05166149 0.10222964
v -0.05629924 -0.05269441 0.10780624
v -0.05767704 -0.05056959 0.10417067
v -0.05737715 -0.05166149 0.10413374
v -0.05788144 -0.04945553 0.10419585
v -0.04153259 -0.04945553 0.12790509
v -0.04548880 -0.04833205 0.12555259
v -0.04273709 -0.06788246 0.11810160
v -0.04093803 -0.06811059 0.11931234
v -0.04192292 -0.06887645 0.11718461
v -0.03973814 -0.06911809 0.11767796
v -0.04149232 -0.06907827 0.11669876
v -0.04104928 -0.06787526 0.11946317
v -0.03915386 -0.06809969 0.12049927
v -0.04049943 -0.06871870 0.11871610
v -0.04080881 -0.06833323 0.11913688
v -0.03104540 -0.06750944 0.12383662
v -0.03438904 -0.05949661 0.12695600
v -0.03301937 -0.06865679 0.12230735
v -0.03309145 -0.06847098 0.12257354
v -0.03509897 -0.06849483 0.12193413
v -0.03098851 -0.06863107 0.12275196
v -0.03103591 -0.06844328 0.12302400
v -0.03315651 -0.06826150 0.12281232
v -0.02681836 -0.06838050 0.12334863
v -0.02895270 -0.06819889 0.12353084
v -0.02681427 -0.06793059 0.12381186
v -0.02883660 -0.06897903 0.12204896
v -0.02888668 -0.06876326 0.12270741
v -0.03680502 -0.06885068 0.12058622
v -0.03693491 -0.06869677 0.12085599
v -0.03877156 -0.06870984 0.11986540
v -0.03845353 -0.06898264 0.11933620
v -0.03828270 -0.06906611 0.11905142
v -0.01188032 -0.05056959 0.12735099
v -0.00889965 -0.05056959 0.12544727
v -0.02579621 -0.04945553 0.13148415
v -0.01695349 -0.05269429 0.12889668
v -0.04182837 -0.03374487 0.12853000
v -0.03836949 -0.03421484 0.13025784
v -0.00524350 -0.06954268 0.10066283
v -0.02104114 -0.06893732 0.12084524
v -0.00536204 -0.06974572 0.09595467
v 0.01369837 -0.05740979 0.03622669
v 0.01601081 -0.05719227 0.03907973
v 0.01581189 -0.05803438 0.04193198
v 0.01724485 -0.05744201 0.04287335
v 0.02355451 -0.05411011 0.04843135
v 0.02519881 -0.05269497 0.04507653
v 0.00421390 -0.05188432 0.02038343
v -0.00193360 -0.05506489 0.02471646
v 0.02755914 -0.04967428 0.04545866
v 0.02707690 -0.05050516 0.04536648
v 0.02776866 -0.04946199 0.04202063
v 0.02694861 -0.05015368 0.04891526
v 0.02726934 -0.04995767 0.04718353
v 0.02766764 -0.04907256 0.04726589
v 0.02739845 -0.04917363 0.04899545
v 0.02786227 -0.04828124 0.04788619
v 0.02674768 -0.04796532 0.03277897
v 0.02661791 -0.04558475 0.02760177
v 0.02766251 -0.04590001 0.03022599
v 0.02840415 -0.04635766 0.03295452
v 0.02861601 -0.04367545 0.02779051
v 0.02936829 -0.04405144 0.03038562
v 0.02043333 -0.05596468 0.04445402
v 0.02273787 -0.05397723 0.04132744
v 0.02436719 -0.05290720 0.04153563
v 0.03181338 -0.03855544 0.03852851
v 0.03336981 -0.03235733 0.04095758
v 0.03011292 -0.04339390 0.04118449
v 0.03257336 -0.03680602 0.03536604
v 0.03136758 -0.04145016 0.03338688
v 0.03173074 -0.04033320 0.03335840
v 0.02822200 -0.04763707 0.03576713
v 0.02800372 -0.04872268 0.03878246
v 0.02998539 -0.03405921 0.05576909
v 0.02997568 -0.03386915 0.05576123
v 0.03360333 -0.02993851 0.03879815
v -0.00426105 -0.06859131 0.10577534
v -0.00404705 -0.06838866 0.10582820
v -0.00457378 -0.06925743 0.10315479
v -0.00486257 -0.06934159 0.10310545
v -0.00526211 -0.06856036 0.10811205
v -0.00476071 -0.06893726 0.10564420
v 0.02883380 -0.03512160 0.05916012
v 0.02171518 -0.03577264 0.07938152
v 0.02973008 -0.03426724 0.05660634
v 0.02972389 -0.03426873 0.05662806
v 0.02947164 -0.03442504 0.05742175
v 0.02947391 -0.03413511 0.05749541
v 0.02997434 -0.03414847 0.05576874
v -0.00653523 -0.06858206 0.11025620
v -0.00564191 -0.06924593 0.10539461
v -0.01571424 -0.06888447 0.11840004
v -0.00382487 -0.05045309 0.12088379
v 0.00097650 -0.03415457 0.11666898
v -0.04831542 -0.06900440 0.10476919
v -0.04617148 -0.06871352 0.11266147
v -0.04779970 -0.06883568 0.10882768
v -0.04694625 -0.06885333 0.11070634
v -0.04767743 -0.06830940 0.11108198
v -0.02093937 -0.06888367 0.12118224
v -0.02058104 -0.06828733 0.12238345
v -0.02269315 -0.06851368 0.12262584
v -0.01272689 -0.06746948 0.11905820
v -0.01614767 -0.06724925 0.12142369
v -0.02045151 -0.06782449 0.12282658
v -0.02251722 -0.06760828 0.12353057
v -0.00603110 -0.03422357 0.12450629
v -0.00604226 -0.04945553 0.12339053
v -0.00618097 -0.05056959 0.12323831
v -0.01254511 -0.05269428 0.12693447
v -0.00342701 -0.03410726 0.12194621
v -0.00304201 -0.03394918 0.12145310
v 0.00086022 -0.03373571 0.11658221
v 0.03344988 -0.03198416 0.04081622
v 0.03344533 -0.03214663 0.04073175
v 0.03012608 -0.04304616 0.03045709
v 0.03081183 -0.04198956 0.03052649
v 0.02982109 -0.04453714 0.03311948
v -0.03143628 -0.05269432 0.13028798
v -0.02898122 -0.05269432 0.13055034
v -0.02583186 -0.05269431 0.13057262
v -0.01772535 -0.03421951 0.13097301
v -0.01775175 -0.03385930 0.13088559
v -0.01255539 -0.03355704 0.12854947
v -0.01248346 -0.03374918 0.12868983
v 0.01196342 -0.03435843 0.10004886
v 0.01249151 -0.03510847 0.09896057
v -0.05884537 -0.03386131 0.10147714
v -0.02562657 -0.02650000 0.07562914
v -0.02629703 -0.02650000 0.07585010
v -0.02665575 -0.02650000 0.07616108
v -0.02650230 -0.02650000 0.07600157
v -0.04808418 -0.06774059 0.09041919
v -0.04909927 -0.06752512 0.09232631
v -0.02676403 -0.02650000 0.07631057
v -0.02691864 -0.02650000 0.07660225
v -0.05703651 -0.04833205 0.10891704
v -0.05048624 -0.06772155 0.10298088
v -0.02440182 -0.06998416 0.07779679
v -0.00486164 -0.06059147 0.03649803
v -0.04956772 -0.06860330 0.10288069
v -0.04934169 -0.06851302 0.09667443
v -0.05020795 -0.06816471 0.10081162
v -0.05032882 -0.06734278 0.09612721
v -0.04985918 -0.06809523 0.09658659
v -0.05013135 -0.06813045 0.09869502
v -0.05007109 -0.06785665 0.09655151
v -0.05034600 -0.06789393 0.09867942
v -0.04959532 -0.06781816 0.09443645
v -0.04988476 -0.06834917 0.09871361
v -0.05666665 -0.03364642 0.11165214
v -0.05612319 -0.03410109 0.11351205
v -0.04819181 -0.03409831 0.12429252
v -0.04512946 -0.03385571 0.12659834
v -0.04518100 -0.03421467 0.12667285
v -0.05785308 -0.05056959 0.10224777
v -0.05668605 -0.05269441 0.10594223
v -0.05711731 -0.05269442 0.10291330
v -0.05802917 -0.04833205 0.10386356
v -0.03824427 -0.06761065 0.12140814
v -0.03861747 -0.06886278 0.11960915
v -0.04032261 -0.06887102 0.11847528
v -0.04066217 -0.06853775 0.11893756
v -0.03904122 -0.06832300 0.12031286
v -0.03716228 -0.06830782 0.12132660
v -0.03386984 -0.05269433 0.12982421
v -0.03195667 -0.05947784 0.12749237
v -0.03705450 -0.06851409 0.12110382
v -0.03725728 -0.06808344 0.12152238
v -0.03500282 -0.06867892 0.12167601
v -0.03321398 -0.06803398 0.12302164
v -0.03107884 -0.06823178 0.12326773
v -0.03518568 -0.06828710 0.12216593
v -0.02893241 -0.06841260 0.12328421
v -0.02897094 -0.06796724 0.12374635
v -0.03666689 -0.06897140 0.12029874
v -0.00546008 -0.06941909 0.10299792
v -0.00515953 -0.06939583 0.10305289
v 0.02552979 -0.05224583 0.04338103
v 0.02588347 -0.05167710 0.04173214
v 0.02651480 -0.05128618 0.04527167
v 0.02827993 -0.04834835 0.04386057
v 0.02795325 -0.04879836 0.04554781
v 0.02824914 -0.04862279 0.04211723
v 0.02678102 -0.05079605 0.04709570
v 0.02736672 -0.04926271 0.04898915
v 0.02776711 -0.04831072 0.04856422
v 0.02104831 -0.05493260 0.04110061
v 0.02509921 -0.05152134 0.03840563
v 0.02956287 -0.04566324 0.03985462
v 0.02882898 -0.04708632 0.04271658
v 0.02795204 -0.04820280 0.04734138
v 0.03091311 -0.04193528 0.03753742
v 0.02857424 -0.04789360 0.03887759
v 0.02906321 -0.04701670 0.03897550
v 0.03194837 -0.03973974 0.03066864
v 0.03093584 -0.04251895 0.03329248
v 0.02914690 -0.04547378 0.03303710
v -0.00394970 -0.06828196 0.10585136
v 0.02948255 -0.03432285 0.05745052
v 0.02974702 -0.03408556 0.05663150
v 0.02974253 -0.03417801 0.05661990
v 0.02974293 -0.03399007 0.05664090
v 0.01900926 -0.04838061 0.02332339
v -0.00638449 -0.05166149 0.12301498
v -0.04860964 -0.06898155 0.10278229
v -0.04784169 -0.06902522 0.10670539
v -0.04807824 -0.06867995 0.10893919
v -0.04721273 -0.06869907 0.11084293
v -0.04787065 -0.06808469 0.11118183
v -0.02288497 -0.06890640 0.12167241
v -0.00378775 -0.05011467 0.12091111
v -0.01340221 -0.05269428 0.12735786
v -0.01222242 -0.05269428 0.12674172
v -0.00305220 -0.03391931 0.12144414
v -0.00301042 -0.03410509 0.12148087
v 0.00092547 -0.03389848 0.11663154
v -0.02669825 -0.05269431 0.13060716
v -0.02945272 -0.05269432 0.13049996
v -0.01772943 -0.03410244 0.13095944
v -0.01592338 -0.03397841 0.13031927
v -0.01245577 -0.03386052 0.12874387
v -0.02585448 -0.02650000 0.07566556
v -0.02637932 -0.02650000 0.07591082
v -0.02622070 -0.02650000 0.07581103
v -0.02607634 -0.02650000 0.07573714
v -0.02202712 -0.07013550 0.07803378
v -0.00213118 -0.05956851 0.03335107
v -0.00479890 -0.05938078 0.03346920
v -0.00221238 -0.06077724 0.03640028
v -0.04926715 -0.06876466 0.10284933
v -0.05042355 -0.06793027 0.10081561
v -0.05025044 -0.06760636 0.09652245
v -0.04814103 -0.03385595 0.12423520
v -0.04536032 -0.03432805 0.12654844
v -0.05821844 -0.03433423 0.10722004
v -0.03925084 -0.06786371 0.12065939
v -0.03891341 -0.06852821 0.12010096
v -0.03176279 -0.06349406 0.12577116
v -0.00467645 -0.06949367 0.10070101
v -0.00495886 -0.06953169 0.10068268
v 0.02621720 -0.05156652 0.04347875
v 0.02684692 -0.05083659 0.04357557
v 0.02167601 -0.05364708 0.03796172
v 0.03038514 -0.04397639 0.03614639
v 0.03048713 -0.04355976 0.03684615
v 0.02946679 -0.04609898 0.03907730
v 0.02827605 -0.04791966 0.04537490
v 0.02976393 -0.04520567 0.03920019
v 0.03159580 -0.04068331 0.03373685
v 0.03176539 -0.04004307 0.03399847
v 0.02946536 -0.04589872 0.03594866
v 0.03142041 -0.04088538 0.03059628
v -0.00411953 -0.05165058 0.12066717
v -0.04833384 -0.06849534 0.10904189
v -0.02281705 -0.06881282 0.12200748
v -0.00299812 -0.03426360 0.12149170
v -0.00301380 -0.03408841 0.12147791
v 0.03242167 -0.03823768 0.03183432
v -0.01243465 -0.03397934 0.12878513
v -0.01593941 -0.03385968 0.13027586
v -0.02586591 -0.02650000 0.07566925
v -0.02200205 -0.07011515 0.07786714
v 0.00047560 -0.06075623 0.03630357
v -0.05060673 -0.06768385 0.10081957
v -0.05052802 -0.06764556 0.09866678
v -0.04591285 -0.03432802 0.12613007
v -0.05864557 -0.03433511 0.10483779
v 0.02657504 -0.05099043 0.04182847
v 0.01798132 -0.05589245 0.03840246
v 0.02342071 -0.05264676 0.03819810
v 0.02864366 -0.04774108 0.04221483
v 0.02823421 -0.04795622 0.04562885
v 0.02856972 -0.04747706 0.04396301
v 0.03041921 -0.04355024 0.03320394
v 0.02996792 -0.04495722 0.03604473
v 0.02888103 -0.04679378 0.03585667
v -0.00385290 -0.05056701 0.12086318
v -0.00301024 -0.03410747 0.12148104
v -0.01596042 -0.03374842 0.13021901
v -0.05856990 -0.03422103 0.10534345
v 0.02720729 -0.05025233 0.04192448
v -0.05855586 -0.03410380 0.10534120
f 1 2 3
f 4 3 2
f 5 6 7
f 8 9 10
f 8 10 11
f 8 12 9
f 12 8 11
f 13 2 1
f 11 10 14
f 15 4 2
f 9 5 16
f 16 7 17
f 14 16 4
f 16 10 9
f 16 14 10
f 12 18 9
f 19 17 7
f 20 19 7
f 17 21 22
f 22 16 17
f 22 23 3
f 21 23 22
f 3 4 22
f 16 22 4
f 24 25 26
f 26 27 24
f 28 12 11
f 29 30 31
f 2 13 32
f 33 34 26
f 35 4 15
f 36 37 38
f 37 36 39
f 40 5 7
f 16 40 7
f 40 16 5
f 41 20 7
f 41 7 42
f 43 44 19
f 3 45 46
f 45 3 23
f 47 48 49
f 49 48 50
f 51 52 53
f 54 27 26
f 55 24 27
f 56 57 58
f 59 60 61
f 62 63 11
f 64 65 11
f 64 11 63
f 66 67 68
f 69 18 12
f 18 69 9
f 69 5 9
f 69 6 5
f 53 70 71
f 72 71 73
f 74 70 53
f 75 36 76
f 76 53 52
f 76 36 53
f 76 29 31
f 77 2 78
f 78 79 77
f 77 79 2
f 32 80 2
f 81 80 82
f 30 83 31
f 84 14 4
f 84 4 85
f 86 33 26
f 87 4 35
f 88 35 15
f 89 4 90
f 2 91 78
f 92 93 52
f 94 95 96
f 94 36 38
f 96 53 94
f 94 53 36
f 97 95 94
f 94 98 97
f 99 96 95
f 100 101 102
f 103 7 6
f 104 42 7
f 105 104 7
f 106 19 20
f 106 43 19
f 107 19 44
f 107 108 19
f 109 110 19
f 111 23 21
f 111 45 23
f 111 21 112
f 45 111 46
f 111 113 114
f 115 112 116
f 111 115 113
f 115 111 112
f 110 117 118
f 118 17 19
f 118 19 110
f 119 120 121
f 119 112 21
f 119 122 112
f 123 49 50
f 49 123 124
f 125 92 52
f 125 52 51
f 126 127 128
f 126 128 129
f 126 51 53
f 130 55 27
f 26 34 131
f 131 54 26
f 132 55 133
f 55 134 133
f 134 130 135
f 134 55 130
f 136 57 56
f 137 48 47
f 49 138 47
f 139 138 49
f 140 49 141
f 140 139 49
f 142 143 144
f 144 58 142
f 56 58 144
f 145 58 57
f 145 146 58
f 145 147 148
f 148 59 145
f 149 59 148
f 149 148 150
f 151 152 153
f 65 154 11
f 154 155 11
f 154 65 155
f 156 28 11
f 156 11 155
f 156 155 28
f 28 157 12
f 157 69 12
f 157 28 69
f 158 159 71
f 158 70 160
f 158 71 70
f 161 53 96
f 161 74 53
f 162 159 158
f 163 164 165
f 80 166 82
f 166 80 32
f 167 168 169
f 170 169 1
f 171 172 173
f 75 76 174
f 174 76 173
f 175 76 31
f 175 173 76
f 176 36 75
f 176 177 36
f 178 179 180
f 79 178 2
f 178 15 2
f 178 180 15
f 34 33 181
f 182 183 168
f 182 168 167
f 184 1 3
f 185 32 186
f 185 166 32
f 187 32 13
f 187 13 186
f 187 186 32
f 188 80 81
f 188 91 2
f 81 91 188
f 31 83 189
f 190 62 11
f 191 62 190
f 33 86 192
f 192 25 181
f 192 181 33
f 26 25 192
f 192 86 26
f 193 87 35
f 193 194 195
f 196 197 198
f 197 196 199
f 199 196 88
f 200 88 15
f 201 202 203
f 204 90 4
f 204 205 90
f 4 87 204
f 205 204 87
f 206 205 207
f 208 87 209
f 208 205 87
f 207 208 210
f 211 209 87
f 212 213 214
f 213 212 76
f 52 93 213
f 213 76 52
f 215 212 214
f 214 91 215
f 215 91 81
f 215 81 82
f 216 76 212
f 76 216 29
f 217 218 219
f 220 221 222
f 223 224 177
f 225 226 227
f 228 229 219
f 230 231 232
f 100 102 233
f 234 73 235
f 49 236 141
f 237 236 49
f 238 49 72
f 238 237 49
f 238 72 73
f 238 73 234
f 239 240 66
f 66 68 241
f 241 239 66
f 151 242 152
f 242 68 67
f 243 67 66
f 243 66 240
f 243 240 244
f 245 105 7
f 245 7 103
f 245 103 105
f 246 233 247
f 248 249 250
f 251 116 112
f 116 122 252
f 253 254 219
f 253 115 116
f 255 256 257
f 258 249 254
f 259 260 261
f 259 261 262
f 259 263 260
f 263 259 121
f 259 262 258
f 264 265 266
f 267 268 269
f 269 266 270
f 270 267 269
f 271 270 266
f 272 265 273
f 274 275 276
f 274 277 275
f 278 279 280
f 198 278 280
f 281 282 275
f 275 277 281
f 283 280 284
f 283 284 276
f 283 276 275
f 275 282 283
f 282 281 283
f 285 286 125
f 285 125 51
f 287 79 288
f 54 289 27
f 290 129 128
f 291 128 127
f 291 290 128
f 292 24 55
f 55 132 292
f 292 25 24
f 292 293 25
f 292 132 294
f 295 294 132
f 295 132 133
f 133 296 295
f 297 298 299
f 300 298 297
f 301 297 302
f 303 304 305
f 306 143 142
f 145 307 147
f 307 308 147
f 145 309 146
f 309 145 59
f 310 155 65
f 311 312 313
f 6 69 314
f 314 69 28
f 315 316 317
f 316 315 153
f 315 151 153
f 315 242 151
f 315 317 68
f 242 315 68
f 318 235 73
f 71 318 73
f 319 161 96
f 320 321 322
f 323 158 160
f 160 162 323
f 323 162 158
f 321 320 324
f 325 326 162
f 183 327 328
f 175 329 173
f 329 330 171
f 329 171 173
f 331 332 333
f 333 334 331
f 335 331 334
f 334 336 337
f 337 335 334
f 337 331 335
f 338 337 339
f 340 176 341
f 342 334 333
f 343 344 345
f 346 178 79
f 347 348 346
f 178 346 179
f 180 349 15
f 349 180 181
f 349 181 25
f 25 294 349
f 349 350 15
f 351 350 349
f 352 167 353
f 352 182 167
f 354 353 167
f 355 354 167
f 173 172 356
f 356 174 173
f 172 328 356
f 356 328 327
f 357 355 167
f 184 357 167
f 357 345 355
f 357 343 345
f 358 343 357
f 167 169 359
f 359 169 170
f 359 170 1
f 359 1 184
f 360 361 362
f 363 2 80
f 363 188 2
f 80 188 363
f 364 365 366
f 13 365 367
f 365 364 367
f 368 369 370
f 368 370 11
f 368 371 369
f 368 84 85
f 368 372 371
f 14 368 11
f 84 368 14
f 368 373 372
f 11 370 374
f 374 190 11
f 191 190 374
f 375 35 194
f 375 193 35
f 194 193 375
f 376 278 377
f 377 278 198
f 377 200 376
f 377 198 197
f 197 199 377
f 377 199 88
f 377 88 200
f 150 378 379
f 380 201 203
f 381 382 191
f 381 383 382
f 374 381 191
f 202 201 384
f 385 386 387
f 387 388 385
f 207 205 389
f 389 208 207
f 208 389 205
f 390 211 391
f 390 210 209
f 392 208 209
f 209 210 392
f 392 210 208
f 393 144 391
f 211 393 391
f 393 211 87
f 212 215 394
f 394 216 212
f 394 215 82
f 82 166 394
f 216 395 29
f 395 30 29
f 395 396 30
f 397 288 79
f 397 79 78
f 397 78 91
f 397 91 214
f 398 93 92
f 398 287 288
f 399 217 219
f 400 401 402
f 403 401 404
f 405 406 407
f 408 220 222
f 409 410 36
f 409 36 177
f 409 177 224
f 411 412 332
f 331 411 332
f 411 337 338
f 337 411 331
f 412 413 332
f 414 415 416
f 221 417 418
f 417 221 220
f 419 420 227
f 421 422 423
f 227 420 421
f 421 420 422
f 421 225 227
f 421 423 418
f 424 423 422
f 424 3 46
f 425 94 38
f 98 94 425
f 38 37 426
f 37 427 426
f 426 425 38
f 425 426 427
f 428 429 430
f 96 99 431
f 431 97 432
f 431 432 230
f 431 95 97
f 431 99 95
f 433 247 233
f 433 233 102
f 434 435 436
f 437 236 237
f 438 238 234
f 234 439 438
f 238 438 237
f 440 241 68
f 244 240 441
f 442 443 67
f 443 442 444
f 442 164 444
f 445 318 446
f 445 235 318
f 445 234 235
f 445 439 234
f 447 443 444
f 448 246 247
f 448 449 246
f 100 233 450
f 233 246 450
f 107 451 108
f 452 453 454
f 452 455 453
f 456 457 458
f 459 248 460
f 460 248 250
f 461 250 249
f 249 258 461
f 462 463 464
f 248 465 249
f 464 465 248
f 465 466 228
f 465 228 219
f 465 219 254
f 249 465 254
f 122 467 112
f 467 251 112
f 467 122 116
f 116 251 467
f 219 218 468
f 468 253 219
f 469 102 101
f 470 471 472
f 470 469 471
f 473 433 102
f 474 258 262
f 474 262 261
f 474 461 258
f 261 260 474
f 474 260 257
f 474 257 256
f 475 110 455
f 475 117 110
f 475 268 117
f 476 118 117
f 117 271 476
f 118 476 17
f 476 271 17
f 477 117 268
f 477 271 117
f 477 268 267
f 267 270 477
f 270 271 477
f 478 479 273
f 478 480 479
f 273 479 481
f 481 272 273
f 266 272 481
f 481 271 266
f 481 21 17
f 481 17 271
f 482 266 265
f 482 272 266
f 265 272 482
f 260 483 257
f 483 484 257
f 483 260 263
f 483 121 120
f 483 263 121
f 120 119 483
f 483 481 484
f 483 119 21
f 21 481 483
f 485 196 198
f 486 487 297
f 277 487 486
f 488 198 280
f 488 280 283
f 309 489 490
f 277 274 491
f 60 492 61
f 286 348 493
f 493 348 347
f 494 125 286
f 286 493 494
f 494 493 287
f 494 287 398
f 92 125 494
f 494 398 92
f 495 79 287
f 495 493 347
f 495 287 493
f 496 497 179
f 346 496 179
f 286 285 498
f 498 348 286
f 499 130 27
f 27 289 499
f 500 291 127
f 34 181 501
f 502 503 504
f 376 200 505
f 505 506 376
f 507 350 351
f 507 508 350
f 509 292 294
f 509 293 292
f 509 294 25
f 509 25 293
f 510 295 296
f 510 511 512
f 513 296 133
f 513 514 296
f 513 133 134
f 513 515 514
f 516 148 147
f 148 516 150
f 517 518 308
f 519 298 300
f 298 519 299
f 519 149 150
f 150 379 519
f 519 378 299
f 519 379 378
f 520 303 305
f 521 520 305
f 522 306 391
f 144 522 391
f 305 304 523
f 524 523 304
f 525 524 526
f 525 523 524
f 525 527 523
f 528 529 530
f 531 520 532
f 533 137 47
f 533 528 137
f 528 533 529
f 533 534 529
f 535 145 57
f 535 307 145
f 57 536 535
f 535 536 537
f 538 517 535
f 539 59 61
f 539 309 59
f 382 540 191
f 540 62 191
f 540 63 62
f 541 382 383
f 542 310 312
f 311 542 312
f 543 544 545
f 543 545 542
f 543 542 311
f 546 313 547
f 546 311 313
f 546 547 316
f 546 316 153
f 548 318 71
f 548 71 159
f 446 318 548
f 549 232 550
f 550 319 549
f 230 232 549
f 549 431 230
f 551 324 320
f 447 552 434
f 322 435 552
f 552 435 434
f 553 447 444
f 553 552 447
f 553 320 322
f 322 552 553
f 554 162 160
f 554 325 162
f 555 161 319
f 74 161 555
f 555 319 550
f 555 556 74
f 557 1 169
f 557 558 1
f 366 365 559
f 559 558 366
f 559 365 13
f 559 13 1
f 558 559 1
f 560 330 561
f 330 560 171
f 560 172 171
f 560 328 172
f 562 561 330
f 330 329 562
f 562 329 175
f 563 189 564
f 31 189 563
f 562 563 564
f 563 562 175
f 563 175 31
f 565 337 336
f 565 339 337
f 340 566 176
f 176 566 177
f 566 223 177
f 343 567 344
f 567 343 568
f 351 349 569
f 569 349 295
f 569 295 510
f 569 510 508
f 569 507 351
f 508 507 569
f 294 295 570
f 570 349 294
f 349 570 295
f 571 327 183
f 182 571 183
f 352 571 182
f 572 327 571
f 573 357 184
f 574 184 167
f 167 359 574
f 574 359 184
f 575 576 358
f 577 336 334
f 578 343 358
f 578 358 576
f 578 576 334
f 334 342 578
f 578 342 568
f 568 343 578
f 579 580 336
f 579 581 580
f 558 582 366
f 582 364 366
f 367 583 13
f 583 186 13
f 583 185 186
f 396 185 583
f 584 189 83
f 584 564 189
f 585 367 364
f 585 564 584
f 585 584 367
f 585 562 564
f 586 368 85
f 586 85 4
f 586 4 587
f 586 587 373
f 586 373 368
f 369 588 370
f 589 590 591
f 590 384 591
f 387 592 593
f 593 373 388
f 593 388 387
f 193 594 87
f 595 297 299
f 596 595 299
f 201 380 597
f 597 384 201
f 597 598 591
f 597 591 384
f 381 599 383
f 599 600 383
f 599 598 600
f 601 602 603
f 604 605 606
f 606 607 604
f 608 605 604
f 608 609 203
f 610 387 386
f 611 612 613
f 613 614 611
f 611 526 524
f 611 614 526
f 615 206 207
f 205 615 90
f 615 205 206
f 616 390 391
f 617 209 211
f 617 390 209
f 390 617 211
f 144 393 618
f 56 144 618
f 618 619 56
f 618 620 619
f 618 621 620
f 618 393 87
f 395 622 396
f 622 185 396
f 622 166 185
f 622 394 166
f 622 216 394
f 622 395 216
f 398 623 93
f 623 397 214
f 623 288 397
f 623 398 288
f 214 213 623
f 623 213 93
f 218 624 625
f 625 468 218
f 115 625 113
f 625 115 253
f 625 253 468
f 218 217 626
f 626 624 218
f 217 399 626
f 626 399 627
f 628 114 113
f 629 628 113
f 628 111 114
f 630 627 399
f 631 219 229
f 631 399 219
f 631 630 399
f 627 630 632
f 633 400 402
f 633 402 39
f 634 427 37
f 634 37 39
f 39 402 634
f 401 403 635
f 635 402 401
f 635 634 402
f 221 636 222
f 401 637 404
f 400 637 401
f 415 414 638
f 639 409 224
f 640 332 413
f 332 640 333
f 641 414 416
f 416 413 641
f 641 412 419
f 641 413 412
f 642 643 225
f 362 361 644
f 361 424 644
f 362 644 645
f 645 644 424
f 645 424 422
f 646 221 418
f 423 646 418
f 3 424 647
f 647 424 361
f 648 649 403
f 650 648 404
f 648 403 404
f 651 652 653
f 651 463 462
f 653 463 651
f 654 652 231
f 654 231 230
f 432 654 230
f 655 228 463
f 655 463 653
f 656 655 653
f 657 654 432
f 658 550 232
f 659 660 661
f 662 659 661
f 663 664 665
f 663 666 664
f 663 665 662
f 663 662 666
f 664 667 668
f 667 669 668
f 436 435 670
f 670 435 671
f 435 672 671
f 672 673 671
f 322 321 672
f 672 435 322
f 321 674 672
f 674 673 672
f 675 163 165
f 676 675 165
f 677 439 678
f 677 438 439
f 438 679 237
f 679 437 237
f 679 438 677
f 680 681 244
f 68 317 682
f 682 440 68
f 313 683 547
f 236 684 141
f 684 685 141
f 165 164 686
f 164 442 686
f 687 442 67
f 67 243 687
f 687 686 442
f 688 689 690
f 688 690 678
f 688 445 446
f 446 689 688
f 678 439 688
f 439 445 688
f 691 692 693
f 691 165 692
f 691 676 165
f 694 691 693
f 695 691 694
f 696 690 689
f 697 695 696
f 696 698 697
f 696 689 698
f 699 695 697
f 676 691 699
f 699 691 695
f 700 103 6
f 6 314 700
f 700 314 545
f 545 544 700
f 701 702 703
f 703 702 544
f 543 703 544
f 704 105 103
f 704 103 700
f 544 702 704
f 704 700 544
f 705 702 701
f 706 41 42
f 706 705 707
f 104 706 42
f 708 707 709
f 708 709 710
f 711 710 709
f 712 710 711
f 67 443 713
f 713 242 67
f 713 152 242
f 713 714 152
f 434 715 716
f 716 447 434
f 716 443 447
f 716 713 443
f 717 718 454
f 718 452 454
f 719 673 674
f 720 246 449
f 721 664 668
f 450 721 100
f 108 451 722
f 722 455 110
f 453 455 722
f 722 451 453
f 110 109 722
f 722 19 108
f 722 109 19
f 723 454 453
f 451 723 453
f 455 452 724
f 724 475 455
f 725 46 111
f 725 456 46
f 726 456 458
f 727 460 250
f 728 464 463
f 728 228 466
f 728 463 228
f 729 248 459
f 729 464 248
f 466 465 730
f 730 465 464
f 730 728 466
f 730 464 728
f 731 472 471
f 731 732 472
f 471 727 731
f 731 727 250
f 250 461 731
f 732 731 461
f 727 733 460
f 734 470 735
f 433 473 736
f 737 474 256
f 474 737 461
f 737 732 461
f 259 738 121
f 738 259 739
f 738 119 121
f 740 119 738
f 738 739 740
f 741 259 258
f 116 252 741
f 741 258 254
f 741 253 116
f 253 741 254
f 742 478 273
f 480 478 743
f 479 480 743
f 743 255 257
f 743 478 255
f 484 743 257
f 743 484 479
f 479 484 744
f 744 481 479
f 481 744 484
f 516 745 150
f 745 516 308
f 745 378 150
f 378 486 746
f 297 595 746
f 746 595 596
f 299 378 746
f 746 596 299
f 747 281 277
f 277 486 747
f 281 747 194
f 747 195 194
f 747 486 518
f 747 517 195
f 517 747 518
f 748 283 281
f 748 488 283
f 749 274 276
f 750 49 124
f 506 751 376
f 751 278 376
f 61 492 752
f 752 492 753
f 754 123 755
f 495 756 79
f 756 495 347
f 756 346 79
f 347 346 756
f 496 757 497
f 498 757 348
f 757 346 348
f 757 496 346
f 758 285 51
f 758 498 285
f 758 51 126
f 758 126 129
f 759 500 127
f 759 760 761
f 762 501 291
f 762 761 763
f 764 501 181
f 290 291 765
f 765 291 501
f 765 501 497
f 757 765 497
f 766 767 768
f 769 505 770
f 505 769 506
f 771 15 350
f 771 772 15
f 508 771 350
f 505 773 770
f 773 510 512
f 508 510 773
f 773 511 770
f 773 512 511
f 774 511 510
f 296 514 774
f 774 510 296
f 770 511 775
f 514 515 776
f 777 134 135
f 777 513 134
f 515 513 777
f 308 778 147
f 778 516 147
f 778 308 516
f 779 517 538
f 517 780 193
f 780 536 57
f 780 57 136
f 780 594 193
f 780 619 781
f 594 780 781
f 782 193 195
f 195 517 782
f 782 517 193
f 783 519 300
f 301 519 783
f 783 300 297
f 783 297 301
f 784 519 301
f 519 784 149
f 785 301 302
f 785 784 301
f 532 520 786
f 786 520 521
f 520 787 303
f 143 306 788
f 306 522 788
f 788 144 143
f 788 522 144
f 789 527 790
f 789 523 527
f 789 790 306
f 789 521 305
f 305 523 789
f 789 142 521
f 789 306 142
f 791 526 610
f 791 610 386
f 386 792 791
f 790 527 793
f 525 793 527
f 794 388 373
f 373 587 794
f 794 587 4
f 794 4 89
f 795 385 388
f 794 795 388
f 795 90 615
f 795 89 90
f 795 794 89
f 796 386 385
f 796 792 386
f 385 795 796
f 796 795 615
f 797 604 798
f 798 604 607
f 799 798 607
f 797 798 799
f 800 604 797
f 800 608 604
f 609 608 800
f 801 609 800
f 802 380 203
f 609 802 203
f 802 803 380
f 804 685 805
f 804 140 141
f 141 685 804
f 806 807 808
f 809 47 138
f 534 809 138
f 809 533 47
f 809 534 533
f 810 811 139
f 811 138 139
f 811 534 138
f 812 489 309
f 812 309 539
f 813 540 382
f 813 382 541
f 683 813 541
f 801 814 815
f 815 814 441
f 815 441 240
f 815 240 239
f 816 815 239
f 310 542 817
f 817 28 155
f 817 155 310
f 817 314 28
f 817 545 314
f 817 542 545
f 818 543 311
f 311 546 818
f 818 546 153
f 818 703 543
f 446 548 819
f 819 689 446
f 689 819 698
f 819 548 159
f 820 319 96
f 820 549 319
f 96 431 820
f 431 549 820
f 821 822 551
f 821 551 320
f 821 823 822
f 553 821 320
f 824 823 825
f 825 821 553
f 823 821 825
f 825 444 164
f 825 553 444
f 826 699 697
f 827 828 829
f 829 830 827
f 829 556 830
f 325 831 326
f 831 832 326
f 833 557 169
f 833 169 168
f 834 560 561
f 834 833 168
f 833 834 561
f 834 168 183
f 183 328 834
f 328 560 834
f 835 833 561
f 835 557 833
f 835 585 364
f 558 557 835
f 364 582 835
f 835 582 558
f 836 565 336
f 339 565 837
f 837 360 362
f 362 339 837
f 565 836 837
f 837 836 336
f 3 647 837
f 336 580 837
f 837 361 360
f 837 647 361
f 837 184 3
f 184 837 581
f 837 580 581
f 838 411 338
f 338 339 838
f 838 339 362
f 645 838 362
f 839 838 840
f 838 645 840
f 841 842 75
f 75 174 841
f 843 844 845
f 843 846 844
f 847 75 842
f 847 176 75
f 341 176 847
f 848 845 844
f 848 340 341
f 849 356 327
f 849 327 572
f 849 174 356
f 850 571 352
f 850 572 571
f 358 357 851
f 357 573 851
f 573 852 851
f 851 852 581
f 575 851 581
f 851 575 358
f 853 336 577
f 853 579 336
f 853 576 579
f 334 576 853
f 853 577 334
f 576 575 854
f 854 579 576
f 854 575 581
f 854 581 579
f 855 584 83
f 396 583 855
f 855 583 367
f 584 855 367
f 855 30 396
f 855 83 30
f 856 374 370
f 856 370 588
f 856 381 374
f 856 599 381
f 857 613 612
f 857 858 613
f 859 590 592
f 384 590 859
f 860 593 592
f 860 590 589
f 592 590 860
f 861 87 594
f 861 594 781
f 861 618 87
f 861 781 619
f 621 618 861
f 619 620 861
f 861 620 621
f 862 600 863
f 862 541 383
f 383 600 862
f 864 380 803
f 864 597 380
f 864 863 600
f 864 600 598
f 597 864 598
f 601 865 602
f 865 601 605
f 202 602 865
f 203 202 865
f 865 608 203
f 605 608 865
f 866 601 612
f 605 601 866
f 866 606 605
f 867 606 866
f 868 606 867
f 867 869 868
f 613 610 870
f 870 610 526
f 858 871 613
f 871 610 613
f 871 859 592
f 871 592 387
f 871 387 610
f 612 611 872
f 872 866 612
f 873 867 872
f 867 866 872
f 874 875 876
f 874 876 873
f 304 303 874
f 877 524 304
f 877 611 524
f 304 874 877
f 877 872 611
f 873 872 877
f 877 874 873
f 391 306 878
f 878 616 391
f 878 306 790
f 790 793 878
f 879 210 390
f 879 390 616
f 113 625 880
f 881 625 624
f 881 624 626
f 881 407 406
f 881 626 407
f 882 111 628
f 882 457 111
f 882 628 458
f 882 458 457
f 883 406 405
f 884 726 458
f 885 631 886
f 631 885 630
f 886 632 885
f 885 632 630
f 887 886 888
f 887 632 886
f 633 889 400
f 39 36 890
f 890 633 39
f 410 890 36
f 890 410 633
f 891 635 403
f 403 649 891
f 891 634 635
f 427 634 891
f 892 642 408
f 642 892 643
f 404 637 892
f 893 626 627
f 627 632 893
f 894 895 408
f 894 408 222
f 222 636 894
f 894 626 893
f 894 893 632
f 632 887 894
f 894 887 895
f 894 636 896
f 626 894 407
f 894 896 407
f 897 638 414
f 898 409 639
f 898 889 409
f 638 889 898
f 415 638 898
f 898 639 415
f 414 641 899
f 899 227 226
f 899 419 227
f 899 641 419
f 226 897 899
f 899 897 414
f 900 642 225
f 900 417 642
f 225 421 900
f 417 900 418
f 900 421 418
f 901 417 220
f 901 642 417
f 901 220 408
f 642 901 408
f 902 420 840
f 645 902 840
f 422 420 902
f 902 645 422
f 903 229 228
f 655 903 228
f 903 631 229
f 903 655 631
f 904 656 649
f 904 655 656
f 904 631 655
f 650 888 904
f 904 648 650
f 649 648 904
f 905 656 653
f 905 653 652
f 654 905 652
f 657 905 654
f 906 907 427
f 649 907 906
f 891 906 427
f 906 891 649
f 908 649 656
f 908 907 649
f 656 905 908
f 657 907 908
f 908 905 657
f 909 907 657
f 909 657 432
f 98 909 97
f 909 432 97
f 910 911 912
f 913 555 550
f 550 658 913
f 913 830 556
f 555 913 556
f 914 430 429
f 429 915 914
f 916 232 231
f 916 658 232
f 916 910 658
f 917 462 459
f 918 919 911
f 660 920 661
f 921 922 923
f 659 662 924
f 924 662 925
f 924 660 659
f 924 920 660
f 924 925 324
f 924 324 920
f 830 926 827
f 926 922 827
f 927 928 429
f 927 429 428
f 927 100 721
f 927 101 100
f 927 428 101
f 668 669 927
f 927 721 668
f 441 814 929
f 930 931 929
f 932 933 934
f 935 677 678
f 437 679 936
f 236 437 936
f 936 684 236
f 937 933 681
f 681 680 937
f 938 316 547
f 938 317 316
f 938 682 317
f 241 939 239
f 939 816 239
f 940 941 934
f 942 943 941
f 944 805 685
f 684 944 685
f 936 944 684
f 693 692 945
f 945 686 693
f 693 686 946
f 686 687 946
f 695 694 947
f 696 947 690
f 947 696 695
f 948 949 681
f 818 950 703
f 950 818 153
f 701 703 950
f 950 951 701
f 952 434 436
f 952 715 434
f 707 953 709
f 705 953 707
f 951 953 701
f 953 705 701
f 705 706 954
f 704 954 105
f 954 104 105
f 954 706 104
f 954 704 702
f 702 705 954
f 41 955 20
f 955 41 706
f 955 706 707
f 707 708 955
f 956 711 957
f 956 952 436
f 957 952 956
f 956 712 711
f 436 670 956
f 671 673 958
f 958 670 671
f 958 956 670
f 958 712 956
f 959 716 715
f 959 715 952
f 959 952 957
f 960 717 454
f 960 454 723
f 960 723 961
f 962 44 43
f 963 452 718
f 964 724 963
f 963 724 452
f 965 719 674
f 720 965 674
f 966 962 43
f 966 708 710
f 967 721 450
f 665 664 967
f 664 721 967
f 967 662 665
f 967 925 662
f 968 450 246
f 720 968 246
f 968 967 450
f 925 967 968
f 969 723 451
f 969 107 44
f 969 451 107
f 962 969 44
f 961 723 969
f 969 962 961
f 475 724 970
f 268 475 970
f 970 971 268
f 457 456 972
f 725 972 456
f 111 457 972
f 972 725 111
f 221 646 973
f 726 973 646
f 726 974 424
f 974 726 646
f 423 424 974
f 974 646 423
f 46 456 975
f 975 456 726
f 975 424 46
f 975 726 424
f 976 471 469
f 976 727 471
f 976 733 727
f 976 469 101
f 101 428 976
f 428 733 976
f 462 464 977
f 729 977 464
f 459 462 977
f 977 729 459
f 978 119 740
f 119 978 122
f 978 252 122
f 979 740 739
f 979 739 252
f 469 980 102
f 980 473 102
f 980 734 735
f 980 736 473
f 736 980 964
f 252 739 981
f 981 741 252
f 981 739 259
f 741 981 259
f 269 268 982
f 982 268 971
f 264 982 265
f 982 266 269
f 982 264 266
f 983 971 984
f 742 983 984
f 983 982 971
f 983 742 273
f 265 983 273
f 983 265 982
f 472 732 985
f 985 737 256
f 737 985 732
f 986 742 984
f 486 987 518
f 987 308 518
f 987 745 308
f 987 486 378
f 378 745 987
f 988 486 297
f 297 746 988
f 988 746 486
f 989 748 281
f 989 194 35
f 989 281 194
f 990 528 530
f 991 992 50
f 993 491 274
f 749 993 274
f 994 491 993
f 995 276 284
f 995 749 276
f 49 750 996
f 997 754 755
f 998 123 754
f 129 290 999
f 999 757 498
f 290 765 999
f 999 765 757
f 999 758 129
f 758 999 498
f 1000 763 761
f 761 760 1000
f 1000 760 504
f 502 504 1001
f 504 760 1001
f 126 1001 127
f 1001 759 127
f 760 759 1001
f 1001 72 502
f 1001 126 53
f 53 71 1001
f 1001 71 72
f 1002 291 500
f 1002 762 291
f 1002 761 762
f 1002 759 761
f 1002 500 759
f 762 1003 501
f 501 1003 34
f 1003 131 34
f 1003 54 131
f 1003 763 54
f 1003 762 763
f 1004 181 180
f 1004 764 181
f 501 764 1004
f 497 501 1004
f 1004 180 179
f 1004 179 497
f 1005 289 768
f 1005 130 499
f 1005 499 289
f 130 1005 135
f 1005 767 135
f 1005 768 767
f 766 768 1006
f 1006 503 766
f 1006 504 503
f 1006 1000 504
f 49 1007 72
f 1008 505 200
f 1008 773 505
f 1008 200 15
f 15 772 1008
f 772 771 1008
f 1008 771 508
f 508 773 1008
f 514 776 1009
f 1009 774 514
f 774 1009 511
f 1009 775 511
f 1010 767 766
f 1011 780 517
f 1011 517 779
f 1011 537 536
f 780 1011 536
f 1011 779 538
f 535 1011 538
f 1011 535 537
f 780 1012 619
f 1012 780 136
f 1012 56 619
f 1012 136 56
f 1013 785 302
f 1014 1013 994
f 1013 491 994
f 491 1013 277
f 1013 487 277
f 302 297 1013
f 1013 297 487
f 785 1015 784
f 784 1015 149
f 59 1015 60
f 149 1015 59
f 1016 492 60
f 1016 60 1015
f 492 1016 753
f 1017 1018 1016
f 1016 1015 1017
f 1013 1019 1017
f 1019 1013 1014
f 309 1020 146
f 1020 309 490
f 490 1021 1020
f 531 1022 520
f 1022 787 520
f 1023 874 303
f 875 874 1023
f 1024 1025 1026
f 1027 1024 1026
f 1026 1023 1027
f 532 786 1028
f 1029 525 526
f 1029 526 791
f 879 1030 792
f 1030 879 616
f 1030 791 792
f 1030 1029 791
f 1031 799 607
f 606 1031 607
f 1032 797 1033
f 1032 800 797
f 816 939 1034
f 1035 140 804
f 139 140 1035
f 1035 810 139
f 529 1036 530
f 1036 1037 530
f 1038 535 517
f 307 535 1038
f 1038 517 308
f 308 307 1038
f 1039 539 61
f 1039 1040 539
f 61 752 1039
f 752 1040 1039
f 540 813 1041
f 1041 64 63
f 63 540 1041
f 1042 1043 824
f 824 825 1042
f 162 1044 159
f 1044 162 326
f 1044 819 159
f 819 1044 698
f 676 699 1045
f 826 1045 699
f 551 1046 1047
f 1046 551 1048
f 1046 920 1047
f 1048 920 1046
f 70 1049 160
f 1049 554 160
f 325 554 1049
f 74 556 1050
f 556 829 1050
f 70 74 1050
f 1050 1049 70
f 1051 831 828
f 832 831 1051
f 1052 561 562
f 1052 835 561
f 585 1052 562
f 1052 585 835
f 411 838 1053
f 1053 838 839
f 412 411 1053
f 1053 839 840
f 1053 840 420
f 1053 419 412
f 1053 420 419
f 1054 1055 1056
f 640 1054 1056
f 1054 640 413
f 1054 413 416
f 340 848 1057
f 1057 566 340
f 1057 848 844
f 223 1058 224
f 1058 639 224
f 1059 342 333
f 640 1059 333
f 1059 640 1056
f 1056 846 1059
f 1060 568 342
f 1059 1060 342
f 843 1060 846
f 1060 1059 846
f 1061 1062 1063
f 1061 1063 344
f 1061 843 845
f 1061 845 1062
f 841 1064 842
f 1065 1062 845
f 1065 845 848
f 341 847 1065
f 1065 848 341
f 1066 849 572
f 1066 841 174
f 849 1066 174
f 1067 850 352
f 1067 352 353
f 1068 852 573
f 1068 184 581
f 1068 581 852
f 1069 588 589
f 1069 856 588
f 1069 589 591
f 856 1069 599
f 1069 591 598
f 599 1069 598
f 601 1070 612
f 1070 857 612
f 1070 601 603
f 858 857 1070
f 1071 593 860
f 373 593 1071
f 371 372 1071
f 1071 372 373
f 589 588 1072
f 1072 860 589
f 1072 588 369
f 1072 1071 860
f 1072 369 371
f 371 1071 1072
f 1073 867 873
f 1073 869 867
f 1074 1073 873
f 868 1075 606
f 1075 1031 606
f 1076 614 613
f 613 870 1076
f 614 1076 526
f 1076 870 526
f 879 1077 210
f 207 210 1077
f 1077 615 207
f 1077 796 615
f 792 796 1077
f 1077 879 792
f 625 881 1078
f 1078 880 625
f 1078 629 113
f 113 880 1078
f 1079 884 458
f 458 628 1079
f 1079 628 629
f 629 1078 1079
f 1079 1078 884
f 1080 883 405
f 405 407 1080
f 407 896 1080
f 1080 726 884
f 1080 636 221
f 1080 896 636
f 221 973 1080
f 1080 973 726
f 1081 887 888
f 1081 895 887
f 1081 888 650
f 409 1082 410
f 1082 633 410
f 1082 409 889
f 1082 889 633
f 1083 892 637
f 1083 226 225
f 1084 408 895
f 1084 892 408
f 404 892 1084
f 1084 650 404
f 1084 1081 650
f 1081 1084 895
f 638 897 1085
f 1085 889 638
f 400 889 1085
f 1085 897 226
f 1085 637 400
f 1083 1085 226
f 1085 1083 637
f 1086 888 886
f 1086 904 888
f 886 631 1086
f 1086 631 904
f 907 909 1087
f 1087 425 427
f 1087 427 907
f 98 425 1087
f 1087 909 98
f 1088 913 658
f 1088 910 912
f 658 910 1088
f 912 926 1088
f 913 1088 830
f 1088 926 830
f 430 914 1089
f 1089 914 915
f 1089 1090 733
f 1089 428 430
f 1089 733 428
f 1091 916 231
f 1091 231 652
f 652 651 1091
f 459 460 1092
f 1093 1092 460
f 1093 733 1090
f 1093 460 733
f 1094 1047 920
f 1094 920 324
f 1094 551 1047
f 324 551 1094
f 666 662 1095
f 664 666 1095
f 1096 1095 1097
f 661 920 1098
f 1098 920 1048
f 1097 1095 1098
f 1098 662 661
f 1098 1095 662
f 921 1099 1100
f 1099 1101 1100
f 1095 1102 664
f 1102 1095 1096
f 911 1103 912
f 1103 911 919
f 1104 927 669
f 927 1104 928
f 1105 929 931
f 1105 940 934
f 1105 931 940
f 1105 934 933
f 1106 679 677
f 677 935 1106
f 1106 936 679
f 1107 1034 939
f 1108 1109 930
f 1108 814 1109
f 944 1110 805
f 943 942 1110
f 165 686 1111
f 1111 686 945
f 1111 692 165
f 1111 945 692
f 946 1112 693
f 1113 1112 946
f 1114 687 243
f 1114 946 687
f 1114 1113 946
f 1114 243 244
f 244 681 1114
f 681 949 1114
f 694 1113 1115
f 1115 1113 948
f 932 1115 933
f 681 933 1115
f 1115 948 681
f 152 714 1116
f 153 152 1116
f 1116 950 153
f 950 1116 951
f 1117 711 709
f 953 1117 709
f 957 711 1117
f 1117 953 951
f 712 958 1118
f 1118 960 961
f 1119 959 957
f 1119 1117 951
f 957 1117 1119
f 951 1116 1119
f 713 716 1120
f 716 959 1120
f 714 713 1120
f 959 1119 1120
f 1120 1116 714
f 1120 1119 1116
f 1121 718 448
f 1121 963 718
f 1121 448 247
f 247 433 1121
f 433 736 1121
f 1121 736 964
f 963 1121 964
f 1122 965 720
f 1122 720 449
f 1123 966 43
f 1123 106 20
f 43 106 1123
f 955 1123 20
f 1123 955 708
f 708 966 1123
f 1124 720 674
f 1124 968 720
f 925 968 1124
f 1124 674 321
f 321 324 1124
f 324 925 1124
f 964 980 1125
f 1125 980 735
f 1125 986 984
f 470 1125 735
f 1125 470 986
f 1126 724 964
f 1126 970 724
f 964 1125 1126
f 1126 1125 984
f 984 971 1126
f 971 970 1126
f 978 1127 252
f 1127 979 252
f 1128 980 469
f 1128 734 980
f 469 470 1128
f 1128 470 734
f 1129 470 472
f 1129 986 470
f 1130 35 88
f 1130 88 196
f 1131 1132 1133
f 1131 1037 808
f 137 1134 48
f 1134 50 48
f 1134 991 50
f 994 993 1135
f 1135 993 749
f 1136 995 284
f 1136 284 280
f 1137 750 124
f 50 992 1138
f 1138 123 50
f 1139 997 755
f 1139 1140 1141
f 1142 123 998
f 123 1142 124
f 1142 1137 124
f 1143 754 997
f 763 1000 1144
f 1144 289 54
f 54 763 1144
f 1144 768 289
f 1144 1006 768
f 1006 1144 1000
f 1145 1007 1146
f 1146 1007 49
f 49 996 1146
f 1146 996 1147
f 775 1148 1149
f 1149 769 770
f 770 775 1149
f 1150 1151 1148
f 767 1010 1152
f 135 767 1152
f 1152 777 135
f 1153 766 503
f 1153 1010 766
f 1153 503 502
f 1010 1153 1154
f 1155 1154 72
f 1154 1153 502
f 1154 502 72
f 1156 1013 1017
f 1013 1156 785
f 1017 1015 1156
f 1156 1015 785
f 1157 1018 1017
f 1157 1017 1019
f 146 1020 1158
f 142 58 1158
f 1158 58 146
f 1158 521 142
f 1158 786 521
f 1158 1020 786
f 1027 1022 1159
f 1159 532 807
f 1159 807 806
f 1160 303 787
f 1160 1023 303
f 876 875 1161
f 1161 1026 876
f 875 1023 1161
f 1161 1023 1026
f 1026 1162 876
f 1162 1026 1025
f 1025 1163 1162
f 1020 1164 786
f 1164 1028 786
f 1164 1020 1021
f 1165 878 793
f 1029 1030 1165
f 1165 616 878
f 1165 1030 616
f 1165 793 525
f 525 1029 1165
f 1166 1167 1168
f 1169 940 931
f 1170 1032 1033
f 1109 1170 930
f 1170 1109 814
f 1170 931 930
f 1170 800 1032
f 1170 814 801
f 800 1170 801
f 1171 864 803
f 864 1171 863
f 803 802 1171
f 802 1034 1171
f 1172 802 609
f 1172 1034 802
f 1172 609 801
f 816 1034 1172
f 801 815 1172
f 1172 815 816
f 1036 1173 1037
f 808 1037 1173
f 1173 806 808
f 1173 1174 806
f 1173 1036 1175
f 1175 1174 1173
f 1176 806 1174
f 1159 1176 1027
f 1176 1159 806
f 1176 1024 1027
f 1177 811 810
f 811 1177 534
f 1176 1178 1024
f 1178 1176 1174
f 1179 1168 1167
f 1180 1181 1175
f 1180 529 534
f 534 1177 1180
f 1180 1177 1181
f 1180 1036 529
f 1036 1180 1175
f 1182 812 539
f 1182 539 1132
f 489 812 1182
f 1182 1132 489
f 1183 813 683
f 1183 1041 813
f 1183 313 312
f 1183 683 313
f 1184 825 164
f 1184 1042 825
f 164 163 1184
f 1184 1043 1042
f 163 675 1184
f 1184 675 676
f 1044 1185 698
f 1185 697 698
f 1185 826 697
f 1185 832 826
f 326 832 1185
f 1185 1044 326
f 1100 1101 1186
f 1186 1051 1100
f 1051 1186 832
f 1186 826 832
f 1186 1045 826
f 1186 1101 1045
f 1187 551 822
f 822 823 1187
f 1187 823 824
f 1188 1048 551
f 551 1187 1188
f 1188 1099 1048
f 1101 1099 1188
f 1188 1187 824
f 1189 829 828
f 325 1049 1189
f 1189 1050 829
f 1049 1050 1189
f 1189 831 325
f 828 831 1189
f 1190 1051 828
f 1190 922 921
f 1190 921 1100
f 1100 1051 1190
f 1190 828 827
f 922 1190 827
f 1056 1055 1191
f 1191 1057 844
f 1191 846 1056
f 846 1191 844
f 566 1057 1192
f 1055 1058 1192
f 1192 1191 1055
f 1191 1192 1057
f 223 566 1192
f 1192 1058 223
f 1193 1058 1055
f 1193 1054 416
f 1054 1193 1055
f 415 1193 416
f 639 1193 415
f 1193 639 1058
f 1194 1061 344
f 567 1194 344
f 1194 567 568
f 568 1060 1194
f 1194 1060 843
f 843 1061 1194
f 1062 1195 1063
f 1065 1196 1062
f 1196 842 1064
f 1196 847 842
f 1196 1065 847
f 1196 1195 1062
f 1195 1196 1064
f 572 850 1197
f 1197 1066 572
f 1197 1064 841
f 1066 1197 841
f 354 1198 353
f 1198 1067 353
f 1198 354 355
f 1199 573 184
f 1199 184 1068
f 1199 1068 573
f 858 1070 1200
f 1200 871 858
f 859 871 1200
f 1200 1070 603
f 602 1200 603
f 1200 602 202
f 202 384 1200
f 384 859 1200
f 1201 1163 1025
f 1202 1162 1163
f 1163 1201 1203
f 1204 1078 881
f 1204 881 406
f 1078 1204 884
f 406 883 1204
f 1204 1080 884
f 883 1080 1204
f 1205 643 892
f 892 1083 1205
f 643 1205 225
f 1205 1083 225
f 1091 1206 916
f 1206 918 911
f 910 1206 911
f 916 1206 910
f 1207 917 918
f 1206 1207 918
f 1207 1206 1091
f 1207 1091 651
f 1207 651 462
f 462 917 1207
f 1208 1093 1090
f 918 917 1209
f 917 1093 1209
f 1209 1093 1208
f 915 919 1209
f 1209 919 918
f 1209 1089 915
f 1209 1208 1089
f 1210 1093 917
f 1093 1210 1092
f 1210 917 459
f 459 1092 1210
f 1211 1099 921
f 1097 1098 1211
f 1211 1098 1048
f 1048 1099 1211
f 923 1097 1211
f 1211 921 923
f 669 667 1212
f 1212 1102 669
f 1212 667 664
f 1212 664 1102
f 922 926 1213
f 1213 926 912
f 1103 1213 912
f 923 922 1213
f 1214 1102 1096
f 669 1102 1214
f 1214 915 429
f 1215 937 680
f 1215 933 937
f 1215 1105 933
f 244 441 1215
f 1215 680 244
f 1216 935 1217
f 1216 1106 935
f 1106 1218 936
f 943 1110 1218
f 1218 1216 943
f 1218 1106 1216
f 1218 944 936
f 1218 1110 944
f 1219 862 863
f 1219 863 1107
f 1219 682 938
f 1220 1107 863
f 1034 1107 1220
f 1171 1220 863
f 1220 1171 1034
f 1221 929 814
f 1221 814 1108
f 930 929 1221
f 1221 1108 930
f 949 948 1222
f 948 1113 1222
f 1222 1114 949
f 1114 1222 1113
f 1223 1113 694
f 1223 1112 1113
f 1223 694 693
f 1223 693 1112
f 678 690 1224
f 690 947 1224
f 1224 935 678
f 1217 935 1224
f 1225 958 673
f 1225 1118 958
f 673 719 1225
f 1225 965 717
f 719 965 1225
f 717 960 1225
f 960 1118 1225
f 1226 710 712
f 1118 1226 712
f 1226 966 710
f 1226 1118 961
f 961 962 1226
f 962 966 1226
f 1227 717 965
f 1122 1227 965
f 1227 1122 449
f 449 448 1227
f 448 718 1227
f 1227 718 717
f 1228 1127 978
f 979 1127 1228
f 742 986 1229
f 986 1129 1229
f 1229 255 478
f 1229 478 742
f 748 989 1230
f 1230 1130 748
f 1230 989 35
f 1130 1230 35
f 748 1231 488
f 1231 485 198
f 1231 198 488
f 1232 1131 1133
f 1037 1131 1232
f 530 1037 1232
f 1232 990 530
f 1233 489 1132
f 1233 1132 1131
f 1233 808 807
f 1233 1131 808
f 992 991 1234
f 1134 1234 991
f 1235 1014 994
f 1135 1235 994
f 279 1236 280
f 1236 1136 280
f 278 1236 279
f 1237 1238 1147
f 1237 1147 996
f 1237 996 750
f 1139 1239 1140
f 1240 755 123
f 1240 1138 755
f 1240 123 1138
f 1141 1140 1241
f 1242 752 753
f 1242 1040 752
f 1243 998 754
f 754 1143 1243
f 1244 1143 997
f 1145 1146 1245
f 1245 1150 1145
f 1151 1150 1245
f 1245 1146 1147
f 1246 1148 1151
f 1246 1149 1148
f 1247 776 515
f 1248 1249 1155
f 1248 72 1007
f 1248 1155 72
f 1250 1152 1010
f 1010 1154 1250
f 1250 1155 1249
f 1250 1154 1155
f 1251 1016 1018
f 1018 1157 1251
f 1251 1252 1253
f 1251 1157 1019
f 753 1016 1254
f 1254 1016 1251
f 1255 1253 1256
f 1257 1019 1014
f 1014 1235 1257
f 1257 1235 1252
f 1258 1256 1253
f 1253 1252 1258
f 1259 1022 531
f 1259 1159 1022
f 1259 531 532
f 1159 1259 532
f 1160 1260 1023
f 1260 1160 787
f 1260 787 1022
f 876 1261 873
f 1261 1074 873
f 1262 1164 807
f 1164 1262 1028
f 1262 807 532
f 532 1028 1262
f 1263 804 805
f 1263 1166 1168
f 1168 1035 1263
f 1263 1035 804
f 1264 1263 805
f 1263 1264 1166
f 805 1110 1264
f 1264 1110 942
f 1265 1169 1266
f 1265 942 941
f 1265 941 940
f 940 1169 1265
f 799 1031 1267
f 1267 1031 1268
f 797 799 1267
f 1267 1268 797
f 797 1268 1269
f 1269 1033 797
f 1269 1170 1033
f 1269 1169 931
f 931 1170 1269
f 1181 1177 1270
f 1270 1179 1181
f 1270 1177 810
f 1168 1179 1270
f 1270 1035 1168
f 1035 1270 810
f 1271 1025 1024
f 1178 1271 1024
f 1271 1272 1201
f 1271 1201 1025
f 1273 1181 1179
f 1175 1181 1273
f 1273 1174 1175
f 1273 1178 1174
f 1274 1041 1183
f 65 64 1274
f 1274 64 1041
f 1274 310 65
f 312 310 1274
f 1274 1183 312
f 1184 1275 1043
f 676 1045 1275
f 1275 1184 676
f 824 1043 1275
f 1275 1188 824
f 1045 1101 1275
f 1101 1188 1275
f 1276 850 1067
f 1276 1197 850
f 1276 1195 1064
f 1197 1276 1064
f 1277 868 869
f 1277 1202 868
f 869 1073 1277
f 1073 1202 1277
f 1202 1278 868
f 1278 1202 1163
f 1163 1203 1278
f 1278 1268 1031
f 1278 1203 1268
f 1167 1279 1272
f 1166 1279 1167
f 1280 1268 1203
f 1169 1280 1266
f 1280 1169 1269
f 1280 1269 1268
f 1090 1089 1281
f 1281 1208 1090
f 1208 1281 1089
f 1282 1213 1103
f 1213 1282 923
f 1282 1097 923
f 1282 1096 1097
f 1283 1214 1096
f 1282 1283 1096
f 1283 1282 1103
f 1283 1103 919
f 1283 919 915
f 1283 915 1214
f 669 1214 1284
f 1284 1104 669
f 1104 1284 928
f 429 928 1284
f 1284 1214 429
f 441 929 1285
f 1285 1215 441
f 1286 1216 1217
f 1286 932 934
f 1286 1217 932
f 1286 934 941
f 941 943 1286
f 1286 943 1216
f 862 1219 1287
f 1287 683 541
f 541 862 1287
f 547 683 1287
f 1287 938 547
f 1287 1219 938
f 1288 1107 939
f 1288 1219 1107
f 1288 939 241
f 241 440 1288
f 440 682 1288
f 1219 1288 682
f 1289 1115 932
f 1289 932 1217
f 1217 1224 1289
f 1289 1224 947
f 1289 947 694
f 694 1115 1289
f 740 979 1290
f 1290 978 740
f 1291 1229 1129
f 985 1291 472
f 1291 1129 472
f 1291 985 256
f 1291 256 255
f 1229 1291 255
f 748 1130 1292
f 1292 1231 748
f 1293 1294 990
f 990 1232 1293
f 1293 1232 1133
f 1293 1133 1295
f 1293 1295 1294
f 1296 490 489
f 1233 1296 489
f 1296 1021 490
f 1296 1164 1021
f 1164 1296 807
f 1296 1233 807
f 1297 1234 1134
f 528 990 1297
f 1297 990 1294
f 1297 1294 1234
f 137 528 1297
f 1297 1134 137
f 1298 1294 1295
f 992 1234 1298
f 1298 1234 1294
f 1299 1133 1132
f 1299 1132 539
f 539 1040 1299
f 278 751 1300
f 1300 1236 278
f 1136 1236 1300
f 1237 1301 1238
f 1302 1295 1303
f 1140 1239 1302
f 1302 1241 1140
f 1304 1243 1143
f 1304 1142 998
f 1304 998 1243
f 1244 1305 1143
f 1142 1304 1305
f 1305 1304 1143
f 1306 1149 1246
f 1306 769 1149
f 1009 1307 775
f 1307 1009 776
f 1307 1148 775
f 1307 1150 1148
f 1308 1247 1249
f 1248 1308 1249
f 1308 1007 1145
f 1308 1248 1007
f 1250 1309 1152
f 515 777 1309
f 777 1152 1309
f 1309 1247 515
f 1249 1247 1309
f 1309 1250 1249
f 1141 1241 1310
f 1310 1255 1141
f 1310 1302 1303
f 1241 1302 1310
f 1255 1310 1253
f 1311 1310 1303
f 1311 1253 1310
f 1311 1251 1253
f 1311 1254 1251
f 1312 1244 997
f 1257 1313 1019
f 1313 1251 1019
f 1314 1258 1252
f 1256 1258 1314
f 1023 1315 1027
f 1315 1023 1260
f 1315 1022 1027
f 1315 1260 1022
f 1074 1261 1316
f 1316 1073 1074
f 876 1162 1316
f 1316 1261 876
f 1316 1202 1073
f 1316 1162 1202
f 1317 1273 1179
f 1317 1272 1271
f 1317 1271 1178
f 1178 1273 1317
f 1317 1167 1272
f 1317 1179 1167
f 1318 1276 1067
f 1198 1318 1067
f 1063 1195 1318
f 1318 1195 1276
f 1319 1075 868
f 1278 1319 868
f 1031 1075 1319
f 1319 1278 1031
f 1320 1279 1266
f 1320 1266 1280
f 1320 1280 1203
f 1320 1203 1201
f 1320 1201 1272
f 1272 1279 1320
f 1264 1321 1166
f 1321 1279 1166
f 1266 1279 1321
f 1321 1264 942
f 942 1265 1321
f 1321 1265 1266
f 1105 1215 1322
f 1322 1215 1285
f 929 1105 1322
f 1322 1285 929
f 979 1228 1323
f 1323 1290 979
f 1323 1228 978
f 1323 978 1290
f 485 1231 1324
f 1231 1292 1324
f 1324 1292 1130
f 196 485 1324
f 1324 1130 196
f 1325 1138 992
f 992 1298 1325
f 1325 1298 1239
f 1138 1325 755
f 1325 1139 755
f 1325 1239 1139
f 1326 1295 1133
f 1299 1326 1133
f 1303 1295 1326
f 1326 1299 1303
f 1327 1246 1151
f 1238 1301 1328
f 1329 1301 1237
f 750 1137 1329
f 1329 1237 750
f 1329 1305 1301
f 1137 1142 1329
f 1142 1305 1329
f 1330 1305 1244
f 1244 1312 1330
f 1330 1301 1305
f 1330 1328 1301
f 1306 1331 769
f 1331 751 506
f 769 1331 506
f 1331 1300 751
f 1247 1308 1332
f 776 1247 1332
f 1332 1307 776
f 1307 1332 1150
f 1145 1150 1332
f 1332 1308 1145
f 1333 1242 753
f 1333 1040 1242
f 1333 1299 1040
f 753 1254 1333
f 1254 1311 1333
f 1334 1255 1256
f 1334 1312 1255
f 1335 1312 997
f 1255 1312 1335
f 1141 1255 1335
f 1335 1139 1141
f 1335 997 1139
f 1336 1257 1252
f 1336 1313 1257
f 1336 1252 1251
f 1251 1313 1336
f 1337 1198 355
f 1337 1318 1198
f 1337 355 345
f 344 1337 345
f 1337 344 1063
f 1063 1318 1337
f 1147 1238 1338
f 1338 1327 1151
f 1338 1245 1147
f 1151 1245 1338
f 1339 1306 1246
f 1339 1246 1327
f 1340 1311 1303
f 1340 1333 1311
f 1303 1299 1340
f 1333 1340 1299
f 1312 1334 1341
f 1341 1334 1256
f 1341 1342 1343
f 1331 1344 1300
f 1344 1331 1306
f 1339 1344 1306
f 1238 1328 1345
f 1345 1328 1343
f 1345 1338 1238
f 1345 1327 1338
f 1346 1330 1312
f 1312 1341 1346
f 1330 1346 1328
f 1346 1343 1328
f 1346 1341 1343
f 1256 1314 1347
f 1347 1341 1256
f 1252 1235 1347
f 1347 1314 1252
f 1341 1347 1342
f 1347 1235 1135
f 1135 1342 1347
f 1348 1344 1339
f 1348 1342 1135
f 1349 1348 1339
f 1349 1339 1327
f 1345 1349 1327
f 1349 1345 1343
f 1343 1342 1349
f 1342 1348 1349
f 1300 1344 1350
f 1350 1344 1348
f 995 1136 1350
f 1136 1300 1350
f 749 995 1350
f 1350 1135 749
f 1350 1348 1135
f 1302 1239 1298
f 1302 1298 1295
f 1351 1352 1353
f 346 179 1351
f 1352 1351 179
f 1354 179 346
f 347 1354 346
f 1355 1356 1357
f 1358 837 1359
f 1360 1361 1357
f 1360 1362 1361
f 1360 1357 1356
f 1363 1364 1365
f 7 1366 19
f 1367 1364 1368
f 1368 1369 1367
f 1365 1367 1370
f 1367 1365 1364
f 1371 1360 1356
f 1371 1372 1373
f 1374 1375 1376
f 1374 119 1375
f 1377 1378 1359
f 1378 1379 1380
f 1378 1377 1379
f 837 565 1359
f 565 1377 1359
f 647 3 1381
f 1382 1383 1384
f 1385 1384 1383
f 1386 1387 1388
f 1389 1390 1362
f 1362 1360 1389
f 1391 1392 1393
f 1391 1394 1392
f 1395 1396 1397
f 1398 1399 1400
f 1400 1401 1398
f 1402 1399 1398
f 1403 1404 1405
f 1406 1407 1408
f 1409 1410 1411
f 1354 1412 179
f 1413 1407 1414
f 1415 1416 1417
f 1417 1418 1415
f 1419 1420 1421
f 4 1422 1423
f 1365 1424 1363
f 1424 1425 1363
f 1426 1427 205
f 1428 1429 1370
f 1381 482 1430
f 1431 1432 1433
f 1434 1368 1364
f 1435 1436 1437
f 1436 1435 1438
f 1439 1437 1440
f 1441 1358 1442
f 837 1358 1441
f 1442 1443 1444
f 1443 1442 1358
f 1445 1360 1446
f 1447 1445 1448
f 1448 1445 1446
f 1449 1450 1451
f 1452 1371 1356
f 1371 1452 1453
f 1371 1454 1372
f 1454 1371 1453
f 1371 1455 1396
f 1455 1371 1373
f 1373 1456 1455
f 1455 1397 1396
f 1455 1456 1397
f 1457 7 19
f 1458 1379 1377
f 1459 1379 1458
f 1458 1460 1459
f 1461 1462 1463
f 120 1374 1376
f 1374 120 119
f 120 482 1381
f 361 647 1381
f 336 1377 565
f 336 1458 1377
f 1464 1421 1420
f 1465 1391 1393
f 1466 1467 1468
f 1466 1419 1469
f 1469 1467 1466
f 1470 1471 1472
f 1473 1471 1474
f 1475 1471 1473
f 1475 1473 1476
f 1477 1478 1479
f 1480 1479 1481
f 1475 1482 1471
f 1472 1471 1482
f 1483 1461 1463
f 1484 1485 1486
f 1484 1487 359
f 170 1484 359
f 1488 1489 1490
f 1491 1492 1493
f 1494 1450 1495
f 1492 1496 1493
f 1496 1492 1497
f 1498 1379 1459
f 1496 1499 1493
f 1500 1501 1502
f 1503 1419 1421
f 1504 1382 1384
f 1505 1501 1384
f 1385 1505 1384
f 1505 1385 1506
f 1505 1502 1501
f 1507 1355 1357
f 1508 1356 1355
f 1508 1452 1356
f 1509 1508 1355
f 1510 1511 1512
f 1513 1454 1453
f 1388 1514 1515
f 1514 1388 1387
f 1516 1360 1517
f 1517 1389 1516
f 1516 1389 1360
f 1518 1519 1520
f 1521 1512 1393
f 1521 1393 1522
f 1521 1522 1512
f 1523 1524 1525
f 1526 1392 1394
f 1526 1527 1392
f 1525 1527 1526
f 1528 1529 1522
f 1528 1392 1529
f 1528 1522 1393
f 1528 1393 1392
f 1530 1531 1532
f 1532 1531 1533
f 1532 1533 1534
f 1535 1373 1372
f 1536 1537 1530
f 1537 1531 1530
f 1537 1538 1531
f 1539 1540 1541
f 1542 1402 1543
f 1544 1545 1546
f 1547 1548 1549
f 1550 1551 1542
f 1552 1542 1551
f 1553 1548 1398
f 1401 1553 1398
f 1554 1553 1555
f 1549 1548 1554
f 1554 1548 1553
f 1556 1554 1555
f 1557 1351 1353
f 1558 1559 1560
f 1559 1561 1562
f 1559 1562 1563
f 1406 1564 1407
f 1414 1564 1410
f 1407 1564 1414
f 1565 1566 1567
f 1437 1439 1568
f 1569 1570 1571
f 1572 1568 1439
f 1573 1574 1575
f 1576 1577 1578
f 1569 1576 1578
f 1576 1569 1571
f 1579 1411 1578
f 1580 1574 1573
f 1581 1582 1583
f 1583 1584 1581
f 1585 1584 1583
f 1583 1582 1586
f 1587 1588 1589
f 180 1352 179
f 1590 1407 1413
f 1407 1590 1408
f 1591 1592 1593
f 1594 1592 1595
f 1592 1594 1593
f 1596 1597 1598
f 1599 1596 1598
f 1596 1594 1595
f 1600 1601 1602
f 1591 1602 1592
f 1595 1592 1602
f 1603 1604 1605
f 1606 1605 1607
f 1608 1415 1418
f 1541 1608 1418
f 1609 1608 1540
f 1608 1541 1540
f 1610 1611 1612
f 1613 1611 1610
f 1614 1615 1616
f 1617 1618 1619
f 1620 1621 1622
f 1623 1624 1625
f 1626 1627 1628
f 1629 1630 1631
f 1632 1599 1633
f 1634 1422 1635
f 1634 1370 1422
f 1634 1365 1370
f 1636 1424 1365
f 1636 1365 1371
f 1636 1371 1396
f 1637 1424 1636
f 1636 1396 1395
f 1636 1395 1637
f 1638 1637 1639
f 1638 1424 1637
f 1640 1429 1428
f 1640 1370 1429
f 1640 1422 1370
f 1641 1642 1643
f 1644 1645 1646
f 1647 1648 1649
f 1647 1650 1648
f 1651 1428 1370
f 1652 1604 1603
f 1652 1653 1604
f 1654 1647 1649
f 1607 1605 1655
f 1655 1605 1604
f 1656 1657 1658
f 1659 1656 1658
f 1656 1640 1428
f 170 1199 186
f 184 1483 1199
f 780 989 1660
f 1661 1538 1662
f 1663 1433 1432
f 1664 1663 1432
f 1665 1666 1667
f 1668 1667 1669
f 1670 1665 1667
f 1671 1672 1673
f 1673 1672 1674
f 1675 1436 1438
f 1676 1675 1677
f 1436 1675 1676
f 1645 1644 1678
f 1678 1644 1440
f 1676 1678 1436
f 1678 1440 1437
f 1436 1678 1437
f 1678 1676 1677
f 1679 1678 1677
f 1679 1677 1680
f 1681 1682 1571
f 1681 1572 1439
f 1571 1570 1681
f 1570 1572 1681
f 1683 1439 1440
f 1683 1681 1439
f 1682 1681 1683
f 1444 1449 1684
f 3 647 1685
f 647 361 1685
f 1686 1443 1358
f 1495 1444 1686
f 1443 1686 1444
f 1687 1445 1447
f 1517 1360 1688
f 1445 1688 1360
f 1688 1687 1517
f 1688 1445 1687
f 1689 120 1376
f 120 1689 483
f 1376 1447 1689
f 1447 1448 1689
f 1690 1684 1449
f 1450 1691 1495
f 1691 1444 1495
f 1692 7 1457
f 1693 1457 19
f 1484 1694 1487
f 1694 184 1487
f 1695 1491 1696
f 1696 1491 1697
f 1461 1696 1462
f 1696 1697 1462
f 1698 1498 1459
f 1493 1498 1698
f 1698 1491 1493
f 1697 1491 1698
f 1459 1460 1698
f 1698 1460 1699
f 1698 1699 1462
f 1698 1462 1697
f 483 1689 484
f 9 1700 18
f 1366 1701 19
f 1701 1702 19
f 1703 1381 565
f 1703 361 1381
f 1703 565 837
f 1458 581 1460
f 1699 1460 581
f 1704 32 186
f 1704 1705 32
f 186 1705 1704
f 366 186 1706
f 1707 1464 1420
f 1708 1707 1420
f 1709 1710 1711
f 1710 1465 1711
f 1465 1712 1711
f 1712 1465 1393
f 1393 1512 1712
f 1512 1511 1712
f 1713 1467 1469
f 1714 1420 1419
f 1714 1419 1466
f 1715 1614 1716
f 1715 1615 1614
f 1717 1472 1718
f 1719 1718 1472
f 1719 1720 1718
f 1472 1720 1719
f 1721 1722 1485
f 1721 1478 1477
f 1721 1723 1478
f 1724 1558 1560
f 1724 1725 1558
f 1726 1481 1479
f 1726 1479 1478
f 1726 1478 366
f 1727 1479 1480
f 1728 1729 1730
f 1731 1728 1730
f 1478 1723 1732
f 1733 1488 1734
f 1722 1735 1733
f 1733 1485 1722
f 1734 1736 1733
f 1486 1485 1733
f 1733 1736 1486
f 1737 1738 1739
f 1737 1739 1740
f 1741 1740 1739
f 1742 1743 1744
f 1744 1745 1738
f 1746 1494 1747
f 1748 1520 1519
f 1748 1450 1494
f 1748 1494 1746
f 1748 1746 1520
f 1519 1749 1748
f 1750 1380 1379
f 1498 1750 1379
f 1751 1752 1747
f 1752 1751 1380
f 1750 1752 1380
f 1752 1750 1498
f 1747 1752 1753
f 1753 1752 1499
f 1421 1464 1754
f 1755 1505 1506
f 1505 1755 1502
f 1756 1757 1758
f 1759 1760 1761
f 1762 1508 1509
f 1508 1763 1452
f 1762 1763 1508
f 1764 1510 1765
f 1765 1766 1764
f 1764 1766 1767
f 1511 1510 1764
f 1764 1712 1511
f 1712 1764 1767
f 1768 1513 1453
f 1768 1453 1452
f 1763 1768 1452
f 1769 1454 1513
f 1454 1769 1372
f 1770 1389 1517
f 1389 1770 1390
f 1770 1771 1390
f 1772 1518 1520
f 1512 1522 1773
f 1773 1510 1512
f 1774 1523 1775
f 1774 1524 1523
f 1774 1776 1524
f 1777 1778 1662
f 1432 1778 1777
f 1777 1664 1432
f 1662 1778 1779
f 1431 1779 1432
f 1779 1778 1432
f 1780 1540 1781
f 1529 1392 1782
f 1782 1392 1527
f 1782 1527 1525
f 1525 1524 1782
f 1783 1526 1394
f 1784 1523 1525
f 1526 1784 1525
f 1785 1786 1787
f 1788 1789 1787
f 1789 1785 1787
f 1790 1791 1792
f 1793 1625 1624
f 1794 1621 1620
f 1794 1795 1621
f 1796 1397 1456
f 1797 1796 1456
f 1797 1532 1534
f 1797 1534 1796
f 1798 1536 1530
f 1535 1799 1373
f 1799 1456 1373
f 1799 1797 1456
f 1800 1801 1802
f 1803 1800 1802
f 1802 1777 1803
f 1803 1777 1662
f 1804 1800 1803
f 1537 1804 1538
f 1662 1538 1804
f 1804 1803 1662
f 1805 1806 1544
f 1805 1807 1806
f 1399 1402 1808
f 1809 1545 1544
f 1809 1400 1399
f 1399 1808 1809
f 1809 1808 1545
f 1400 1809 1806
f 1809 1544 1806
f 1546 1545 1810
f 1405 1811 1403
f 1812 1813 1814
f 1815 1400 1806
f 1807 1815 1806
f 1815 1816 1401
f 1817 1547 1549
f 1818 1547 1817
f 1819 1547 1818
f 1551 1550 1820
f 1552 1821 1542
f 1821 1822 1542
f 1823 1824 1825
f 1824 1817 1549
f 1554 1556 1826
f 1826 1825 1824
f 1549 1554 1826
f 1826 1824 1549
f 1827 1828 1829
f 1828 1830 1831
f 1828 1827 1816
f 1555 1553 1832
f 1832 1833 1555
f 1832 1827 1829
f 1832 1553 1401
f 1832 1816 1827
f 1834 1835 1836
f 1836 1539 1834
f 347 1837 495
f 495 1354 347
f 1705 78 188
f 78 1705 186
f 1199 78 186
f 1838 1351 1557
f 1838 1837 347
f 1838 347 346
f 346 1351 1838
f 1839 1840 1841
f 1842 1841 1825
f 1826 1842 1825
f 1842 1826 1556
f 1842 1556 1843
f 1843 1839 1842
f 1842 1839 1841
f 1825 1841 1844
f 1844 1823 1825
f 1845 1841 1840
f 1844 1845 1557
f 1845 1844 1841
f 1845 1837 1838
f 1845 1838 1557
f 1558 1725 1846
f 1847 1839 1843
f 1848 1849 1850
f 1851 1848 1852
f 1851 1853 1854
f 1410 1564 1855
f 1856 1857 1858
f 1853 1851 1859
f 1648 1650 1860
f 1680 1860 1650
f 209 1861 1862
f 781 780 1862
f 87 1862 1861
f 1861 209 87
f 87 209 1863
f 87 861 1862
f 4 587 1422
f 587 586 1422
f 587 1864 586
f 11 1634 1635
f 11 1365 1634
f 11 1865 1365
f 1866 780 1430
f 1866 1430 11
f 1866 1864 587
f 1866 587 4
f 1578 1411 1867
f 1867 1569 1578
f 1568 1572 1868
f 1868 1575 1583
f 1575 1869 1583
f 1869 1575 1574
f 1869 1585 1583
f 1574 1585 1869
f 1411 1579 1870
f 1870 1409 1411
f 1870 1871 1409
f 1872 1873 1874
f 1565 1872 1566
f 1875 1573 1854
f 1875 1580 1573
f 1584 1585 1876
f 1876 1574 1877
f 1878 1879 1880
f 1643 1642 1878
f 1881 1675 1438
f 1882 1680 1879
f 1882 1860 1680
f 1882 1878 1642
f 1878 1882 1879
f 1883 1586 1582
f 1568 1868 1884
f 1437 1568 1884
f 1884 1438 1435
f 1884 1435 1437
f 1885 1582 1581
f 1885 1581 1584
f 1885 1876 1877
f 1584 1876 1885
f 1589 1588 1886
f 1887 1888 1889
f 1890 1414 1410
f 1890 1410 1409
f 1891 1353 1352
f 1892 1893 1894
f 1895 1896 1892
f 1897 1898 1899
f 1897 1900 1901
f 1902 1903 1822
f 1904 1596 1599
f 1599 1905 1904
f 1566 1904 1567
f 1904 1906 1567
f 1904 1566 1594
f 1594 1596 1904
f 1597 1907 1598
f 1907 1908 1598
f 1909 1601 1908
f 1595 1602 1909
f 1909 1602 1601
f 1908 1907 1909
f 1909 1907 1597
f 1909 1596 1595
f 1597 1596 1909
f 1910 1606 1607
f 1911 1644 1646
f 1911 1912 1600
f 1913 1613 1610
f 1914 1913 1709
f 1914 1613 1913
f 1915 1708 1420
f 1616 1916 1917
f 1917 1614 1616
f 1918 1418 1417
f 1918 1541 1418
f 1918 1919 1541
f 1920 1921 1541
f 1541 1919 1920
f 1417 1416 1922
f 1920 1923 1924
f 1923 1920 1919
f 1611 1613 1925
f 1926 1813 1812
f 1926 1898 1619
f 1926 1619 1618
f 1618 1813 1926
f 1927 1928 1929
f 1930 1927 1929
f 1931 1910 1932
f 1606 1910 1931
f 1933 1605 1931
f 1931 1605 1606
f 1934 1935 1936
f 1937 1935 1934
f 1619 1898 1938
f 1938 1901 1627
f 1938 1897 1901
f 1938 1898 1897
f 1627 1939 1628
f 1939 1627 1901
f 1940 1617 1941
f 1941 1626 1940
f 1941 1617 1619
f 1627 1626 1941
f 1938 1941 1619
f 1941 1938 1627
f 1942 1940 1626
f 1943 1944 1942
f 1945 1629 1631
f 1945 1622 1943
f 1630 1946 1631
f 1947 1948 1946
f 1949 1948 1947
f 1927 1949 1947
f 1950 1951 1928
f 1950 1952 1951
f 1953 1900 1954
f 1955 1632 1956
f 1955 1957 1958
f 1956 1632 1959
f 1960 1955 1958
f 1632 1955 1960
f 1960 1599 1632
f 1961 4 1423
f 1961 204 4
f 1962 1863 209
f 1962 209 392
f 1962 208 1427
f 208 1962 392
f 1648 1860 1963
f 1963 1882 1642
f 1860 1882 1963
f 1964 1649 1648
f 1964 1641 1649
f 1648 1963 1964
f 1964 1642 1641
f 1964 1963 1642
f 1965 1962 1966
f 1427 1426 1966
f 1966 1962 1427
f 1426 1659 1966
f 1644 1967 1440
f 1968 1969 1970
f 1971 1651 1370
f 1972 1973 1657
f 1972 1657 1656
f 1651 1972 1428
f 1972 1656 1428
f 1974 1654 1975
f 1976 1977 1658
f 1976 1978 1979
f 1657 1978 1658
f 1978 1976 1658
f 579 565 1381
f 579 1381 1199
f 336 1980 579
f 579 581 1458
f 1458 336 579
f 574 170 359
f 574 1199 170
f 184 1199 574
f 359 1487 574
f 1487 184 574
f 517 989 780
f 195 989 517
f 517 780 1887
f 1887 1889 517
f 517 1981 195
f 1982 1538 1661
f 1533 1531 1982
f 1531 1538 1982
f 1982 1668 1533
f 1667 1982 1661
f 1982 1667 1668
f 1663 1983 1433
f 1983 1664 1984
f 1664 1983 1663
f 1984 1664 1985
f 1775 1986 1985
f 1985 1986 1984
f 1987 1775 1523
f 1987 1986 1775
f 1988 1625 1989
f 1433 1983 1990
f 1991 1669 1788
f 1991 1788 1787
f 1424 1992 1425
f 1638 1992 1424
f 1993 1994 1995
f 1994 1996 1995
f 1996 1991 1997
f 1998 1796 1534
f 1993 1998 1994
f 1999 2000 1671
f 2001 1671 1673
f 2001 1999 1671
f 2002 1674 1672
f 2003 2004 2005
f 2006 2007 1645
f 1645 1678 2006
f 1678 1679 2006
f 2008 1680 1650
f 1650 1679 2008
f 2008 1679 1680
f 2009 1576 1571
f 1577 1576 2010
f 2010 1576 2009
f 2010 2009 2011
f 2012 1441 1442
f 2012 1684 1441
f 2012 1442 1444
f 1444 1684 2012
f 2013 361 1441
f 1441 1685 2013
f 2013 1685 361
f 2014 1375 111
f 1441 1684 2014
f 2014 1685 1441
f 1495 1686 2015
f 2015 1494 1495
f 2015 1380 1751
f 2015 1686 1380
f 2015 1751 1747
f 1494 2015 1747
f 2016 1686 1358
f 2016 1358 1359
f 1378 2016 1359
f 2016 1378 1380
f 1380 1686 2016
f 1687 2017 1517
f 1770 2017 1771
f 2018 1447 1376
f 2018 1687 1447
f 1684 1690 2019
f 2019 1376 1375
f 2019 2018 1376
f 1690 2018 2019
f 2014 2019 1375
f 2019 2014 1684
f 2020 1449 1451
f 2020 1690 1449
f 1449 2021 1450
f 2021 1691 1450
f 2021 1449 1444
f 1444 1691 2021
f 2022 1692 1457
f 1693 2022 1457
f 2023 1694 1461
f 1694 2023 184
f 2024 1484 1486
f 2024 1694 1484
f 2024 2025 1694
f 2025 1486 1736
f 2025 2024 1486
f 2026 120 483
f 484 2026 483
f 2026 484 120
f 120 479 482
f 484 479 120
f 479 272 482
f 479 481 272
f 2027 1689 1448
f 2027 484 1689
f 2027 479 484
f 481 479 2027
f 2027 272 481
f 482 272 2027
f 112 111 1375
f 112 2028 111
f 1375 119 112
f 119 120 112
f 2028 112 120
f 118 1701 482
f 1702 1701 118
f 19 1702 118
f 118 2027 19
f 2029 18 1700
f 12 1430 482
f 12 482 1701
f 12 11 1430
f 11 12 2030
f 12 2031 2032
f 12 2029 2031
f 18 2029 12
f 360 1703 837
f 1703 360 361
f 837 1441 360
f 1441 361 360
f 1463 1462 1068
f 1068 1483 1463
f 1068 1199 1483
f 2033 1706 186
f 2033 186 13
f 557 170 186
f 557 186 366
f 2034 1707 1708
f 2034 1914 1709
f 2034 1709 1711
f 2034 1711 1707
f 1708 1915 2034
f 2034 2035 1914
f 2034 1915 2035
f 1502 2036 1500
f 2036 1765 1500
f 2036 1766 1765
f 1711 1712 2037
f 2037 1712 1767
f 2037 1707 1711
f 1464 1707 2037
f 2037 1767 1766
f 2038 1464 2037
f 2037 1766 2038
f 1469 1419 2039
f 1503 2039 1419
f 2039 1713 1469
f 2039 1506 2040
f 2039 2041 1713
f 2039 2040 2041
f 1757 1756 2042
f 2042 1385 1383
f 2042 1383 1757
f 2042 1756 1758
f 1758 2043 2042
f 1761 1760 2044
f 1772 2045 1518
f 2046 1714 1466
f 2046 1468 1716
f 2046 1466 1468
f 1614 2046 1716
f 1917 2046 1614
f 2047 1716 1468
f 2047 1715 1716
f 1715 2047 2048
f 2047 2049 2048
f 1615 1715 2050
f 1741 2051 2052
f 2051 1741 1739
f 2051 1739 1738
f 1738 1745 2051
f 2053 2054 2055
f 2056 2057 1474
f 1472 1717 2056
f 2054 2056 1718
f 2056 1717 1718
f 2056 1470 1472
f 1471 1470 2056
f 2056 1474 1471
f 2058 2059 1735
f 1484 2060 1485
f 2060 1721 1485
f 1721 2060 1
f 557 1 170
f 1 557 1732
f 1 1484 170
f 1 2060 1484
f 2061 1480 1481
f 2061 1724 1480
f 1725 1724 2061
f 1718 1720 2062
f 2063 2062 1720
f 2064 1563 1562
f 2064 1559 1563
f 1559 2064 1560
f 2065 2063 1560
f 2065 1560 2064
f 2065 2064 2063
f 2066 1556 1555
f 1555 1833 2066
f 1843 1556 2066
f 2067 2066 1833
f 2068 1834 1539
f 2069 1541 1921
f 2069 1539 1541
f 2069 2068 1539
f 2070 2059 1482
f 2070 1482 1475
f 2070 1475 1489
f 2070 1489 2071
f 2070 2071 2059
f 2072 1733 1735
f 1488 1733 2072
f 2072 1735 2059
f 2059 2071 2072
f 1489 1488 2072
f 2072 2071 1489
f 2073 1740 2074
f 2073 1737 1740
f 1740 2075 2074
f 2076 2077 2078
f 2079 2078 2080
f 2080 2078 2077
f 1744 2081 1742
f 1737 2081 1738
f 2081 1744 1738
f 1744 2082 1745
f 2082 1476 1745
f 2082 1744 1743
f 2083 1736 1734
f 2084 2085 2086
f 2085 2087 2086
f 2088 2086 2087
f 2088 1496 1497
f 1496 2088 2089
f 2090 2085 2091
f 2090 2087 2085
f 1748 2092 1450
f 2092 1748 1749
f 2092 2093 1450
f 1749 2093 2092
f 1450 2094 1451
f 2094 1450 2093
f 1386 1451 2094
f 2094 2093 1386
f 2095 1386 2093
f 2095 2093 1749
f 2095 1519 1386
f 2095 1749 1519
f 2096 1752 1498
f 1499 1752 2096
f 2096 1498 1493
f 2096 1493 1499
f 2097 2089 1753
f 2097 1753 1499
f 2097 1496 2089
f 2097 1499 1496
f 2098 1753 2089
f 2089 2090 2098
f 2098 1746 1747
f 1747 1753 2098
f 2099 1464 2038
f 2099 1754 1464
f 2099 2038 1766
f 1755 2099 1502
f 2099 2036 1502
f 2036 2099 1766
f 2100 2101 2102
f 2100 2103 2101
f 2100 1384 1501
f 2100 1504 1384
f 2100 1501 1500
f 2104 1390 1771
f 1361 1362 2105
f 1362 1390 2105
f 2105 1390 2104
f 2106 2107 2108
f 2109 1759 1761
f 1361 2105 2110
f 2110 1357 1361
f 2111 1507 1357
f 2111 2112 1507
f 2110 2111 1357
f 1765 2113 1500
f 2113 2114 1500
f 2115 2114 2116
f 2117 2118 2119
f 1768 2120 1513
f 2121 1769 1513
f 2122 1388 1515
f 2122 1515 2123
f 2123 2108 2122
f 2122 2108 2107
f 2124 1713 2041
f 2125 1765 1510
f 1510 1773 2125
f 2125 2113 1765
f 2126 1522 1529
f 1529 1782 2126
f 2127 2126 2128
f 2127 1773 1522
f 1522 2126 2127
f 2129 2130 2131
f 2131 2119 2128
f 2131 2130 2119
f 2132 1779 1431
f 2132 1431 1670
f 2132 1661 1662
f 1662 1779 2132
f 1670 1667 2132
f 2132 1667 1661
f 2133 1922 1416
f 2134 1610 1612
f 1394 1391 2135
f 1465 2135 1391
f 2136 2137 2138
f 2138 1783 2136
f 2139 2140 1831
f 2139 1830 1404
f 1831 1830 2139
f 2139 1404 1403
f 2139 1403 2140
f 2141 2142 2143
f 2144 2141 2143
f 2145 2146 2147
f 2148 2146 2145
f 2149 2150 2151
f 2152 2153 2150
f 2154 2145 2147
f 2155 1781 2156
f 2003 2157 2004
f 2158 1785 1792
f 1792 2159 2158
f 2160 2159 1792
f 2160 1792 1791
f 2161 1789 1788
f 2161 1788 1669
f 2161 1667 1666
f 1667 2161 1669
f 1433 1990 2162
f 1785 2163 1792
f 1789 2163 1785
f 2163 1790 1792
f 2163 2162 1790
f 2164 1989 2165
f 2165 1791 2164
f 2164 1791 1790
f 2164 1988 1989
f 1989 2166 2165
f 1795 2166 2167
f 2167 2166 1989
f 2167 1989 1625
f 2167 1625 1793
f 1794 2168 1795
f 1620 2169 2168
f 2168 1794 1620
f 2117 2170 2171
f 2172 2170 2117
f 2173 2170 2172
f 2173 2171 2170
f 1804 2173 1800
f 2174 1798 1535
f 2174 1535 1372
f 1372 1769 2174
f 2175 2176 1536
f 2175 1536 1798
f 2174 2175 1798
f 2175 2121 2176
f 2175 1769 2121
f 2175 2174 1769
f 1798 2177 1535
f 2177 1799 1535
f 2177 1798 1530
f 1797 1799 2177
f 1530 1532 2177
f 1532 1797 2177
f 2178 1776 2179
f 2179 1801 2178
f 2179 1776 1774
f 2180 1777 1802
f 1801 2180 1802
f 2180 1664 1777
f 2180 1985 1664
f 2181 2182 1546
f 1810 2181 1546
f 2183 1402 1542
f 2183 1808 1402
f 1542 1822 2183
f 2183 1822 1903
f 2184 1545 1808
f 2184 1810 1545
f 2183 2184 1808
f 2184 2183 1903
f 2185 2140 1403
f 2185 1403 1811
f 1805 2186 1405
f 2186 1811 1405
f 2186 1805 1544
f 2186 1544 1546
f 1546 2182 2186
f 2182 1811 2186
f 1401 1400 2187
f 2187 1815 1401
f 1815 2187 1400
f 2188 1807 1830
f 2188 1816 1815
f 2188 1815 1807
f 2188 1828 1816
f 1830 1828 2188
f 1404 1830 2189
f 2189 1830 1807
f 2189 1405 1404
f 2189 1805 1405
f 1807 1805 2189
f 1402 2190 2191
f 2191 1543 1402
f 2191 1819 1550
f 1542 1543 2191
f 2191 1550 1542
f 1819 2192 1547
f 1548 2192 1398
f 1547 2192 1548
f 2192 1402 1398
f 2192 2190 1402
f 2192 2191 2190
f 2191 2192 1819
f 2193 1820 1550
f 2194 2195 2196
f 2194 1820 2197
f 2194 2196 1820
f 2198 1833 1832
f 1834 2068 2198
f 2198 1835 1834
f 2198 1832 1835
f 1401 1816 2199
f 2199 1832 1401
f 1832 2199 1816
f 2151 2150 2200
f 2200 2150 2153
f 1539 2200 1540
f 1836 2200 1539
f 2153 2156 2200
f 2200 1781 1540
f 2200 2156 1781
f 2201 1836 1835
f 2201 1828 1831
f 1829 1828 2201
f 2201 1832 1829
f 1832 2201 1835
f 2202 495 1837
f 2202 1845 1840
f 1845 2202 1837
f 2203 1846 1725
f 2204 1851 1854
f 1848 1851 2204
f 1573 2204 1854
f 2204 1573 1849
f 2204 1849 1848
f 2205 1850 1867
f 2205 1867 1411
f 2205 1411 1410
f 1855 2205 1410
f 2206 1848 1850
f 2205 2206 1850
f 2206 2205 1855
f 2206 1852 1848
f 2207 2208 1406
f 2208 1564 1406
f 2208 1855 1564
f 2209 2210 1895
f 1892 2209 1895
f 2209 1892 1894
f 1893 1892 2211
f 2211 1892 1896
f 2212 1862 861
f 781 2212 861
f 2212 781 1862
f 368 586 1864
f 368 11 1635
f 1866 368 1864
f 368 1866 11
f 1422 586 368
f 368 1635 1422
f 1865 11 2213
f 392 209 389
f 389 209 1862
f 389 208 392
f 389 1862 780
f 1866 389 780
f 205 1427 389
f 389 1427 208
f 1570 1569 2214
f 2214 1569 1867
f 1849 2214 1850
f 2214 1867 1850
f 2215 1579 1578
f 2215 1870 1579
f 1578 1577 2215
f 1577 2010 2215
f 1873 1930 2216
f 2216 1930 1929
f 2217 2216 1929
f 2218 2217 1929
f 2218 1951 2219
f 2218 1929 1928
f 1928 1951 2218
f 2220 2221 1593
f 2220 1593 1594
f 2220 1872 1874
f 2222 2223 2224
f 2222 2217 2223
f 2222 2216 2217
f 2225 1587 1589
f 2225 1863 1643
f 1643 1878 2225
f 2225 1878 1880
f 2225 87 1863
f 2225 1589 861
f 2225 861 87
f 2226 1587 1880
f 1587 2226 1588
f 1880 1879 2226
f 2227 1438 1884
f 2227 1884 1586
f 1883 2227 1586
f 2227 1881 1438
f 1884 2228 1586
f 2228 1884 1868
f 1871 2229 1409
f 2229 1890 1409
f 1353 1891 2230
f 2230 1823 1844
f 2230 1557 1353
f 2230 1844 1557
f 180 2231 1352
f 2231 1891 1352
f 2232 2231 180
f 2233 1413 1414
f 2233 1590 1413
f 1821 2234 1822
f 2234 1902 1822
f 2235 2236 1954
f 1954 1900 2237
f 2237 2235 1954
f 2237 2238 2235
f 1899 2238 2237
f 2237 1897 1899
f 1900 1897 2237
f 2239 1633 1599
f 2239 2240 1633
f 2239 1599 1598
f 2240 2239 1598
f 2241 1908 1601
f 1908 2241 1598
f 2241 2240 1598
f 2242 1605 1933
f 2242 1912 1605
f 2242 1601 1600
f 2242 1600 1912
f 1904 2243 1906
f 2243 1904 1905
f 2244 1975 2245
f 2246 1911 1646
f 2246 1912 1911
f 2246 1646 2247
f 1605 1912 2246
f 1603 1605 2246
f 2248 1917 1916
f 1420 1714 2249
f 2249 1915 1420
f 1714 2046 2249
f 2249 2046 1917
f 2250 2251 1922
f 1922 2133 2250
f 1923 2252 1924
f 2252 1923 2251
f 1919 1918 2253
f 2253 1923 1919
f 1923 2253 2251
f 2253 1918 1417
f 1417 1922 2253
f 2253 1922 2251
f 2254 1925 1613
f 2254 1914 2035
f 2254 1613 1914
f 2255 1618 1617
f 2256 2257 2258
f 2256 2259 2260
f 2256 2258 2261
f 2256 2261 2259
f 2262 2263 2264
f 2264 2263 2265
f 1624 1623 2266
f 2267 2268 1872
f 2269 1927 1930
f 2269 1930 1873
f 1872 2269 1873
f 2268 2269 1872
f 2270 1931 1932
f 1933 1931 2270
f 2270 1932 2271
f 2270 2242 1933
f 1957 1955 2272
f 2272 2273 2274
f 2275 1935 1937
f 2275 2276 1935
f 2277 1945 1631
f 1945 2277 1622
f 1622 2277 1620
f 2277 2278 1620
f 2279 1942 1626
f 1629 1945 2279
f 1943 1942 2279
f 2279 1945 1943
f 2279 1626 1628
f 2279 1628 1629
f 1630 1950 2280
f 2280 1946 1630
f 1947 1946 2280
f 2280 1950 1928
f 1927 2280 1928
f 2280 1927 1947
f 2281 1939 1952
f 1950 2281 1952
f 2281 1950 1630
f 1628 1939 2281
f 2281 1629 1628
f 1630 1629 2281
f 2282 1953 1954
f 1953 2283 1900
f 2283 1953 1952
f 1901 1900 2283
f 2283 1939 1901
f 1952 1939 2283
f 2284 1951 1952
f 1952 1953 2284
f 2284 2219 1951
f 2284 1953 2219
f 2285 1632 1633
f 2285 1959 1632
f 1961 2286 204
f 2286 1426 205
f 2286 205 204
f 2286 1659 1426
f 2286 1961 1640
f 1423 1422 2287
f 2287 1961 1423
f 1966 2288 1965
f 2288 1962 1965
f 2288 1643 1863
f 1962 2288 1863
f 2289 1649 1641
f 2289 1641 1977
f 2290 1966 1659
f 2290 1977 1966
f 2290 1659 1658
f 1658 1977 2290
f 2291 1967 1591
f 1593 2221 2291
f 2291 1591 1593
f 1911 2292 1644
f 2292 1967 1644
f 1591 1967 2292
f 2292 1911 1600
f 1600 1602 2292
f 2292 1602 1591
f 2293 1683 1440
f 2293 1440 1967
f 2291 2293 1967
f 1682 2293 2294
f 1683 2293 1682
f 2293 2221 2294
f 2293 2291 2221
f 2295 2296 2297
f 2298 2295 2297
f 2295 1646 2296
f 2295 2298 1646
f 2299 2297 2247
f 2299 2298 2297
f 1646 2298 2299
f 2299 2247 1646
f 2300 1968 1369
f 2300 1969 1968
f 2300 1369 1368
f 2301 2002 1672
f 2301 1969 2002
f 2302 1971 1370
f 1367 2302 1370
f 2302 1367 1369
f 1973 1972 2303
f 2303 1968 1973
f 1651 1971 2303
f 2303 1972 1651
f 1971 2302 2303
f 2304 1974 1604
f 1654 1974 2304
f 2304 1647 1654
f 1607 1655 2305
f 2305 1974 1607
f 2305 1655 1604
f 2305 1604 1974
f 2306 1976 1979
f 1979 2245 2306
f 1649 2289 2306
f 1976 2306 1977
f 2306 2289 1977
f 579 2307 565
f 2307 579 1980
f 2307 336 565
f 2307 1980 336
f 852 579 1199
f 581 579 852
f 852 1199 1068
f 1699 581 852
f 852 1462 1699
f 852 1068 1462
f 2308 517 1889
f 1889 2309 2308
f 194 989 195
f 2310 517 2311
f 2310 2312 2313
f 2311 2312 2310
f 2314 989 194
f 2314 194 195
f 2315 1784 1526
f 1523 1784 2315
f 2315 1783 2138
f 1783 2315 1526
f 1623 2316 2317
f 2317 2266 1623
f 2318 1623 1625
f 2318 2316 1623
f 1988 2318 1625
f 2319 2162 1990
f 2319 1990 1983
f 1991 2320 1997
f 1787 1786 2320
f 2320 1991 1787
f 2321 1993 1995
f 1637 1395 2322
f 2322 1639 1637
f 2322 2321 1639
f 1993 2321 2322
f 2323 1996 1994
f 2323 1668 1669
f 2323 1669 1991
f 2323 1991 1996
f 1796 1998 2324
f 2324 1395 1397
f 1397 1796 2324
f 2324 2322 1395
f 2324 1998 1993
f 1993 2322 2324
f 1994 1998 2325
f 2325 2323 1994
f 2323 2325 1668
f 1533 1668 2325
f 2325 1534 1533
f 2325 1998 1534
f 2326 1999 2327
f 1999 2001 2327
f 2327 1934 2326
f 1937 1934 2327
f 2327 2328 1937
f 2327 2329 2328
f 2329 2327 2001
f 2002 2330 1674
f 2330 2331 1674
f 2332 1434 1364
f 2332 1364 1363
f 2332 2330 1434
f 2331 2330 2332
f 1673 1674 2333
f 1674 2331 2333
f 2334 1639 2321
f 2335 1679 2007
f 2007 2006 2335
f 2335 2006 1679
f 2336 2337 1645
f 2338 2339 1645
f 2338 1645 2337
f 2296 1646 2340
f 2341 2340 1646
f 2342 2337 2336
f 2342 2338 2337
f 2338 2342 2339
f 2007 1679 2343
f 2344 2343 1679
f 2343 2342 2007
f 2343 2344 2342
f 2345 1679 1650
f 2345 2344 1679
f 2341 2344 2345
f 2345 2340 2341
f 2296 2340 2345
f 2345 2297 2296
f 2345 1647 2297
f 1650 1647 2345
f 2346 1571 1682
f 2346 2009 1571
f 2011 2009 2346
f 2346 2347 2011
f 2346 1682 2294
f 2346 2294 2347
f 2348 2222 2224
f 2348 2215 2010
f 2349 2294 2221
f 2349 2347 2294
f 2221 2220 2349
f 2349 1874 2347
f 2349 2220 1874
f 2350 1770 1517
f 1517 2017 2350
f 2350 2017 1770
f 2017 2351 1771
f 2352 1483 184
f 2023 2352 184
f 1461 1483 2352
f 2352 2023 1461
f 2353 2025 1736
f 2083 2353 1736
f 482 2027 266
f 266 2027 270
f 477 2027 271
f 2354 1693 19
f 2027 2354 19
f 2355 120 1381
f 2355 2356 120
f 2356 46 120
f 46 1381 3
f 46 2355 1381
f 2355 46 2356
f 46 2014 111
f 46 1685 2014
f 3 1685 46
f 476 271 2027
f 476 118 271
f 476 2027 118
f 12 5 18
f 5 12 1701
f 5 1701 1366
f 1366 7 5
f 18 5 9
f 2357 12 2358
f 2358 12 2032
f 2030 12 2359
f 2359 12 2357
f 365 2033 13
f 365 1706 2033
f 365 366 1706
f 365 1726 366
f 557 582 558
f 582 557 366
f 2360 557 558
f 1732 557 2360
f 1478 1732 2360
f 582 2360 558
f 2360 366 1478
f 2360 582 366
f 1506 2039 2361
f 2361 2039 1503
f 2361 1503 1421
f 2361 1755 1506
f 1421 1754 2361
f 2041 2040 2362
f 1385 2042 2362
f 1506 1385 2362
f 2362 2040 1506
f 2363 2090 2091
f 2364 2045 1514
f 2364 1518 2045
f 2364 1514 1387
f 2364 1387 1386
f 1386 1519 2364
f 1518 2364 1519
f 2365 1515 1514
f 2366 1715 2048
f 2366 2050 1715
f 2086 2366 2048
f 2367 2368 1916
f 2367 1916 1616
f 1616 1615 2367
f 2369 2368 2370
f 2370 2371 2369
f 1916 2368 2369
f 2369 2371 2372
f 2369 2248 1916
f 2369 2372 2248
f 2373 2080 2077
f 2367 2374 2368
f 2375 2376 2053
f 2375 1731 1730
f 2375 1730 2376
f 2057 2377 2052
f 2377 1741 2052
f 1473 1474 2378
f 2378 1476 1473
f 2378 1745 1476
f 2378 2051 1745
f 2057 2056 2379
f 2376 2379 2053
f 2379 2054 2053
f 2379 2056 2054
f 2379 2377 2057
f 2379 2376 2377
f 2059 2058 2380
f 1472 1482 2380
f 1482 2059 2380
f 2380 1720 1472
f 2380 2381 1720
f 2380 2058 2381
f 1722 1721 2382
f 2382 1735 1722
f 2382 2058 1735
f 2383 1720 2381
f 2383 2381 2384
f 1480 2383 2384
f 2385 2383 1480
f 1723 1721 2386
f 1 2386 1721
f 2386 1732 1723
f 2386 1 1732
f 2387 13 186
f 1725 2061 2387
f 2388 2062 2063
f 2063 2064 2388
f 1718 2062 2388
f 2388 2054 1718
f 2388 2055 2054
f 2388 1562 2055
f 2388 2064 1562
f 2389 1724 1560
f 2389 1560 2063
f 2389 1480 1724
f 2390 1729 1728
f 2390 2391 1729
f 2392 1728 2067
f 2392 2067 1833
f 2393 2391 2392
f 2198 2392 1833
f 2392 2390 1728
f 2391 2390 2392
f 1728 1731 2394
f 2394 2067 1728
f 2395 2391 2393
f 2069 2395 2393
f 2395 2069 1921
f 2396 2069 2393
f 2068 2069 2396
f 1740 1741 2397
f 2397 2075 1740
f 2397 1921 2075
f 2080 2373 2398
f 2398 2371 2370
f 2398 2373 2371
f 2399 1737 2073
f 2399 2081 1737
f 2399 2073 2079
f 1476 2082 2400
f 1490 1489 2400
f 1489 1475 2400
f 2400 1475 1476
f 2401 2082 1743
f 1490 2400 2401
f 2401 2400 2082
f 2402 2403 2083
f 2402 2083 1734
f 2402 1488 1490
f 2402 1734 1488
f 2404 2083 2403
f 2404 2353 2083
f 2405 2090 2089
f 2087 2090 2405
f 2088 2405 2089
f 2405 2088 2087
f 1520 1746 2406
f 2406 2363 1520
f 2090 2363 2406
f 2406 1746 2098
f 2406 2098 2090
f 2407 2408 2102
f 2102 2101 2407
f 2408 2407 2409
f 2101 2410 2407
f 2411 2100 2102
f 2411 1504 2100
f 1383 2411 2102
f 2411 1383 1382
f 2411 1382 1504
f 2412 2100 1500
f 2100 2412 2103
f 1500 2114 2412
f 2106 2108 2413
f 1759 2109 2414
f 2415 2416 2043
f 2415 2043 1758
f 1761 2416 2415
f 2417 2414 2109
f 1507 2112 2418
f 2418 2419 1509
f 2418 1509 1355
f 2418 1355 1507
f 2408 2420 2102
f 2420 1383 2102
f 2421 1509 2419
f 2421 2408 2409
f 2421 2409 1762
f 2421 1762 1509
f 2407 2422 2409
f 2422 2407 2410
f 2422 2410 2423
f 2423 2120 2422
f 2424 2410 2101
f 2424 2101 2103
f 2425 2128 2119
f 1467 1713 2426
f 1713 2124 2426
f 2427 2124 2041
f 2125 2428 2113
f 2113 2428 2114
f 2428 1773 2429
f 2428 2125 1773
f 2430 2428 2429
f 2428 2430 2431
f 2428 2116 2114
f 2428 2431 2116
f 2432 1782 1524
f 2432 2126 1782
f 2433 2127 2128
f 2429 1773 2433
f 2433 1773 2127
f 2434 2133 2435
f 2434 2250 2133
f 2436 2134 1612
f 2434 2436 1612
f 2436 2434 2435
f 2437 1913 1610
f 2134 2437 1610
f 1415 2438 1416
f 2439 2438 2440
f 2441 2442 2443
f 2444 2138 2137
f 2442 2444 2137
f 2138 2444 2445
f 2445 2444 2442
f 2137 2136 2446
f 2143 2142 2447
f 2447 2448 2152
f 2447 2449 2448
f 2447 2142 2449
f 2450 2265 2263
f 2451 2144 2147
f 2260 2259 2451
f 2451 2147 2146
f 2451 2146 2260
f 2452 2150 2149
f 2152 2150 2452
f 2452 2447 2152
f 2143 2447 2452
f 2259 2261 2453
f 2454 2155 2156
f 2454 2153 2152
f 2454 2156 2153
f 2448 2454 2152
f 2455 2157 1785
f 2455 1785 2158
f 2004 2157 2455
f 2455 2005 2004
f 2455 2158 2005
f 1935 2158 2456
f 1936 1935 2456
f 2457 1791 2165
f 2166 2457 2165
f 2161 2458 1789
f 2458 2161 1666
f 2458 1666 1665
f 2458 1665 1670
f 2458 1670 1431
f 2458 1431 1433
f 2459 2166 1795
f 2168 2459 1795
f 2459 2168 2169
f 2460 2459 2169
f 2117 2171 2461
f 2462 2130 2129
f 2462 2129 2172
f 2462 2172 2117
f 2462 2117 2119
f 2130 2462 2119
f 2463 2172 2129
f 2463 2131 1776
f 2129 2131 2463
f 2463 1776 2178
f 2464 2173 2172
f 2173 2464 1800
f 2171 2173 2465
f 2176 2465 1536
f 2465 2176 2171
f 2465 1537 1536
f 2465 1804 1537
f 2465 2173 1804
f 2466 1774 1775
f 2466 2179 1774
f 1775 1985 2466
f 1985 2180 2466
f 1801 2179 2466
f 2466 2180 1801
f 2181 2467 2182
f 2467 2148 2145
f 2154 2467 2145
f 2468 1824 1823
f 1824 2468 1817
f 2196 2469 1820
f 1820 2469 1551
f 2469 2196 2195
f 1408 1590 2469
f 2469 1590 2470
f 2469 2470 1821
f 2469 1552 1551
f 2469 1821 1552
f 2471 1550 1819
f 2471 2193 1550
f 2471 1819 1818
f 2472 2207 1406
f 2473 2208 2474
f 2474 2208 2207
f 2472 2474 2207
f 2475 2200 1836
f 2201 2475 1836
f 2151 2200 2475
f 2475 2201 1831
f 1831 2140 2475
f 79 495 2202
f 80 1705 188
f 80 32 1705
f 80 2203 32
f 78 79 2476
f 2476 79 2202
f 2476 2202 1840
f 1840 1839 2477
f 1839 1847 2477
f 2477 2476 1840
f 2476 2477 2478
f 2479 1851 1852
f 2480 2206 1855
f 1855 2208 2480
f 1852 2206 2480
f 2480 2473 1852
f 2480 2208 2473
f 192 86 293
f 25 192 293
f 2481 2482 2483
f 2484 1896 1895
f 2482 2481 2484
f 2485 2486 1893
f 1893 2211 2485
f 2485 2487 2486
f 2488 2312 1859
f 2488 1859 1851
f 2488 1858 1857
f 2488 2489 1858
f 1851 2489 2488
f 1857 2313 2488
f 2488 2313 2312
f 2490 1887 780
f 2490 780 781
f 2491 861 1589
f 2491 781 861
f 1589 1886 2491
f 2492 11 2030
f 2492 2213 11
f 2493 389 1866
f 2493 204 205
f 205 389 2493
f 2494 2214 1849
f 1573 1575 2494
f 2494 1849 1573
f 1575 1868 2494
f 1570 2214 2494
f 2494 1572 1570
f 2494 1868 1572
f 1414 1890 2495
f 2496 2497 2498
f 2497 2499 2498
f 2497 2500 2499
f 2501 2497 2496
f 2502 2496 2498
f 2498 2236 2502
f 2502 2236 2235
f 2502 2235 2503
f 2502 2503 2504
f 2502 2504 2496
f 2505 1594 1566
f 2505 2220 1594
f 1872 2505 1566
f 2505 1872 2220
f 2506 1585 1574
f 1574 2507 2506
f 1880 1587 2508
f 2508 2225 1880
f 2225 2508 1587
f 1588 2226 2509
f 2509 2227 1883
f 2510 1868 1583
f 2510 2228 1868
f 1583 1586 2510
f 2228 2510 1586
f 1877 1574 2511
f 1574 2512 2511
f 2511 1885 1877
f 2513 1883 1582
f 2514 2515 1574
f 2516 2514 1574
f 2517 1889 1888
f 2517 2518 1889
f 2519 2518 2517
f 2517 2516 1574
f 1574 1580 2517
f 1580 1875 2517
f 1854 2519 2517
f 2517 1875 1854
f 1853 1859 2520
f 1854 1853 2520
f 2520 2519 1854
f 2520 2518 2519
f 2520 2309 1889
f 2520 1889 2518
f 2521 2312 2311
f 1859 2312 2521
f 2521 2520 1859
f 2309 2520 2521
f 1893 2486 2522
f 2522 1894 1893
f 2487 2522 2486
f 1891 2231 2522
f 2523 2232 86
f 2210 2209 2523
f 2523 2209 1894
f 2523 1894 2232
f 34 1412 86
f 2524 2232 1894
f 2524 2231 2232
f 1894 2522 2524
f 2524 2522 2231
f 2525 2218 2219
f 2500 2525 2219
f 2525 2217 2218
f 2223 2217 2525
f 2526 2184 1903
f 2184 2526 1810
f 2527 2238 1899
f 2528 1821 2470
f 2528 2234 1821
f 2470 1590 2528
f 1590 2233 2528
f 2528 2529 2234
f 2530 2241 1601
f 2241 2530 2240
f 1633 2240 2530
f 2531 2243 1905
f 2531 1905 1599
f 2531 1599 1960
f 2243 2531 1906
f 2531 1960 2532
f 1607 1974 2533
f 2533 1974 1975
f 1975 2244 2533
f 1978 2534 1979
f 2535 2247 1653
f 2535 2246 2247
f 2246 2535 1603
f 2535 1652 1603
f 1652 2535 1653
f 1915 2249 2536
f 2248 2536 1917
f 2536 2249 1917
f 2537 1921 2538
f 2075 2537 2074
f 2537 2075 1921
f 2539 1921 1920
f 2539 2538 1921
f 2539 1920 1924
f 2540 2250 2434
f 2540 1612 1611
f 2540 2434 1612
f 2541 2251 2250
f 2541 2252 2251
f 2540 2541 2250
f 2252 2542 1924
f 1925 2254 2543
f 2544 1813 1618
f 2544 1618 2255
f 2544 2255 2257
f 2545 1617 1940
f 2545 2255 1617
f 1958 2546 2547
f 1960 2547 2532
f 2547 1960 1958
f 2548 1948 2546
f 1631 1946 2548
f 2548 1946 1948
f 2548 2277 1631
f 2548 2546 2278
f 2278 2277 2548
f 2549 2460 2169
f 2460 2549 1957
f 1957 2549 1958
f 2549 2546 1958
f 2550 2262 1944
f 1624 2266 2551
f 2551 2550 1624
f 2551 2263 2262
f 2262 2550 2551
f 1906 2268 2552
f 2552 2268 2267
f 1567 1906 2552
f 2552 2267 1567
f 2553 1872 1565
f 2553 2267 1872
f 2553 1565 1567
f 2267 2553 1567
f 2554 1949 1927
f 1927 2269 2554
f 2532 1949 2554
f 2554 2269 2268
f 2554 2531 2532
f 2554 2268 1906
f 2554 1906 2531
f 2555 2326 1934
f 2555 1934 1936
f 2556 2270 2271
f 2271 2557 2556
f 2556 2557 2000
f 1956 2273 2558
f 2272 2558 2273
f 2558 1955 1956
f 2558 2272 1955
f 2559 2274 2160
f 2559 2459 2460
f 2158 2560 2005
f 2561 2005 2560
f 2560 2276 2561
f 2560 2158 1935
f 1935 2276 2560
f 2562 1937 2328
f 2562 2275 1937
f 2275 2562 2276
f 2562 2328 2561
f 2562 2561 2276
f 2563 2282 2499
f 1953 2282 2563
f 2563 2219 1953
f 2563 2500 2219
f 2499 2500 2563
f 2564 2499 2282
f 2499 2564 2498
f 2564 2236 2498
f 2564 1954 2236
f 2564 2282 1954
f 2286 2565 1659
f 2565 2286 1640
f 2565 1656 1659
f 1640 1656 2565
f 2566 1422 1640
f 2566 2287 1422
f 1640 1961 2566
f 1961 2287 2566
f 2567 2288 1966
f 2567 1977 1641
f 2567 1966 1977
f 2567 1641 1643
f 1643 2288 2567
f 1672 1671 2568
f 2568 2301 1672
f 1671 2000 2568
f 2569 1970 1969
f 2301 2569 1969
f 1968 2303 2570
f 2570 2303 2302
f 1369 1968 2570
f 2570 2302 1369
f 2571 1604 1653
f 2571 2304 1604
f 1653 2247 2571
f 2571 2247 2297
f 2571 2297 1647
f 2571 1647 2304
f 2572 2306 2245
f 1975 1654 2572
f 2572 2245 1975
f 2572 1654 1649
f 2306 2572 1649
f 2311 517 2573
f 2573 517 2308
f 2573 2521 2311
f 2573 2308 2309
f 2309 2521 2573
f 2574 2313 1857
f 1981 2575 195
f 2575 2314 195
f 2575 2574 2314
f 1986 1987 2576
f 2576 1987 1523
f 1523 2315 2576
f 1986 2577 1984
f 2577 1983 1984
f 2578 2318 1988
f 1988 2579 2578
f 2316 2318 2578
f 2578 2580 2316
f 2581 2319 2582
f 2319 2581 2162
f 2581 1790 2162
f 2581 2579 1790
f 2583 1988 2164
f 2583 2579 1988
f 2583 2164 1790
f 1790 2579 2583
f 1996 2584 1995
f 2585 2330 2002
f 2585 2300 1368
f 1434 2585 1368
f 2585 1434 2330
f 2585 2002 1969
f 1969 2300 2585
f 2586 2333 2331
f 1673 2333 2587
f 2587 2001 1673
f 2587 2329 2001
f 2588 1425 1992
f 2588 2586 1425
f 2334 2589 1639
f 2589 1638 1639
f 2589 1992 1638
f 2589 2588 1992
f 2590 2342 2344
f 2591 2342 2590
f 2590 1646 1645
f 1645 2591 2590
f 2592 2007 2342
f 2592 2342 2336
f 2592 1645 2007
f 2592 2336 1645
f 2593 2342 2591
f 2593 2591 1645
f 2594 2347 1874
f 2011 2347 2594
f 2594 2010 2011
f 2594 2348 2010
f 2222 2348 2595
f 2595 1874 1873
f 2595 2594 1874
f 2595 2348 2594
f 1873 2216 2595
f 2216 2222 2595
f 2351 2596 1771
f 2596 2107 2106
f 2596 2104 1771
f 2104 2596 2106
f 2597 2122 2107
f 1388 2122 2597
f 2597 1451 1386
f 1386 1388 2597
f 2598 2020 2351
f 1687 2018 2598
f 2598 2017 1687
f 2598 2351 2017
f 2598 2018 1690
f 2598 1690 2020
f 2599 1692 2022
f 2599 7 1692
f 2025 2353 2600
f 267 118 482
f 118 267 271
f 267 477 271
f 482 266 267
f 267 266 270
f 270 2027 267
f 2027 477 267
f 2601 2354 2027
f 2601 2022 1693
f 1693 2354 2601
f 2602 2028 120
f 2602 120 46
f 111 2028 2602
f 2602 46 111
f 2603 2361 1754
f 2603 1755 2361
f 1754 2099 2603
f 2603 2099 1755
f 2041 2362 2604
f 2604 2362 2042
f 2604 2427 2041
f 2604 2042 2043
f 2605 2045 1772
f 2605 2363 2045
f 2605 1772 1520
f 2605 1520 2363
f 1497 2606 2607
f 2607 2366 2086
f 2607 2088 1497
f 2088 2607 2086
f 2608 2374 2367
f 2608 2367 1615
f 2609 2370 2368
f 2609 2368 2374
f 2610 1730 1729
f 2610 2376 1730
f 2610 2377 2376
f 2611 2051 2378
f 2611 2057 2052
f 2052 2051 2611
f 1474 2057 2611
f 2611 2378 1474
f 2612 1721 1477
f 2612 2382 1721
f 2613 2381 2058
f 2058 2382 2613
f 2382 2612 2613
f 1479 1727 2613
f 1477 1479 2613
f 2613 2612 1477
f 2613 1727 1480
f 2613 1480 2384
f 2384 2381 2613
f 2614 2063 1720
f 2383 2614 1720
f 13 2387 2615
f 2615 365 13
f 1726 365 2615
f 1481 1726 2615
f 2615 2061 1481
f 2615 2387 2061
f 32 2203 2616
f 2616 186 32
f 2616 2387 186
f 2616 2203 1725
f 2387 2616 1725
f 2617 2383 2385
f 2617 2385 1480
f 2389 2617 1480
f 2617 2389 2063
f 2063 2614 2617
f 2617 2614 2383
f 2618 2198 2068
f 2618 2392 2198
f 2068 2396 2618
f 2393 2392 2618
f 2618 2396 2393
f 2619 2394 1731
f 2053 2055 2619
f 2619 2375 2053
f 1731 2375 2619
f 1562 1561 2619
f 2619 2055 1562
f 2620 2621 1742
f 2620 1742 2081
f 2399 2620 2081
f 2622 2623 2403
f 2622 2403 2402
f 1490 2401 2622
f 2622 2402 1490
f 2624 2621 2609
f 2624 2609 2374
f 2621 2625 1742
f 2624 2625 2621
f 2625 1743 1742
f 2114 2115 2626
f 2626 2412 2114
f 2412 2626 2115
f 2627 2110 2105
f 2627 2105 2104
f 2627 2104 2106
f 2106 2413 2627
f 1759 2414 2628
f 2628 2413 2108
f 2628 2629 2413
f 2628 2414 2629
f 2628 2123 1759
f 2628 2108 2123
f 2630 2109 1761
f 1761 2415 2630
f 2631 2417 2419
f 2631 2418 2112
f 2418 2631 2419
f 2631 2112 2629
f 2631 2629 2414
f 2414 2417 2631
f 2632 2417 2109
f 2632 2109 2630
f 2633 2420 2408
f 2421 2633 2408
f 2633 2421 2419
f 2419 2417 2633
f 2417 2632 2633
f 2633 2632 2420
f 2634 1757 1383
f 2420 2634 1383
f 1758 1757 2634
f 2635 1762 2409
f 2422 2635 2409
f 2635 1763 1762
f 2635 2422 2120
f 2635 1768 1763
f 2635 2120 1768
f 2636 2424 2103
f 2103 2412 2636
f 2636 2412 2115
f 2636 2115 2116
f 2636 2637 2424
f 2118 2637 2430
f 2118 2638 2119
f 2638 2118 2430
f 2639 2120 2423
f 2640 2639 2423
f 1513 2120 2639
f 2639 2121 1513
f 2639 2640 2121
f 2641 2363 2091
f 2085 2641 2091
f 2641 2085 2084
f 1468 1467 2642
f 1467 2426 2642
f 2642 2047 1468
f 2124 2643 2644
f 2644 2426 2124
f 2049 2426 2644
f 2645 2643 2124
f 2124 2427 2645
f 2128 2126 2646
f 2126 2432 2646
f 2646 2131 2128
f 2131 2646 1776
f 2646 1524 1776
f 2646 2432 1524
f 2128 2425 2647
f 2647 2433 2128
f 2429 2433 2647
f 2647 2430 2429
f 1709 1913 2648
f 1913 2437 2648
f 2648 1710 1709
f 1465 1710 2648
f 2648 2135 1465
f 2648 2437 2649
f 2650 2438 2439
f 2650 2435 2133
f 2650 2133 1416
f 1416 2438 2650
f 2440 2651 1780
f 2651 1609 1540
f 2651 1540 1780
f 2652 2438 1415
f 2652 2440 2438
f 2652 1608 1609
f 1415 1608 2652
f 1609 2651 2652
f 2652 2651 2440
f 2135 2648 2653
f 2653 2648 2649
f 2654 2653 2649
f 2655 2436 2435
f 2656 2437 2134
f 2656 2649 2437
f 2657 2441 2317
f 2657 2317 2316
f 2657 2442 2441
f 2657 2445 2442
f 1986 2576 2658
f 2658 2576 2315
f 2658 2315 2138
f 2138 2445 2658
f 2659 2660 2661
f 2662 2660 2659
f 2659 2141 2662
f 2141 2659 2142
f 2663 2660 2662
f 2663 2662 2453
f 2663 2664 2660
f 2665 2450 2666
f 2265 2450 2665
f 2665 2261 2258
f 2665 2258 2265
f 2266 2317 2667
f 2667 2551 2266
f 2667 2450 2263
f 2667 2263 2551
f 2668 2452 2149
f 2668 2154 2147
f 2668 2149 2154
f 2147 2144 2668
f 2668 2144 2143
f 2143 2452 2668
f 2259 2453 2669
f 2669 2451 2259
f 2451 2669 2144
f 2141 2144 2669
f 2662 2141 2669
f 2669 2453 2662
f 2670 2671 2672
f 2670 2448 2449
f 2670 2449 2671
f 2155 2673 2674
f 2674 2440 1780
f 2439 2440 2674
f 2674 2673 2439
f 2674 1780 1781
f 1781 2155 2674
f 2675 2158 2159
f 2675 2456 2158
f 2675 2160 2274
f 2159 2160 2675
f 2274 2273 2675
f 2273 2676 2675
f 2675 2676 1936
f 1936 2456 2675
f 2677 1789 2458
f 2677 2163 1789
f 2162 2163 2677
f 1433 2162 2677
f 2677 2458 1433
f 2678 2457 2166
f 2166 2459 2678
f 1791 2457 2678
f 2459 2559 2678
f 2678 2160 1791
f 2678 2559 2160
f 2679 2171 2176
f 2679 2461 2171
f 2121 2679 2176
f 2679 2121 2640
f 2463 2680 2172
f 2680 2464 2172
f 2680 2463 2178
f 2680 1800 2464
f 2680 2178 1801
f 2680 1801 1800
f 2681 2682 2148
f 2467 2681 2148
f 2681 1814 2682
f 2683 1811 2182
f 2683 2182 2467
f 2683 2185 1811
f 2683 2467 2154
f 2683 2154 2149
f 2683 2149 2151
f 2475 2683 2151
f 2140 2185 2683
f 2683 2475 2140
f 2684 2230 1891
f 1891 2522 2684
f 2684 2522 2487
f 2230 2684 1823
f 2684 2468 1823
f 2685 2468 2684
f 2684 2487 2685
f 1817 2468 2686
f 2686 2468 2685
f 1818 1817 2686
f 2686 2687 1818
f 2194 2688 2195
f 2688 2194 2472
f 1408 2469 2688
f 2688 2469 2195
f 2688 1406 1408
f 2688 2472 1406
f 2689 2472 2194
f 79 2690 495
f 2690 79 78
f 1354 495 2690
f 2690 1412 1354
f 86 1412 2690
f 1381 1430 2690
f 2690 1199 1381
f 2690 78 1199
f 188 78 2
f 2476 2 78
f 2691 80 188
f 2203 80 2691
f 188 2 2691
f 2691 2 2476
f 2691 2476 2478
f 1846 2203 2691
f 2691 2478 1846
f 2692 2693 2694
f 2695 1852 2473
f 2695 2479 1852
f 2479 2696 2697
f 2696 2479 2695
f 2696 2695 2473
f 2696 2693 2692
f 2697 2489 2698
f 2698 2489 1851
f 2699 1856 1858
f 2210 2700 1895
f 2700 2484 1895
f 2484 2700 2482
f 2701 25 293
f 2702 2701 293
f 2701 192 25
f 2701 2700 2210
f 2701 2702 2700
f 2210 2523 2701
f 86 192 2701
f 2701 2523 86
f 2700 2703 2482
f 2703 2700 2702
f 2704 2705 2703
f 2704 2703 2702
f 2706 2707 2197
f 1818 2687 2706
f 2706 2471 1818
f 2193 2471 2706
f 2197 1820 2706
f 1820 2193 2706
f 2708 2194 2197
f 2707 2708 2197
f 2709 1857 1856
f 2709 2710 1857
f 2709 1856 2711
f 2709 2712 2710
f 2713 1324 2714
f 2715 2483 2482
f 2715 2716 2483
f 2482 2703 2715
f 2717 1888 1887
f 2490 2717 1887
f 781 2491 2718
f 2718 2490 781
f 2718 2491 1886
f 2718 1886 2490
f 204 2493 2719
f 2719 2493 1866
f 4 204 2719
f 2719 1866 4
f 2720 2495 2224
f 2720 2529 2528
f 2720 2528 2233
f 2720 2233 1414
f 1414 2495 2720
f 2229 2721 1890
f 2721 2495 1890
f 2721 2348 2224
f 2721 2224 2495
f 1902 2504 2722
f 1903 1902 2722
f 2503 2723 2722
f 2722 2504 2503
f 2722 2526 1903
f 2526 2722 2723
f 2724 2501 2529
f 2720 2724 2529
f 2724 2720 2224
f 2724 2224 2223
f 2496 2504 2725
f 2725 2501 2496
f 2501 2725 2529
f 2725 2504 1902
f 2725 2234 2529
f 2234 2725 1902
f 2726 2506 2507
f 1574 1876 2726
f 2726 2507 1574
f 2726 1876 1585
f 2726 1585 2506
f 2227 2509 2727
f 1881 2227 2727
f 2727 2226 1879
f 2727 2509 2226
f 2727 1879 1680
f 2727 1680 1677
f 1677 1675 2727
f 1675 1881 2727
f 2515 2728 1574
f 2728 2729 1574
f 2730 2512 1574
f 2729 2730 1574
f 2731 2509 1883
f 1883 2513 2731
f 2509 2731 1588
f 2731 1886 1588
f 2732 2514 2516
f 2732 2517 1888
f 2516 2517 2732
f 2732 1888 2515
f 2515 2514 2732
f 33 86 2232
f 33 34 86
f 2232 34 33
f 1412 34 181
f 181 2232 180
f 181 34 2232
f 2223 2525 2733
f 2497 2501 2733
f 2500 2497 2733
f 2733 2525 2500
f 2733 2724 2223
f 2724 2733 2501
f 2734 2723 2503
f 2503 2235 2734
f 2235 2238 2734
f 2238 2527 2734
f 2735 2527 1899
f 2735 1899 1898
f 2735 1926 1812
f 1898 1926 2735
f 2242 2270 2736
f 1601 2242 2736
f 2737 1910 1607
f 1607 2533 2737
f 2737 1932 1910
f 2737 2533 1932
f 2738 2537 2538
f 2738 2076 2078
f 2739 2541 2540
f 1611 1925 2739
f 2739 2540 1611
f 2740 2077 2076
f 2542 2740 2076
f 2252 2541 2741
f 2541 2739 2741
f 2741 2542 2252
f 2741 2740 2542
f 2742 2543 2254
f 2742 2254 2035
f 1813 2544 2743
f 1814 2743 2682
f 2743 1814 1813
f 2744 2264 2545
f 2744 2262 2264
f 1944 2262 2744
f 2744 1942 1944
f 1942 2744 1940
f 2744 2545 1940
f 2745 2545 2264
f 2258 2257 2745
f 2255 2745 2257
f 2745 2255 2545
f 2745 2265 2258
f 2264 2265 2745
f 2746 2546 1948
f 2746 2547 2546
f 2547 2746 2532
f 2746 1949 2532
f 1948 1949 2746
f 2747 2549 2169
f 2747 2169 1620
f 2549 2747 2546
f 1620 2278 2747
f 2747 2278 2546
f 2748 2550 1944
f 2748 1622 1621
f 1622 2748 1943
f 2748 1944 1943
f 1795 2749 1621
f 2749 2748 1621
f 2748 2749 2550
f 2749 1793 1624
f 2749 1624 2550
f 2167 2749 1795
f 2749 2167 1793
f 2555 2750 2326
f 2750 2555 2000
f 2750 1999 2326
f 2000 1999 2750
f 2751 2556 2000
f 2736 2751 2752
f 2000 2555 2751
f 2751 2555 1936
f 2751 1936 2676
f 2752 2751 2676
f 2753 2460 1957
f 2000 2557 2754
f 2754 2568 2000
f 2755 2301 2568
f 2756 2569 2534
f 2756 2534 1978
f 1970 2569 2756
f 1657 1973 2756
f 2756 1978 1657
f 2756 1973 1968
f 2756 1968 1970
f 2757 1981 517
f 2757 517 2310
f 2757 2575 1981
f 2574 2575 2757
f 2757 2310 2313
f 2313 2574 2757
f 1857 2710 2758
f 2758 2574 1857
f 2758 2314 2574
f 2758 2712 2314
f 2710 2712 2758
f 1130 2712 2714
f 2705 351 507
f 507 350 2705
f 350 2759 2705
f 2759 2760 2761
f 2762 2319 1983
f 2577 2762 1983
f 2763 2580 2578
f 2578 2764 2582
f 2764 2578 2579
f 2764 2581 2582
f 2579 2581 2764
f 2320 2765 1997
f 2765 2320 1786
f 1786 1785 2765
f 1785 2157 2765
f 2766 1995 2584
f 2766 2321 1995
f 2766 2334 2321
f 2331 2332 2767
f 2767 2586 2331
f 2767 2332 1363
f 1425 2767 1363
f 2767 1425 2586
f 2333 2586 2768
f 2768 2587 2333
f 2588 2768 2586
f 2769 2344 2341
f 2769 2590 2344
f 2769 2341 1646
f 1646 2590 2769
f 2770 2339 2342
f 2342 2593 2770
f 2339 2770 1645
f 2770 2593 1645
f 2771 2597 2107
f 2107 2596 2771
f 2771 2596 2351
f 2771 2351 2020
f 2771 2020 1451
f 2771 1451 2597
f 2772 1700 9
f 2772 9 5
f 2773 5 7
f 2774 2775 7
f 2599 2774 7
f 2025 2600 2776
f 1694 2776 1461
f 2776 1694 2025
f 1695 1696 2777
f 2777 2600 1695
f 2777 1696 1461
f 2776 2777 1461
f 2777 2776 2600
f 2778 2599 2022
f 2601 2778 2022
f 2779 2601 2027
f 2779 2027 1448
f 2779 1448 1446
f 2604 2780 2427
f 1761 2044 2780
f 2780 2416 1761
f 2043 2416 2780
f 2780 2604 2043
f 1615 2050 2781
f 2781 2608 1615
f 2050 2366 2781
f 2366 2607 2781
f 1741 2377 2782
f 2377 2610 2782
f 1561 1559 2783
f 2783 2619 1561
f 2784 2609 2621
f 2621 2620 2784
f 2784 2398 2370
f 2370 2609 2784
f 2785 2623 2622
f 1743 2625 2785
f 2785 2401 1743
f 2785 2622 2401
f 2786 2374 2608
f 2786 2624 2374
f 2787 1491 1695
f 1492 1491 2787
f 2788 2623 2789
f 2788 2790 2404
f 2789 2791 2788
f 2788 2791 2790
f 2623 2788 2403
f 2788 2404 2403
f 2792 2404 2790
f 2792 1695 2600
f 2792 2353 2404
f 2792 2600 2353
f 2793 2789 2623
f 2785 2793 2623
f 2793 2785 2625
f 2793 2625 2624
f 2793 2786 2789
f 2624 2786 2793
f 2627 2794 2110
f 2629 2112 2794
f 2794 2413 2629
f 2794 2627 2413
f 2112 2111 2794
f 2794 2111 2110
f 2795 2420 2632
f 2795 2634 2420
f 1758 2634 2795
f 2795 2632 2630
f 2795 2415 1758
f 2795 2630 2415
f 2796 2431 2430
f 2430 2637 2796
f 2796 2637 2636
f 2116 2431 2796
f 2796 2636 2116
f 2797 2637 2118
f 2797 2118 2117
f 2117 2461 2797
f 2797 2679 2640
f 2679 2797 2461
f 2798 2425 2119
f 2638 2798 2119
f 2798 2638 2430
f 2799 2645 2045
f 2643 2645 2799
f 2363 2799 2045
f 2799 2363 2641
f 2799 2644 2643
f 2799 2641 2644
f 2800 2426 2049
f 2800 2642 2426
f 2049 2047 2800
f 2800 2047 2642
f 2801 2644 2641
f 2801 2641 2084
f 2801 2084 2086
f 2801 2086 2048
f 2048 2049 2801
f 2049 2644 2801
f 2645 2802 2045
f 2802 1514 2045
f 2802 2365 1514
f 2802 2645 2427
f 2803 1783 1394
f 2803 2136 1783
f 2655 2804 2672
f 2804 2670 2672
f 2805 2650 2439
f 2805 2804 2655
f 2435 2650 2805
f 2805 2655 2435
f 2805 2439 2673
f 2804 2805 2673
f 2134 2436 2806
f 2806 2656 2134
f 2806 2436 2655
f 2806 2655 2672
f 2807 2654 2649
f 2656 2807 2649
f 2807 2808 2654
f 2809 2577 1986
f 1986 2658 2809
f 2810 2658 2445
f 2810 2580 2762
f 2810 2809 2658
f 2810 2762 2577
f 2577 2809 2810
f 2661 2808 2811
f 2807 2811 2808
f 2812 2446 2136
f 2808 2812 2654
f 2813 2449 2142
f 2659 2813 2142
f 2813 2659 2661
f 2449 2813 2671
f 2661 2811 2813
f 2813 2811 2671
f 2814 2443 2442
f 2814 2446 2664
f 2814 2442 2137
f 2446 2814 2137
f 2815 2664 2663
f 2666 2443 2815
f 2815 2443 2814
f 2815 2814 2664
f 2816 2664 2446
f 2816 2808 2661
f 2816 2661 2660
f 2816 2660 2664
f 2812 2816 2446
f 2816 2812 2808
f 2817 2453 2261
f 2665 2817 2261
f 2817 2665 2666
f 2817 2663 2453
f 2666 2815 2817
f 2817 2815 2663
f 2818 2667 2317
f 2818 2443 2666
f 2818 2666 2450
f 2667 2818 2450
f 2818 2317 2441
f 2441 2443 2818
f 2819 2673 2155
f 2819 2448 2670
f 2819 2804 2673
f 2670 2804 2819
f 2819 2454 2448
f 2454 2819 2155
f 2820 2735 1812
f 2527 2735 2820
f 1812 1814 2820
f 2681 2820 1814
f 2821 2723 2734
f 2821 2734 2527
f 2527 2820 2821
f 2822 2689 2194
f 2708 2822 2194
f 2822 2708 2823
f 2824 2474 2472
f 2689 2824 2472
f 2825 2826 2692
f 2696 2826 2697
f 2826 2696 2692
f 2827 2692 2694
f 2827 2825 2692
f 2828 2696 2473
f 2828 2693 2696
f 2473 2474 2828
f 2474 2824 2828
f 2828 2824 2693
f 2829 2479 2697
f 2697 2698 2829
f 2829 1851 2479
f 2829 2698 1851
f 2830 1858 2489
f 2830 2699 1858
f 2830 2489 2697
f 2699 2830 2697
f 349 351 2705
f 2704 349 2705
f 509 2702 293
f 509 2704 2702
f 2831 2706 2687
f 2831 2707 2706
f 2687 2686 2831
f 2831 2686 2685
f 2832 2481 2823
f 2708 2832 2823
f 2832 2484 2481
f 1896 2484 2832
f 2833 2711 2834
f 2835 1856 2699
f 2835 2699 2697
f 2836 2709 2711
f 2836 2711 2833
f 2694 2716 2837
f 2837 2827 2694
f 2837 2838 2827
f 1324 2713 2839
f 2840 2839 2713
f 2841 2715 2703
f 2841 2703 2705
f 2841 2705 2759
f 2841 2759 2761
f 2842 1870 2215
f 2842 2721 2229
f 2842 2215 2348
f 2842 2348 2721
f 1871 1870 2842
f 2842 2229 1871
f 2843 2730 2729
f 2843 2844 2513
f 2512 2730 2843
f 2843 1885 2511
f 2843 2511 2512
f 1885 2843 1582
f 2843 2513 1582
f 2729 2728 2845
f 2845 2843 2729
f 2843 2845 2844
f 2845 2728 2515
f 2845 2515 1888
f 2845 1888 2844
f 2846 2731 2513
f 2513 2844 2846
f 2731 2846 1886
f 2846 2490 1886
f 2846 2717 2490
f 1888 2717 2846
f 2846 2844 1888
f 1412 181 2847
f 2847 181 180
f 2847 179 1412
f 2847 180 179
f 2848 2736 2752
f 2848 2285 1633
f 1633 2530 2848
f 1959 2285 2848
f 1956 1959 2848
f 2848 2273 1956
f 2848 2676 2273
f 2848 2752 2676
f 2537 2738 2849
f 2849 2073 2074
f 2074 2537 2849
f 2079 2073 2849
f 2849 2078 2079
f 2849 2738 2078
f 2850 2539 1924
f 2076 2738 2850
f 2538 2539 2850
f 2850 2738 2538
f 2850 1924 2542
f 2850 2542 2076
f 2851 2373 2077
f 2740 2851 2077
f 2852 2741 2739
f 1925 2543 2852
f 2852 2739 1925
f 2543 2851 2852
f 2740 2741 2852
f 2852 2851 2740
f 2853 2742 2035
f 2035 1915 2853
f 1915 2536 2853
f 2853 2536 2248
f 2853 2248 2372
f 2742 2853 2372
f 2854 2148 2682
f 2682 2743 2854
f 2854 2146 2148
f 2260 2146 2854
f 2556 2751 2855
f 2855 2751 2736
f 2855 2270 2556
f 2855 2736 2270
f 2856 2559 2460
f 2460 2753 2856
f 2559 2856 2274
f 2856 2753 2274
f 1957 2272 2857
f 2857 2753 1957
f 2857 2272 2274
f 2857 2274 2753
f 2858 2569 2301
f 2755 2858 2301
f 2858 2534 2569
f 2858 2755 2534
f 2859 2568 2754
f 2859 2754 2557
f 2533 2859 1932
f 2859 2533 2244
f 2860 2755 2244
f 2755 2860 2534
f 2860 2244 2245
f 2860 2245 1979
f 2534 2860 1979
f 2714 1324 1292
f 1292 1130 2714
f 780 1660 1292
f 1292 1430 780
f 1292 2690 1430
f 2712 1230 2314
f 1130 1230 2712
f 1230 989 2314
f 1230 1660 989
f 2861 2582 2319
f 2319 2763 2861
f 2861 2578 2582
f 2861 2763 2578
f 2862 2762 2580
f 2763 2862 2580
f 2319 2762 2862
f 2862 2763 2319
f 2003 2584 2863
f 2863 2157 2003
f 2863 2765 2157
f 2765 2863 1997
f 2863 1996 1997
f 2863 2584 1996
f 2864 2584 2003
f 2864 2766 2584
f 2864 2003 2005
f 2865 2329 2587
f 2768 2865 2587
f 2866 2772 5
f 2775 2867 7
f 2867 2773 7
f 2868 2869 5
f 2773 2868 5
f 2870 2397 1741
f 2782 2870 1741
f 2870 2395 1921
f 2870 1921 2397
f 2871 2477 1847
f 2477 2871 2478
f 2872 1559 1558
f 2872 2783 1559
f 1558 1846 2872
f 2872 2871 2783
f 1846 2478 2872
f 2478 2871 2872
f 2873 2394 2619
f 2873 2619 2783
f 2871 2873 2783
f 2873 2871 1847
f 2874 2784 2620
f 2874 2399 2079
f 2874 2620 2399
f 2079 2080 2874
f 2080 2398 2874
f 2874 2398 2784
f 2781 2875 2608
f 2875 2786 2608
f 2875 2791 2789
f 2875 2789 2786
f 2876 2787 1695
f 2792 2876 1695
f 2876 2792 2790
f 1492 2787 2876
f 2797 2877 2637
f 2877 2423 2410
f 2877 2640 2423
f 2877 2797 2640
f 2424 2877 2410
f 2637 2877 2424
f 2425 2798 2878
f 2878 2647 2425
f 2879 2044 1760
f 2879 2802 2427
f 2879 2780 2044
f 2780 2879 2427
f 2136 2803 2880
f 2880 2812 2136
f 2880 2654 2812
f 2135 2653 2880
f 2654 2880 2653
f 1394 2135 2880
f 2880 2803 1394
f 2881 2806 2672
f 2881 2811 2807
f 2806 2881 2656
f 2881 2807 2656
f 2672 2671 2881
f 2671 2811 2881
f 2882 2810 2445
f 2882 2657 2316
f 2445 2657 2882
f 2316 2580 2882
f 2810 2882 2580
f 2883 2181 1810
f 1810 2526 2883
f 2883 2526 2723
f 2723 2821 2883
f 2884 2820 2681
f 2884 2821 2820
f 2884 2883 2821
f 2884 2681 2467
f 2884 2467 2181
f 2181 2883 2884
f 2689 2822 2885
f 2885 2824 2689
f 2885 2822 2823
f 2886 2694 2693
f 2824 2886 2693
f 2885 2886 2824
f 2704 509 294
f 2485 2887 2487
f 2887 2485 2211
f 2831 2887 2707
f 2888 2713 2889
f 2888 2840 2713
f 2890 2888 2889
f 2697 2826 2891
f 2891 2826 2825
f 2891 2711 1856
f 2892 2889 2836
f 2892 2836 2833
f 2892 2890 2889
f 2890 2892 2833
f 2893 2713 2714
f 2889 2713 2893
f 2709 2836 2894
f 2894 2714 2712
f 2894 2712 2709
f 2894 2893 2714
f 2894 2836 2889
f 2889 2893 2894
f 2895 2838 2837
f 2896 199 2839
f 2840 2896 2839
f 2897 2848 2530
f 2897 2530 1601
f 2898 2851 2543
f 2898 2742 2372
f 2742 2898 2543
f 2371 2898 2372
f 2373 2898 2371
f 2898 2373 2851
f 2260 2854 2899
f 2899 2256 2260
f 2257 2256 2899
f 2899 2544 2257
f 2899 2743 2544
f 2899 2854 2743
f 2900 2557 2271
f 1932 2900 2271
f 2901 2755 2568
f 2859 2901 2568
f 2244 2755 2901
f 2901 2859 2244
f 1292 2902 1130
f 2902 1230 1130
f 2902 1292 1660
f 1660 1230 2902
f 771 507 351
f 350 507 771
f 771 2759 350
f 771 2760 2759
f 771 772 2760
f 2865 2903 2329
f 2561 2328 2903
f 2328 2329 2903
f 2903 2005 2561
f 2903 2864 2005
f 2904 2766 2864
f 2864 2903 2904
f 2904 2903 2865
f 2766 2904 2334
f 5 2869 2905
f 2905 2866 5
f 2906 2782 2610
f 2906 2870 2782
f 2906 2610 1729
f 2395 2870 2906
f 1729 2391 2906
f 2391 2395 2906
f 2907 2873 1847
f 2907 1847 1843
f 2067 2394 2907
f 2873 2907 2394
f 1843 2066 2907
f 2907 2066 2067
f 2908 2875 2781
f 2908 2607 2606
f 2908 2781 2607
f 2791 2875 2908
f 2909 2908 2606
f 2908 2909 2791
f 2909 2606 1497
f 2909 2790 2791
f 2909 2876 2790
f 1492 2909 1497
f 2876 2909 1492
f 2910 2430 2647
f 2910 2647 2878
f 2910 2798 2430
f 2910 2878 2798
f 2911 2365 2802
f 2912 2885 2823
f 2912 2481 2483
f 2912 2823 2481
f 2912 2886 2885
f 570 349 2704
f 2704 294 570
f 351 349 570
f 570 294 509
f 570 509 293
f 293 86 570
f 86 2690 570
f 570 2690 1292
f 2913 2831 2685
f 2913 2887 2831
f 2913 2685 2487
f 2887 2913 2487
f 1896 2832 2914
f 2914 2211 1896
f 2914 2887 2211
f 2887 2914 2707
f 2914 2708 2707
f 2914 2832 2708
f 2825 2827 2915
f 2834 2825 2915
f 2915 2827 2838
f 2890 2915 2838
f 2915 2833 2834
f 2915 2890 2833
f 2916 2835 2697
f 2697 2891 2916
f 2835 2916 1856
f 2916 2891 1856
f 2917 2825 2834
f 2917 2891 2825
f 2711 2917 2834
f 2917 2711 2891
f 2918 2895 2761
f 2918 2896 2840
f 2761 2760 2918
f 2760 2896 2918
f 2895 2919 2838
f 2919 2890 2838
f 2919 2888 2890
f 2840 2888 2919
f 2919 2918 2840
f 2919 2895 2918
f 2920 2837 2716
f 2920 2895 2837
f 2716 2715 2920
f 2761 2895 2920
f 2920 2841 2761
f 2715 2841 2920
f 197 2839 199
f 197 196 2839
f 197 771 351
f 351 570 197
f 197 570 1292
f 199 772 197
f 772 771 197
f 1324 2839 485
f 2839 196 485
f 196 197 485
f 485 1292 1324
f 485 197 1292
f 2760 772 15
f 15 772 199
f 2921 2736 2848
f 2848 2897 2921
f 2736 2921 1601
f 2921 2897 1601
f 2922 2859 2557
f 2557 2900 2922
f 2859 2922 1932
f 2922 2900 1932
f 2904 2923 2334
f 2923 2589 2334
f 2588 2589 2923
f 2923 2768 2588
f 2923 2865 2768
f 2923 2904 2865
f 2802 2879 2924
f 2924 2911 2802
f 2924 2365 2911
f 2886 2925 2694
f 2912 2925 2886
f 2925 2716 2694
f 2483 2716 2925
f 2925 2912 2483
f 88 2896 2760
f 2760 15 88
f 2896 88 199
f 88 15 199
f 2926 2924 2879
f 2926 2879 1760
f 2926 2123 1515
f 1760 1759 2926
f 2926 1759 2123
f 2926 1515 2365
f 2924 2926 2365
f 2905 1446 1360
f 2905 1371 1365
f 1360 1371 2905
f 2905 2358 2032
f 2905 2029 1700
f 1365 1865 2905
f 1865 2213 2905
f 2905 2779 1446
f 2905 2032 2031
f 2031 2029 2905
f 2905 2359 2357
f 2213 2492 2905
f 2779 2905 2601
f 2357 2358 2905
f 2030 2359 2905
f 2905 2492 2030
f 2905 2774 2599
f 2773 2867 2905
f 2905 2778 2601
f 1700 2772 2905
f 2772 2866 2905
f 2775 2774 2905
f 2599 2778 2905
f 2905 2868 2773
f 2905 2867 2775
f 2869 2868 2905

