# https://github.com/mikedh/trimesh
v 0.03097455 0.03534492 0.01083639
v 0.03096606 0.03725331 -0.01182305
v 0.00855415 0.05722866 -0.01196697
v 0.00853563 0.05723735 -0.01199941
v 0.00855433 0.05722030 -0.01193579
v 0.02542028 -0.03631468 -0.06756011
v 0.02798723 -0.03179008 -0.07224355
v 0.02929623 -0.03327407 -0.06756201
v 0.04689403 -0.00310422 0.01083639
v 0.04821979 -0.00279839 -0.01190582
v 0.04829267 -0.00079687 -0.01183815
v 0.03255347 0.03578128 -0.01182487
v 0.03399283 0.03434672 -0.01199996
v 0.03408860 0.03425483 -0.01182623
v 0.03798639 0.02982215 -0.01199993
v 0.03810713 0.02796433 -0.05799816
v 0.03620947 0.03038335 -0.05800000
v 0.03532742 0.03099451 0.01083639
v 0.03323166 0.03323166 0.01083639
v 0.03699376 0.03104145 -0.01172264
v -0.05370678 0.00205510 -0.06081596
v -0.05075917 -0.00303627 -0.06354268
v -0.05225831 -0.00277297 -0.06074077
v 0.00842384 0.05704073 -0.01126561
v 0.00856862 0.05713339 -0.01161143
v -0.04153507 0.04841145 -0.06453840
v -0.04377158 0.05103989 -0.06135881
v -0.03951854 0.04977864 -0.06453543
v 0.04018433 0.02678430 -0.01199993
v 0.04005041 0.02509765 -0.05799412
v 0.04081848 0.02581775 -0.01184803
v 0.02633368 -0.03762856 -0.06275494
v 0.02730533 0.03472754 -0.06832317
v 0.02447570 0.03962879 -0.06318181
v 0.02831755 0.03654991 -0.06308821
v 0.04687507 -0.00310296 0.01089186
v 0.04657575 -0.00613181 0.01089186
v 0.04670056 -0.00529698 0.01080000
v 0.03098783 0.03723117 -0.01200031
v 0.03854248 0.02911087 -0.01184844
v 0.03699479 0.03104231 -0.01199994
v -0.05765354 0.01054528 -0.01183156
v -0.05824102 0.01348972 -0.01199972
v -0.05637738 0.00772418 -0.05800683
v -0.05763430 0.01047343 -0.01164536
v -0.05696319 0.00761808 -0.01199980
v -0.03566553 0.03826854 -0.07222968
v -0.03556142 0.03226716 -0.07428288
v -0.03852047 0.03520202 -0.07220901
v -0.03285519 0.03514756 -0.07429723
v -0.04572948 0.04944298 -0.06135690
v -0.04668510 0.05268703 -0.05799915
v -0.06157261 0.04224941 -0.01162932
v -0.05807187 0.02057273 -0.05800059
v -0.06104853 0.03437907 -0.01182583
v -0.06113112 0.05819242 -0.01556380
v -0.05671204 0.03585008 -0.05799991
v -0.05743126 0.03231798 -0.05800013
v -0.04906657 -0.00325352 -0.06624711
v -0.04762711 -0.00765011 -0.06611025
v -0.05205201 0.00161461 -0.06366443
v -0.05020207 0.00120183 -0.06638732
v -0.01618233 -0.03879859 -0.07221394
v -0.01188642 -0.03806416 -0.07644313
v -0.01183416 -0.04038936 -0.07220566
v -0.03968922 -0.01442127 -0.07352978
v -0.03599955 -0.01715439 -0.07668520
v -0.03846870 -0.01824523 -0.07251304
v -0.03551244 -0.01791268 -0.07680555
v -0.03541239 -0.01785986 -0.07694662
v -0.03444504 -0.02009231 -0.07659800
v -0.04321045 -0.01991023 -0.06282066
v -0.04103605 -0.01916350 -0.06776597
v -0.03856231 -0.02301782 -0.06766596
v -0.04639751 -0.01947221 -0.01173770
v -0.04740798 -0.01769972 -0.01194451
v -0.04640660 -0.01946261 -0.01183120
v -0.04638100 -0.01947910 -0.01164431
v -0.04834871 -0.01597637 -0.01164539
v -0.01788455 -0.04346339 0.01080919
v -0.02037729 -0.04379947 -0.01182835
v -0.01853224 -0.04459908 -0.01194521
v -0.00099336 -0.04829235 -0.01182899
v 0.00037077 -0.04699854 0.01080000
v 0.00008828 -0.04699658 0.01083639
v 0.00922911 -0.04608155 0.01083639
v 0.00790506 -0.04633044 0.01080000
v 0.00896543 -0.04746087 -0.01192936
v -0.03801265 -0.03072254 -0.01194481
v -0.03363862 -0.03282443 0.01080000
v -0.03935463 -0.02924288 -0.01173516
v -0.03370112 -0.03494389 -0.01173390
v -0.02920949 -0.03681700 0.01083639
v -0.03149439 -0.03488251 0.01083639
v -0.03217417 -0.03624151 -0.01194475
v -0.03518298 -0.03357804 -0.01194484
v -0.06199488 0.05718106 -0.01178933
v -0.06262948 0.05606982 -0.00764213
v -0.05811732 0.02463190 -0.05800124
v 0.00856821 0.05720133 -0.01186498
v 0.00854008 0.05710128 -0.01149159
v -0.04166184 0.05243666 -0.06135697
v -0.04459933 0.05417929 -0.05800003
v -0.04850122 0.06397520 -0.03714542
v -0.04681771 0.06436487 -0.03859966
v -0.06236535 0.05579595 -0.00662001
v -0.03848770 0.05379395 0.00085155
v -0.01067970 0.06470319 -0.03986231
v 0.00136868 0.05406431 -0.05801073
v -0.01132494 0.06480815 -0.04025403
v -0.03517373 0.05196613 -0.06451198
v -0.03471764 0.05544211 -0.06133001
v -0.03055940 0.05347798 -0.06446726
v -0.04095456 0.04413523 -0.06738368
v -0.04341168 0.04686337 -0.06453536
v -0.03724923 0.04696100 -0.06738372
v -0.03486175 0.04399503 -0.06993680
v -0.03312748 0.04913490 -0.06735697
v -0.02976357 0.03766334 -0.07429713
v -0.03236393 0.04089204 -0.07222961
v -0.03836891 0.04126736 -0.06993681
v -0.02684331 0.04775649 -0.06986222
v -0.03097469 0.04614851 -0.06991114
v -0.03307290 -0.02142674 -0.07714678
v -0.03530373 -0.01780248 -0.07708212
v -0.03518682 -0.01774076 -0.07721107
v -0.02066063 -0.03090986 -0.07800000
v -0.01998361 -0.03181457 -0.07797451
v -0.02332333 -0.02946225 -0.07797452
v -0.03464757 -0.01745604 -0.07764383
v -0.03434521 -0.01729639 -0.07780045
v -0.03225947 -0.02088429 -0.07778396
v -0.03595886 -0.01345371 -0.07785656
v -0.03403042 -0.01713019 -0.07791234
v -0.03255377 -0.02108055 -0.07761428
v -0.03493023 -0.01760528 -0.07744567
v 0.01136952 -0.04070773 -0.07222427
v 0.01329343 -0.03760426 -0.07658409
v 0.01590347 -0.03918143 -0.07223210
v 0.01198373 -0.04264480 -0.06751180
v 0.00713536 -0.04371891 -0.06748835
v 0.01669548 -0.04103240 -0.06753294
v -0.01517384 -0.03684790 -0.07643211
v -0.01285839 -0.04656256 -0.01182860
v -0.01131673 -0.04694884 -0.01200034
v -0.01203568 -0.04542938 0.01083639
v 0.00240823 -0.04592938 -0.06264763
v -0.00117660 -0.04725320 -0.05799948
v -0.00268756 -0.04593587 -0.06262068
v 0.03293972 -0.01759447 -0.07800000
v 0.03486208 -0.01438930 -0.07797685
v 0.03309242 -0.01808974 -0.07797719
v 0.04298973 0.01651343 -0.06255774
v 0.04314649 0.01929051 -0.05799109
v 0.04442602 0.01613121 -0.05799337
v 0.04091886 0.02115811 -0.06257133
v 0.04161986 0.02239531 -0.05799129
v 0.04212809 0.02361019 -0.01199992
v 0.04051654 0.02382036 0.01080000
v 0.04539529 0.01216363 0.01083639
v 0.04642574 0.01329932 -0.01199991
v 0.04591841 0.01497380 -0.01184484
v 0.04700091 0.01111877 -0.01184332
v 0.04659460 0.00613430 0.01083639
v 0.04791930 0.00599641 -0.01199990
v 0.04776062 0.00718733 -0.01184168
v 0.04819198 0.00320624 -0.01183993
v 0.04694549 0.00226291 0.01080000
v 0.04823896 0.00227959 -0.01199989
v 0.04827091 -0.00145399 -0.01199989
v 0.03398865 -0.03088444 -0.06274937
v 0.03035276 -0.03447029 -0.06275707
v 0.03582728 -0.03082462 -0.05799104
v 0.03552455 -0.03117356 -0.05799163
v 0.04521824 -0.00840493 -0.06262936
v 0.04566297 -0.01221325 -0.05800004
v 0.04400046 -0.01332209 -0.06265754
v 0.04661572 -0.01266377 -0.01190283
v 0.04750267 -0.00875921 -0.01190397
v 0.04157467 -0.02248036 -0.05799231
v 0.04224476 -0.01808509 -0.06268563
v 0.04323769 -0.01909387 -0.05799668
v 0.04070341 -0.01748062 -0.06749624
v 0.02023540 -0.03716290 -0.07223868
v 0.02119855 -0.03891113 -0.06754974
v 0.02827036 -0.03788170 -0.05799939
v 0.02908859 0.02978055 -0.07326955
v 0.02604499 0.03255397 -0.07333137
v 0.02680437 0.03953518 -0.05800352
v -0.01252559 0.04710855 -0.07195166
v -0.01818387 0.04954442 -0.06970531
v -0.01377380 0.04981406 -0.06960265
v -0.01960168 0.05225756 -0.06714245
v 0.02327249 0.03237506 -0.07657587
v 0.02278639 0.03506053 -0.07340040
v 0.02373475 0.03753957 -0.06843182
v 0.01997982 0.04008187 -0.06855188
v 0.04526045 0.01684446 -0.01199991
v 0.04452081 0.01872586 -0.01184616
v 0.04381292 0.01701258 0.01080000
v 0.04382478 0.02028932 -0.01199992
v -0.05901342 0.01812788 -0.01127642
v -0.04648696 -0.00682956 0.01087362
v -0.06005304 0.02586177 -0.01109627
v -0.05228409 -0.00560819 -0.05800280
v -0.05395385 -0.00105389 -0.05800740
v -0.05453897 -0.00107732 -0.01194309
v -0.05391830 -0.00293330 -0.01200019
v -0.05491000 0.00209855 -0.05800817
v -0.04196255 -0.01489910 -0.07000198
v -0.05175573 -0.00870130 -0.01164694
v -0.05016338 -0.01234929 -0.01183240
v -0.05013729 -0.01237860 -0.01164630
v -0.04928543 -0.01413883 -0.01194444
v -0.05098774 -0.01049061 -0.01194427
v -0.04663929 0.03684398 -0.06730784
v -0.04929360 0.03919255 -0.06446873
v -0.04668123 0.04327726 -0.06451233
v -0.04409399 0.04071303 -0.06735750
v -0.04383971 0.03437762 -0.06986429
v -0.05126089 0.03478154 -0.06440691
v -0.04860111 0.03267706 -0.06723739
v -0.05003559 0.02831806 -0.06714882
v -0.04658450 0.05275900 -0.05799919
v -0.05777397 0.01644692 -0.05800108
v -0.06026031 0.02639572 -0.01182841
v -0.06104666 0.03426627 -0.01163526
v -0.06025174 0.02629583 -0.01163966
v -0.06101622 0.03412053 -0.01144793
v -0.05787968 0.01791099 -0.05800091
v -0.05670078 0.00945199 -0.05800560
v -0.05724840 0.01237779 -0.05800350
v -0.05934204 0.01979384 -0.01199979
v -0.05914872 0.01844235 -0.01183019
v -0.03986681 -0.00161631 -0.07726183
v -0.04414834 0.00367624 -0.07381587
v -0.04167031 0.00288023 -0.07592916
v -0.04149757 -0.00064455 -0.07588714
v -0.04675926 0.00843390 -0.07165627
v -0.04655439 0.00439805 -0.07154382
v -0.04395003 0.01119950 -0.07397164
v -0.04419667 0.00744794 -0.07389536
v -0.04665792 0.01246146 -0.07176449
v -0.04623684 0.01646844 -0.07186640
v -0.06001078 0.05917412 -0.01922752
v -0.05580642 0.03899374 -0.05799931
v -0.05508783 0.03192556 -0.06122849
v -0.05706941 0.03409502 -0.05800002
v -0.05787627 0.02883029 -0.05800062
v -0.05788460 0.02876501 -0.05800063
v -0.06122816 0.05808713 -0.01517082
v -0.03403380 -0.03149173 -0.06262153
v -0.03740757 -0.02786199 -0.06267237
v -0.03263190 -0.03015579 -0.06751435
v -0.02916072 -0.03336085 -0.06746566
v -0.04120148 -0.02432849 -0.06028633
v -0.03942877 -0.02741903 -0.05800480
v -0.04234264 -0.02370303 -0.05800547
v -0.04046441 -0.02398914 -0.06273948
v -0.02031116 -0.03676708 -0.07222884
v -0.01811641 -0.03547393 -0.07642432
v -0.02126843 -0.03879279 -0.06741498
v -0.02771906 -0.03157805 -0.07228305
v -0.02416976 -0.03433843 -0.07225151
v -0.03093147 -0.02854227 -0.07232460
v -0.02228658 -0.04113336 -0.06018594
v -0.01747563 -0.04262229 -0.06256460
v -0.01785836 -0.04376313 -0.05799755
v -0.01689954 -0.04410950 -0.05799730
v -0.01424854 -0.04506717 -0.05799660
v -0.04425110 -0.02285906 -0.01183054
v -0.04470751 -0.02026279 -0.05800306
v -0.04491904 -0.01995507 -0.05800285
v -0.04407369 -0.02015239 -0.06033471
v -0.04650820 -0.01578192 -0.06077307
v -0.04534732 -0.01561052 -0.06360521
v -0.04534674 -0.02115677 -0.01194454
v -0.04309532 -0.02449204 -0.01194458
v -0.04821126 -0.01436293 -0.05800072
v -0.04837474 -0.01595361 -0.01183185
v -0.02393881 -0.04195621 -0.01187548
v -0.02217890 -0.04291891 -0.01189936
v -0.02393864 -0.04195588 -0.01182794
v -0.02037687 -0.04379986 -0.01189962
v -0.00298114 -0.04690202 0.01083639
v 0.00500558 -0.04803980 -0.01192950
v 0.00583566 -0.04690630 -0.05799970
v 0.00699131 -0.04779549 -0.01190023
v 0.00906367 -0.04639056 -0.05799931
v 0.01514893 -0.04448353 0.01085503
v 0.01220512 -0.04537961 0.01085503
v 0.01220626 -0.04538384 0.01083639
v 0.01220348 -0.04537351 0.01087362
v -0.03936403 -0.02923763 -0.01187657
v -0.03694306 -0.03022217 -0.05800219
v -0.04065075 -0.02768710 -0.01194468
v -0.03561521 -0.03066339 0.01083639
v -0.04189523 -0.02612929 -0.01173593
v -0.03745084 -0.02839227 0.01083639
v -0.03662859 -0.03218691 -0.01182900
v -0.03662135 -0.03218710 -0.01173451
v -0.06144455 0.05563074 -0.00600344
v -0.03742561 0.05366409 0.00133618
v -0.03624051 0.05354851 0.00176753
v -0.06160856 0.05564042 -0.00603960
v -0.06263403 0.05604370 -0.00754465
v -0.06263425 0.05603460 -0.00751068
v -0.05739142 0.06079873 -0.02529068
v -0.05743131 0.06077848 -0.02521509
v -0.05862708 0.06011994 -0.02275739
v -0.01965094 0.05359187 0.00160572
v -0.02042300 0.05351107 0.00190725
v -0.02027779 0.05352220 0.00186574
v 0.02349614 0.04069651 0.01085503
v 0.02480574 0.03992086 0.01080000
v 0.00849022 0.05707039 -0.01137631
v 0.01798075 0.04340937 0.01087362
v 0.02075395 0.04215393 0.01087362
v -0.00161218 0.06265833 -0.03223079
v -0.02415617 0.06595821 -0.04454610
v -0.02854557 0.05322699 0.00296747
v -0.00353767 0.05575129 -0.05800676
v -0.01439784 0.06522150 -0.04179667
v -0.04093741 0.06532167 -0.04217051
v -0.04398144 0.06489105 -0.04056341
v -0.01758905 0.06555019 -0.04302337
v -0.03943168 0.05363066 -0.06135143
v -0.03454754 0.06585988 -0.04417912
v -0.03456733 0.05822115 -0.05800049
v -0.03704711 0.06569442 -0.04356164
v -0.03439343 0.06587058 -0.04421910
v -0.03772641 0.06564806 -0.04338863
v -0.03944198 0.06547731 -0.04275139
v 0.02653989 -0.02879793 -0.07742487
v 0.02673873 -0.02901267 -0.07718184
v 0.02344571 -0.03172847 -0.07718196
v 0.02583776 -0.02803964 -0.07790910
v 0.02843273 -0.02482283 -0.07797763
v 0.02871185 -0.02506386 -0.07790870
v 0.02608388 -0.02830545 -0.07779295
v 0.01970297 -0.03381530 -0.07742263
v 0.01984879 -0.03406935 -0.07717869
v 0.01590497 -0.03574141 -0.07741763
v 0.00366719 -0.03954189 -0.07684033
v 0.00794414 -0.03888772 -0.07686206
v 0.00717780 -0.03925669 -0.07655085
v 0.01195131 -0.03725311 -0.07740986
v 0.01204117 -0.03753340 -0.07716078
v 0.00783325 -0.03834741 -0.07739954
v 0.01643577 -0.03634088 -0.07659707
v 0.01577387 -0.03544381 -0.07762573
v -0.03553951 -0.01328316 -0.07796392
v -0.03371082 -0.01696145 -0.07797850
v -0.03672670 -0.01376600 -0.07743993
v -0.03282714 -0.02126284 -0.07739988
v -0.03006627 -0.02447746 -0.07759291
v -0.02949676 -0.02400342 -0.07790004
v -0.02978815 -0.02424596 -0.07777205
v -0.02667343 -0.02706081 -0.07789699
v -0.03195195 -0.02067921 -0.07790520
v -0.01453125 -0.04469724 0.01080000
v 0.01598372 -0.04448191 -0.05799730
v 0.01795186 -0.04368342 -0.05799603
v 0.01949115 -0.04305891 -0.05799504
v 0.00671163 -0.04171024 -0.07221631
v 0.01733727 -0.04253330 -0.06272542
v 0.00748800 -0.04535479 -0.06267538
v 0.01185157 -0.03694201 -0.07762072
v 0.00358524 -0.03866201 -0.07760637
v 0.00361592 -0.03899140 -0.07738765
v -0.00483261 -0.03852509 -0.07759096
v -0.00061597 -0.03883183 -0.07759839
v -0.00062232 -0.03916480 -0.07737529
v -0.00487677 -0.03885721 -0.07736378
v -0.00900486 -0.03773888 -0.07758470
v -0.00062800 -0.03946256 -0.07711229
v -0.01302380 -0.03650816 -0.07758003
v -0.01289723 -0.03616412 -0.07776488
v -0.00926662 -0.03878821 -0.07645412
v -0.00871489 -0.03894070 -0.07645643
v -0.01729038 -0.03565733 -0.07675676
v -0.01559271 -0.03665232 -0.07643101
v -0.01285821 -0.04656380 -0.01187610
v -0.01285790 -0.04656373 -0.01189992
v -0.00494993 -0.03940745 -0.07679683
v -0.00723456 -0.03921629 -0.07646386
v -0.00023573 -0.04829264 -0.01200069
v -0.00099336 -0.04829390 -0.01190032
v 0.00300967 -0.04820995 -0.01190031
v 0.00236581 -0.04720860 -0.05799964
v 0.03210985 -0.02236910 -0.07741752
v 0.03184221 -0.02218431 -0.07762566
v 0.03404974 -0.01861111 -0.07762112
v 0.04195336 0.02171706 -0.05799124
v 0.03892275 0.02594499 -0.06020441
v 0.03516580 0.02950761 -0.06323685
v 0.04281710 0.02234896 -0.01184723
v 0.04215148 0.02078313 0.01083639
v 0.04597456 0.00976419 0.01080000
v 0.04731321 0.00967949 -0.01199990
v 0.04638530 0.00908934 -0.05799888
v 0.04829255 -0.00081225 -0.01188374
v 0.04806306 -0.00479466 -0.01190519
v 0.04700701 -0.00496512 -0.05800072
v 0.04806180 -0.00479441 -0.01183636
v 0.02754295 -0.02890187 -0.07661229
v 0.03131768 -0.02848860 -0.07224030
v 0.03720578 -0.02692156 -0.06273356
v 0.03627006 -0.03188832 -0.01189957
v 0.04458963 -0.01568364 -0.05799889
v 0.04267141 -0.02024703 -0.05799519
v 0.04388624 -0.02018392 -0.01190097
v 0.03852892 -0.02186176 -0.06751969
v 0.03676163 -0.02089214 -0.07222609
v 0.03425211 -0.02483583 -0.07223409
v 0.03881740 -0.01671792 -0.07221743
v 0.01936270 -0.03488234 -0.07660595
v 0.02006913 -0.03445452 -0.07660729
v 0.02230172 -0.03310242 -0.07661153
v 0.02428576 -0.03468858 -0.07224287
v 0.02503713 -0.03110036 -0.07661361
v 0.02553284 -0.03977706 -0.05799779
v 0.02197479 -0.04032636 -0.06274373
v 0.02250132 -0.04156581 -0.05799574
v 0.02667733 -0.03898465 -0.05799846
v 0.03108111 -0.03561158 -0.05799908
v 0.02999594 -0.03648803 -0.05799920
v 0.03064813 0.03164547 -0.06822856
v 0.02273015 0.04264116 -0.05800764
v 0.03052660 0.03631790 -0.05800005
v 0.02586065 0.03006626 -0.07683074
v 0.02308174 0.03224909 -0.07687974
v 0.03298862 0.02199921 -0.07677576
v 0.03039325 0.02550373 -0.07676879
v 0.03103476 0.02503287 -0.07645792
v 0.02964436 0.02487912 -0.07762745
v 0.03224308 0.02150770 -0.07758348
v 0.03193808 0.02130661 -0.07776679
v 0.03277479 0.02185824 -0.07707997
v -0.01669552 0.04668353 -0.07203717
v -0.02421316 0.05171617 -0.06723351
v -0.03227517 0.05608296 -0.06131452
v 0.01624787 0.04499611 -0.06340028
v 0.01199313 0.04587582 -0.06622065
v 0.01191123 0.04727731 -0.06352015
v -0.02640353 0.05322636 0.00296983
v -0.02493593 0.05324499 0.00290027
v -0.02267994 0.05334102 0.00254191
v 0.00301812 0.04687033 0.01090944
v 0.00612889 0.04655356 0.01092606
v 0.00301734 0.04685823 0.01092606
v -0.03426633 0.05341494 0.00226601
v -0.03558894 0.05349990 0.00194893
v -0.01794474 0.04332243 0.01097766
v -0.03606613 0.05353498 0.00181803
v -0.02082412 0.04201431 0.01097766
v -0.03280244 0.03350890 0.01097766
v -0.03481583 0.03141186 0.01097766
v 0.04070030 0.02349833 0.01083639
v 0.03907446 0.02611269 0.01083639
v 0.03728496 0.02860975 0.01083639
v 0.04656558 -0.00613048 0.01090944
v 0.04340937 -0.01798075 0.01087362
v 0.04447773 -0.01514634 0.01087362
v 0.04446987 -0.01514367 0.01089186
v 0.03653318 -0.02925007 0.01100000
v 0.03507745 -0.03085590 0.01100000
v 0.03515216 -0.03092326 0.01099919
v 0.04270912 -0.01913560 0.01100000
v 0.03986691 -0.02451264 0.01100000
v 0.04196601 -0.02075515 0.01099919
v 0.03900195 0.02606423 0.01096740
v 0.03720181 0.02854596 0.01097766
v 0.03898733 0.02605446 0.01097766
v -0.06014551 0.02602243 -0.01127181
v -0.06021326 0.02616891 -0.01145347
v -0.06256599 0.05592101 -0.00708677
v -0.05913429 0.01835622 -0.01164294
v -0.05911548 0.01830495 -0.01154993
v -0.05908884 0.01824928 -0.01145767
v -0.05758330 0.01038721 -0.01146071
v -0.05634327 0.00758478 -0.05800689
v -0.04384271 -0.01531048 -0.06668311
v -0.05323880 -0.00491459 -0.01183291
v -0.04211818 -0.02085054 0.01083639
v -0.04230190 -0.02048289 0.01080000
v -0.05178154 -0.00866518 -0.01183277
v -0.04155652 0.00638093 -0.07597006
v -0.03983699 0.00157799 -0.07737659
v -0.02479450 0.03075540 -0.07781421
v -0.02539171 0.03022907 -0.07781491
v -0.04911730 0.04570606 -0.06134253
v -0.04136919 0.03801929 -0.06991181
v -0.04512812 0.04514455 -0.06452657
v -0.04574618 0.05335878 -0.05799955
v -0.05588397 0.02696008 -0.06117183
v -0.05353529 0.02544030 -0.06423818
v -0.05397218 0.02066046 -0.06413604
v -0.04925580 0.01365038 -0.06937770
v -0.05611401 0.01692166 -0.06103950
v -0.05729274 0.01272109 -0.05800330
v -0.06025487 0.05897504 -0.01848456
v -0.05907144 0.05983560 -0.02169621
v -0.06262621 0.05599941 -0.00737936
v -0.06261119 0.05596785 -0.00726156
v -0.05464362 0.04202557 -0.05799753
v -0.05375012 0.03678161 -0.06127683
v -0.04435615 -0.01179873 -0.06858072
v -0.04098362 -0.01142520 -0.07349378
v -0.04588748 -0.01197163 -0.06597944
v -0.04412348 -0.00764990 -0.07120166
v -0.04222466 -0.00766825 -0.07357211
v -0.04721412 -0.00345091 -0.06884178
v -0.04818932 0.00079314 -0.06897784
v -0.03454506 -0.03199161 -0.06021728
v -0.03034054 -0.03483888 -0.06258724
v -0.03075496 -0.03540354 -0.06019813
v -0.03576421 -0.02669465 -0.06758126
v -0.04170915 -0.02451090 -0.05800532
v -0.03802669 -0.02828694 -0.06024673
v -0.02899165 -0.03869106 -0.01194478
v -0.03061514 -0.03750624 -0.01187553
v -0.02791973 -0.03816900 -0.05799769
v -0.02734197 -0.03983040 -0.01187576
v -0.02564589 -0.04090917 -0.01194501
v -0.02734151 -0.03983061 -0.01182836
v -0.02075169 -0.03398958 -0.07641941
v -0.01689954 -0.04089091 -0.06740889
v -0.02204296 -0.04047209 -0.06256077
v -0.02131770 -0.04218736 -0.05799920
v -0.02434487 -0.04051654 -0.05799982
v -0.02494614 -0.04015002 -0.05800012
v -0.04741098 -0.01581958 -0.05800086
v -0.04846231 -0.01213876 -0.06059831
v -0.04190529 -0.02612086 -0.01187692
v -0.04424226 -0.02286606 -0.01173680
v -0.04836555 -0.01596596 -0.01173858
v -0.00296980 -0.04672368 0.01099919
v -0.00111879 -0.04678662 0.01100000
v -0.00741157 -0.04620940 0.01100000
v -0.05568578 0.00268444 -0.01164687
v -0.05570123 0.00271434 -0.01173967
v -0.05566232 0.00265257 -0.01155438
v -0.05318908 -0.00497988 -0.01155471
v -0.05563093 0.00261922 -0.01146247
v -0.05761277 0.01043179 -0.01155271
v -0.01791980 -0.04344887 0.01078417
v -0.02179897 -0.04163805 0.01080934
v -0.02037723 -0.04380018 -0.01187582
v -0.00717313 -0.04644939 0.01080000
v -0.00602487 -0.04660887 0.01083639
v -0.00602431 -0.04660453 0.01085503
v -0.00499068 -0.04804428 -0.01182892
v -0.00299193 -0.04820731 -0.01192955
v 0.00008818 -0.04694134 0.01094142
v 0.00314607 -0.04682048 0.01095527
v 0.00008815 -0.04692598 0.01095527
v 0.00314953 -0.04687196 0.01089186
v 0.00008826 -0.04698588 0.01087362
v 0.00315009 -0.04688024 0.01087362
v 0.00793551 -0.04657081 -0.05799944
v 0.00619993 -0.04658591 0.01083639
v 0.00699182 -0.04779407 -0.01182892
v 0.03073996 -0.03517612 0.01100000
v 0.02848575 -0.03712398 0.01100000
v 0.03080727 -0.03525386 0.01099919
v 0.02840233 -0.03719607 0.01100000
v 0.02851219 -0.03715781 0.01099666
v 0.03081939 -0.03526773 0.01099666
v 0.02465692 -0.04152452 -0.01200001
v 0.01515034 -0.04448767 0.01083639
v 0.01478300 -0.04598682 -0.01182869
v 0.01246800 -0.04559350 -0.05799914
v 0.01092438 -0.04705312 -0.01190010
v 0.01162005 -0.04579203 -0.05799918
v -0.03662988 -0.03218474 -0.01187626
v -0.03936255 -0.02924062 -0.01182943
v -0.03370753 -0.03494558 -0.01182855
v -0.03370859 -0.03494414 -0.01187590
v -0.06216516 0.05572509 -0.00635559
v -0.06259146 0.05594396 -0.00717243
v -0.06199830 0.05717571 -0.01176938
v -0.06255650 0.05623602 -0.00826242
v -0.06261226 0.05611123 -0.00779668
v -0.05790821 0.02834568 -0.05800069
v -0.06263184 0.05605939 -0.00760319
v 0.03088827 0.03542478 0.01080000
v 0.00848888 0.05706986 -0.01137432
v 0.02075675 0.04215960 0.01085503
v 0.00855687 0.05711654 -0.01154854
v 0.00799199 0.05767762 -0.01364253
v 0.00414548 0.06019956 -0.02305454
v 0.00272169 0.06092210 -0.02575108
v -0.00546711 0.05629207 -0.05800511
v -0.00291495 0.05553718 -0.05800727
v 0.00246829 0.05254153 -0.06088064
v 0.01176492 0.04851304 -0.06072708
v -0.01719802 0.05697037 -0.06116719
v -0.02086848 0.05911057 -0.05800154
v -0.01873076 0.05889758 -0.05800128
v -0.01670667 0.05869590 -0.05800103
v -0.01218401 0.05636822 -0.06110206
v -0.02368199 0.06593994 -0.04447793
v -0.02081512 0.06579897 -0.04395184
v -0.01496329 0.05237229 -0.06703559
v -0.01033491 0.05210387 -0.06691575
v -0.01610204 0.05476411 -0.06423044
v -0.02095377 0.05480485 -0.06432398
v -0.00119287 0.05054057 -0.06664842
v -0.00573893 0.05148459 -0.06678575
v -0.00648457 0.05353833 -0.06401206
v -0.03998229 0.05655217 -0.05799997
v -0.04165833 0.06522276 -0.04180139
v -0.04233747 0.05547635 -0.05799997
v -0.04541188 0.06463353 -0.03960234
v -0.03064132 0.06600140 -0.04470731
v -0.02707016 0.06601831 -0.04477039
v -0.02755940 0.06602522 -0.04479622
v -0.03098717 0.06599771 -0.04469354
v -0.02865395 0.05908866 -0.05800050
v -0.02728843 0.05689733 -0.06127499
v -0.03189358 0.05871905 -0.05800058
v -0.02479327 0.05923976 -0.05800141
v -0.00829019 0.05708332 -0.05800268
v -0.01756074 0.06554803 -0.04301532
v -0.00547693 0.06372905 -0.03622676
v -0.00672822 0.06398991 -0.03720031
v -0.00279463 0.06304323 -0.03366727
v 0.00588530 0.05222416 -0.05801116
v -0.00834302 0.06431524 -0.03841449
v -0.03710869 0.05462873 -0.06134237
v -0.03737975 0.05747757 -0.05800021
v 0.02359685 -0.03193472 -0.07690858
v 0.03095016 -0.02156841 -0.07797745
v 0.03125488 -0.02177880 -0.07790795
v 0.02993948 -0.02235174 -0.07800000
v 0.02925000 -0.02552856 -0.07762880
v 0.03155479 -0.02198587 -0.07779031
v 0.02949544 -0.02574050 -0.07742237
v 0.02971717 -0.02593196 -0.07717834
v 0.02691245 -0.02920029 -0.07690842
v 0.02327273 -0.03149241 -0.07742495
v 0.02631989 -0.02856034 -0.07763041
v 0.02308135 -0.03123124 -0.07763046
v 0.02287604 -0.03095106 -0.07779298
v 0.01936836 -0.03323230 -0.07779215
v 0.02266194 -0.03065888 -0.07790910
v 0.01918771 -0.03291754 -0.07790875
v 0.00364342 -0.03928676 -0.07712962
v 0.01602329 -0.03601000 -0.07717168
v 0.01899358 -0.03506628 -0.07660483
v 0.01533690 -0.03445186 -0.07797745
v 0.01199492 -0.03535752 -0.07800000
v 0.01721292 -0.03315339 -0.07800000
v 0.01548617 -0.03479071 -0.07790796
v 0.01563308 -0.03512420 -0.07779034
v 0.01163238 -0.03625837 -0.07790675
v -0.02636844 0.03976413 -0.07428222
v -0.02210768 0.03274488 -0.07780343
v -0.02152867 0.03310328 -0.07779967
v -0.03635779 -0.01361596 -0.07768048
v -0.03733992 -0.01401540 -0.07678998
v -0.03705673 -0.01390022 -0.07714070
v -0.03950668 0.00336491 -0.07756369
v -0.04091117 0.03179632 -0.07216963
v -0.03801017 -0.01048918 -0.07736620
v -0.03930316 -0.00359674 -0.07752860
v -0.03953189 -0.00362659 -0.07736555
v -0.03963618 -0.00467825 -0.07714429
v -0.03881613 -0.00705823 -0.07744682
v -0.03856083 -0.00700154 -0.07761274
v -0.04103371 -0.00418602 -0.07584468
v -0.03909002 -0.00803384 -0.07701296
v -0.04316408 -0.00389096 -0.07365283
v -0.02356636 -0.02977234 -0.07789572
v -0.03330974 -0.01675254 -0.07800000
v -0.03248492 -0.01842231 -0.07800000
v -0.03055287 -0.02488248 -0.07710042
v -0.03318378 -0.02150068 -0.07700807
v -0.03266304 -0.02287245 -0.07652840
v -0.03074981 -0.02504640 -0.07680233
v -0.03083507 -0.02511737 -0.07664438
v -0.03055575 -0.02560815 -0.07647508
v -0.02380502 -0.03007684 -0.07776202
v -0.02403230 -0.03036682 -0.07757491
v -0.02719551 -0.02760086 -0.07758021
v -0.02424155 -0.03063381 -0.07733894
v -0.02059667 -0.03278724 -0.07757454
v -0.03032338 -0.02469146 -0.07736681
v -0.02694076 -0.02733734 -0.07776497
v -0.02920027 -0.02375663 -0.07797556
v 0.00606993 -0.03942210 -0.07654390
v 0.01302596 -0.04541709 -0.05799885
v 0.01248648 -0.04421853 -0.06270197
v 0.00652874 -0.03676445 -0.07800000
v 0.00348235 -0.03755734 -0.07797633
v 0.00101155 -0.03732752 -0.07800000
v 0.00754617 -0.03694852 -0.07797678
v 0.01151859 -0.03590348 -0.07797717
v 0.00769606 -0.03767889 -0.07778384
v 0.00355215 -0.03830677 -0.07777955
v 0.00351754 -0.03793520 -0.07790329
v -0.00891639 -0.03738489 -0.07776748
v -0.01276441 -0.03580308 -0.07789695
v -0.00478483 -0.03816568 -0.07777096
v -0.00060911 -0.03847209 -0.07777511
v -0.00473475 -0.03778902 -0.07789958
v -0.00491616 -0.03915346 -0.07709619
v -0.00908650 -0.03806553 -0.07735410
v -0.01333255 -0.03734740 -0.07676610
v -0.02019377 -0.03214801 -0.07789563
v -0.01673240 -0.03452405 -0.07776302
v -0.01017562 -0.03584108 -0.07800000
v -0.00861665 -0.03617219 -0.07800000
v -0.00872915 -0.03663570 -0.07797509
v -0.00453645 -0.03703877 -0.07800000
v -0.01619234 -0.03343340 -0.07800000
v -0.01555396 -0.03379393 -0.07800000
v -0.01638817 -0.03382491 -0.07797462
v -0.01667438 -0.04533677 -0.01182843
v -0.01784329 -0.04348123 0.01080000
v -0.00895435 -0.04746798 -0.01190010
v -0.00895459 -0.04746798 -0.01187628
v -0.00895474 -0.04746659 -0.01182877
v -0.00766737 -0.04768052 -0.01200051
v -0.01107278 -0.04595121 -0.05799742
v -0.00441305 -0.04706110 -0.05799922
v -0.00773928 -0.04537823 -0.06259655
v -0.01268819 -0.04426622 -0.06257720
v -0.00755754 -0.04362911 -0.06742488
v -0.00099338 -0.04829384 -0.01187650
v 0.00315080 -0.04689092 0.01083639
v 0.00275087 -0.04717505 -0.05799964
v -0.00070875 -0.04724731 -0.05799950
v 0.00101072 -0.04828941 -0.01192956
v 0.03442523 -0.01420648 -0.07800000
v 0.03525523 -0.01231351 -0.07800000
v 0.03374143 -0.01844320 -0.07778777
v 0.03752495 -0.00660121 -0.07790210
v 0.03762646 -0.00247085 -0.07797568
v 0.03801053 -0.00249402 -0.07790057
v 0.03983771 -0.00271974 -0.07649040
v 0.03984019 -0.00260459 -0.07648993
v 0.04205889 -0.00334997 -0.07219897
v 0.03874840 -0.00253853 -0.07759508
v 0.03908173 -0.00255864 -0.07737016
v 0.03857540 -0.00678390 -0.07738002
v 0.04092484 0.02359202 -0.05799254
v 0.03502969 0.02324026 -0.07229923
v 0.03685457 0.02450327 -0.06748343
v 0.03740645 0.01916120 -0.07226217
v 0.04554383 0.00670726 -0.06256451
v 0.04697493 0.00525503 -0.05799980
v 0.04599430 0.00166521 -0.06258085
v 0.04453887 0.01167656 -0.06255614
v 0.04133704 0.01575204 -0.06741636
v 0.04283507 0.01108180 -0.06740409
v 0.04688335 -0.00310351 0.01087362
v 0.04698596 0.00000000 0.01087362
v 0.04699666 0.00000000 0.01083639
v 0.04689757 0.00305029 0.01083639
v 0.04688689 0.00304960 0.01087362
v 0.04829123 -0.00079534 -0.01193214
v 0.04588493 -0.00339073 -0.06260313
v 0.04801478 -0.00517630 -0.01199988
v 0.04705015 -0.00431404 -0.05800063
v 0.04659460 -0.00613430 0.01083639
v 0.04661575 -0.01266401 -0.01187956
v 0.04661441 -0.01266387 -0.01183300
v 0.04608622 -0.00920577 0.01083639
v 0.04539529 -0.01216363 0.01083639
v 0.04750134 -0.00875914 -0.01183463
v 0.03279348 -0.02981640 -0.06755467
v 0.03092485 -0.03538841 0.01083639
v 0.03351840 -0.03479493 -0.01189952
v 0.03323166 -0.03323166 0.01083639
v 0.03492194 -0.03336761 -0.01182856
v 0.03801432 -0.02808035 -0.05798859
v 0.03593393 -0.03069079 -0.05799092
v 0.03492186 -0.03336781 -0.01187595
v 0.04518285 -0.01376562 -0.05799953
v 0.04340300 -0.01867690 -0.05799695
v 0.04009382 -0.02502255 -0.05798928
v 0.04206361 -0.02374839 -0.01190029
v 0.04104392 -0.02547142 -0.01190004
v 0.03556342 -0.01808293 -0.07657493
v 0.03697720 -0.01500715 -0.07655837
v 0.03481979 -0.01903049 -0.07688205
v 0.03668981 -0.01514433 -0.07686536
v 0.04237649 -0.01290655 -0.06747162
v 0.04039368 -0.01237118 -0.07220925
v 0.03804543 -0.01208229 -0.07654133
v 0.03884627 -0.00922853 -0.07652479
v 0.03813672 -0.01106345 -0.07684600
v 0.03192262 0.03320035 -0.06300836
v 0.03386885 0.02841934 -0.06751838
v 0.03334877 0.02798294 -0.06923527
v 0.03215580 0.02698192 -0.07230934
v 0.02602008 0.03020816 -0.07651665
v 0.01892922 0.04522531 -0.05800935
v 0.02231036 0.04292656 -0.05800783
v 0.02785303 0.03862878 -0.05800254
v 0.02853242 0.02395172 -0.07800000
v 0.02890894 0.02426575 -0.07795966
v 0.03129245 0.02088096 -0.07797501
v 0.03161813 0.02109568 -0.07789777
v 0.02912449 0.02444553 -0.07788811
v 0.02727007 0.02650909 -0.07789975
v 0.03035140 0.02157689 -0.07800000
v 0.03370629 0.01752864 -0.07789748
v 0.03833057 0.00589708 -0.07758625
v 0.03743637 0.01001645 -0.07758385
v 0.03866250 0.00595107 -0.07735649
v 0.02292971 0.03204311 -0.07715987
v 0.02569207 0.02987326 -0.07712226
v 0.02549658 0.02964948 -0.07738240
v 0.02826004 0.02746416 -0.07709777
v 0.03054487 0.02563019 -0.07646041
v 0.02941672 0.02468926 -0.07775961
v 0.02754330 0.02677269 -0.07777137
v 0.02969807 0.02492392 -0.07758374
v 0.02985919 0.02505830 -0.07745259
v 0.03252446 0.02169320 -0.07735220
v -0.02874825 0.05069739 -0.06730596
v -0.02255613 0.04887142 -0.06979273
v -0.02081735 0.04587966 -0.07210989
v 0.02054734 0.04341172 -0.06058343
v 0.04450574 0.01509719 0.01083639
v -0.02723013 0.05321658 0.00300630
v -0.02707712 0.05321834 0.00299973
v -0.01515666 0.04439337 0.01096740
v -0.01214106 0.04531104 0.01096740
v -0.03385151 0.05339647 0.00233495
v -0.02868138 0.05322731 0.00296627
v 0.00000000 0.04695527 0.01092606
v 0.00000000 0.04696740 0.01090944
v 0.00801408 0.05693482 -0.01087036
v -0.01795753 0.05378197 0.00089626
v -0.00064220 0.04679560 0.01100000
v 0.00559799 0.04646399 0.01100000
v 0.00300852 0.04672121 0.01099919
v -0.02344666 0.04061081 0.01097689
v -0.01515098 0.04437673 0.01097766
v -0.03674092 0.02913677 0.01097766
v -0.03060234 0.03552947 0.01097766
v -0.02834739 0.03735334 0.01097766
v 0.03907082 0.02611025 0.01085503
v 0.03902854 0.02608199 0.01094142
v 0.03904005 0.02608969 0.01092606
v 0.03724113 0.02857613 0.01094142
v 0.04680700 -0.00309846 0.01096740
v 0.04678946 -0.00309730 0.01097766
v 0.04650813 -0.00612291 0.01096740
v 0.04653983 -0.00612709 0.01094142
v 0.04604563 -0.00919767 0.01092606
v 0.04655356 -0.00612889 0.01092606
v 0.04603205 -0.00919495 0.01094142
v 0.04601699 -0.00919195 0.01095527
v 0.04600069 -0.00918869 0.01096740
v 0.04448786 -0.01514979 0.01083639
v 0.04341520 -0.01798317 0.01085503
v 0.04341925 -0.01798484 0.01083639
v 0.04467856 -0.01834076 -0.01194498
v 0.04540784 -0.01648097 -0.01190181
v 0.04388520 -0.02018428 -0.01183036
v 0.03714319 -0.02850097 0.01099919
v 0.03889302 -0.02606253 0.01099919
v 0.03617081 0.03001121 0.01080000
v 0.03529631 0.03096721 0.01092606
v 0.03528589 0.03095808 0.01094142
v 0.04067496 0.02348370 0.01090944
v 0.03905014 0.02609643 0.01090944
v 0.03321097 0.03321097 0.01090944
v 0.03320239 0.03320239 0.01092606
v 0.03319260 0.03319260 0.01094142
v 0.03524864 0.03092539 0.01097766
v 0.03316998 0.03316998 0.01096740
v 0.03315755 0.03315755 0.01097766
v 0.03093814 0.03530338 0.01094142
v 0.03722895 0.02856678 0.01095527
v -0.06256747 0.05592278 -0.00709338
v -0.06249970 0.05587196 -0.00690371
v -0.04439794 -0.01541135 0.01083639
v -0.04503979 -0.01343194 0.01080000
v -0.06023630 0.02623527 -0.01154612
v -0.04317295 -0.01516393 -0.06786537
v -0.04726807 -0.01209503 -0.06331123
v -0.05321361 -0.00495767 -0.01164724
v -0.04211425 -0.02084860 0.01085503
v -0.04210859 -0.02084579 0.01087362
v -0.02441737 0.03103465 -0.07781270
v -0.02255048 0.03212742 -0.07789039
v -0.05030059 0.04914269 -0.05799232
v -0.04751262 0.04765663 -0.06135141
v -0.04840564 0.05117960 -0.05799655
v -0.04777704 0.05173033 -0.05799750
v -0.05557402 0.06166721 -0.02853189
v -0.05186005 0.04707806 -0.05799121
v -0.05331454 0.04471841 -0.05799415
v -0.05176555 0.06308127 -0.03380924
v -0.04985703 0.06362811 -0.03585009
v -0.05265077 0.03016530 -0.06432927
v -0.05100230 0.02385189 -0.06704482
v -0.05620649 0.02194411 -0.06110833
v -0.05564810 0.01191903 -0.06096683
v -0.06263253 0.05601788 -0.00744830
v -0.05435094 0.04261856 -0.05799679
v -0.05592524 0.03858130 -0.05799939
v -0.05178634 0.04142046 -0.06131534
v -0.04593586 -0.00765332 -0.06870856
v -0.04523543 -0.00365466 -0.07131444
v -0.04604609 0.00036493 -0.07142919
v -0.03091528 -0.03587446 -0.05799594
v -0.03390510 -0.03325700 -0.05799875
v -0.03378811 -0.02528122 -0.07237722
v -0.02793760 -0.03779538 0.01080000
v -0.03061434 -0.03750700 -0.01182807
v -0.02633876 -0.03785249 -0.06256764
v -0.02069842 -0.04246945 -0.05799891
v -0.02487017 -0.04139098 -0.01200000
v -0.02929742 -0.02697073 -0.07645670
v -0.04663421 -0.01578717 -0.06038612
v -0.04606851 -0.01804748 -0.05800193
v -0.05019862 -0.01041200 -0.05800062
v -0.04936642 -0.01206645 -0.05800066
v -0.04190369 -0.02612474 -0.01182993
v -0.03846842 -0.02700335 0.01080000
v -0.04209195 -0.02083756 0.01090944
v -0.04068970 -0.02345816 0.01090944
v -0.04208109 -0.02083218 0.01092606
v -0.04210115 -0.02084211 0.01089186
v -0.05570864 0.00274182 -0.01183254
v -0.02176511 -0.04165576 0.01078432
v -0.02183911 -0.04161794 0.01080000
v 0.00008801 -0.04685495 0.01099228
v 0.00314006 -0.04673101 0.01099666
v 0.00008798 -0.04683631 0.01099666
v 0.01155201 -0.04535186 0.01100000
v 0.01509274 -0.04431852 0.01099919
v 0.01768670 -0.04332921 0.01100000
v 0.00619852 -0.04657530 0.01087362
v -0.00600197 -0.04643166 0.01099919
v -0.00752182 -0.04620979 0.01099919
v -0.00600433 -0.04644993 0.01099666
v 0.00008822 -0.04696732 0.01090944
v 0.00008820 -0.04695519 0.01092606
v -0.00297928 -0.04687281 0.01090944
v -0.00297763 -0.04684689 0.01094142
v -0.00601779 -0.04655409 0.01094142
v -0.00601957 -0.04656782 0.01092606
v 0.00008824 -0.04697757 0.01089186
v 0.00008827 -0.04699220 0.01085503
v 0.00699154 -0.04779546 -0.01187642
v 0.02850097 -0.03714319 0.01099919
v 0.02852354 -0.03717260 0.01099228
v 0.02730998 -0.03983494 -0.01194487
v 0.02603145 -0.03912863 0.01083639
v 0.02564466 -0.04094002 -0.01182845
v 0.02564403 -0.04094067 -0.01187591
v 0.01446052 -0.04607739 -0.01200031
v 0.01092516 -0.04705185 -0.01182879
v -0.03145737 -0.03484151 0.01094142
v -0.03146666 -0.03485179 0.01092606
v -0.02917516 -0.03677373 0.01094142
v -0.03175558 -0.03437765 0.01100000
v -0.02909843 -0.03667702 0.01099919
v -0.02903052 -0.03659315 0.01100000
v -0.03139948 -0.03477739 0.01099228
v -0.02912147 -0.03670605 0.01099228
v -0.03138699 -0.03476355 0.01099666
v -0.02687761 -0.03855231 0.01083639
v -0.06219376 0.05573211 -0.00638178
v -0.06202704 0.05712717 -0.01158821
v -0.06260909 0.05611957 -0.00782780
v -0.06212944 0.05571380 -0.00631345
v -0.06206200 0.05569704 -0.00625089
v 0.00857349 0.05714877 -0.01166882
v 0.00855787 0.05711786 -0.01155346
v 0.00797317 0.05769286 -0.01369940
v 0.00632725 0.05889587 -0.01818912
v 0.00750171 0.05801859 -0.01491503
v 0.00125553 0.06159709 -0.02827018
v 0.00463012 0.05994365 -0.02209947
v -0.00211003 0.06283505 -0.03289035
v 0.01471860 0.04777975 -0.05800786
v -0.00597370 0.05643406 -0.05800467
v -0.00233546 0.05412632 -0.06095721
v 0.00289326 0.05100184 -0.06376862
v 0.01622924 0.04609322 -0.06065323
v 0.01610010 0.04694164 -0.05800835
v 0.00717302 0.05066622 -0.06080341
v -0.01127163 0.05432883 -0.06412563
v -0.01271436 0.05805423 -0.05800153
v -0.02579005 0.05439709 -0.06440376
v -0.02224496 0.05716818 -0.06122536
v -0.00497346 0.04926732 -0.06936220
v -0.04367700 0.06493495 -0.04072727
v -0.03436875 0.06587150 -0.04422252
v -0.03381153 0.05836190 -0.05800051
v -0.01755220 0.06554710 -0.04301183
v -0.02050736 0.06577959 -0.04387949
v 0.01051449 0.05004038 -0.05800796
v -0.03828879 0.05715434 -0.05800012
v 0.02370170 -0.03207777 -0.07661260
v 0.01997609 -0.03429116 -0.07690431
v 0.03274711 -0.01789987 -0.07800000
v 0.02898660 -0.02530110 -0.07779206
v 0.02704307 -0.02934043 -0.07661256
v 0.01954157 -0.03353408 -0.07762896
v 0.02807690 -0.02451579 -0.07800000
v 0.02630793 -0.02657108 -0.07800000
v 0.02558773 -0.02776962 -0.07797772
v 0.02244443 -0.03036206 -0.07797772
v 0.02205424 -0.03019479 -0.07800000
v 0.01217617 -0.03795378 -0.07657841
v 0.00798155 -0.03907277 -0.07655549
v 0.01028144 -0.03854650 -0.07656876
v 0.00789264 -0.03863681 -0.07714631
v 0.01612644 -0.03624414 -0.07689515
v 0.01877291 -0.03220006 -0.07800000
v 0.01900417 -0.03259776 -0.07797764
v -0.01967583 0.03395983 -0.07788050
v -0.02872010 0.04302043 -0.07220829
v -0.03663933 -0.01373046 -0.07749691
v -0.03605334 -0.01349214 -0.07781485
v -0.03830396 -0.01115284 -0.07689391
v -0.03968383 -0.00013270 -0.07746968
v -0.03923501 -0.00011573 -0.07772534
v -0.03930311 0.00335344 -0.07767699
v -0.03909005 0.00334142 -0.07777465
v -0.03786998 0.02910296 -0.07425547
v -0.03978700 0.02573289 -0.07421640
v -0.04578964 0.03046775 -0.06979679
v -0.04284531 0.02815316 -0.07211362
v -0.04435587 0.02434725 -0.07204303
v -0.03774950 -0.01040744 -0.07755575
v -0.04380472 -0.00010643 -0.07373455
v -0.02302030 -0.02907498 -0.07800000
v -0.02513465 -0.02743085 -0.07800000
v -0.02640126 -0.02677928 -0.07797483
v -0.02911853 -0.02325515 -0.07800000
v -0.03337923 -0.02163102 -0.07671171
v -0.03328600 -0.02156884 -0.07686267
v -0.03163933 -0.02047074 -0.07797679
v -0.03124364 -0.02020431 -0.07800000
v -0.01785887 -0.04347483 0.01079872
v -0.00731996 -0.04150229 -0.07220289
v -0.00063289 -0.03971878 -0.07681777
v -0.00199677 -0.03988440 -0.07649278
v 0.00102242 -0.03991940 -0.07651157
v 0.00745637 -0.03652569 -0.07800000
v -0.00059461 -0.03771229 -0.07797588
v 0.00762173 -0.03731671 -0.07790515
v 0.00776719 -0.03802549 -0.07761406
v 0.01174433 -0.03660756 -0.07778755
v -0.00882360 -0.03701362 -0.07789807
v -0.01314047 -0.03682529 -0.07734688
v -0.01704450 -0.03515792 -0.07734174
v -0.01324414 -0.03710710 -0.07707254
v -0.00915917 -0.03835627 -0.07708263
v -0.01689485 -0.03485400 -0.07757671
v -0.02040015 -0.03247545 -0.07776181
v -0.01656184 -0.03417764 -0.07789615
v -0.01262918 -0.03543551 -0.07797482
v -0.01477061 -0.04598323 -0.01194533
v -0.01273630 -0.04548813 -0.05799699
v -0.00789270 -0.04660365 -0.05799862
v -0.00246548 -0.04717670 -0.05799938
v -0.00396539 -0.04812993 -0.01200064
v -0.01231052 -0.04251347 -0.06741288
v 0.00300992 -0.04820844 -0.01182899
v 0.03912084 -0.00687876 -0.07682640
v 0.03341955 -0.01826789 -0.07790685
v 0.03520896 -0.01453259 -0.07790542
v 0.03695320 -0.00534882 -0.07800000
v 0.03730748 0.00027893 -0.07800000
v 0.03824811 -0.00672698 -0.07760145
v 0.03714879 -0.00653580 -0.07797605
v 0.03835173 0.02555082 -0.06259891
v 0.03933599 0.02024684 -0.06744211
v 0.04672303 0.00689308 -0.05799941
v 0.04720683 0.00240278 -0.05799979
v 0.04550819 0.01276990 -0.05799656
v 0.04688966 -0.00310393 0.01085503
v 0.04685273 -0.00310149 0.01092606
v 0.04683891 -0.00310057 0.01094142
v 0.04696740 0.00000000 0.01090944
v 0.04695527 0.00000000 0.01092606
v 0.04689319 0.00305001 0.01085503
v 0.04169959 0.00584153 -0.07220442
v 0.04381014 0.00629773 -0.06740320
v 0.03991131 0.00069608 -0.07647625
v 0.03968296 0.00411811 -0.07646479
v 0.03966325 0.00175616 -0.07679391
v 0.04725077 -0.00128594 -0.05800022
v 0.04415981 -0.00338954 -0.06742720
v 0.04806309 -0.00479471 -0.01188229
v 0.04650390 -0.00842901 -0.05800066
v 0.04647690 -0.00861492 -0.05800066
v 0.04645760 -0.00870024 -0.05800065
v 0.04658399 -0.00613290 0.01087362
v 0.04538495 -0.01216086 0.01087362
v 0.04524610 -0.01271968 0.01080000
v 0.04750268 -0.00875936 -0.01188088
v 0.02954346 -0.02681480 -0.07660834
v 0.02985226 -0.02649263 -0.07660773
v 0.02991074 -0.02609912 -0.07690385
v 0.03198161 -0.02385839 -0.07659990
v 0.03232784 -0.02334935 -0.07659791
v 0.03256192 -0.02268122 -0.07689495
v 0.03588166 -0.02599299 -0.06753986
v 0.03847389 -0.02740457 -0.05798874
v 0.03996939 -0.02263675 -0.06271164
v 0.03122739 -0.03547487 -0.05799888
v 0.03415230 -0.03228963 0.01080000
v 0.03338871 -0.03345469 -0.05799583
v 0.03322856 -0.03322856 0.01085503
v 0.04558129 -0.01247735 -0.05799995
v 0.04604496 -0.01457819 -0.01194512
v 0.04300421 -0.02197680 -0.01194488
v 0.04073546 -0.02392104 -0.05799059
v 0.03789066 -0.01099204 -0.07713398
v 0.03433654 -0.01876731 -0.07741047
v 0.03341806 0.03348733 -0.05799966
v 0.03014915 0.02530015 -0.07713727
v 0.02844444 0.02764206 -0.07679888
v 0.02833191 0.02805582 -0.07648116
v 0.02795845 0.02840351 -0.07648690
v 0.03330104 0.01660721 -0.07800000
v 0.03297871 0.01715029 -0.07800000
v 0.03335915 0.01734948 -0.07797495
v 0.03404729 0.01770463 -0.07776611
v 0.03764496 0.00165071 -0.07797538
v 0.03721014 0.00571482 -0.07797518
v 0.03680270 0.00581843 -0.07800000
v 0.03838801 -0.00251679 -0.07777326
v 0.03841147 0.00169076 -0.07777038
v 0.03759392 0.00577725 -0.07789844
v 0.03797098 0.00583859 -0.07776834
v 0.03671480 0.00981845 -0.07789787
v 0.03877394 0.00170970 -0.07758992
v 0.03314692 0.02210411 -0.07645007
v 0.03450108 0.01993991 -0.07644671
v 0.04076013 0.01039744 -0.07221591
v 0.02275487 0.03180624 -0.07740922
v 0.02527831 0.02939962 -0.07760298
v 0.02256078 0.03154330 -0.07762030
v 0.02858510 0.02777830 -0.07647879
v 0.02929005 0.02458361 -0.07783315
v 0.02780405 0.02702424 -0.07759169
v -0.01899519 0.04275774 -0.07421347
v -0.01513181 0.04369302 -0.07416257
v -0.01348792 0.04059099 -0.07610612
v 0.02044348 0.04244498 -0.06328667
v 0.04646311 0.00560529 0.01100000
v 0.04643570 0.00611338 0.01099666
v 0.04641744 0.00611097 0.01099919
v 0.04593968 0.00912107 0.01099666
v 0.03892589 0.02601340 0.01099919
v 0.04052999 0.02340000 0.01100000
v 0.04054555 0.02340898 0.01099919
v 0.04199122 0.02070411 0.01099919
v 0.04066446 0.02347763 0.01092606
v 0.04060954 0.02344593 0.01097766
v 0.04450160 0.01509578 0.01085503
v 0.04449560 0.01509375 0.01087362
v 0.00301878 0.04688056 0.01089186
v -0.02226745 0.05336978 0.00243457
v -0.03576691 0.05351405 0.00189613
v -0.03108661 0.05328527 0.00274997
v -0.03267689 0.05334071 0.00254307
v -0.03154079 0.05329612 0.00270945
v -0.03291984 0.05334890 0.00251248
v -0.03335990 0.05337088 0.00243046
v -0.02509512 0.05324080 0.00291592
v 0.00787116 0.05691157 -0.01078358
v -0.02590546 0.03908649 0.01097766
v -0.02589538 0.03907129 0.01098596
v -0.01213651 0.04529406 0.01097766
v -0.00921877 0.04597674 0.01097766
v -0.01213179 0.04527644 0.01098596
v -0.02343081 0.04058335 0.01099027
v -0.02588511 0.03905579 0.01099228
v 0.04069651 0.02349614 0.01085503
v 0.04069103 0.02349298 0.01087362
v 0.03906557 0.02610674 0.01087362
v 0.04068384 0.02348883 0.01089186
v 0.04213444 0.02077473 0.01089186
v 0.04682358 -0.00309956 0.01095527
v 0.04649069 -0.00612062 0.01097766
v 0.04671925 0.00303869 0.01099919
v 0.04679687 -0.00054151 0.01100000
v 0.04681797 0.00000000 0.01099919
v 0.04606758 -0.00920205 0.01089186
v 0.04605753 -0.00920004 0.01090944
v 0.04536702 -0.01215606 0.01090944
v 0.04598345 -0.00918525 0.01097766
v 0.04529406 -0.01213651 0.01097766
v 0.04671573 -0.00309242 0.01099919
v 0.04660158 -0.00308384 0.01100000
v 0.04633058 -0.00661192 0.01100000
v 0.04673411 -0.00309363 0.01099666
v 0.04509818 -0.01250576 0.01100000
v 0.04591099 -0.00917077 0.01099919
v 0.04592906 -0.00917438 0.01099666
v 0.04532709 -0.01214536 0.01095527
v 0.04525848 -0.01212697 0.01099228
v 0.04594734 -0.00917803 0.01099228
v 0.04338101 -0.01796900 0.01092606
v 0.04444868 -0.01513645 0.01092606
v 0.04443557 -0.01513199 0.01094142
v 0.04442103 -0.01512703 0.01095527
v 0.04440530 -0.01512168 0.01096740
v 0.04261979 -0.01981295 0.01080000
v 0.04540661 -0.01648121 -0.01183155
v 0.04416884 -0.01952500 -0.01199987
v 0.04429546 -0.01642568 -0.05799841
v 0.04262821 -0.01935868 0.01099919
v 0.04388635 -0.02018430 -0.01187741
v 0.03708819 -0.02846137 0.01100000
v 0.03726988 0.02859819 0.01089186
v 0.03727647 0.02860324 0.01087362
v 0.03725212 0.02858456 0.01092606
v 0.03530542 0.03097521 0.01090944
v 0.03322856 0.03322856 0.01085503
v 0.00857320 0.05716672 -0.01173581
v 0.00857364 0.05715108 -0.01167747
v 0.03090547 0.03526611 0.01097766
v 0.03721576 0.02855666 0.01096740
v 0.03523493 0.03091336 0.01098596
v 0.03718734 0.02853485 0.01098596
v 0.03519310 0.03087666 0.01099919
v 0.03520694 0.03088881 0.01099666
v 0.03310531 0.03310531 0.01099919
v 0.03331928 0.03286435 0.01100000
v 0.02845513 0.03715570 0.01100000
v 0.03085678 0.03521053 0.01099919
v -0.06245945 0.05584538 -0.00680452
v -0.06241458 0.05582002 -0.00670986
v -0.06259359 0.05594743 -0.00718537
v -0.04333663 -0.01818303 0.01083639
v -0.05050745 -0.00751012 -0.06066772
v -0.05323022 -0.00493582 -0.01174006
v -0.04888565 0.05066362 -0.05799548
v -0.05697090 0.06101566 -0.02610027
v -0.05393542 0.06232980 -0.03100470
v -0.05266150 0.04577785 -0.05799283
v -0.04941636 0.06375351 -0.03631806
v -0.04830850 0.02218752 -0.06961199
v -0.04896176 0.01793345 -0.06949977
v -0.05401137 0.01586621 -0.06402520
v -0.04885757 0.00506639 -0.06911420
v -0.04921500 0.00935639 -0.06924833
v -0.05153459 0.01023302 -0.06666709
v -0.05484075 0.00695786 -0.06089182
v -0.02926178 -0.03714101 -0.05799691
v -0.03138334 -0.03548709 -0.05799611
v -0.03629595 -0.02183593 -0.07244056
v -0.02107452 -0.03354539 -0.07675065
v -0.02093807 -0.03332890 -0.07706063
v -0.02458504 -0.03107207 -0.07675169
v -0.02077760 -0.03307430 -0.07733837
v -0.01717732 -0.03542769 -0.07706533
v -0.02536582 -0.03625931 -0.06743322
v -0.02666514 -0.03847137 -0.06018810
v -0.02442717 -0.03087065 -0.07706143
v -0.01776736 -0.04329620 0.01100000
v -0.01493246 -0.04437278 0.01099919
v -0.01350065 -0.04481040 0.01100000
v -0.01778054 -0.04332833 0.01099696
v -0.00902793 -0.04593930 0.01099919
v -0.01198991 -0.04525665 0.01099919
v -0.00906238 -0.04611463 0.01083639
v -0.03743569 -0.02838079 0.01089186
v -0.03915931 -0.02595088 0.01089186
v -0.04069858 -0.02346329 0.01089186
v -0.05538025 0.00364898 -0.05800854
v -0.02182990 -0.04162278 0.01079952
v -0.01789006 -0.04345838 0.01082628
v -0.02183459 -0.04160933 0.01086162
v -0.02182837 -0.04159748 0.01089333
v -0.02435660 -0.04018005 0.01087362
v 0.00313882 -0.04671263 0.01099919
v 0.00008497 -0.04673341 0.01100000
v 0.00466047 -0.04658543 0.01099919
v 0.00524311 -0.04650537 0.01100000
v 0.00008794 -0.04681789 0.01099919
v 0.01216464 -0.04522908 0.01099666
v 0.01215985 -0.04521129 0.01099919
v 0.00616412 -0.04633698 0.01100000
v 0.00919402 -0.04590635 0.01099919
v 0.01219551 -0.04534388 0.01092606
v 0.00922098 -0.04604097 0.01092606
v 0.01219866 -0.04535559 0.01090944
v 0.00619743 -0.04656707 0.01089186
v 0.00619607 -0.04655690 0.01090944
v 0.00619935 -0.04658157 0.01085503
v -0.00602350 -0.04659826 0.01087362
v -0.00602244 -0.04659003 0.01089186
v -0.00602112 -0.04657985 0.01090944
v 0.00314803 -0.04684962 0.01092606
v -0.00297851 -0.04686071 0.01092606
v -0.00297561 -0.04681497 0.01096740
v -0.00297666 -0.04683156 0.01095527
v -0.00601369 -0.04652238 0.01096740
v -0.00297993 -0.04688305 0.01089186
v -0.00298046 -0.04689133 0.01087362
v -0.00298086 -0.04689764 0.01085503
v 0.02593247 -0.03897986 0.01099919
v 0.03204863 -0.03615237 -0.01182833
v 0.03051284 -0.03743712 -0.01194480
v 0.02894394 -0.03867777 -0.01187587
v -0.03359541 -0.03286388 0.01083639
v -0.02919768 -0.03680212 0.01089186
v -0.02920284 -0.03680862 0.01087362
v -0.02686674 -0.03853672 0.01089186
v -0.02686087 -0.03852830 0.01090944
v -0.02918377 -0.03678458 0.01092606
v -0.02919130 -0.03679408 0.01090944
v -0.03148166 -0.03486840 0.01089186
v -0.03358183 -0.03285059 0.01089186
v -0.03357450 -0.03284341 0.01090944
v -0.02910988 -0.03669145 0.01099666
v -0.03137464 -0.03474988 0.01099919
v -0.02717244 -0.03810379 0.01100000
v -0.02436215 -0.04018920 0.01083639
v -0.06229294 0.05576726 -0.00651297
v -0.06225468 0.05575193 -0.00645577
v -0.06259659 0.05614724 -0.00793107
v -0.06176784 0.05565760 -0.00610370
v -0.03847956 0.02679869 0.01097766
v -0.04010081 0.02430580 0.01097766
v -0.04566104 0.01075010 0.01096740
v -0.04489994 0.01358276 0.01096740
v -0.00069044 0.06236941 -0.03115253
v 0.00226593 0.06114936 -0.02659922
v -0.00175792 0.05242409 -0.06389222
v -0.00722437 0.05540795 -0.06103154
v 0.00768807 0.04772693 -0.06636305
v 0.00745448 0.04928258 -0.06364376
v -0.02342000 0.05919455 -0.05800145
v 0.00328777 0.04928493 -0.06650659
v 0.01203427 0.04433041 -0.06881550
v -0.00332711 0.04442454 -0.07396159
v -0.00241827 0.04184020 -0.07600363
v -0.00726824 0.04451511 -0.07403515
v -0.00612373 0.04174741 -0.07604124
v -0.00062358 0.04849681 -0.06922976
v -0.00003327 0.04631387 -0.07164011
v 0.00406261 0.04540506 -0.07152516
v -0.00936279 0.04971329 -0.06948739
v 0.00683324 0.05177698 -0.05801050
v 0.01153513 0.04949156 -0.05800794
v 0.02221809 -0.03005521 -0.07800000
v 0.01051699 -0.03847281 -0.07656996
v 0.01620946 -0.03643188 -0.07659614
v -0.01632479 0.03488323 -0.07799628
v -0.01784382 0.03398939 -0.07800000
v -0.01933383 0.03335205 -0.07799669
v -0.01259897 0.03618021 -0.07800000
v -0.01928673 0.03449103 -0.07778507
v -0.02058144 0.03812503 -0.07615239
v -0.01662879 0.03555659 -0.07786549
v -0.01650881 0.03529084 -0.07794006
v -0.01644778 0.03515565 -0.07796631
v -0.01954065 0.03371959 -0.07794677
v -0.02240054 0.03190949 -0.07795119
v -0.01708803 0.03952251 -0.07613194
v -0.00956124 0.03847064 -0.07766493
v -0.02275833 0.04145501 -0.07425384
v -0.02484614 0.04467060 -0.07216765
v -0.03510982 -0.01310841 -0.07800000
v -0.03717261 -0.01022653 -0.07784007
v -0.03686704 -0.01013071 -0.07792958
v -0.03905797 -0.00356474 -0.07767040
v -0.03828870 -0.00694111 -0.07775149
v -0.03921362 -0.01128495 -0.07576118
v -0.04027410 -0.00773680 -0.07580247
v -0.03824645 -0.01056327 -0.07715040
v -0.03946577 -0.00012445 -0.07760672
v -0.04115964 0.00985024 -0.07600915
v -0.03881882 0.00680834 -0.07773653
v -0.02491331 0.02965599 -0.07798841
v -0.02269552 0.03104318 -0.07800000
v -0.02699807 0.02739831 -0.07800000
v -0.02224809 0.03168792 -0.07798782
v -0.02508169 0.02985733 -0.07795353
v -0.02966411 0.02607156 -0.07781191
v -0.03473245 0.02630038 -0.07615339
v -0.04726354 0.02638000 -0.06971184
v -0.03746863 -0.01031936 -0.07771479
v -0.03905095 -0.00711038 -0.07725698
v -0.02888916 -0.02349557 -0.07800000
v 0.00221994 -0.04424233 -0.06746468
v 0.00200219 -0.04217691 -0.07220934
v 0.00423871 -0.03969551 -0.07653239
v -0.00063657 -0.03990017 -0.07650124
v -0.00539262 -0.03955919 -0.07647311
v -0.00269191 -0.04210410 -0.07220449
v -0.00060192 -0.03809544 -0.07790136
v -0.00468379 -0.03740573 -0.07797544
v -0.00922127 -0.03860476 -0.07677921
v -0.01245759 -0.03497250 -0.07800000
v -0.01667424 -0.04533779 -0.01187593
v -0.00894512 -0.04638773 -0.05799823
v -0.00499060 -0.04804575 -0.01187643
v 0.00300977 -0.04820990 -0.01187650
v 0.03947356 -0.00604145 -0.07650688
v 0.03963526 -0.00259203 -0.07680843
v 0.03940739 0.00174280 -0.07709394
v 0.03937948 -0.00257660 -0.07710511
v 0.03658946 -0.01061448 -0.07790378
v 0.03587679 -0.01480847 -0.07761522
v 0.03618022 -0.01493382 -0.07740135
v 0.03728890 -0.01081743 -0.07760838
v 0.03789476 -0.00666553 -0.07777680
v 0.03670929 -0.00684345 -0.07800000
v 0.03677023 -0.00647002 -0.07800000
v 0.03283991 0.02259478 -0.07645083
v 0.04609688 0.00915228 0.01083639
v 0.04592161 0.00911748 0.01099919
v 0.04530826 0.01172184 0.01100000
v 0.04699228 0.00000000 0.01085503
v 0.04697766 0.00000000 0.01089186
v 0.04686483 -0.00310229 0.01090944
v 0.04685627 0.00304761 0.01092606
v 0.04684244 0.00304671 0.01094142
v 0.04653983 0.00612709 0.01094142
v 0.04655356 0.00612889 0.01092606
v 0.04659025 0.00613372 0.01085503
v 0.03895810 0.00599916 -0.07708599
v 0.04425324 0.00145616 -0.06741160
v 0.04721520 0.00170026 -0.05799987
v 0.04353235 -0.00819255 -0.06744791
v 0.04659025 -0.00613372 0.01085503
v 0.04607573 -0.00920368 0.01087362
v 0.04537693 -0.01215871 0.01089186
v 0.04448371 -0.01514838 0.01085503
v 0.03824129 -0.02774660 -0.05798866
v 0.03995425 -0.02715099 -0.01189983
v 0.03879609 -0.02878394 -0.01189960
v 0.03309816 -0.03372626 -0.05799624
v 0.03084389 -0.03529576 0.01098596
v 0.02854596 -0.03720181 0.01097766
v 0.03085589 -0.03530950 0.01097766
v 0.03268335 -0.03349685 0.01100000
v 0.03311833 -0.03311833 0.01099666
v 0.04252035 -0.02288976 -0.01199986
v 0.04106797 -0.02335021 -0.05799127
v 0.03756895 -0.03036545 -0.01187563
v 0.03385656 -0.02110177 -0.07658915
v 0.03886837 -0.00683485 -0.07711893
v 0.03235137 -0.02253585 -0.07717152
v 0.03522499 0.02955727 -0.06293989
v 0.03528613 0.02960858 -0.06263309
v 0.03577004 0.03001463 -0.06020492
v 0.02995327 0.02513677 -0.07735027
v 0.02699204 0.02624086 -0.07797549
v 0.02459816 0.02801071 -0.07800000
v 0.02454554 0.02856077 -0.07797614
v 0.03091131 0.02063353 -0.07800000
v 0.03504221 0.01362496 -0.07797496
v 0.03546482 0.01129093 -0.07800000
v 0.03708420 0.00991981 -0.07776700
v 0.03467209 0.01802710 -0.07735033
v 0.03681788 0.00565188 -0.07800000
v 0.03803157 0.00167091 -0.07789933
v 0.03910880 0.00172719 -0.07736218
v 0.00127737 0.04161469 -0.07596354
v 0.01368336 0.03701470 -0.07735193
v 0.01357869 0.03676037 -0.07754565
v 0.01036398 0.03809932 -0.07743489
v 0.01661708 0.03510907 -0.07767387
v 0.01965682 0.03345727 -0.07764415
v 0.01947679 0.03316674 -0.07780062
v 0.02044569 0.03424456 -0.07665423
v 0.02209651 0.03315279 -0.07660847
v 0.02011228 0.03419230 -0.07694752
v 0.01749060 0.03586649 -0.07675259
v 0.01935261 0.03729306 -0.07347517
v 0.02804503 0.02725673 -0.07736491
v -0.01121069 0.04427489 -0.07410265
v -0.00982112 0.04133224 -0.07607564
v 0.04660283 0.00303218 0.01100000
v 0.04677479 0.00304231 0.01098596
v 0.04647261 0.00611824 0.01098596
v 0.04675624 0.00304110 0.01099228
v 0.03714319 0.02850097 0.01099919
v 0.03715781 0.02851219 0.01099666
v 0.03717260 0.02852354 0.01099228
v 0.04322404 0.01790296 0.01100000
v 0.04332514 0.01769666 0.01100000
v 0.04214188 0.02077840 0.01087362
v 0.04340170 0.01797757 0.01089186
v 0.04211436 0.02076483 0.01092606
v 0.03901576 0.02607346 0.01095527
v 0.04532709 0.01214536 0.01095527
v 0.04602763 0.00913853 0.01095527
v 0.04534193 0.01214933 0.01094142
v 0.04538495 0.01216086 0.01087362
v -0.02172033 0.05341169 0.00227816
v -0.01856429 0.05371265 0.00115497
v 0.00613181 0.04657575 0.01089186
v 0.00759274 0.05687410 -0.01064375
v -0.00922550 0.04601027 0.01095527
v -0.00612508 0.04652460 0.01095527
v 0.01796900 0.04338101 0.01092606
v 0.01506129 0.04448701 0.01090944
v 0.01505740 0.04447552 0.01092606
v -0.00920787 0.04592236 0.01099666
v -0.00920425 0.04590429 0.01099919
v -0.00611097 0.04641744 0.01099919
v -0.00648135 0.04634902 0.01100000
v 0.00611581 0.04645418 0.01099228
v 0.00301090 0.04675819 0.01099228
v 0.00611338 0.04643570 0.01099666
v 0.00000000 0.04681797 0.01099919
v -0.00922223 0.04599398 0.01096740
v -0.01212697 0.04525848 0.01099228
v -0.01212215 0.04524048 0.01099666
v -0.00611338 0.04643570 0.01099666
v -0.00611581 0.04645418 0.01099228
v -0.00611824 0.04647261 0.01098596
v -0.00612062 0.04649069 0.01097766
v -0.01767708 0.04333314 0.01100000
v -0.01791646 0.04325417 0.01099919
v -0.02079131 0.04194811 0.01099919
v -0.01512710 0.04430681 0.01099919
v -0.03334945 0.03283373 0.01100000
v -0.03055412 0.03547348 0.01099919
v -0.03275075 0.03345610 0.01099919
v -0.02580520 0.03893794 0.01100000
v -0.02586464 0.03902490 0.01099919
v -0.02891201 0.03680130 0.01100000
v -0.02402018 0.04016554 0.01100000
v -0.03276364 0.03346927 0.01099666
v -0.03277668 0.03348259 0.01099228
v -0.03057831 0.03550157 0.01099228
v 0.03905866 0.02610213 0.01089186
v 0.04652460 -0.00612508 0.01095527
v 0.04647261 -0.00611824 0.01098596
v 0.04645418 -0.00611581 0.01099228
v 0.04675271 -0.00309486 0.01099228
v 0.04673764 0.00303989 0.01099666
v 0.04689186 0.00000000 0.01097766
v 0.04690944 0.00000000 0.01096740
v 0.04692606 0.00000000 0.01095527
v 0.04681053 0.00304463 0.01096740
v 0.04643570 -0.00611338 0.01099666
v 0.04535531 -0.01215292 0.01092606
v 0.04531104 -0.01214106 0.01096740
v 0.04314531 -0.01813070 0.01100000
v 0.04524048 -0.01212215 0.01099666
v 0.04433615 -0.01509813 0.01099666
v 0.04336822 -0.01796370 0.01094142
v 0.04431871 -0.01509219 0.01099919
v 0.04325417 -0.01791646 0.01099919
v 0.04327118 -0.01792351 0.01099666
v 0.04438866 -0.01511601 0.01097766
v 0.04333868 -0.01795147 0.01096740
v 0.04328841 -0.01793064 0.01099228
v 0.04527644 -0.01213179 0.01098596
v 0.04437139 -0.01511013 0.01098596
v 0.04212618 -0.02083437 0.01083639
v 0.04540789 -0.01648128 -0.01187838
v 0.04199923 -0.02077158 0.01099228
v 0.04201589 -0.02077982 0.01098596
v 0.04203224 -0.02078791 0.01097766
v 0.04204800 -0.02079570 0.01096740
v 0.03728148 0.02860709 0.01085503
v 0.03531313 0.03098198 0.01089186
v 0.03322409 0.03322409 0.01087362
v 0.03321822 0.03321822 0.01089186
v 0.03726174 0.02859194 0.01090944
v 0.02860975 0.03728496 0.01083639
v 0.03096202 0.03533063 0.01089186
v 0.03091706 0.03527933 0.01096740
v 0.03314465 0.03314465 0.01098596
v 0.03313151 0.03313151 0.01099228
v 0.03527435 0.03094795 0.01095527
v 0.03318173 0.03318173 0.01095527
v 0.03311833 0.03311833 0.01099666
v 0.03088120 0.03523841 0.01099228
v 0.03522095 0.03090110 0.01099228
v -0.04629923 -0.00682797 0.01100000
v -0.04632076 -0.00680514 0.01099919
v -0.04580370 -0.00969246 0.01099919
v -0.04689881 0.00199973 0.01094142
v -0.04681609 -0.00389277 0.01089186
v -0.04332676 -0.01817889 0.01087362
v -0.04916254 -0.00761185 -0.06342416
v -0.05386377 0.06235626 -0.03110346
v -0.05613854 0.06139713 -0.02752393
v -0.05082186 0.04845256 -0.05799195
v -0.05675173 0.06112590 -0.02651170
v -0.05154874 0.01932718 -0.06692808
v -0.05368872 0.01108137 -0.06390807
v -0.05102696 0.00570198 -0.06652821
v -0.03385623 -0.03330022 -0.05799870
v -0.02352352 -0.03213487 -0.07641836
v -0.02605568 -0.03013351 -0.07642516
v -0.02682361 -0.03889924 -0.05799859
v -0.02743034 -0.02784377 -0.07734714
v -0.02781700 -0.02824374 -0.07676658
v -0.01498806 -0.04453799 0.01085503
v -0.01498946 -0.04454214 0.01083639
v -0.01199463 -0.04527446 0.01099666
v -0.00905872 -0.04609599 0.01089186
v -0.03739458 -0.02834962 0.01095527
v -0.03740682 -0.02835890 0.01094142
v -0.03557334 -0.03062735 0.01094142
v -0.03738133 -0.02833958 0.01096740
v -0.03554911 -0.03060648 0.01096740
v -0.03736732 -0.02832896 0.01097766
v -0.03744231 -0.02838580 0.01087362
v -0.03560080 -0.03065099 0.01089186
v -0.03558384 -0.03063638 0.01092606
v -0.04267621 -0.01920888 0.01100000
v -0.04056024 -0.02338353 0.01099919
v -0.03958276 -0.02496889 0.01100000
v -0.03730844 -0.02828432 0.01099919
v -0.03584702 -0.03008706 0.01100000
v -0.03721364 -0.02821472 0.01100000
v -0.04071125 -0.02347059 0.01085503
v -0.05503992 0.00252688 -0.05800827
v -0.01200416 -0.04531044 0.01098596
v -0.01495603 -0.04444281 0.01097766
v -0.01200884 -0.04532807 0.01097766
v -0.02183845 -0.04161669 0.01081804
v -0.02183797 -0.04161578 0.01083117
v 0.00313337 -0.04659864 0.01100000
v 0.00008812 -0.04690936 0.01096740
v 0.00314496 -0.04680390 0.01096740
v 0.00008808 -0.04689177 0.01097766
v 0.00314378 -0.04678636 0.01097766
v -0.00297449 -0.04679742 0.01097766
v -0.00601144 -0.04650494 0.01097766
v 0.00314131 -0.04674961 0.01099228
v 0.00314255 -0.04676816 0.01098596
v 0.00008805 -0.04687354 0.01098596
v -0.00297333 -0.04677922 0.01098596
v 0.01509868 -0.04433596 0.01099666
v 0.01510469 -0.04435361 0.01099228
v 0.01511068 -0.04437120 0.01098596
v 0.01217430 -0.04526503 0.01098596
v 0.01511656 -0.04438847 0.01097766
v 0.01220133 -0.04536549 0.01089186
v 0.01514091 -0.04445998 0.01090944
v 0.01513700 -0.04444849 0.01092606
v 0.02073462 -0.04197616 0.01099919
v 0.02340000 -0.04052999 0.01100000
v 0.01217904 -0.04528264 0.01097766
v 0.01218361 -0.04529962 0.01096740
v 0.01216948 -0.04524707 0.01099228
v 0.00920494 -0.04596091 0.01098596
v 0.00618370 -0.04646394 0.01098596
v 0.00618611 -0.04648202 0.01097766
v 0.00922537 -0.04606292 0.01089186
v 0.00619447 -0.04654488 0.01092606
v 0.00315051 -0.04688655 0.01085503
v -0.00600672 -0.04646841 0.01099228
v -0.00144292 -0.04679573 0.01099919
v -0.00297215 -0.04676067 0.01099228
v 0.00314884 -0.04686173 0.01090944
v -0.00601582 -0.04653886 0.01095527
v -0.00905173 -0.04606043 0.01094142
v -0.00904877 -0.04604536 0.01095527
v 0.02586894 -0.03888451 0.01100000
v 0.03204830 -0.03615271 -0.01187578
v 0.02779537 -0.03949241 -0.01199994
v 0.02894447 -0.03867728 -0.01182842
v 0.02853042 -0.03734991 0.01080000
v 0.01523462 -0.04446242 0.01080000
v 0.01092474 -0.04705313 -0.01187629
v 0.01478246 -0.04598797 -0.01187617
v 0.01478199 -0.04598791 -0.01189997
v -0.03552196 -0.03058311 0.01098596
v -0.03550788 -0.03057098 0.01099228
v -0.03733797 -0.02830671 0.01099228
v -0.03732312 -0.02829545 0.01099666
v -0.03549375 -0.03055882 0.01099666
v -0.03358776 -0.03285639 0.01087362
v -0.02920677 -0.03681357 0.01085503
v -0.02687149 -0.03854353 0.01087362
v -0.03147478 -0.03486079 0.01090944
v -0.03355592 -0.03282525 0.01094142
v -0.02679661 -0.03843613 0.01099228
v -0.03144708 -0.03483011 0.01095527
v -0.02916561 -0.03676169 0.01095527
v -0.02915528 -0.03674868 0.01096740
v -0.02682773 -0.03848076 0.01096740
v -0.02683723 -0.03849439 0.01095527
v -0.02432555 -0.04012883 0.01095527
v -0.02684602 -0.03850699 0.01094142
v -0.02685394 -0.03851835 0.01092606
v -0.02435988 -0.04018546 0.01085503
v -0.04693187 -0.00094689 0.01094142
v -0.03846459 0.02678826 0.01098596
v -0.03672662 0.02912544 0.01098596
v -0.06174230 0.05565482 -0.00609335
v -0.04282919 0.01909206 0.01097766
v -0.04393658 0.01638363 0.01097766
v -0.04488311 0.01357767 0.01097766
v -0.04624755 0.00785239 0.01096740
v -0.04626393 0.00785518 0.01095527
v 0.02075029 0.04214648 0.01089186
v 0.02068789 0.04201974 0.01099666
v 0.02299962 0.04075852 0.01100000
v 0.02341820 0.04056150 0.01099666
v 0.02074576 0.04213728 0.01090944
v 0.02348370 0.04067496 0.01090944
v 0.02854596 0.03720181 0.01097766
v -0.00001392 0.06210694 -0.03017298
v 0.00192412 0.06130011 -0.02716186
v -0.02441959 0.05922746 -0.05800142
v 0.00448159 0.04328492 -0.07380210
v 0.00789544 0.04602094 -0.06895374
v -0.00008776 0.03984029 -0.07743168
v 0.00349749 0.03953987 -0.07746238
v 0.00002222 0.03964898 -0.07755733
v 0.00367111 0.04741221 -0.06909271
v 0.00809822 0.04418623 -0.07140829
v -0.00834425 0.04717706 -0.07185553
v -0.00417418 0.04690711 -0.07175096
v 0.00874144 0.05087680 -0.05800918
v 0.01211933 -0.03777717 -0.07688093
v 0.01484286 -0.03698132 -0.07659049
v -0.01940300 0.03347497 -0.07798672
v -0.01636891 0.03598994 -0.07775884
v -0.01525706 0.03644969 -0.07774556
v -0.01347200 0.03688864 -0.07784470
v -0.00686472 0.03874808 -0.07777987
v -0.01021989 0.03795388 -0.07781687
v -0.01298545 0.03738899 -0.07771840
v -0.01013670 0.03762744 -0.07791833
v 0.00347132 0.03932225 -0.07760125
v 0.00598413 0.03947402 -0.07721233
v 0.00693311 0.03887564 -0.07752053
v -0.03542449 -0.01323639 -0.07797358
v -0.03627057 -0.00987301 -0.07800000
v -0.03741567 -0.00674724 -0.07798484
v -0.03755493 -0.00440688 -0.07800000
v -0.03800399 -0.00687789 -0.07786059
v -0.03800689 0.00108944 -0.07800000
v -0.03823633 -0.00007797 -0.07798918
v -0.03841303 0.00330326 -0.07796411
v -0.03899393 -0.00010662 -0.07782389
v -0.04339957 0.01492130 -0.07404329
v -0.03954727 0.00466378 -0.07747583
v -0.04133382 0.02221598 -0.07416707
v -0.03821867 0.01998234 -0.07610867
v -0.03949725 0.01666521 -0.07607914
v -0.02966792 0.02486134 -0.07798800
v -0.02939030 0.02463000 -0.07800000
v -0.03062666 0.02319927 -0.07800000
v -0.02758071 0.02755713 -0.07795378
v -0.03362010 0.01848120 -0.07800000
v -0.03595737 0.01319692 -0.07800000
v -0.03504103 0.01632258 -0.07798319
v -0.02607444 -0.02644582 -0.07800000
v 0.00368553 -0.03973402 -0.07652882
v -0.00269623 -0.04420999 -0.06744283
v -0.01667389 -0.04533761 -0.01189974
v -0.00499046 -0.04804580 -0.01190025
v 0.03930265 -0.00690977 -0.07651176
v 0.03979369 -0.00312128 -0.07649240
v 0.03622591 -0.01050899 -0.07797645
v 0.03576949 -0.01037889 -0.07800000
v 0.03760607 -0.01090947 -0.07739076
v 0.03459498 -0.01890805 -0.07716163
v 0.03555019 -0.01467355 -0.07778449
v 0.04657575 0.00613181 0.01089186
v 0.04607823 0.00914858 0.01089186
v 0.04656558 0.00613048 0.01090944
v 0.04686837 0.00304839 0.01090944
v 0.04658399 0.00613290 0.01087362
v 0.03915401 0.00753307 -0.07645602
v 0.04213380 0.00124322 -0.07219916
v 0.04147720 -0.00790043 -0.07220272
v 0.04608193 -0.00920492 0.01085503
v 0.03528304 -0.03103839 0.01085503
v 0.03527829 -0.03103422 0.01087362
v 0.03527206 -0.03102873 0.01089186
v 0.03089762 -0.03535724 0.01092606
v 0.03320239 -0.03320239 0.01092606
v 0.03088850 -0.03534682 0.01094142
v 0.03090560 -0.03536638 0.01090944
v 0.03086746 -0.03532274 0.01096740
v 0.03087839 -0.03533525 0.01095527
v 0.02856678 -0.03722895 0.01095527
v 0.02855666 -0.03721576 0.01096740
v 0.03083166 -0.03528177 0.01099228
v 0.02853485 -0.03718734 0.01098596
v 0.03310531 -0.03310531 0.01099919
v 0.03520764 -0.03097206 0.01097766
v 0.03522084 -0.03098368 0.01096740
v 0.03720181 -0.02854596 0.01097766
v 0.03517999 -0.03094774 0.01099228
v 0.03516599 -0.03093543 0.01099666
v 0.03519394 -0.03096002 0.01098596
v 0.03756858 -0.03036530 -0.01182814
v 0.03470040 -0.01960932 -0.07658213
v 0.02191277 0.03066538 -0.07797714
v 0.02213421 0.03096539 -0.07790665
v 0.02009963 0.03148727 -0.07800000
v 0.02235210 0.03126058 -0.07778732
v 0.03633877 0.00971527 -0.07797503
v 0.03588016 0.00959201 -0.07800000
v 0.03540595 0.01376715 -0.07789754
v 0.03437232 0.01787239 -0.07758226
v 0.03610386 0.01403996 -0.07758249
v 0.03532398 0.01836339 -0.07644595
v 0.03718495 0.00162368 -0.07800000
v 0.03932324 0.01485836 -0.07223478
v 0.03598151 0.01710370 -0.07644534
v 0.03711918 0.01443647 -0.07644633
v 0.00316559 0.03976805 -0.07731977
v 0.02320694 0.03241841 -0.07657769
v 0.01997794 0.03397549 -0.07721175
v 0.01564876 0.03757109 -0.07579273
v 0.01577641 0.03924150 -0.07355420
v 0.00831803 0.04224448 -0.07371914
v 0.01191962 0.03811887 -0.07696903
v 0.01214959 0.03904887 -0.07583556
v -0.00689260 0.03892157 -0.07770193
v 0.04652460 0.00612508 0.01095527
v 0.04650813 0.00612291 0.01096740
v 0.04645418 0.00611581 0.01099228
v 0.04336822 0.01796370 0.01094142
v 0.04338101 0.01796900 0.01092606
v 0.04210194 0.02075871 0.01094142
v 0.04341925 0.01798484 0.01083639
v 0.03751432 0.02798063 0.01100000
v 0.04214755 0.02078120 0.01085503
v 0.03897216 0.02604432 0.01098596
v 0.03894121 0.02602364 0.01099666
v 0.04445343 0.01507944 0.01094142
v 0.04535531 0.01215292 0.01092606
v 0.04539106 0.01216250 0.01085503
v 0.04537693 0.01215871 0.01089186
v 0.04536702 0.01215606 0.01090944
v 0.04608638 0.00915020 0.01087362
v 0.04433652 0.01503978 0.01099919
v 0.04518118 0.01210472 0.01100000
v 0.04525848 0.01212697 0.01099228
v 0.04524048 0.01212215 0.01099666
v 0.00775536 0.05689430 -0.01071913
v 0.00613048 0.04656558 0.01090944
v 0.00912014 0.04608387 0.01089186
v 0.00803760 0.05693839 -0.01088369
v -0.00612291 0.04650813 0.01096740
v -0.03060750 0.05326997 0.00280704
v -0.03012157 0.05325486 0.00286345
v 0.01797364 0.04339222 0.01090944
v 0.01506724 0.04450459 0.01087362
v 0.01215871 0.04537693 0.01089186
v 0.01088749 0.04572158 0.01080000
v 0.00826320 0.05698748 -0.01106689
v 0.00815746 0.05696231 -0.01097294
v 0.00301645 0.04684440 0.01094142
v 0.00612709 0.04653983 0.01094142
v 0.00301546 0.04682907 0.01095527
v 0.00612508 0.04652460 0.01095527
v 0.00301327 0.04679494 0.01097766
v 0.00611824 0.04647261 0.01098596
v 0.00612062 0.04649069 0.01097766
v 0.00612291 0.04650813 0.01096740
v 0.00301440 0.04681249 0.01096740
v -0.01219024 0.04518449 0.01100000
v -0.01211175 0.04520050 0.01100000
v -0.01211738 0.04522269 0.01099919
v 0.00301209 0.04677674 0.01098596
v 0.00000000 0.04685503 0.01099228
v 0.00300970 0.04673959 0.01099666
v 0.00000000 0.04683639 0.01099666
v -0.00921519 0.04595885 0.01098596
v -0.01792351 0.04327118 0.01099666
v -0.01509273 0.04420514 0.01100000
v -0.01513908 0.04434188 0.01099228
v -0.03476097 0.03136236 0.01099919
v -0.03728507 0.02828539 0.01100000
v -0.03468210 0.03129362 0.01100000
v -0.03668302 0.02909086 0.01099919
v -0.03376563 0.03243154 0.01099919
v -0.03278968 0.03349587 0.01098596
v -0.03059044 0.03551565 0.01098596
v -0.03048460 0.03539523 0.01100000
v -0.03056614 0.03548744 0.01099666
v -0.02832513 0.03732400 0.01099228
v -0.02833636 0.03733881 0.01098596
v -0.02587481 0.03904026 0.01099666
v -0.02341559 0.04055699 0.01099756
v -0.02830272 0.03729448 0.01099919
v 0.04596556 -0.00918167 0.01098596
v 0.04677125 -0.00309609 0.01098596
v 0.04687362 0.00000000 0.01098596
v 0.04694142 0.00000000 0.01094142
v 0.04682712 0.00304571 0.01095527
v 0.04679299 0.00304349 0.01097766
v 0.04641744 -0.00611097 0.01099919
v 0.04534193 -0.01214933 0.01094142
v 0.04421293 -0.01505558 0.01100000
v 0.04522269 -0.01211738 0.01099919
v 0.04335403 -0.01795783 0.01095527
v 0.04206290 -0.02080307 0.01095527
v 0.04340170 -0.01797757 0.01089186
v 0.04339222 -0.01797364 0.01090944
v 0.04446016 -0.01514036 0.01090944
v 0.04208908 -0.02081602 0.01092606
v 0.04435379 -0.01510414 0.01099228
v 0.04330558 -0.01793776 0.01098596
v 0.04206286 -0.02374879 -0.01182939
v 0.04070030 -0.02349833 0.01083639
v 0.04069651 -0.02349614 0.01085503
v 0.04198252 -0.02076332 0.01099666
v 0.03531937 0.03098745 0.01087362
v 0.02860709 0.03728148 0.01085503
v 0.02860324 0.03727647 0.01087362
v 0.02608447 0.03908044 0.01087362
v 0.02609041 0.03908934 0.01083639
v 0.03096749 0.03533687 0.01087362
v 0.03526185 0.03093699 0.01096740
v 0.03086892 0.03522439 0.01099666
v -0.04504885 -0.01254587 0.01100000
v -0.04492319 -0.01312047 0.01100000
v -0.04663102 0.00493904 0.01097766
v -0.04664851 0.00494089 0.01096740
v -0.04686686 0.00199837 0.01096740
v -0.04666504 0.00494264 0.01095527
v -0.04667531 -0.00388107 0.01099666
v -0.04665696 -0.00387954 0.01099919
v -0.04682686 -0.00094477 0.01099666
v -0.06231197 0.05577323 -0.00653524
v -0.04647874 -0.00682836 0.01089186
v -0.04677547 0.00199447 0.01099919
v -0.04650990 0.00492794 0.01100000
v -0.04648729 0.00540105 0.01100000
v -0.04679048 -0.00094403 0.01100000
v -0.04655755 0.00493126 0.01099919
v -0.04680844 -0.00094439 0.01099919
v -0.04333259 -0.01818134 0.01085503
v -0.04331911 -0.01817568 0.01089186
v -0.05260774 0.06277387 -0.03266198
v -0.05126151 0.04787048 -0.05799164
v -0.05171612 0.01478054 -0.06680127
v -0.05303166 0.00632556 -0.06378702
v -0.02763903 -0.02805964 -0.07707290
v -0.02819947 -0.02815965 -0.07644066
v -0.02420386 -0.03992941 0.01100000
v -0.02426952 -0.04003640 0.01099919
v -0.02174618 -0.04144084 0.01100000
v -0.02431693 -0.04011462 0.01096740
v -0.02430782 -0.04009958 0.01097766
v -0.02179745 -0.04153856 0.01096680
v -0.02180950 -0.04156153 0.01094638
v -0.01782552 -0.04343794 0.01092856
v -0.01498012 -0.04451441 0.01090944
v -0.01497626 -0.04450291 0.01092606
v -0.01202508 -0.04538937 0.01092606
v -0.01202153 -0.04537598 0.01094142
v -0.01201760 -0.04536114 0.01095527
v -0.01201334 -0.04534507 0.01096740
v -0.00903148 -0.04595737 0.01099666
v -0.00904557 -0.04602905 0.01096740
v -0.00906032 -0.04610413 0.01087362
v -0.00905440 -0.04607402 0.01092606
v -0.03353306 -0.03280289 0.01096740
v -0.03553578 -0.03059501 0.01097766
v -0.03556170 -0.03061732 0.01095527
v -0.03744734 -0.02838962 0.01085503
v -0.03741785 -0.02836726 0.01092606
v -0.03559303 -0.03064430 0.01090944
v -0.04258372 -0.01945634 0.01099919
v -0.04200791 -0.02079595 0.01098596
v -0.04199125 -0.02078770 0.01099228
v -0.04197455 -0.02077943 0.01099666
v -0.04059235 -0.02340204 0.01099228
v -0.04195804 -0.02077126 0.01099919
v -0.03980926 -0.02464032 0.01099919
v -0.04067919 -0.02345211 0.01092606
v -0.04206868 -0.02082603 0.01094142
v -0.04065388 -0.02343751 0.01095527
v -0.04205491 -0.02081922 0.01095527
v -0.04204002 -0.02081184 0.01096740
v -0.04063948 -0.02342921 0.01096740
v -0.03902620 -0.02586267 0.01099919
v -0.03904156 -0.02587285 0.01099666
v -0.03735279 -0.02831794 0.01098596
v -0.03910245 -0.02591320 0.01096740
v -0.04070577 -0.02346743 0.01087362
v -0.04071505 -0.02347278 0.01083639
v -0.01784283 -0.04341799 0.01094035
v -0.01781616 -0.04341513 0.01095321
v -0.02177013 -0.04148648 0.01099325
v -0.01778116 -0.04332983 0.01099653
v -0.01779333 -0.04335948 0.01098794
v -0.01496694 -0.04447523 0.01095527
v -0.01494428 -0.04440791 0.01099228
v -0.01779524 -0.04336415 0.01098559
v -0.01780532 -0.04338871 0.01097320
v -0.02179063 -0.04157626 0.01094113
v -0.02181984 -0.04158122 0.01092193
v -0.02433351 -0.04014196 0.01094142
v -0.01783311 -0.04345644 0.01090000
v -0.01498340 -0.04452413 0.01089186
v -0.01786928 -0.04344632 0.01088833
v -0.02180268 -0.04162093 0.01087094
v -0.02183529 -0.04161067 0.01085530
v -0.02179153 -0.04163904 0.01082655
v -0.02178315 -0.04163839 0.01084396
v 0.01514422 -0.04446968 0.01089186
v 0.01796508 -0.04331400 0.01097766
v 0.01794383 -0.04326276 0.01099666
v 0.01795097 -0.04327998 0.01099228
v 0.01853920 -0.04460666 -0.01182860
v 0.02216650 -0.04292090 -0.01189978
v 0.01512759 -0.04442084 0.01095527
v 0.01219191 -0.04533050 0.01094142
v 0.01513254 -0.04443539 0.01094142
v 0.01797818 -0.04334559 0.01095527
v 0.01512223 -0.04440511 0.01096740
v 0.00922700 -0.04607106 0.01087362
v 0.00922336 -0.04605286 0.01090944
v 0.00314710 -0.04683581 0.01094142
v 0.00920853 -0.04597880 0.01097766
v 0.00921198 -0.04599604 0.01096740
v 0.00619062 -0.04651593 0.01095527
v 0.01218792 -0.04531566 0.01095527
v -0.00600910 -0.04648685 0.01098596
v -0.00903866 -0.04599390 0.01098596
v -0.00297097 -0.04674207 0.01099666
v 0.02594268 -0.03899520 0.01099666
v 0.02595300 -0.03901071 0.01099228
v 0.03074585 -0.03724092 -0.01199989
v 0.02602552 -0.03911972 0.01087362
v 0.02860324 -0.03727647 0.01087362
v 0.02602092 -0.03911281 0.01089186
v 0.03092197 -0.03538511 0.01085503
v 0.03091781 -0.03538035 0.01087362
v -0.03346768 -0.03273892 0.01099919
v -0.03338957 -0.03266413 0.01100000
v -0.03547979 -0.03054680 0.01099919
v -0.03148722 -0.03487457 0.01087362
v -0.03560709 -0.03065640 0.01087362
v -0.02687510 -0.03854871 0.01085503
v -0.03356582 -0.03283493 0.01092606
v -0.02681767 -0.03846633 0.01097766
v -0.02914435 -0.03673490 0.01097766
v -0.02913302 -0.03672061 0.01098596
v -0.04676467 -0.00388850 0.01095527
v -0.04677998 -0.00388977 0.01094142
v -0.04642770 -0.00682086 0.01095527
v -0.04072936 0.02305123 0.01100000
v -0.03841893 0.02675646 0.01099919
v -0.04008521 0.02429635 0.01098596
v -0.04267282 0.01901973 0.01100000
v -0.04276171 0.01906198 0.01099919
v -0.04340250 0.01750608 0.01100000
v -0.04153585 0.02176279 0.01097766
v -0.04391949 0.01637726 0.01098596
v -0.04281253 0.01908464 0.01098596
v -0.04615737 0.00783708 0.01099919
v -0.04604048 0.00781572 0.01100000
v -0.04534184 0.01159128 0.01100000
v -0.04481238 0.01355627 0.01099919
v -0.04378779 0.01633098 0.01100000
v -0.04386735 0.01635782 0.01099919
v -0.04564393 0.01074607 0.01097766
v -0.04562617 0.01074190 0.01098596
v -0.04621223 0.00784640 0.01098596
v -0.04619391 0.00784328 0.01099228
v 0.02067975 0.04200322 0.01099919
v 0.02348883 0.04068384 0.01089186
v 0.02852354 0.03717260 0.01099228
v 0.03092801 0.03529183 0.01095527
v 0.02599121 0.03894071 0.01099919
v 0.02338350 0.04050501 0.01100000
v 0.02340898 0.04054555 0.01099919
v 0.02855666 0.03721576 0.01096740
v 0.02604199 0.03901679 0.01096740
v 0.00494736 0.04107316 -0.07592168
v -0.00324291 0.03964450 -0.07752459
v -0.00344175 0.03944075 -0.07763726
v 0.00059479 0.04401281 -0.07388341
v -0.01638636 0.03501961 -0.07798506
v -0.01326324 0.03629273 -0.07798275
v -0.01947202 0.03359763 -0.07797007
v -0.01331624 0.03644402 -0.07796109
v -0.01846503 0.03491315 -0.07777769
v -0.01356242 0.03715042 -0.07772530
v -0.00683598 0.03856927 -0.07784666
v -0.01194332 0.03771818 -0.07770213
v 0.01346569 0.03648578 -0.07770829
v 0.00676766 0.03810874 -0.07787929
v 0.00682524 0.03837564 -0.07778492
v 0.01011323 0.03729858 -0.07785755
v 0.00670871 0.03783548 -0.07794672
v 0.00338470 0.03860204 -0.07789974
v 0.00688064 0.03863243 -0.07766472
v 0.00907237 0.03889709 -0.07708685
v 0.00698198 0.03910221 -0.07735481
v -0.03655776 -0.01003373 -0.07798266
v -0.03771137 -0.00681290 -0.07793853
v -0.03879934 -0.00353098 -0.07778858
v -0.03784664 0.00326954 -0.07800000
v -0.03759705 0.00666512 -0.07800000
v -0.03763915 -0.00338262 -0.07800000
v -0.03797846 -0.00342385 -0.07798705
v -0.04547739 0.02043984 -0.07195994
v -0.03897921 0.00784701 -0.07756413
v -0.03900551 0.00683668 -0.07764360
v -0.03886933 0.00332898 -0.07785555
v -0.03874522 -0.00009721 -0.07790112
v -0.03862517 0.00677895 -0.07781634
v -0.03842594 0.00674872 -0.07788231
v -0.03731702 0.00998495 -0.07797601
v -0.03684550 0.00986905 -0.07800000
v -0.03663354 0.02320649 -0.07613365
v -0.03544964 0.01755924 -0.07774443
v -0.03711372 0.01347188 -0.07775726
v -0.03807114 0.01121931 -0.07764134
v -0.03685495 0.01453645 -0.07770164
v -0.03560894 0.01658006 -0.07784870
v -0.04253247 0.01860151 -0.07410890
v -0.02719175 0.02717418 -0.07800000
v -0.02776389 0.02773843 -0.07789619
v -0.03007699 0.02519791 -0.07789196
v -0.02739464 0.02737297 -0.07798847
v -0.03169606 0.02217972 -0.07798701
v -0.03192514 0.02233663 -0.07794792
v -0.02987412 0.02503099 -0.07795189
v 0.00158984 -0.03987990 -0.07651525
v 0.03645310 -0.01504654 -0.07714884
v 0.03694699 -0.01071822 -0.07778067
v 0.04687860 0.00304906 0.01089186
v 0.03938090 0.00606822 -0.07645978
v 0.04539106 -0.01216250 0.01085503
v 0.03526435 -0.03102196 0.01090944
v 0.03726174 -0.02859194 0.01090944
v 0.03525525 -0.03101395 0.01092606
v 0.03727647 -0.02860324 0.01087362
v 0.03319260 -0.03319260 0.01094142
v 0.03321822 -0.03321822 0.01089186
v 0.03091235 -0.03537410 0.01089186
v 0.03893925 -0.02609351 0.01098596
v 0.03892380 -0.02608316 0.01099228
v 0.03717260 -0.02852354 0.01099228
v 0.03718734 -0.02853485 0.01098596
v 0.04065247 -0.02347071 0.01094142
v 0.04066446 -0.02347763 0.01092606
v 0.03995387 -0.02715143 -0.01182875
v 0.03888966 -0.02639308 0.01080000
v 0.02598314 -0.03905601 0.01096740
v 0.02596330 -0.03902619 0.01098596
v 0.03615640 -0.02974284 0.01099919
v 0.03715781 -0.02851219 0.01099666
v 0.03313151 -0.03313151 0.01099228
v 0.03314465 -0.03314465 0.01098596
v 0.03315755 -0.03315755 0.01097766
v 0.01909909 0.03255719 -0.07797852
v 0.02504275 0.02912995 -0.07777766
v 0.03576327 0.01390682 -0.07776624
v 0.03544370 0.01813403 -0.07644584
v 0.03829898 0.01101286 -0.07644982
v 0.03727437 0.01405781 -0.07644653
v 0.03776128 0.01010560 -0.07735278
v 0.03805039 0.01018493 -0.07708079
v 0.03725076 0.01412799 -0.07644644
v 0.00002723 0.03983773 -0.07742773
v 0.01982513 0.03372889 -0.07744616
v 0.01700294 0.03586224 -0.07703253
v 0.01205828 0.04266290 -0.07129165
v 0.01607066 0.04234812 -0.06868066
v 0.01457697 0.03716932 -0.07686168
v 0.01043622 0.03833001 -0.07724118
v 0.00857650 0.04021732 -0.07587878
v -0.00648497 0.03917281 -0.07760405
v 0.04595796 0.00912470 0.01099228
v 0.04601132 0.00913530 0.01096740
v 0.04599408 0.00913187 0.01097766
v 0.04339222 0.01797364 0.01090944
v 0.04340937 0.01798075 0.01087362
v 0.04063916 0.02346303 0.01095527
v 0.04207326 0.02074456 0.01096740
v 0.04208816 0.02075191 0.01095527
v 0.04057765 0.02342752 0.01099228
v 0.04202446 0.02072050 0.01099228
v 0.04204113 0.02072872 0.01098596
v 0.04065247 0.02347071 0.01094142
v 0.03509746 0.03079426 0.01100000
v 0.04059374 0.02343681 0.01098596
v 0.04056150 0.02341820 0.01099666
v 0.03895671 0.02603399 0.01099228
v 0.04605628 0.00914422 0.01092606
v 0.04609258 0.00915143 0.01085503
v 0.04527644 0.01213179 0.01098596
v 0.04437162 0.01505169 0.01099228
v 0.04529406 0.01213651 0.01097766
v 0.04522269 0.01211738 0.01099919
v 0.04435397 0.01504570 0.01099666
v 0.04325417 0.01791646 0.01099919
v 0.04327118 0.01792351 0.01099666
v 0.00790360 0.05691573 -0.01079909
v -0.02922582 0.05323847 0.00292463
v 0.01797757 0.04340170 0.01089186
v 0.01216086 0.04538495 0.01087362
v 0.00834889 0.05701229 -0.01115946
v 0.01796370 0.04336822 0.01094142
v 0.01505296 0.04446241 0.01094142
v 0.01795783 0.04335403 0.01095527
v 0.00911310 0.04604833 0.01094142
v -0.00921153 0.04594063 0.01099228
v -0.00312678 0.04675059 0.01099228
v -0.00312802 0.04676913 0.01098596
v -0.00312924 0.04678733 0.01097766
v -0.02081602 0.04199797 0.01098596
v -0.01793776 0.04330558 0.01098596
v -0.02080777 0.04198131 0.01099228
v -0.01793064 0.04328841 0.01099228
v -0.01514508 0.04435947 0.01098596
v -0.01513306 0.04432424 0.01099666
v -0.03844934 0.02677764 0.01099228
v -0.02340000 0.04052999 0.01100000
v -0.02342747 0.04057756 0.01099187
v -0.02079949 0.04196461 0.01099666
v -0.03270688 0.03340826 0.01100000
v -0.02831386 0.03730915 0.01099666
v 0.04685503 0.00000000 0.01099228
v 0.04649069 0.00612062 0.01097766
v 0.04207667 -0.02080988 0.01094142
v 0.04211659 -0.02082962 0.01087362
v 0.04069103 -0.02349298 0.01087362
v 0.04067496 -0.02348370 0.01090944
v 0.04332243 -0.01794474 0.01097766
v 0.04206380 -0.02374881 -0.01187663
v 0.03973316 -0.02476285 0.01099919
v 0.03532413 0.03099162 0.01085503
v 0.02608798 0.03908569 0.01085503
v 0.03094727 0.03531380 0.01092606
v 0.02859819 0.03726988 0.01089186
v 0.02859194 0.03726174 0.01090944
v 0.03097166 0.03534163 0.01085503
v -0.04422912 -0.01535275 0.01099919
v -0.04309157 -0.01808343 0.01100000
v -0.04317186 -0.01811390 0.01099919
v -0.04527008 -0.01260532 0.01085503
v -0.04585814 -0.00970398 0.01098596
v -0.04517334 -0.01257838 0.01097766
v -0.04515577 -0.01257349 0.01098596
v -0.04429893 -0.01537698 0.01097766
v -0.04661288 0.00493712 0.01098596
v -0.04659440 0.00493516 0.01099228
v -0.04681250 0.00199605 0.01099228
v -0.04684929 0.00199762 0.01097766
v -0.04688346 0.00199908 0.01095527
v -0.04689990 -0.00094624 0.01096740
v -0.04654616 -0.00387030 0.01100000
v -0.04680587 -0.00389192 0.01090944
v -0.04695784 -0.00094741 0.01090944
v -0.04644290 -0.00682309 0.01094142
v -0.04657587 0.00493320 0.01099666
v -0.04330965 -0.01817171 0.01090944
v -0.02637587 -0.02983869 -0.07642748
v -0.02427907 -0.04005215 0.01099666
v -0.02175563 -0.04145886 0.01099896
v -0.02678595 -0.03842083 0.01099666
v -0.02428873 -0.04006809 0.01099228
v -0.02429836 -0.04008398 0.01098596
v -0.02178420 -0.04151330 0.01098250
v -0.02178221 -0.04156310 0.01095491
v -0.01783300 -0.04338740 0.01096620
v -0.01202818 -0.04540110 0.01090944
v -0.01203081 -0.04541101 0.01089186
v -0.00903507 -0.04597566 0.01099228
v -0.01199940 -0.04529247 0.01099228
v -0.00904218 -0.04601180 0.01097766
v -0.00906154 -0.04611033 0.01085503
v -0.01203293 -0.04541903 0.01087362
v -0.03354494 -0.03281451 0.01095527
v -0.03742752 -0.02837459 0.01090944
v -0.04057620 -0.02339273 0.01099666
v -0.04060845 -0.02341132 0.01098596
v -0.04066719 -0.02344519 0.01094142
v -0.03907259 -0.02589341 0.01098596
v -0.03912911 -0.02593087 0.01094142
v -0.03916623 -0.02595547 0.01087362
v -0.01782084 -0.04342654 0.01094088
v -0.01496164 -0.04445948 0.01096740
v -0.01495021 -0.04442552 0.01098596
v -0.01347282 -0.04483755 0.01099919
v -0.02181791 -0.04157754 0.01092650
v -0.02434069 -0.04015381 0.01092606
v -0.02434698 -0.04016418 0.01090944
v -0.02435230 -0.04017295 0.01089186
v -0.02178777 -0.04160744 0.01090632
v -0.02179563 -0.04161509 0.01088896
v -0.01784213 -0.04347842 0.01083473
v -0.01786917 -0.04345537 0.01087041
v 0.01514689 -0.04447754 0.01087362
v 0.01795809 -0.04329715 0.01098596
v 0.02075103 -0.04200939 0.01099228
v 0.02074278 -0.04199268 0.01099666
v 0.01793677 -0.04324575 0.01099919
v 0.01800523 -0.04341080 0.01083639
v 0.01797380 -0.04482393 -0.01200020
v 0.01853858 -0.04460764 -0.01187608
v 0.02391933 -0.04195805 -0.01194496
v 0.01797182 -0.04333024 0.01096740
v 0.00618125 -0.04644552 0.01099228
v 0.00617879 -0.04642704 0.01099666
v 0.00617636 -0.04640878 0.01099919
v 0.00922825 -0.04607726 0.01085503
v 0.00618843 -0.04649945 0.01096740
v 0.00619264 -0.04653115 0.01094142
v 0.02342577 -0.04057462 0.01099325
v 0.02349514 -0.04069477 0.01086162
v 0.02602902 -0.03912498 0.01085503
v 0.02350000 -0.04070319 0.01080000
v 0.02859194 -0.03726174 0.01090944
v 0.02601524 -0.03910427 0.01090944
v 0.02600852 -0.03909417 0.01092606
v -0.03349417 -0.03276484 0.01099228
v -0.03350746 -0.03277783 0.01098596
v -0.03352049 -0.03279059 0.01097766
v -0.03149145 -0.03487926 0.01085503
v -0.03561189 -0.03066053 0.01085503
v -0.02680724 -0.03845137 0.01098596
v -0.03141193 -0.03479118 0.01098596
v -0.03142416 -0.03480472 0.01097766
v -0.03143594 -0.03481777 0.01096740
v -0.04694572 -0.00094716 0.01092606
v -0.04003762 0.02426750 0.01099919
v -0.04077073 0.02301456 0.01099919
v -0.04333384 0.01772289 0.01099919
v -0.04486565 0.01357238 0.01098596
v -0.04388461 0.01636425 0.01099666
v -0.04623021 0.00784945 0.01097766
v -0.04557201 0.01072914 0.01099919
v -0.04560808 0.01073764 0.01099228
v -0.04558994 0.01073336 0.01099666
v -0.04617553 0.00784016 0.01099666
v 0.01705418 0.04358205 0.01100000
v 0.02062412 0.04188666 0.01100000
v 0.01793064 0.04328841 0.01099228
v 0.01792351 0.04327118 0.01099666
v 0.02072750 0.04210019 0.01095527
v 0.01795147 0.04333868 0.01096740
v 0.02072016 0.04208528 0.01096740
v 0.02346303 0.04063916 0.01095527
v 0.02347071 0.04065247 0.01094142
v 0.02071239 0.04206951 0.01097766
v 0.02344593 0.04060954 0.01097766
v 0.02349298 0.04069103 0.01087362
v 0.02851219 0.03715781 0.01099666
v 0.02607986 0.03907353 0.01089186
v 0.02607417 0.03906500 0.01090944
v 0.02605975 0.03904339 0.01094142
v 0.02606744 0.03905491 0.01092606
v 0.02347763 0.04066446 0.01092606
v 0.02856678 0.03722895 0.01095527
v 0.02601179 0.03897154 0.01099228
v 0.02342752 0.04057765 0.01099228
v 0.02603223 0.03900217 0.01097766
v 0.02345472 0.04062477 0.01096740
v -0.00165926 0.03974277 -0.07747795
v -0.01321009 0.03614101 -0.07799570
v -0.01000806 0.03712259 -0.07799494
v -0.01336885 0.03659420 -0.07793078
v -0.01005116 0.03729174 -0.07797965
v -0.01673804 0.03580032 -0.07776216
v -0.00719181 0.03754944 -0.07800000
v -0.00162415 0.03808743 -0.07800000
v -0.00336050 0.03822410 -0.07799260
v 0.00656696 0.03717970 -0.07800000
v 0.00392456 0.03775678 -0.07800000
v 0.00664923 0.03755973 -0.07798684
v 0.00940974 0.03655886 -0.07800000
v 0.00993124 0.03671739 -0.07798451
v 0.01309853 0.03559357 -0.07798228
v 0.01494056 0.03442040 -0.07800000
v 0.00982867 0.03639688 -0.07800000
v 0.01028527 0.03784797 -0.07760432
v 0.01334644 0.03619600 -0.07783644
v 0.01020124 0.03757963 -0.07774606
v 0.01002273 0.03700955 -0.07793721
v 0.00001679 0.03944409 -0.07767224
v 0.00335420 0.03834846 -0.07795569
v -0.03825582 -0.00346005 -0.07794762
v -0.03864295 0.00331622 -0.07791887
v -0.03631430 0.01213363 -0.07800000
v -0.03801668 0.00668660 -0.07797073
v -0.03803400 0.01016345 -0.07778410
v -0.03380650 0.02046629 -0.07777584
v -0.03399423 0.01961989 -0.07786901
v -0.04047554 0.01328121 -0.07604574
v -0.02727953 0.02856533 -0.07781711
v -0.03318806 0.01916216 -0.07800000
v -0.03348761 0.01933412 -0.07798544
v -0.03234791 0.02262642 -0.07779276
v -0.03190311 0.02328516 -0.07779792
v 0.03921093 0.00604029 -0.07678358
v 0.03724113 -0.02857613 0.01094142
v 0.03524485 -0.03100480 0.01094142
v 0.03523332 -0.03099465 0.01095527
v 0.03725212 -0.02858456 0.01092606
v 0.03722895 -0.02856678 0.01095527
v 0.03726988 -0.02859819 0.01089186
v 0.03902567 -0.02615143 0.01089186
v 0.03728148 -0.02860709 0.01085503
v 0.03318173 -0.03318173 0.01095527
v 0.03322409 -0.03322409 0.01087362
v 0.03321097 -0.03321097 0.01090944
v 0.03890832 -0.02607279 0.01099666
v 0.04063916 -0.02346303 0.01095527
v 0.04062477 -0.02345472 0.01096740
v 0.03995455 -0.02715144 -0.01187610
v 0.03903257 -0.02615605 0.01087362
v 0.03899557 -0.02613125 0.01094142
v 0.02599234 -0.03906985 0.01095527
v 0.01615352 0.03420424 -0.07798026
v 0.02479625 0.02884777 -0.07790247
v 0.03669737 0.01427196 -0.07707784
v 0.03493867 0.01816469 -0.07707735
v 0.03829738 0.01025270 -0.07677682
v 0.03641799 0.01416275 -0.07735067
v 0.01688766 0.03563722 -0.07727662
v 0.01208884 0.04089511 -0.07363602
v 0.01377797 0.03724461 -0.07713160
v 0.04597619 0.00912832 0.01098596
v 0.04447803 0.01508779 0.01090944
v 0.04212524 0.02077019 0.01090944
v 0.04341520 0.01798317 0.01085503
v 0.04205748 0.02073679 0.01097766
v 0.04062477 0.02345472 0.01096740
v 0.04328841 0.01793064 0.01099228
v 0.04330558 0.01793776 0.01098596
v 0.04200774 0.02071226 0.01099666
v 0.04604269 0.00914152 0.01094142
v 0.04606817 0.00914658 0.01090944
v 0.04333868 0.01795147 0.01096740
v 0.04440650 0.01506352 0.01097766
v 0.04442314 0.01506917 0.01096740
v 0.04531104 0.01214106 0.01096740
v 0.01506458 0.04449673 0.01089186
v 0.00000000 0.04689186 0.01097766
v 0.00000000 0.04690944 0.01096740
v 0.00000000 0.04692606 0.01095527
v 0.00910689 0.04601696 0.01096740
v 0.00911579 0.04606191 0.01092606
v 0.01214933 0.04534193 0.01094142
v 0.00908914 0.04592723 0.01099919
v 0.00906931 0.04582134 0.01100000
v 0.01140680 0.04538860 0.01100000
v 0.00611097 0.04641744 0.01099919
v 0.00909633 0.04596358 0.01099228
v -0.00312554 0.04673199 0.01099666
v -0.00313041 0.04680488 0.01096740
v -0.03477465 0.03137470 0.01099666
v -0.03478848 0.03138718 0.01099228
v -0.03669746 0.02910231 0.01099666
v -0.03671206 0.02911389 0.01099228
v -0.03480228 0.03139964 0.01098596
v -0.03756449 0.02794336 0.01099919
v 0.04683639 0.00000000 0.01099666
v 0.04212226 -0.02083242 0.01085503
v 0.04209995 -0.02082139 0.01090944
v 0.04068384 -0.02348883 0.01089186
v 0.04056150 -0.02341820 0.01099666
v 0.04057765 -0.02342752 0.01099228
v 0.04059374 -0.02343681 0.01098596
v 0.02858456 0.03725212 0.01092606
v 0.03095526 0.03532292 0.01090944
v -0.04590944 -0.00971484 0.01095527
v -0.04589318 -0.00971140 0.01096740
v -0.04635742 -0.00681053 0.01099228
v -0.04637581 -0.00681323 0.01098596
v -0.04671241 -0.00388415 0.01098596
v -0.04510216 -0.01255856 0.01099919
v -0.04511991 -0.01256350 0.01099666
v -0.04411479 -0.01531092 0.01100000
v -0.04426414 -0.01536490 0.01099228
v -0.04513786 -0.01256850 0.01099228
v -0.04526399 -0.01260362 0.01087362
v -0.04520629 -0.01258755 0.01095527
v -0.04683107 0.00199684 0.01098596
v -0.04674811 -0.00388712 0.01096740
v -0.04691651 -0.00094658 0.01095527
v -0.04646860 -0.00682686 0.01090944
v -0.04645660 -0.00682510 0.01092606
v -0.04593802 -0.00972089 0.01092606
v -0.04594989 -0.00972340 0.01090944
v -0.04679387 0.00199526 0.01099666
v -0.04328569 -0.01816166 0.01094142
v -0.02176225 -0.04147148 0.01099635
v -0.02677541 -0.03840572 0.01099919
v -0.02179647 -0.04153669 0.01096796
v -0.00905674 -0.04608592 0.01090944
v -0.01203455 -0.04542515 0.01085503
v -0.04202426 -0.02080404 0.01097766
v -0.04062425 -0.02342043 0.01097766
v -0.03908779 -0.02590349 0.01097766
v -0.03905710 -0.02588314 0.01099228
v -0.03914065 -0.02593852 0.01092606
v -0.03911630 -0.02592238 0.01095527
v -0.03917516 -0.02596138 0.01083639
v -0.01497184 -0.04448979 0.01094142
v -0.01780876 -0.04339710 0.01096686
v -0.01493834 -0.04439024 0.01099666
v -0.02182348 -0.04158816 0.01090973
v -0.01783460 -0.04346006 0.01089161
v -0.01498604 -0.04453200 0.01087362
v -0.01789494 -0.04345160 0.01084358
v 0.02036500 -0.04379353 -0.01194508
v 0.02216780 -0.04292026 -0.01182853
v 0.02081376 -0.04213637 0.01083639
v 0.00920129 -0.04594268 0.01099228
v 0.00921826 -0.04602739 0.01094142
v 0.02341017 -0.04054761 0.01099896
v 0.02597340 -0.03904137 0.01097766
v 0.02346814 -0.04064801 0.01094638
v 0.02600085 -0.03908264 0.01094142
v 0.02860709 -0.03728148 0.01085503
v 0.02859819 -0.03726988 0.01089186
v 0.02857613 -0.03724113 0.01094142
v -0.03348085 -0.03275180 0.01099666
v -0.03359228 -0.03286081 0.01085503
v -0.04679378 -0.00389092 0.01092606
v -0.04006931 0.02428671 0.01099228
v -0.04151970 0.02175433 0.01098596
v -0.04147041 0.02172850 0.01099919
v -0.04148673 0.02173705 0.01099666
v -0.04279555 0.01907707 0.01099228
v -0.04521345 0.01215179 0.01099919
v -0.04484786 0.01356700 0.01099228
v -0.04483002 0.01356161 0.01099666
v -0.04390207 0.01637077 0.01099228
v 0.01791646 0.04325417 0.01099919
v 0.02073428 0.04211397 0.01094142
v 0.01794474 0.04332243 0.01097766
v 0.02070433 0.04205314 0.01098596
v 0.02343681 0.04059374 0.01098596
v 0.03089345 0.03525239 0.01098596
v 0.02853485 0.03718734 0.01098596
v 0.02850097 0.03714319 0.01099919
v 0.02600144 0.03895603 0.01099666
v 0.02605122 0.03903062 0.01095527
v 0.02602211 0.03898700 0.01098596
v -0.01009412 0.03746032 -0.07795410
v -0.00677663 0.03820001 -0.07794480
v -0.00674639 0.03801187 -0.07797554
v -0.00341593 0.03905411 -0.07781304
v -0.00340239 0.03885140 -0.07788020
v -0.00671603 0.03782294 -0.07799391
v 0.00341461 0.03885076 -0.07782142
v 0.00332347 0.03809296 -0.07798903
v -0.00337457 0.03843479 -0.07797020
v -0.00000083 0.03877880 -0.07791768
v -0.03853072 -0.00349593 -0.07788134
v -0.03849172 -0.00008763 -0.07795630
v -0.03785976 0.01012007 -0.07784961
v -0.03421463 0.01974421 -0.07776804
v -0.03215021 0.02249079 -0.07788309
v -0.03664679 0.01330889 -0.07792014
v -0.03632329 0.01319597 -0.07798010
v -0.03532825 0.01645280 -0.07793256
v -0.03680567 0.01336435 -0.07787532
v -0.03820316 0.01020557 -0.07770762
v -0.02524744 0.03005553 -0.07789566
v -0.03168923 0.02355132 -0.07779926
v 0.03721576 -0.02855666 0.01096740
v 0.03728496 -0.02860975 0.01083639
v 0.03316998 -0.03316998 0.01096740
v 0.03904146 -0.02616200 0.01083639
v 0.03900708 -0.02613896 0.01092606
v 0.01596309 0.03383905 -0.07800000
v 0.01322325 0.03589665 -0.07792799
v 0.01646701 0.03481616 -0.07781722
v 0.03516624 0.01828214 -0.07677235
v 0.03859175 0.00982133 -0.07645194
v 0.03693589 0.01436520 -0.07677299
v 0.01675826 0.03538465 -0.07749226
v 0.04448774 0.01509108 0.01089186
v 0.04446654 0.01508389 0.01092606
v 0.04335403 0.01795783 0.01095527
v 0.04438922 0.01505766 0.01098596
v 0.04332243 0.01794474 0.01097766
v 0.00000000 0.04687362 0.01098596
v 0.00000000 0.04694142 0.01094142
v 0.01215292 0.04535531 0.01092606
v 0.00911012 0.04603326 0.01095527
v 0.00911814 0.04607381 0.01090944
v 0.00610323 0.04637046 0.01100000
v 0.00909271 0.04594530 0.01099666
v 0.00910348 0.04599971 0.01097766
v 0.01213651 0.04529406 0.01097766
v 0.01501337 0.04434547 0.01099919
v 0.01210038 0.04516673 0.01100000
v 0.01646535 0.04382710 0.01099919
v 0.01501928 0.04436292 0.01099666
v 0.01211738 0.04522269 0.01099919
v 0.01212215 0.04524048 0.01099666
v 0.01504804 0.04444785 0.01095527
v 0.01503122 0.04439818 0.01098596
v 0.01503707 0.04441546 0.01097766
v -0.00312431 0.04671361 0.01099919
v -0.00610695 0.04637766 0.01100000
v -0.00313152 0.04682146 0.01095527
v -0.03843405 0.02676699 0.01099666
v 0.04210915 -0.02082594 0.01089186
v 0.04054555 -0.02340898 0.01099919
v 0.04060954 -0.02344593 0.01097766
v 0.02857613 0.03724113 0.01094142
v -0.04587598 -0.00970776 0.01097766
v -0.04641125 -0.00681844 0.01096740
v -0.04633898 -0.00680782 0.01099666
v -0.04669389 -0.00388261 0.01099228
v -0.04583995 -0.00970014 0.01099228
v -0.04424653 -0.01535879 0.01099666
v -0.04428170 -0.01537100 0.01098596
v -0.04438782 -0.01540784 0.01087362
v -0.04437998 -0.01540511 0.01089186
v -0.04525600 -0.01260140 0.01089186
v -0.04437029 -0.01540175 0.01090944
v -0.04435883 -0.01539777 0.01092606
v -0.04596804 -0.00972724 0.01087362
v -0.04519028 -0.01258310 0.01096740
v -0.04684550 -0.00094514 0.01099228
v -0.04592447 -0.00971802 0.01094142
v -0.04523443 -0.01259539 0.01092606
v -0.04329846 -0.01816702 0.01092606
v -0.04327153 -0.01815572 0.01095527
v -0.02176422 -0.04153347 0.01097709
v -0.03915076 -0.02594522 0.01090944
v -0.03917150 -0.02595896 0.01085503
v -0.01783871 -0.04347007 0.01086840
v 0.02138106 -0.04330220 -0.01200010
v 0.01853801 -0.04460752 -0.01189987
v 0.01798937 -0.04337257 0.01092606
v 0.01799402 -0.04338377 0.01090944
v 0.02216961 -0.04144283 0.01080000
v 0.01800113 -0.04340092 0.01087362
v 0.00919763 -0.04592441 0.01099666
v 0.00921524 -0.04601233 0.01095527
v 0.02345517 -0.04062555 0.01096680
v 0.02347927 -0.04066728 0.01092193
v 0.02860975 -0.03728496 0.01083639
v 0.02858456 -0.03725212 0.01092606
v -0.04005337 0.02427705 0.01099666
v -0.04150324 0.02174570 0.01099228
v -0.04277853 0.01906948 0.01099666
v 0.02074040 0.04212639 0.01092606
v 0.02069612 0.04203647 0.01099228
v 0.01793776 0.04330558 0.01098596
v -0.00680655 0.03838620 -0.07790176
v -0.00342908 0.03925103 -0.07773181
v 0.00344359 0.03909173 -0.07772151
v -0.00338857 0.03864443 -0.07793269
v 0.00000521 0.03900703 -0.07785342
v -0.00000697 0.03854693 -0.07796358
v -0.03768146 0.01007568 -0.07790365
v -0.03361539 0.02074931 -0.07777806
v -0.03696157 0.01341877 -0.07782091
v -0.03374343 0.01947843 -0.07794164
v 0.03896901 -0.02611345 0.01096740
v 0.03528633 -0.03104129 0.01083639
v 0.03903782 -0.02615957 0.01085503
v 0.03901715 -0.02614572 0.01090944
v 0.01928937 0.03286427 -0.07791242
v 0.01631135 0.03451232 -0.07791962
v 0.04443888 0.01507451 0.01095527
v 0.01215606 0.04536702 0.01090944
v 0.01214536 0.04532709 0.01095527
v 0.01059820 0.04560264 0.01099919
v 0.00909994 0.04598181 0.01098596
v 0.01212697 0.04525848 0.01099228
v -0.00313254 0.04683678 0.01094142
v -0.04639386 -0.00681588 0.01097766
v -0.04673059 -0.00388566 0.01097766
v -0.04582172 -0.00969628 0.01099666
v -0.04439380 -0.01540991 0.01085503
v -0.04595992 -0.00972552 0.01089186
v -0.04597423 -0.00972855 0.01085503
v -0.04688232 -0.00094589 0.01097766
v -0.04524611 -0.01259864 0.01090944
v -0.04522109 -0.01259167 0.01094142
v -0.04325620 -0.01814929 0.01096740
v -0.04434575 -0.01539323 0.01094142
v 0.02216715 -0.04292109 -0.01187599
v 0.01798407 -0.04335978 0.01094142
v 0.02349878 -0.04070108 0.01083117
v 0.01799795 -0.04339325 0.01089186
v 0.01800355 -0.04340675 0.01085503
v 0.02077513 -0.04205817 0.01096740
v 0.02344091 -0.04060085 0.01098250
v 0.02348845 -0.04068318 0.01089333
v 0.00001111 0.03922948 -0.07777132
v -0.00001315 0.03831363 -0.07799096
v 0.00329025 0.03779458 -0.07800000
v 0.03895440 -0.02610366 0.01097766
v 0.03898281 -0.02612270 0.01095527
v 0.01214106 0.04531104 0.01096740
v 0.01502526 0.04438058 0.01099228
v 0.01213179 0.04527644 0.01098596
v -0.04686408 -0.00094552 0.01098596
v -0.04322317 -0.01813543 0.01098596
v -0.04433124 -0.01538819 0.01095527
v 0.02349930 -0.04070198 0.01081792
v 0.02080080 -0.04211013 0.01090944
v 0.02076735 -0.04204240 0.01097766
v 0.02344579 -0.04060929 0.01097713
v 0.01504271 0.04443211 0.01096740
v -0.04323999 -0.01814249 0.01097766
v -0.04320603 -0.01812824 0.01099228
v -0.04431554 -0.01538275 0.01096740
v 0.02078930 -0.04208684 0.01094142
v 0.02075927 -0.04202605 0.01098596
v -0.04318884 -0.01812103 0.01099666
v 0.02079543 -0.04209926 0.01092606
v 0.02078249 -0.04207307 0.01095527
v 0.02080902 -0.04212677 0.01087362
v 0.02080534 -0.04211933 0.01089186
v 0.02081182 -0.04213244 0.01085503
v 0.01752299 0.13719895 -0.02678427
v 0.01497098 0.13720830 -0.03080340
v -0.01223022 0.06492631 -0.04069503
v -0.03130311 0.14851482 0.05354036
v -0.03012321 0.08383815 0.04543123
v -0.02785141 0.14854784 0.05351138
v -0.02911550 0.08400891 0.04543616
v -0.04769431 0.08393645 0.04010333
v -0.04800226 0.06780715 0.03520922
v -0.04650481 0.06802180 0.03623716
v -0.01444654 0.14847270 0.05142884
v -0.01997258 0.08364197 0.04375043
v -0.01121013 0.14825499 0.05044463
v -0.00767606 0.07519040 0.02985133
v -0.00792394 0.07479747 0.02972225
v -0.01299674 0.07246626 0.03323602
v -0.08319779 0.13445882 -0.00986206
v -0.08166332 0.13215697 -0.01367251
v -0.06318064 0.05903975 0.00050000
v -0.08355328 0.13566895 0.00967457
v -0.08356048 0.13566722 0.00946982
v -0.05113551 0.06298157 0.02892728
v 0.01836425 0.13222198 0.02257269
v 0.00339564 0.08340784 0.02053090
v 0.02019618 0.13219224 0.01822080
v -0.02345572 0.05330800 0.00266514
v 0.00885131 0.13722253 -0.03812907
v -0.04878987 0.14825499 -0.05044463
v -0.04555346 0.14847270 -0.05142884
v -0.06946352 0.14224543 -0.03820680
v -0.07292709 0.14731616 -0.03436739
v -0.06961916 0.14731395 -0.03788665
v -0.04308235 0.06501640 -0.04103123
v -0.04739648 0.06422631 -0.03808258
v -0.08299141 0.13714577 0.01362538
v -0.08168928 0.13215630 0.01362016
v -0.02785694 0.14913629 0.05355043
v -0.02913383 0.14970863 0.05356017
v -0.03130959 0.14910385 0.05357895
v -0.03005020 0.15230966 0.05332496
v -0.08279503 0.15742294 0.01325126
v -0.08360752 0.15240766 0.01336220
v -0.08140056 0.15741380 0.01765554
v -0.02986439 0.06488916 0.03339651
v -0.05217384 0.14862029 0.04924868
v -0.04810660 0.16172883 0.04942691
v -0.05198474 0.16190532 0.04785879
v -0.05357018 0.15232757 0.04825098
v -0.03312201 0.08400679 0.04528942
v -0.03811056 0.14845300 0.05298739
v -0.03353351 0.08366151 0.04519694
v -0.02666639 0.08383587 0.04525517
v -0.02667001 0.08366202 0.04522340
v -0.02443356 0.14858474 0.05327716
v -0.02105946 0.14860313 0.05284785
v -0.04342476 0.16204932 0.05077917
v -0.04450213 0.15231657 0.05146117
v -0.06521469 0.13034347 0.03962298
v -0.04923598 0.08358040 0.03898869
v -0.05695705 0.14564276 0.04699691
v -0.04339483 0.08362383 0.04240736
v -0.04309861 0.08396938 0.04259654
v -0.04639545 0.08360360 0.04084216
v -0.06593395 0.13347998 0.03988903
v -0.06549119 0.13647358 0.04083993
v 0.01830739 0.14223307 0.02682463
v 0.01571182 0.14223748 0.03085478
v 0.01491490 0.13720848 0.03088366
v 0.01201073 0.13721621 0.03467171
v 0.01087400 0.13225964 0.03443921
v 0.00961916 0.14731395 0.03788665
v 0.00599908 0.14731182 0.04110857
v 0.00601599 0.14300743 0.04134119
v 0.00946352 0.14224543 0.03820680
v 0.01292709 0.14731616 0.03436739
v 0.00200853 0.08342869 0.02357896
v 0.00196207 0.08325733 0.02355707
v 0.01619619 0.13224019 0.02674109
v -0.01440496 0.14906067 0.05145433
v -0.02327107 0.08365446 0.04466680
v -0.01773000 0.14857663 0.05223052
v -0.00804937 0.14788494 0.04928870
v -0.01760561 0.05383455 0.00070001
v 0.00734472 0.05684943 -0.01055167
v -0.07836425 0.13222198 -0.02257269
v -0.07967664 0.13718630 -0.02265395
v -0.07619619 0.13224019 -0.02674109
v -0.08296581 0.13714594 -0.01368769
v -0.08379270 0.14221440 -0.01365654
v -0.08235957 0.14222191 -0.01820422
v -0.08151355 0.13716750 -0.01826068
v -0.08251921 0.13196625 0.00986837
v -0.06308695 0.05944468 0.00306689
v -0.06286194 0.05998706 0.00589609
v -0.06245913 0.06043722 0.00867376
v -0.06128675 0.06189044 0.01426840
v -0.08023014 0.13219152 0.01813181
v -0.07624405 0.13223991 0.02665748
v -0.07971808 0.13718598 0.02256548
v -0.07840527 0.13222149 0.02248512
v -0.07752299 0.13719895 0.02678427
v -0.08239304 0.14222184 0.01811286
v -0.08401449 0.14732614 0.01347141
v -0.08381789 0.14221555 0.01357187
v -0.03634974 0.05355814 0.00173160
v -0.03815266 0.05374975 0.00101649
v -0.06199792 0.05569780 -0.00625374
v -0.05269377 0.06229798 0.02674900
v -0.05110546 0.06283748 0.02851313
v -0.03894054 0.14860313 -0.05284785
v -0.04227000 0.14857663 -0.05223052
v -0.03894824 0.14919147 -0.05288507
v -0.01854690 0.14837788 -0.05242227
v -0.01524785 0.14823319 -0.05167160
v 0.01967665 0.13718630 0.02265395
v 0.02356318 0.13592005 0.00986265
v 0.02351917 0.13562454 0.00966789
v 0.02408263 0.13825646 -0.00987025
v 0.02451747 0.14071010 -0.00947177
v 0.02449315 0.14061461 0.00946858
v 0.00334776 0.08323662 0.02051211
v 0.00599868 0.13803098 -0.04081984
v 0.00568037 0.13943124 -0.04128589
v 0.00169885 0.06139947 -0.02753266
v 0.00546587 0.05941555 -0.02012857
v 0.00735961 0.13640092 -0.03940167
v -0.00283903 0.14620991 -0.04699084
v -0.00006486 0.14515021 -0.04549241
v -0.07275627 0.14224160 -0.03466147
v -0.07589508 0.14731838 -0.03058876
v -0.07571182 0.14223748 -0.03085478
v -0.05572775 0.06159366 -0.02825740
v -0.05545812 0.06129451 0.02289123
v -0.05195063 0.14788494 -0.04928870
v -0.06042412 0.14493936 -0.04504488
v -0.06638239 0.13978006 -0.04072694
v -0.06671926 0.13837907 -0.04024158
v -0.06781052 0.13909511 -0.03946743
v -0.06169863 0.14431991 -0.04427395
v -0.06067560 0.14549190 -0.04499513
v -0.06197441 0.14485459 -0.04420010
v -0.08479133 0.14383997 0.00987450
v -0.08451747 0.14071010 0.00947177
v -0.08469557 0.14984037 0.00988100
v -0.08408692 0.13827875 0.00987016
v -0.08449315 0.14061461 -0.00946858
v -0.08461607 0.15094823 -0.00947763
v -0.08461875 0.15102014 0.00948068
v -0.08388236 0.15600926 0.00947881
v -0.07405308 0.17282993 0.00969360
v -0.07534457 0.17268836 0.01267593
v -0.07186996 0.17282993 0.01677933
v -0.07409636 0.17269528 0.01635799
v -0.07762264 0.16248861 0.02350627
v -0.07539491 0.16247882 0.02741367
v -0.07146765 0.17255130 0.02266287
v -0.07769138 0.16234013 0.02354189
v -0.08219267 0.15240143 0.01780324
v -0.03252153 0.06467477 0.03351683
v -0.02734853 0.06516539 0.03299187
v -0.03472679 0.14848995 0.05336259
v -0.03690847 0.08365385 0.04462516
v -0.03352780 0.08348673 0.04514861
v -0.03012277 0.08348943 0.04535067
v -0.03239517 0.07156970 0.04131057
v -0.03494427 0.07103852 0.04099546
v -0.04475215 0.14823319 0.05167160
v -0.04145310 0.14837788 0.05242227
v -0.04444653 0.14942962 0.05175791
v -0.04794797 0.14759408 0.05069746
v -0.05118489 0.14758404 0.04963067
v -0.04024080 0.08381441 0.04370900
v -0.04800218 0.14798291 0.05072459
v -0.03297312 0.14967826 0.05349214
v -0.05011911 0.06704892 0.03337482
v -0.05191025 0.08355477 0.03685769
v -0.05408031 0.14643131 0.04835017
v -0.04458328 0.06876186 0.03749200
v -0.04568978 0.06846429 0.03683107
v -0.06537199 0.13785721 0.04119125
v 0.00878192 0.13722265 0.03819861
v 0.00781052 0.13909511 0.03946743
v 0.00809422 0.13549611 0.03848489
v 0.01275627 0.14224160 0.03466147
v 0.00387084 0.14273557 0.04279081
v 0.00286061 0.14358859 0.04351396
v -0.01372631 0.08360443 0.04091191
v 0.00169863 0.14431991 0.04427395
v 0.01369694 0.13225146 0.03070495
v 0.00787540 0.13341036 0.03813399
v -0.02443474 0.14917316 0.05331604
v -0.01770822 0.14916494 0.05226365
v -0.02384493 0.08400068 0.04483736
v -0.01869168 0.08397983 0.04334405
v -0.00516280 0.14675294 0.04795768
v -0.01378642 0.08325843 0.04081250
v -0.01094105 0.08323591 0.03896699
v -0.01090125 0.08340771 0.03902077
v -0.01682062 0.08327831 0.04238468
v -0.01938587 0.07298576 0.03853310
v -0.01214009 0.07324834 0.03316375
v -0.00626588 0.07527549 0.02805722
v -0.01433426 0.05439750 -0.00140094
v 0.00814124 0.05695935 -0.01096191
v -0.08019619 0.13219224 -0.01822080
v -0.07747415 0.13719916 -0.02686888
v -0.08407554 0.13831097 -0.00986465
v -0.08398938 0.14732720 -0.01356287
v -0.08484425 0.14503771 -0.00987615
v -0.08255824 0.14732455 -0.01805243
v -0.06179614 0.06052163 0.01122324
v -0.06230373 0.06001235 0.00850143
v -0.06170633 0.06029440 0.01108203
v 0.01971807 0.13718598 -0.02256548
v -0.00016627 0.14649051 -0.04555432
v 0.00218841 0.14730985 -0.04395022
v 0.00180849 0.14551140 -0.04438022
v 0.02483079 0.14837471 0.00947907
v 0.02489401 0.14576393 0.00947722
v 0.02489508 0.14590849 -0.00947744
v 0.02484734 0.14707878 0.00987896
v 0.02285229 0.16090508 0.00955118
v 0.02287561 0.16090369 -0.00955832
v 0.02271404 0.16143401 0.00959641
v 0.02386670 0.15598032 0.00947257
v 0.02273684 0.16143416 -0.00960424
v -0.01656582 0.16188191 -0.05081651
v -0.01555347 0.14942962 -0.05175791
v -0.01961846 0.16171053 -0.05152406
v -0.07375156 0.13225126 0.03062578
v -0.05555157 0.06404451 0.02647556
v -0.05558269 0.06365088 0.02617622
v -0.05401940 0.06428660 0.02841218
v -0.05407961 0.06388826 0.02805637
v -0.08154733 0.13716708 0.01817044
v -0.06131868 0.05562900 -0.00599699
v -0.02992773 0.05325210 0.00287375
v 0.02151572 0.14773536 -0.02061114
v 0.02156464 0.14580889 -0.02063954
v 0.02145524 0.14551312 -0.02089766
v 0.02477683 0.14316706 0.00947284
v 0.02450993 0.14071113 -0.00967662
v 0.01207369 0.13721606 -0.03459643
v 0.02154732 0.13716708 -0.01817044
v 0.02299140 0.13714577 -0.01362538
v -0.04229178 0.14916494 -0.05226365
v -0.03214859 0.14854784 -0.05351138
v -0.02869689 0.14851482 -0.05354036
v 0.00850912 0.05708313 -0.01142386
v 0.02166332 0.13215697 0.01367251
v 0.02296580 0.13714594 0.01368769
v 0.02151355 0.13716750 0.01826068
v 0.01747415 0.13719916 0.02686888
v 0.02448595 0.14061563 0.00967327
v 0.00834986 0.05701550 -0.01117148
v 0.00035821 0.08328027 0.02651136
v 0.00659703 0.13821228 -0.04040755
v -0.00045318 0.06227238 -0.03079044
v 0.00855917 0.05720307 -0.01187147
v 0.00720301 0.13816090 -0.03988226
v 0.00732954 0.13673884 -0.03949394
v 0.00124504 0.14449985 -0.04471612
v -0.06931207 0.15235925 -0.03753766
v -0.06599908 0.14731182 -0.04110857
v -0.06571937 0.15235047 -0.04073066
v -0.06517301 0.15733677 -0.04040221
v -0.06185923 0.15234213 -0.04360067
v -0.06871136 0.15735027 -0.03723343
v -0.06993970 0.16245595 -0.03463778
v -0.07279481 0.16246754 -0.03117895
v -0.06613575 0.17246158 -0.03049315
v -0.07849982 0.14732054 -0.02658958
v -0.07812762 0.15238580 -0.02634302
v -0.08033776 0.15239392 -0.02219546
v -0.07739503 0.15739053 -0.02612623
v -0.07484734 0.15737751 -0.03005754
v -0.07957265 0.15740268 -0.02201190
v -0.07554154 0.15237716 -0.03030563
v -0.07194519 0.15736398 -0.03377275
v -0.05792034 0.14654063 -0.04653944
v -0.05809665 0.14711247 -0.04647975
v -0.05955192 0.16177361 -0.04378030
v -0.05776872 0.15233438 -0.04612705
v -0.05952959 0.14724240 -0.04566350
v -0.07369694 0.13225146 -0.03070495
v -0.07491490 0.13720848 -0.03088366
v -0.07087400 0.13225964 -0.03443921
v -0.07201073 0.13721621 -0.03467171
v -0.06787540 0.13341036 -0.03813399
v -0.06809422 0.13549611 -0.03848489
v -0.05274619 0.06243321 0.02713236
v -0.05276217 0.06261627 0.02754540
v -0.05414446 0.06178283 0.02486942
v -0.03533655 0.05348468 0.00200574
v -0.05932209 0.05965111 0.01445697
v -0.05756982 0.06050009 0.01914105
v -0.05621137 0.06100460 0.02161356
v -0.06587202 0.14106904 -0.04127970
v -0.06687894 0.13692313 -0.03983798
v -0.06286061 0.14358859 -0.04351396
v -0.06387084 0.14273557 -0.04279081
v -0.06317598 0.14409998 -0.04340813
v -0.08488686 0.14590853 0.00968258
v -0.08489508 0.14590849 0.00947744
v -0.08461023 0.15101922 0.00968598
v -0.08287561 0.16090369 0.00955832
v -0.08386670 0.15598032 -0.00947257
v -0.08445890 0.15197335 -0.00987656
v -0.08460787 0.15094733 -0.00968278
v -0.08479199 0.14841981 -0.00987938
v -0.08482241 0.14837424 -0.00968429
v -0.04777137 0.16205885 0.04947635
v 0.00931207 0.15235925 0.03753766
v -0.07146610 0.17269610 0.02217047
v -0.06855557 0.17282993 0.02341170
v -0.07023662 0.17268977 0.02440964
v -0.06419946 0.17282993 0.02941151
v -0.06900572 0.17269658 0.02624644
v -0.06786519 0.17269003 0.02793999
v -0.07545984 0.16232869 0.02745475
v -0.07551295 0.16217549 0.02748838
v -0.07454783 0.16185991 0.02911685
v -0.08259169 0.14732453 0.01796173
v -0.08167177 0.14628932 0.02037052
v -0.08169328 0.14649768 0.02030834
v -0.07745065 0.14397225 0.02840835
v -0.07777985 0.14392607 0.02786919
v -0.07823718 0.14373571 0.02711416
v -0.07835679 0.14223298 0.02673976
v -0.05438957 0.16175093 0.04674925
v -0.06670463 0.17250603 0.02975143
v -0.06997388 0.16245636 0.03459951
v -0.06530458 0.17255054 0.03139792
v -0.01952671 0.06808019 0.03338419
v -0.02204325 0.06752492 0.03444894
v -0.02211523 0.06603651 0.03145613
v -0.02193835 0.07173670 0.03906110
v -0.01939904 0.07216890 0.03805031
v -0.03533861 0.06450666 0.03324839
v -0.02471335 0.06554741 0.03232948
v -0.02445148 0.05326561 0.00282331
v -0.02460623 0.06895698 0.03789297
v -0.02591304 0.06976379 0.03918335
v -0.02724697 0.06857216 0.03847053
v -0.02458787 0.06996658 0.03886938
v -0.03240305 0.07076687 0.04098453
v -0.02980264 0.07123787 0.04102804
v -0.02726523 0.06780326 0.03756129
v -0.02462368 0.06818222 0.03696958
v -0.02851994 0.06938448 0.03959585
v -0.02983144 0.06823555 0.03876503
v -0.02984012 0.06749015 0.03787249
v -0.03473647 0.14907873 0.05340018
v -0.03685637 0.14964482 0.05316166
v -0.03493189 0.15231049 0.05311045
v -0.03012303 0.08366427 0.04539929
v -0.02980784 0.07046990 0.04061855
v -0.02667540 0.08348722 0.04517505
v -0.03689726 0.08347920 0.04457769
v -0.03822434 0.08399376 0.04434712
v -0.03006237 0.16203628 0.05246774
v -0.05220994 0.06538218 0.03086136
v -0.05229595 0.06494269 0.03052793
v -0.05041188 0.06561836 0.03250344
v -0.05029647 0.06607927 0.03284919
v -0.05213487 0.06583792 0.03114522
v -0.05019676 0.06655733 0.03314263
v -0.05207601 0.06630641 0.03137069
v -0.04822368 0.06679364 0.03467286
v -0.05968383 0.14459960 0.04553777
v -0.06096991 0.14397094 0.04478403
v -0.06210808 0.14321940 0.04405073
v -0.05437993 0.14758591 0.04834700
v -0.05128787 0.14816903 0.04962514
v -0.06464116 0.14032048 0.04209424
v -0.06397961 0.14138773 0.04267713
v -0.06461935 0.14337459 0.04245698
v -0.06558676 0.14222735 0.04167686
v -0.06483786 0.14225844 0.04225090
v -0.06611414 0.13503852 0.04012125
v -0.06614096 0.13655485 0.04042944
v -0.06599867 0.13803098 0.04081984
v -0.06568037 0.13943124 0.04128589
v -0.06659702 0.13821228 0.04040755
v -0.06781140 0.13226534 0.03784589
v -0.07576880 0.14223740 0.03077416
v -0.06953435 0.14224535 0.03813690
v -0.06684928 0.13971026 0.04041910
v -0.06634036 0.14097771 0.04098247
v -0.06885131 0.13722253 0.03812907
v -0.06720301 0.13816090 0.03988226
v -0.06515548 0.14068316 0.04183942
v -0.06564385 0.14105168 0.04154504
v 0.00591903 0.14311112 0.04141784
v 0.00494408 0.14415383 0.04218870
v 0.00490368 0.14418514 0.04221734
v 0.00652398 0.14224789 0.04088763
v 0.00683104 0.14178877 0.04061347
v 0.00739945 0.14052932 0.04001695
v 0.01849982 0.14732054 0.02658958
v 0.00774423 0.13226548 0.03791441
v 0.00744974 0.13133241 0.03790969
v 0.00791255 0.13376446 0.03819356
v -0.00819061 0.08355574 0.03694561
v -0.00889081 0.08390485 0.03760428
v -0.01087136 0.08358104 0.03906070
v 0.00489961 0.13181098 0.03997362
v -0.02505497 0.14975266 0.05334821
v -0.02105176 0.14919147 0.05288507
v -0.02097264 0.14977707 0.05284688
v -0.01114283 0.14884189 0.05045782
v -0.01325826 0.14958595 0.05109927
v -0.01098098 0.15232138 0.05008073
v -0.01465293 0.16172118 0.05031746
v -0.01666060 0.16204916 0.05080083
v -0.02105604 0.16204223 0.05172173
v -0.02128002 0.16170795 0.05182010
v -0.01722787 0.14974117 0.05213165
v -0.01679244 0.08345100 0.04244478
v -0.02001035 0.08329450 0.04364168
v -0.01700773 0.07340294 0.03737631
v -0.01390709 0.07217126 0.03388087
v -0.01297753 0.07424796 0.03487787
v -0.00586374 0.08301903 0.03446380
v -0.00832509 0.08304418 0.03679536
v -0.01133818 0.07468748 0.03362127
v -0.01133820 0.07354084 0.03251610
v -0.00604497 0.07568669 0.02816533
v -0.00746153 0.07559985 0.02996445
v -0.00159947 0.08296869 0.02927313
v -0.00919177 0.07508818 0.03155450
v -0.00898379 0.07549603 0.03167204
v -0.00826912 0.08321151 0.03685835
v -0.00580227 0.08318589 0.03452171
v -0.00575302 0.08335678 0.03456775
v -0.00571590 0.08352927 0.03460203
v -0.00468882 0.08385861 0.03357943
v -0.08352571 0.13562296 -0.00946346
v -0.08476912 0.14316767 -0.00967774
v -0.08461120 0.14181161 -0.00987022
v -0.08448595 0.14061563 -0.00967327
v -0.08483080 0.14837471 -0.00947907
v -0.08489402 0.14576393 -0.00947722
v -0.08488581 0.14576402 -0.00968235
v -0.06239024 0.06021963 0.00859628
v -0.06193234 0.06100890 0.01144562
v 0.02056899 0.14222793 -0.02251106
v -0.02527321 0.14848995 -0.05336259
v -0.02188944 0.14845300 -0.05298739
v -0.02869041 0.14910385 -0.05357895
v -0.01928181 0.14957546 -0.05257386
v 0.00193777 0.15234227 -0.04354687
v -0.03556526 0.14917316 -0.05331604
v -0.03556643 0.14858474 -0.05327716
v -0.03902736 0.14977707 -0.05284688
v -0.04559504 0.14906067 -0.05145433
v -0.04938399 0.06355177 0.03058852
v -0.05391027 0.06513624 0.02900146
v -0.05550013 0.06487231 0.02693688
v -0.07093510 0.13225950 0.03436505
v -0.05697384 0.06378783 0.02435500
v -0.05826506 0.06314200 0.02188607
v -0.05256698 0.06375685 0.02931821
v -0.05413802 0.06351207 0.02767117
v -0.05419042 0.06316142 0.02726512
v -0.05247973 0.06412651 0.02974754
v -0.08170012 0.14669408 0.02027939
v -0.08056899 0.14222793 0.02251106
v -0.07961268 0.14384219 0.02466762
v -0.06157334 0.05563819 -0.00603129
v -0.02975314 0.05324977 0.00288245
v 0.02479087 0.14330681 -0.00947397
v 0.02484040 0.14490226 -0.00987621
v 0.02456523 0.14142102 0.00986940
v 0.02381789 0.14221555 -0.01357187
v -0.00881511 0.14758404 -0.04963067
v -0.01205203 0.14759408 -0.05069746
v 0.02052743 0.14222805 0.02259967
v 0.02352571 0.13562296 0.00946346
v 0.00190065 0.08308769 0.02352771
v 0.00029913 0.08311041 0.02647775
v -0.00143059 0.08347670 0.02938684
v 0.00040287 0.08345182 0.02653644
v 0.00676095 0.13664478 -0.03997688
v 0.00623641 0.13970079 -0.04092446
v 0.00969034 0.14731400 -0.03781727
v 0.00593702 0.14224885 -0.04139016
v 0.00607577 0.14731187 -0.04104589
v 0.00938271 0.15235943 -0.03746890
v 0.01265928 0.15236841 -0.03397565
v 0.00853502 0.05723716 -0.01199870
v 0.01835679 0.14223298 -0.02673976
v 0.00684232 0.16244398 -0.03780210
v 0.00343284 0.16243191 -0.04074046
v 0.00139787 0.17254907 -0.03529638
v 0.00016894 0.17245822 -0.03639185
v 0.00579547 0.15235063 -0.04066854
v 0.00016009 0.14570582 -0.04539711
v -0.08052743 0.14222805 -0.02259967
v -0.08072516 0.14732260 -0.02240146
v -0.07538895 0.16186561 -0.02784201
v -0.07007524 0.16198801 -0.03476059
v -0.06837422 0.16182044 -0.03660777
v -0.07004069 0.16214558 -0.03472925
v -0.07309689 0.16185011 -0.03114423
v -0.07259532 0.15236822 -0.03405008
v -0.05667158 0.14813744 -0.04718170
v -0.05796792 0.14773147 -0.04649308
v -0.05771856 0.14597414 -0.04654730
v -0.05513058 0.14790690 -0.04795408
v -0.05382432 0.14877029 -0.04851189
v -0.05204931 0.14846924 -0.04928397
v -0.06285097 0.16178986 -0.04145352
v -0.06346588 0.16195290 -0.04093954
v -0.06166226 0.14633763 -0.04440127
v -0.06340259 0.16227402 -0.04085857
v -0.06335712 0.16243166 -0.04080050
v -0.05971032 0.16241981 -0.04343542
v -0.05554570 0.06141231 0.02321080
v -0.05421595 0.06190935 0.02522115
v -0.05942349 0.06285397 0.01949887
v -0.06101596 0.05923048 0.01010929
v -0.06093652 0.05916429 0.01002132
v -0.06027561 0.05943978 0.01237993
v -0.06878192 0.13722265 -0.03819861
v -0.06806983 0.13732313 -0.03891763
v -0.06785738 0.13877486 -0.03936806
v -0.06687196 0.13541420 -0.03951467
v -0.06424350 0.14321657 -0.04264105
v -0.08239221 0.16228369 0.00991347
v -0.07728902 0.17247021 0.00147583
v -0.07729673 0.17251447 0.00000000
v -0.07709105 0.17253329 0.00431526
v -0.07707951 0.17255366 0.00431420
v -0.08368839 0.15684994 0.00987855
v -0.08273684 0.16143416 0.00960424
v -0.08271404 0.16143401 -0.00959641
v -0.07418077 0.17255265 -0.01678712
v -0.07948712 0.16249700 -0.01946863
v -0.08100659 0.16250479 -0.01524287
v -0.07490178 0.17255282 -0.01475750
v -0.07382511 0.17246744 -0.01778430
v -0.07552572 0.17255291 -0.01270052
v -0.08215941 0.15240133 -0.01789190
v -0.08438914 0.15241151 -0.00987610
v -0.08358254 0.15240823 -0.01343154
v -0.08277040 0.15742280 -0.01330798
v -0.08375694 0.15638235 -0.00987190
v -0.03184154 0.17245260 0.04717780
v -0.03455734 0.16237319 0.05215036
v -0.03006222 0.16237190 0.05234497
v -0.03000466 0.17254397 0.04718410
v -0.03849355 0.17254585 0.04639353
v -0.04267114 0.17254682 0.04542512
v -0.04222177 0.17245567 0.04558082
v -0.05194598 0.16223568 0.04777083
v -0.04775352 0.16222522 0.04942443
v -0.04773046 0.16238943 0.04935745
v 0.00571936 0.15235047 0.04073066
v 0.00517301 0.15733677 0.04040221
v 0.00185923 0.15234213 0.04360067
v 0.00340196 0.14534923 0.04328206
v -0.07686656 0.17269456 0.00406917
v -0.07504594 0.17282993 0.00234596
v -0.07693673 0.17269458 0.00244481
v -0.07708662 0.17268801 0.00000000
v -0.07590074 0.17269470 0.01029447
v -0.05227352 0.17282993 0.03922410
v -0.05043653 0.17270160 0.04226029
v -0.04554700 0.17282993 0.04234301
v -0.04724728 0.17270271 0.04364167
v -0.07228126 0.17268930 0.02068266
v -0.06519741 0.17267489 0.03130244
v -0.06516311 0.17268968 0.03127189
v -0.06790175 0.17267586 0.02796700
v -0.07129994 0.17268956 0.02257082
v -0.07032996 0.17264059 0.02446646
v -0.07040029 0.17255086 0.02450927
v -0.06925114 0.17255032 0.02630646
v -0.07038899 0.17257111 0.02450240
v -0.07245268 0.17255169 0.02076693
v -0.07335454 0.17255202 0.01882094
v -0.07949540 0.16249731 0.01944805
v -0.07417167 0.17255232 0.01682395
v -0.08101228 0.16250475 0.01523772
v -0.07744351 0.15739079 0.02604349
v -0.07200819 0.15736425 0.03369889
v -0.07559833 0.15237734 0.03022633
v -0.07265928 0.15236841 0.03397565
v -0.05785271 0.15233454 0.04607991
v -0.06024504 0.16177686 0.04332119
v -0.06193777 0.15234227 0.04354687
v -0.07007505 0.16214591 0.03469097
v -0.07297448 0.16200513 0.03124947
v -0.07042237 0.16183318 0.03442122
v -0.06693394 0.16213007 0.03790042
v -0.06766413 0.17246272 0.02858608
v -0.06800766 0.17256957 0.02804527
v -0.07282643 0.16246796 0.03113686
v 0.00741524 0.05685512 -0.01057293
v -0.01998873 0.08346753 0.04370421
v -0.02455424 0.07304332 0.04067350
v -0.02456108 0.07213057 0.04029744
v -0.02192804 0.07256328 0.03952697
v -0.02194948 0.07101494 0.03855880
v -0.02456941 0.07130965 0.03985098
v -0.02589378 0.07109800 0.04014840
v -0.03249307 0.06614873 0.03634143
v -0.02984976 0.06639606 0.03626613
v -0.03527875 0.06516149 0.03470581
v -0.03522049 0.06591318 0.03610155
v -0.02465569 0.06705742 0.03530591
v -0.02200404 0.06863127 0.03612172
v -0.02722705 0.06957023 0.03942597
v -0.02982018 0.06920043 0.03969928
v -0.02981392 0.06979109 0.04016792
v -0.03242416 0.06939672 0.04015771
v -0.03245592 0.06791471 0.03879177
v -0.03812777 0.14904201 0.05302282
v -0.02720658 0.07088907 0.04037490
v -0.02718925 0.07257801 0.04115907
v -0.02979917 0.07208765 0.04136963
v -0.04344895 0.06905451 0.03810601
v -0.04233836 0.06994008 0.03882834
v -0.03744444 0.07048982 0.04043945
v -0.04148285 0.14896682 0.05245341
v -0.04071819 0.14957546 0.05257386
v -0.04480029 0.14882196 0.05169523
v -0.04813251 0.14915362 0.05070311
v -0.04911223 0.15232153 0.05004783
v -0.04899544 0.14906320 0.05041932
v -0.04809884 0.06729322 0.03497282
v -0.05716097 0.14620991 0.04699084
v -0.06312235 0.14236043 0.04334053
v -0.05506694 0.14802927 0.04800466
v -0.06509749 0.13916813 0.04160760
v -0.06735961 0.13640092 0.03940167
v -0.06582436 0.13018198 0.03909642
v -0.07497098 0.13720830 0.03080340
v -0.07282043 0.14224152 0.03458580
v -0.07299153 0.14731620 0.03429228
v -0.06714963 0.13839470 0.03996327
v -0.06593702 0.14224885 0.04139016
v -0.06938271 0.15235943 0.03746890
v -0.06565826 0.16180490 0.03915909
v -0.06623641 0.13970079 0.04092446
v 0.00370829 0.14511178 0.04306487
v 0.00210927 0.14730982 0.04400451
v 0.00166226 0.14633763 0.04440127
v 0.00638238 0.13978006 0.04072694
v 0.00197441 0.14485459 0.04420010
v 0.00242498 0.14590430 0.04391059
v 0.00222277 0.14539397 0.04407860
v 0.00346437 0.14461607 0.04325753
v 0.00089996 0.14604943 0.04489583
v 0.01305071 0.16184999 0.03120551
v 0.01194519 0.15736398 0.03377275
v 0.01484734 0.15737751 0.03005754
v 0.01554154 0.15237716 0.03030563
v 0.01739503 0.15739053 0.02612623
v 0.01812762 0.15238580 0.02634302
v 0.01259532 0.15236822 0.03405008
v 0.01589508 0.14731838 0.03058876
v 0.00764117 0.13226691 0.03801056
v -0.00822431 0.08338284 0.03690840
v 0.00675881 0.12890589 0.03776750
v 0.00807226 0.13714090 0.03887447
v 0.00806983 0.13732313 0.03891763
v 0.00532183 0.13400759 0.04019785
v 0.00545777 0.13471487 0.04027004
v 0.00602630 0.13072035 0.03897936
v -0.02105421 0.14977658 0.05285689
v -0.02033371 0.15231277 0.05250170
v -0.02028699 0.14977050 0.05271592
v -0.01559395 0.15231647 0.05148612
v -0.01677134 0.08362512 0.04248925
v 0.00042412 0.14493936 0.04504488
v -0.01375206 0.08343069 0.04086959
v -0.01484474 0.07382342 0.03612524
v -0.01388612 0.07331336 0.03498692
v -0.01491017 0.07102229 0.03347148
v -0.01298364 0.07355768 0.03435960
v -0.01213722 0.07380924 0.03372938
v -0.01058075 0.07491566 0.03297552
v -0.06249699 0.05587053 -0.00689839
v -0.06301828 0.05927955 0.00304140
v -0.06311903 0.05887850 0.00050000
v -0.06261446 0.05597885 -0.00730265
v -0.08351918 0.13562454 -0.00966789
v -0.08479087 0.14330681 0.00947397
v -0.06143899 0.05978340 0.01069003
v -0.06130898 0.05957307 0.01049124
v -0.06069082 0.05997788 0.01306588
v -0.06116765 0.05938731 0.01029572
v -0.06187207 0.06076030 0.01134579
v 0.02015557 0.14932342 -0.02328495
v 0.02075741 0.14884579 -0.02212545
v 0.02045991 0.14427042 -0.02302405
v 0.02078240 0.14885955 -0.02207485
v 0.01707952 0.17255366 -0.00431420
v 0.02223201 0.16249558 -0.01053894
v 0.01703384 0.17246999 -0.00512805
v 0.01649545 0.17255327 -0.00855687
v 0.02219697 0.16251068 -0.01070442
v 0.02215496 0.16252579 -0.01087026
v 0.02254043 0.16197829 -0.00978257
v 0.02237853 0.16227779 -0.01029608
v 0.02239221 0.16228369 -0.00991347
v 0.02274605 0.16136248 -0.00978443
v 0.02269210 0.16142784 -0.01002856
v 0.02260863 0.16173911 -0.01005415
v 0.02488685 0.14590853 -0.00968258
v 0.02401449 0.14732614 -0.01347141
v 0.02259169 0.14732453 -0.01796173
v 0.02360752 0.15240766 -0.01336220
v -0.02526353 0.14907873 -0.05340018
v -0.01575248 0.16171847 -0.05062743
v -0.01851715 0.14896682 -0.05245341
v -0.01519971 0.14882196 -0.05169523
v -0.02187223 0.14904201 -0.05302282
v -0.02314363 0.14964482 -0.05316166
v -0.02023529 0.15231284 -0.05248481
v -0.00562007 0.14758591 -0.04834700
v -0.00782616 0.14862029 -0.04924868
v -0.00493306 0.14802927 -0.04800466
v -0.03894579 0.14977658 -0.05285689
v -0.03931937 0.16170877 -0.05171937
v -0.03895015 0.16187413 -0.05175909
v -0.05348043 0.15232740 -0.04829162
v 0.01568236 0.17246890 -0.01229889
v 0.01552755 0.17255282 -0.01272733
v 0.01200819 0.15736425 -0.03369889
v 0.00941338 0.16182645 -0.03552960
v 0.01559833 0.15237734 -0.03022633
v 0.01490329 0.15737779 -0.02997886
v 0.01817683 0.15238598 -0.02625962
v -0.04934162 0.06375626 0.03105816
v -0.04926014 0.06400829 0.03154470
v -0.05107705 0.06341510 0.02983115
v -0.05100128 0.06369731 0.03030298
v -0.05270587 0.06311192 0.02842528
v -0.04914704 0.06430415 0.03203920
v -0.04634225 0.06738812 0.03606660
v -0.05386974 0.06558078 0.02921784
v -0.05396156 0.06470373 0.02873006
v -0.05552300 0.06445273 0.02673184
v -0.05053660 0.06517819 0.03211432
v -0.04852820 0.06585232 0.03391806
v -0.05066427 0.06476239 0.03169077
v -0.05238763 0.06452296 0.03015372
v -0.07870000 0.14370000 0.02631815
v 0.02459325 0.14159133 -0.00987222
v 0.02239304 0.14222184 -0.01811286
v 0.02129825 0.14520022 -0.02125427
v -0.02745110 0.16170190 -0.05246669
v -0.02993770 0.16220483 -0.05241460
v -0.02543677 0.16220629 -0.05221983
v 0.02072517 0.14732260 0.02240146
v 0.02235957 0.14222191 0.01820422
v -0.00152937 0.08313476 0.02932071
v -0.00350866 0.08333054 0.03204684
v 0.00149376 0.14503360 -0.04460068
v 0.01299153 0.14731620 -0.03429228
v 0.00684928 0.13971026 -0.04041910
v 0.00855471 0.05721937 -0.01193230
v 0.01929814 0.14963989 -0.02486603
v 0.01907934 0.14967592 -0.02525670
v 0.01739703 0.14940237 -0.02811554
v 0.01723067 0.14929758 -0.02838503
v 0.01576880 0.14223740 -0.03077416
v 0.01961268 0.14384219 -0.02466762
v 0.00141621 0.17254665 -0.03528119
v 0.00527233 0.17254776 -0.03143286
v 0.00526363 0.17256851 -0.03142301
v 0.00671573 0.16181074 -0.03820831
v -0.05805235 0.17254619 -0.03799631
v -0.06570629 0.16180514 -0.03911702
v -0.07671084 0.17246974 -0.00736396
v -0.07706523 0.17255324 -0.00426173
v -0.07705200 0.17257313 -0.00426047
v -0.07663226 0.17269632 -0.00600759
v -0.07482170 0.17282993 -0.00506506
v -0.07629514 0.17268963 -0.00847503
v -0.07338644 0.17282993 -0.01233924
v -0.07704233 0.17269459 0.00000000
v -0.07040189 0.17255101 -0.02450279
v -0.07760331 0.16248825 -0.02354412
v -0.07230507 0.17246626 -0.02113434
v -0.06139791 0.17254907 -0.03529652
v -0.06679171 0.16244380 -0.03784956
v -0.06143296 0.17254643 -0.03526418
v -0.06142316 0.17256743 -0.03525548
v -0.06137949 0.17258897 -0.03527571
v -0.07830739 0.14223307 -0.02682463
v -0.07890256 0.16189080 -0.02139475
v -0.07777283 0.16203527 -0.02363220
v -0.07772844 0.16218825 -0.02360911
v -0.07767197 0.16233982 -0.02357977
v -0.07723148 0.16187848 -0.02472929
v -0.07535840 0.16247839 -0.02747199
v -0.06843885 0.17246331 -0.02753584
v -0.06999557 0.16230218 -0.03468836
v -0.07402432 0.16185638 -0.02980806
v -0.07084241 0.16183552 -0.03394078
v -0.05931884 0.14730839 -0.04577545
v -0.05499563 0.14732702 -0.04798282
v -0.05980539 0.16193591 -0.04358036
v -0.05978198 0.16209836 -0.04354463
v -0.06210927 0.14730982 -0.04400451
v -0.06089996 0.14604943 -0.04489583
v -0.05975035 0.16226032 -0.04349640
v -0.05563998 0.06292019 0.02548101
v -0.05565986 0.06258958 0.02510146
v -0.05423265 0.06283967 0.02684677
v -0.05426050 0.06255021 0.02642465
v -0.05560750 0.06157361 0.02356078
v -0.05564667 0.06177520 0.02393299
v -0.05425633 0.06208168 0.02560330
v -0.05939903 0.06251570 0.01933956
v -0.06745002 0.14035290 -0.03994935
v -0.06739945 0.14052932 -0.04001695
v -0.06683104 0.14178877 -0.04061347
v -0.06671174 0.13386168 -0.03926875
v -0.06340195 0.14534923 -0.04328206
v -0.06515238 0.14220726 -0.04192290
v -0.06494407 0.14415383 -0.04218870
v -0.06346437 0.14461607 -0.04325753
v -0.08230897 0.16241896 0.01021505
v -0.08223201 0.16249558 0.01053894
v -0.08387412 0.15600775 0.00968402
v -0.08356771 0.15742663 0.00987819
v -0.08274605 0.16136248 0.00978443
v -0.08213686 0.16252694 -0.01086339
v -0.08237682 0.16191922 -0.01091475
v -0.08385913 0.15597893 -0.00967746
v -0.03364680 0.17270212 0.04679287
v -0.03102689 0.17282993 0.04509529
v -0.03840043 0.17282993 0.04431786
v -0.04392736 0.17270333 0.04480270
v -0.02865302 0.17245293 0.04719518
v -0.05196847 0.16207059 0.04782184
v -0.04553792 0.17245634 0.04456358
v -0.04675995 0.17254712 0.04408835
v -0.04339423 0.16238207 0.05065849
v 0.01409636 0.17269528 -0.01635799
v 0.01228126 0.17268930 -0.02068266
v 0.01186996 0.17282993 -0.01677933
v 0.01146610 0.17269610 -0.02217047
v 0.00855557 0.17282993 -0.02341170
v 0.01482170 0.17282993 0.00506506
v 0.01704234 0.17269459 0.00000000
v 0.01504593 0.17282993 -0.00234596
v 0.00871136 0.15735027 0.03723343
v -0.07630887 0.17268814 0.00852243
v -0.06498126 0.17270148 0.03130580
v -0.06394549 0.17275454 0.03131716
v -0.06156243 0.17277174 0.03337997
v -0.05891931 0.17282993 0.03461666
v -0.06517413 0.17267588 0.03132287
v -0.06512748 0.17269690 0.03124016
v -0.06512367 0.17269048 0.03130516
v -0.06509673 0.17269722 0.03126792
v -0.05588001 0.17269926 0.03920374
v -0.05285779 0.17282993 0.03888651
v -0.05349378 0.17270029 0.04066164
v -0.05256629 0.17282993 0.03905640
v -0.05318267 0.17270042 0.04082432
v -0.07459336 0.17246804 0.01578340
v -0.07797718 0.16188377 0.02331394
v -0.08119844 0.16205937 0.01529620
v -0.07399378 0.17268880 0.01675582
v -0.07236051 0.17265400 0.02072162
v -0.07407591 0.17265378 0.01678727
v -0.06909183 0.17268993 0.02619944
v -0.06795350 0.17264034 0.02800525
v -0.06522950 0.17265293 0.03133103
v -0.06793692 0.17265403 0.02799299
v -0.07037620 0.17259042 0.02449461
v -0.07036202 0.17260857 0.02448597
v -0.07034655 0.17262535 0.02447656
v -0.07031241 0.17265414 0.02445578
v -0.07241245 0.17260888 0.02074716
v -0.07242735 0.17259091 0.02075448
v -0.07411297 0.17262553 0.01680147
v -0.07412981 0.17260905 0.01680792
v -0.07956744 0.16235031 0.01947781
v -0.07817683 0.15238598 0.02625962
v -0.08037911 0.15239409 0.02210858
v -0.07957981 0.14386806 0.02472833
v -0.07907934 0.14967592 0.02525670
v -0.07490329 0.15737779 0.02997886
v -0.07739703 0.14940237 0.02811554
v -0.06354186 0.16195333 0.04087936
v -0.06689312 0.16228855 0.03785659
v -0.05599189 0.16208407 0.04582982
v -0.07002984 0.16230257 0.03465008
v 0.00771226 0.05688959 -0.01070154
v -0.02329665 0.08330651 0.04455491
v -0.02719719 0.07169015 0.04080158
v -0.02326733 0.07017714 0.03848940
v -0.02196079 0.07039506 0.03804836
v -0.02324753 0.07152272 0.03948700
v -0.03247245 0.06720170 0.03791678
v -0.03509751 0.06759802 0.03854580
v -0.02729642 0.06668200 0.03592176
v -0.03243540 0.06883495 0.03970329
v -0.04022969 0.08364089 0.04367862
v -0.04021316 0.08346647 0.04363252
v -0.03499217 0.06960740 0.04030427
v -0.03496689 0.07028807 0.04068223
v -0.03746708 0.06979696 0.04014121
v -0.03241306 0.07004040 0.04059205
v -0.04805638 0.14837176 0.05075171
v -0.04922945 0.14903060 0.05033313
v -0.04154227 0.16171272 0.05128583
v -0.03902705 0.16187432 0.05174619
v -0.03976471 0.15231284 0.05248481
v -0.03484195 0.16170344 0.05230901
v -0.05424142 0.14700575 0.04837567
v -0.05993514 0.14515021 0.04549241
v -0.06384810 0.14332345 0.04301669
v -0.06335630 0.14448656 0.04336942
v -0.05763903 0.14730515 0.04674747
v -0.06676095 0.13664478 0.03997688
v -0.06729022 0.13450584 0.03901458
v -0.06638945 0.13001347 0.03852632
v -0.07574106 0.14620529 0.03089414
v -0.07579853 0.14593665 0.03083170
v -0.07588623 0.14565910 0.03072511
v -0.07207369 0.13721606 0.03459643
v -0.06969034 0.14731400 0.03781727
v 0.00587202 0.14106904 0.04127970
v -0.00047041 0.14724240 0.04566350
v 0.00067560 0.14549190 0.04499513
v -0.00207966 0.14654063 0.04653944
v -0.02107628 0.16237657 0.05159985
v -0.01667379 0.16221659 0.05074828
v -0.01669092 0.16238193 0.05068012
v -0.01235641 0.16222496 0.04946238
v -0.02569946 0.17254463 0.04698019
v -0.02570068 0.17256646 0.04696734
v -0.02495607 0.17245413 0.04693542
v -0.02145593 0.17254585 0.04638413
v -0.01729881 0.17254682 0.04541673
v -0.01400551 0.17245640 0.04440305
v -0.01322651 0.17254712 0.04408325
v -0.01323108 0.17256871 0.04407111
v -0.00228144 0.14597414 0.04654730
v -0.01710790 0.06972629 0.03383292
v -0.01487126 0.07243165 0.03507476
v -0.01702208 0.07261192 0.03687969
v -0.01133807 0.07406896 0.03309062
v -0.06305550 0.05936066 0.00305508
v -0.06279708 0.05979517 0.00584899
v -0.06220188 0.05981649 0.00839237
v -0.08477683 0.14316706 -0.00947284
v -0.06153956 0.05990978 0.01070289
v -0.06083656 0.06022894 0.01325388
v -0.06056470 0.05976466 0.01282445
v -0.06113833 0.06105465 0.01391047
v -0.06037740 0.06190951 0.01672729
v 0.02219267 0.15240143 -0.01780324
v 0.02037911 0.15239409 -0.02210858
v 0.01961339 0.15740290 -0.02192572
v 0.02097445 0.14474346 -0.02195952
v 0.02385913 0.15597893 0.00967746
v 0.02230548 0.16234973 -0.01058784
v 0.02216299 0.16250946 -0.01087202
v 0.02243309 0.16213281 -0.01037415
v 0.02263816 0.16157088 -0.01013640
v 0.02258298 0.16185990 -0.00992078
v 0.02108715 0.16235881 -0.01526123
v 0.01956753 0.16235010 -0.01947785
v 0.01949554 0.16249704 -0.01944811
v 0.02461875 0.15102014 -0.00948068
v 0.02461607 0.15094823 0.00947763
v 0.02159180 0.14749880 -0.02046157
v 0.02481282 0.14807136 -0.00988001
v 0.02456424 0.15101470 -0.00988088
v -0.02542912 0.16186941 -0.05231026
v -0.02352897 0.16170496 -0.05213780
v -0.02702688 0.14967826 -0.05349214
v -0.00642982 0.15232757 -0.04825098
v -0.01186750 0.14915362 -0.05070311
v -0.01209465 0.16172823 -0.04949744
v -0.01088777 0.15232153 -0.05004783
v -0.01100456 0.14906320 -0.05041932
v -0.00871213 0.14816903 -0.04962514
v -0.01657523 0.16204917 -0.05077922
v -0.02098804 0.16221026 -0.05165599
v -0.01658850 0.16221650 -0.05072672
v -0.02097295 0.16187425 -0.05174620
v -0.00575858 0.14700575 -0.04837567
v -0.00265979 0.14678241 -0.04693252
v -0.00214729 0.15233454 -0.04607991
v -0.00236097 0.14730515 -0.04674747
v -0.00398826 0.16192004 -0.04586631
v -0.00243924 0.16176453 -0.04501572
v -0.00555442 0.17254639 -0.04038512
v -0.00246131 0.17245778 -0.03840515
v -0.00022925 0.16242002 -0.04339508
v -0.03966629 0.15231277 -0.05250170
v -0.04885717 0.14884189 -0.05045782
v -0.05005145 0.16173507 -0.04869835
v -0.05190581 0.16190498 -0.04789373
v -0.05522720 0.14845848 -0.04785649
v -0.05355242 0.16174783 -0.04716183
v 0.01955380 0.16189551 -0.01991012
v 0.01799499 0.16188371 -0.02327890
v 0.01962701 0.16219994 -0.01950245
v 0.01967409 0.16204828 -0.01952193
v 0.01534457 0.17268836 -0.01267593
v 0.01405308 0.17282993 -0.00969360
v 0.01335454 0.17255202 -0.01882094
v 0.01417167 0.17255232 -0.01682395
v 0.00793692 0.17265403 -0.02799299
v 0.00790174 0.17267586 -0.02796700
v 0.00909183 0.17268993 -0.02619944
v 0.00519741 0.17267489 -0.03130244
v 0.00137945 0.17258899 -0.03527557
v 0.01023662 0.17268977 -0.02440964
v 0.00900572 0.17269658 -0.02624644
v 0.01399378 0.17268880 -0.01675582
v 0.01538754 0.17267467 -0.01268800
v 0.01744351 0.15739079 -0.02604349
v 0.01555440 0.16202095 -0.02751465
v 0.01619149 0.16187064 -0.02654581
v 0.01769147 0.16233993 -0.02354193
v 0.01415000 0.16185656 -0.02969330
v 0.01188448 0.16184174 -0.03269623
v -0.05112392 0.06317531 0.02936960
v -0.04741775 0.06435568 0.03259233
v -0.05274697 0.06284369 0.02797931
v -0.05078852 0.06437457 0.03124173
v -0.05264411 0.06341749 0.02887452
v -0.04423398 0.06651247 0.03621439
v -0.04213345 0.06692031 0.03709714
v -0.04215463 0.06731822 0.03748313
v -0.04836929 0.06631212 0.03431830
v -0.04617621 0.06670225 0.03574592
v -0.08039566 0.14423794 0.02314868
v -0.08045991 0.14427042 0.02302405
v -0.08039369 0.14426097 0.02315528
v -0.08129825 0.14520022 0.02125427
v -0.08145524 0.14551312 0.02089766
v -0.08138324 0.14804178 0.02087609
v -0.08097444 0.14474346 0.02195952
v 0.02478304 0.14330739 -0.00967893
v -0.03214306 0.14913629 -0.05355043
v -0.03086617 0.14970863 -0.05356017
v -0.03140797 0.16170152 -0.05250882
v -0.02994980 0.15230966 -0.05332496
v -0.01194362 0.14837176 -0.05075171
v 0.02033776 0.15239392 0.02219546
v 0.02379270 0.14221440 0.01365654
v 0.00022555 0.08294465 0.02643553
v -0.00147310 0.08330489 0.02935859
v -0.00346864 0.08350267 0.03207813
v -0.00362784 0.08299363 0.03195209
v 0.00461936 0.14337459 -0.04245698
v 0.00515547 0.14068316 -0.04183942
v 0.00242885 0.14372875 -0.04395079
v 0.00564386 0.14105168 -0.04154504
v 0.00483786 0.14225844 -0.04225090
v 0.00558676 0.14222735 -0.04167686
v 0.00297628 0.14473817 -0.04361759
v 0.01574106 0.14620529 -0.03089414
v 0.01579854 0.14593665 -0.03083169
v 0.00953436 0.14224535 -0.03813690
v 0.00634036 0.14097771 -0.04098247
v 0.01745065 0.14397225 -0.02840835
v 0.02039566 0.14423794 -0.02314868
v 0.02039369 0.14426097 -0.02315528
v 0.00419945 0.17282993 -0.02941151
v -0.05521855 0.17245744 -0.03995249
v -0.05449540 0.17254630 -0.04035662
v -0.06691406 0.16197044 -0.03798125
v -0.06343879 0.16211379 -0.04090485
v -0.07605239 0.17255296 -0.01061749
v -0.07687572 0.17268944 -0.00424369
v -0.07692026 0.17267568 -0.00424792
v -0.06141495 0.17276908 -0.03357067
v -0.06235873 0.17282993 -0.03142535
v -0.05677354 0.17282993 -0.03630175
v -0.06131716 0.17275454 -0.03394549
v -0.06123989 0.17269740 -0.03511810
v -0.06132836 0.17276050 -0.03381924
v -0.06156243 0.17277174 -0.03337997
v -0.07551292 0.17257279 -0.01269697
v -0.07362849 0.17269576 -0.01754940
v -0.07077892 0.17282993 -0.01928002
v -0.05871360 0.17269805 -0.03720031
v -0.07246710 0.17255199 -0.02072840
v -0.06706961 0.17282993 -0.02569987
v -0.07170863 0.17269628 -0.02170515
v -0.07023817 0.17268990 -0.02440327
v -0.06042647 0.17245826 -0.03617858
v -0.06801225 0.17254972 -0.02806369
v -0.06800164 0.17257018 -0.02805585
v -0.06797623 0.17260802 -0.02803707
v -0.07037780 0.17259057 -0.02448814
v -0.07036360 0.17260872 -0.02447951
v -0.06139957 0.17260632 -0.03523440
v -0.06136866 0.17260580 -0.03526348
v -0.06141201 0.17258747 -0.03524553
v -0.07547624 0.16217513 -0.02754678
v -0.07290456 0.16216083 -0.03126257
v -0.05561320 0.06327503 0.02584198
v -0.05698714 0.06235182 0.02319455
v -0.05566970 0.06228640 0.02471150
v -0.05695703 0.06175892 0.02248544
v -0.05566635 0.06201386 0.02431929
v -0.05681730 0.06109383 0.02143346
v -0.05426979 0.06229642 0.02600731
v -0.06041527 0.06221867 0.01686811
v -0.05940449 0.05969051 0.01455759
v -0.05948282 0.05974283 0.01466724
v -0.05955717 0.05980739 0.01478488
v -0.05981621 0.06017440 0.01531475
v -0.05969420 0.05997050 0.01504001
v -0.06242498 0.14590430 -0.04391059
v -0.06370828 0.14511178 -0.04306487
v -0.06601599 0.14300743 -0.04134119
v -0.06490368 0.14418514 -0.04221734
v -0.08256132 0.16186029 -0.00991261
v -0.08254043 0.16197829 0.00978257
v -0.08251837 0.16197827 -0.00977465
v -0.08237132 0.16228260 -0.00990385
v -0.07724684 0.17259328 0.00000000
v -0.07727487 0.17255582 0.00000000
v -0.08286255 0.16090079 0.00968042
v -0.08284162 0.16089611 0.00987607
v -0.07415438 0.17259155 -0.01677704
v -0.07413890 0.17260937 -0.01677113
v -0.07242686 0.17260918 -0.02070867
v -0.08228689 0.16235039 -0.01057793
v -0.08228135 0.16223320 -0.01089430
v -0.08221329 0.16249608 -0.01052909
v -0.07955908 0.16235006 -0.01949840
v -0.08145449 0.16191122 -0.01456729
v -0.07966562 0.16204822 -0.01954252
v -0.08382221 0.15597242 -0.00987234
v -0.04051676 0.17270333 0.04572364
v -0.03729363 0.17270285 0.04635404
v -0.03425346 0.17269517 0.04678720
v -0.04259797 0.17270333 0.04516166
v -0.04666851 0.17270283 0.04384408
v -0.04669100 0.17269589 0.04390505
v -0.05191711 0.16239852 0.04770542
v -0.04847133 0.17245664 0.04344126
v -0.05068545 0.17254682 0.04240884
v -0.04341148 0.16221672 0.05072663
v -0.03900040 0.16237664 0.05158697
v -0.03485237 0.17245337 0.04695630
v -0.03427183 0.17254461 0.04698290
v 0.01630886 0.17268814 -0.00852243
v 0.01693503 0.17267451 -0.00430097
v 0.01635264 0.17267451 -0.00853051
v 0.01728903 0.17247021 -0.00147537
v 0.01729674 0.17251447 0.00000000
v 0.02237132 0.16228260 0.00990385
v 0.01367059 0.17269574 0.01744493
v 0.01338644 0.17282993 0.01233924
v 0.01077892 0.17282993 0.01928002
v 0.01534236 0.17268901 0.01264959
v -0.00550460 0.17254630 0.04035662
v -0.00412877 0.16240878 0.04574889
v -0.00028977 0.16242011 0.04343529
v -0.00772029 0.17245705 0.04164088
v -0.00024970 0.16226055 0.04349632
v 0.00340253 0.16227424 0.04085850
v 0.00343876 0.16211393 0.04090482
v -0.00021804 0.16209851 0.04354459
v -0.07708860 0.17268771 0.00000000
v -0.07713324 0.17267370 0.00000000
v -0.07697769 0.17265362 0.00430488
v -0.07717383 0.17265360 0.00000000
v -0.07717515 0.17265294 0.00000000
v -0.06381924 0.17276050 0.03132836
v -0.06337997 0.17277174 0.03156243
v -0.06130590 0.17270197 0.03497166
v -0.06131716 0.17275454 0.03394549
v -0.06510390 0.17269707 0.03126290
v -0.05379343 0.17270017 0.04047856
v -0.05787814 0.17269848 0.03779331
v -0.05862485 0.17269818 0.03726623
v -0.05062098 0.17267974 0.04227478
v -0.05060074 0.17269461 0.04223271
v -0.08215496 0.16252579 0.01087026
v -0.08108705 0.16235901 0.01526120
v -0.07414529 0.17259122 0.01681384
v -0.07774793 0.16218850 0.02357121
v -0.08230381 0.16221698 0.01090281
v -0.08234970 0.16206570 0.01091286
v -0.08229926 0.16223194 0.01090181
v -0.08239456 0.16191784 0.01092268
v -0.07403561 0.17267500 0.01677184
v -0.07542895 0.17265360 0.01269963
v -0.07239625 0.17262551 0.02073919
v -0.06528379 0.17258994 0.03137939
v -0.06798378 0.17260799 0.02802763
v -0.06799716 0.17258966 0.02803751
v -0.07027523 0.17267574 0.02443315
v -0.02099958 0.16237633 -0.05158712
v -0.02897311 0.17282993 -0.04509529
v -0.03345486 0.17270209 -0.04680794
v -0.03637440 0.17282993 -0.04465430
v -0.03010737 0.17270172 -0.04694032
v -0.02159957 0.17282993 -0.04431786
v -0.02635320 0.17270212 -0.04679287
v -0.07244078 0.17257178 0.02076109
v -0.07961339 0.15740290 0.02192572
v -0.08057590 0.16190350 0.01727883
v -0.08151572 0.14773536 0.02061114
v -0.08116001 0.14841709 0.02132447
v -0.08015557 0.14932342 0.02328495
v -0.07816661 0.14961347 0.02684020
v -0.06351467 0.16211426 0.04084467
v -0.06579547 0.15235063 0.04066854
v -0.06218841 0.14730985 0.04395022
v -0.06684221 0.16244428 0.03780199
v -0.05067981 0.17256829 0.04239712
v -0.05173999 0.17245699 0.04192113
v -0.05067335 0.17258880 0.04238368
v -0.05753865 0.17245778 0.03840517
v -0.05803426 0.17254627 0.03800768
v -0.05977067 0.16242030 0.04339495
v -0.05444558 0.17254639 0.04038512
v -0.05593018 0.16240896 0.04571660
v -0.05984256 0.16209878 0.04350417
v -0.05800790 0.17260656 0.03797159
v -0.05801775 0.17258757 0.03798507
v -0.05442267 0.17260721 0.04034678
v -0.05441327 0.17262496 0.04033103
v -0.05799711 0.17262414 0.03795681
v -0.05802656 0.17256740 0.03799713
v -0.07288706 0.16231604 0.03118294
v -0.02328200 0.08347980 0.04461928
v -0.02850405 0.07068116 0.04053005
v -0.03514424 0.06691851 0.03767789
v -0.03776453 0.06567862 0.03558195
v -0.04428861 0.06689736 0.03655282
v -0.04524500 0.06628782 0.03572610
v -0.04548568 0.06752317 0.03653239
v -0.04449824 0.06825534 0.03733307
v -0.04442079 0.06777229 0.03711874
v -0.03990486 0.06992066 0.03965778
v -0.03990107 0.06929000 0.03938875
v -0.03504582 0.06847138 0.03944135
v -0.03755084 0.06810130 0.03894719
v -0.03749320 0.06916550 0.03978026
v -0.03456772 0.16203791 0.05227290
v -0.03006230 0.16220507 0.05241452
v -0.02802971 0.16170169 0.05249108
v -0.02553036 0.16220647 0.05222763
v -0.02552595 0.16203783 0.05228079
v -0.06242885 0.14372875 0.04395079
v -0.06349807 0.14283936 0.04319973
v -0.05983373 0.14649051 0.04555432
v -0.05734021 0.14678241 0.04693252
v -0.06016009 0.14570582 0.04539711
v -0.06731047 0.13505863 0.03912749
v -0.06674161 0.13504462 0.03963796
v -0.00486942 0.14790690 0.04795408
v -0.00500437 0.14732702 0.04798282
v -0.00954444 0.14926775 0.04986637
v 0.00317599 0.14409998 0.04340813
v 0.00515238 0.14220726 0.04192290
v 0.00510063 0.13954911 0.04146427
v 0.00541066 0.13823771 0.04102757
v 0.00687894 0.13692313 0.03983798
v 0.00785738 0.13877486 0.03936806
v 0.00671926 0.13837907 0.04024158
v 0.00687196 0.13541420 0.03951467
v -0.00190335 0.14711247 0.04647975
v -0.00203208 0.14773147 0.04649308
v -0.00332842 0.14813744 0.04718170
v -0.01947825 0.17270331 0.04572280
v -0.01639654 0.17282993 0.04300681
v -0.02362560 0.17282993 0.04465430
v -0.02145831 0.17256764 0.04637142
v -0.01233868 0.16205858 0.04951431
v -0.00815736 0.16174120 0.04794955
v -0.00214914 0.16176568 0.04484321
v -0.00928614 0.17260811 0.04234566
v -0.01324871 0.17262681 0.04402429
v -0.01324222 0.17260881 0.04404151
v -0.00593996 0.17269997 0.04033438
v -0.00322646 0.17282993 0.03630175
v -0.00953503 0.17282993 0.04019732
v -0.01485765 0.07307478 0.03561791
v -0.01488476 0.07188700 0.03452707
v -0.01705240 0.07134916 0.03581401
v -0.01703725 0.07192919 0.03634855
v -0.01942717 0.07085433 0.03700992
v -0.01941307 0.07145982 0.03753259
v -0.02198295 0.06939502 0.03705421
v -0.01945445 0.06988340 0.03599987
v -0.06292804 0.05912616 0.00300901
v -0.06275679 0.05970319 0.00582042
v -0.06283224 0.05988982 0.00587431
v -0.06160443 0.06008011 0.01092623
v -0.06088147 0.06032380 0.01334525
v -0.06080439 0.06021836 0.01331063
v -0.06004249 0.06055518 0.01564205
v -0.06235090 0.05579082 -0.00660089
v -0.06042622 0.05958365 0.01259344
v -0.06106323 0.06079687 0.01373854
v 0.02140056 0.15741380 -0.01765554
v 0.02116001 0.14841709 -0.02132447
v 0.01994873 0.14939202 -0.02367629
v 0.02074441 0.14453197 -0.02243545
v 0.02256132 0.16186029 0.00991261
v 0.01648236 0.17257299 -0.00855445
v 0.02284162 0.16089611 -0.00987607
v 0.02279503 0.15742294 -0.01325126
v 0.02389971 0.15570898 -0.00987982
v 0.02119846 0.16205931 -0.01529621
v 0.02451026 0.15165386 -0.00988107
v 0.02388236 0.15600926 -0.00947881
v 0.02163278 0.14606844 -0.02047196
v 0.02169328 0.14649768 -0.02030834
v 0.02170013 0.14669408 -0.02027939
v 0.02167178 0.14628932 -0.02037052
v -0.02543228 0.16203775 -0.05227294
v -0.02506811 0.15231049 -0.05311045
v -0.01517077 0.14940096 -0.05164839
v -0.01077055 0.14903060 -0.05033313
v -0.00406975 0.16240866 -0.04571674
v -0.00825997 0.17245699 -0.04192111
v -0.00877442 0.16173916 -0.04821615
v -0.01226949 0.16238913 -0.04935759
v -0.01324005 0.17254712 -0.04408835
v -0.00808284 0.16239822 -0.04770555
v -0.02097918 0.16204217 -0.05170887
v -0.00193033 0.14714530 -0.04651336
v -0.00251028 0.14734718 -0.04682045
v 0.00374174 0.16179451 -0.04075906
v 0.00354187 0.16195326 -0.04087937
v 0.00693398 0.16212992 -0.03790046
v 0.01007509 0.16214576 -0.03469100
v 0.00347841 0.16227432 -0.04079848
v -0.00196574 0.17254627 -0.03800768
v -0.00197344 0.17256740 -0.03799713
v -0.00013395 0.16193619 -0.04353993
v -0.03971301 0.14977050 -0.05271592
v -0.04277213 0.14974117 -0.05213165
v -0.04319151 0.16171607 -0.05090186
v -0.04674174 0.14958595 -0.05109927
v -0.05045556 0.14926775 -0.04986637
v -0.04764362 0.16222474 -0.04946246
v -0.04762073 0.16238891 -0.04939550
v -0.04330911 0.16238163 -0.05068026
v 0.00516311 0.17268968 -0.03127189
v 0.00786519 0.17269003 -0.02793999
v 0.01129994 0.17268956 -0.02257082
v 0.01239625 0.17262551 -0.02073919
v 0.01146764 0.17255130 -0.02266287
v 0.01403561 0.17267500 -0.01677184
v 0.01542895 0.17265360 -0.01269963
v 0.01407591 0.17265378 -0.01678727
v 0.01779239 0.16203539 -0.02359429
v 0.01245268 0.17255169 -0.02076693
v 0.01244078 0.17257178 -0.02076109
v 0.01762277 0.16248834 -0.02350634
v 0.01010967 0.16198820 -0.03472231
v 0.01682248 0.14904046 -0.02904625
v 0.01241246 0.17260888 -0.02074716
v 0.01232163 0.17267542 -0.02070251
v 0.01236051 0.17265400 -0.02072162
v -0.04749379 0.06414028 0.03209776
v -0.04578261 0.06478617 0.03356612
v -0.04714688 0.06492911 0.03361432
v -0.04900982 0.06464017 0.03253273
v -0.05090298 0.06401833 0.03077616
v -0.04595353 0.06566658 0.03490611
v -0.04605825 0.06617548 0.03538295
v -0.04869291 0.06541795 0.03348110
v -0.04636983 0.06654207 0.03554374
v -0.08156464 0.14580889 0.02063954
v -0.08074441 0.14453197 0.02243545
v -0.03494503 0.14975266 -0.05334821
v -0.02993763 0.16203614 -0.05246779
v -0.02993759 0.16186765 -0.05250511
v -0.03854407 0.17254585 -0.04638413
v -0.03892374 0.16237625 -0.05160000
v -0.03446965 0.16220623 -0.05222772
v -0.02993778 0.16237161 -0.05234512
v -0.03446390 0.16237283 -0.05215839
v -0.03134700 0.17245293 -0.04719518
v -0.03430054 0.17254463 -0.04698019
v -0.01199782 0.14798291 -0.05072459
v -0.00356171 0.08316006 0.03200486
v 0.00442152 0.14182037 -0.04248422
v 0.00272356 0.14424308 -0.04380609
v 0.00556839 0.14224914 -0.04169167
v 0.01570781 0.14648184 -0.03092031
v 0.01570016 0.14674872 -0.03090989
v 0.01282042 0.14224152 -0.03458580
v 0.00674668 0.13996577 -0.04053267
v 0.01816661 0.14961347 -0.02684020
v 0.01870000 0.14370000 -0.02631815
v -0.00108069 0.17282993 -0.03461666
v 0.00156243 0.17277174 -0.03337997
v -0.00650623 0.17270029 -0.04066164
v -0.00937902 0.17267974 -0.04227478
v -0.00939926 0.17269461 -0.04223271
v -0.01152863 0.17245664 -0.04344124
v -0.04052174 0.17270331 -0.04572280
v -0.04360346 0.17282993 -0.04300681
v -0.06688321 0.16212969 -0.03794801
v -0.07645488 0.17259194 -0.00850385
v -0.07642082 0.17262629 -0.00849771
v -0.07638174 0.17265458 -0.00849066
v -0.06130558 0.17270145 -0.03498198
v -0.06126276 0.17269757 -0.03509452
v -0.06295574 0.17277174 -0.03200514
v -0.06136143 0.17276549 -0.03369097
v -0.06148475 0.17277114 -0.03346495
v -0.07542697 0.17265409 -0.01267309
v -0.07400282 0.17268911 -0.01671916
v -0.07534236 0.17268901 -0.01264959
v -0.05796490 0.17267685 -0.03787677
v -0.06130245 0.17267510 -0.03518872
v -0.07244176 0.17259121 -0.02071598
v -0.07221616 0.17269614 -0.02060653
v -0.06837884 0.17269669 -0.02715184
v -0.06127178 0.17269009 -0.03515409
v -0.06132291 0.17267615 -0.03516534
v -0.07039060 0.17257126 -0.02449592
v -0.07542321 0.16232829 -0.02751311
v -0.07285534 0.16231567 -0.03122505
v -0.07294261 0.16200486 -0.03129161
v -0.07551759 0.16202071 -0.02757307
v -0.05823487 0.06244295 0.02141269
v -0.05698699 0.06303617 0.02383821
v -0.05673688 0.06094400 0.02111662
v -0.05797071 0.06081660 0.01953766
v -0.05687936 0.06128160 0.02177233
v -0.05869737 0.06020922 0.01714313
v -0.06004809 0.06041855 0.01536267
v -0.05803998 0.06102237 0.01985613
v -0.05909418 0.06078423 0.01781267
v -0.06222276 0.14539397 -0.04407860
v -0.06594802 0.14308013 -0.04139493
v -0.06652398 0.14224789 -0.04088763
v -0.08258298 0.16185990 0.00992078
v -0.08260863 0.16173911 0.01005415
v -0.08243309 0.16213281 0.01037415
v -0.08235852 0.16227825 -0.01028758
v -0.07727595 0.17255376 0.00000000
v -0.08228875 0.16241917 -0.01020676
v -0.08260163 0.16165558 0.01022217
v -0.08265558 0.16152702 0.01009916
v -0.08254758 0.16176261 0.01036754
v -0.08249555 0.16184333 0.01052952
v -0.08244651 0.16189574 0.01070502
v -0.08280016 0.16106842 0.00989099
v -0.08275599 0.16122848 0.00993286
v -0.08270765 0.16138235 0.01000200
v -0.07416838 0.17257257 -0.01678239
v -0.08241331 0.16213351 -0.01036549
v -0.08119277 0.16205966 -0.01530092
v -0.08233190 0.16206697 -0.01090513
v -0.08136778 0.15741359 -0.01774287
v -0.08030587 0.16190174 -0.01801543
v -0.07961855 0.16219988 -0.01952302
v -0.08354046 0.15742514 -0.00987108
v -0.08281954 0.16089776 -0.00986835
v -0.08272386 0.16136280 -0.00977636
v -0.03845771 0.17269602 0.04620042
v -0.03846629 0.17268091 0.04624671
v -0.03000464 0.17269467 0.04698749
v -0.02654514 0.17270209 0.04680794
v -0.02989263 0.17270172 0.04694032
v -0.03000464 0.17267950 0.04703466
v -0.02571352 0.17268004 0.04683144
v -0.04264319 0.17265803 0.04532486
v -0.03847454 0.17265750 0.04629115
v -0.04672334 0.17265773 0.04399100
v -0.04673078 0.17264318 0.04401078
v -0.04674425 0.17260881 0.04404660
v -0.05066611 0.17260812 0.04236861
v -0.03000464 0.17266878 0.04705767
v -0.03849119 0.17256762 0.04638082
v -0.04266766 0.17256851 0.04541265
v -0.03848847 0.17258847 0.04636618
v -0.03426407 0.17264183 0.04690032
v -0.03000465 0.17264126 0.04710116
v -0.03000464 0.17265600 0.04707992
v 0.01590074 0.17269470 -0.01029447
v 0.01686656 0.17269456 -0.00406917
v 0.01709105 0.17253329 -0.00431526
v 0.02230897 0.16241896 -0.01021505
v 0.01701699 0.17262580 -0.00430848
v 0.01645136 0.17260936 -0.00854873
v 0.01643369 0.17262563 -0.00854547
v 0.01639483 0.17265354 -0.00853830
v 0.00706961 0.17282993 0.02569987
v 0.01023817 0.17268990 0.02440327
v 0.01687572 0.17268944 0.00424369
v 0.01663226 0.17269632 0.00600759
v 0.01629513 0.17268963 0.00847503
v 0.01190547 0.17269623 0.02132394
v -0.00478149 0.17245744 0.03995252
v 0.00867005 0.16182241 0.03630698
v 0.00344733 0.16179296 0.04099206
v 0.00359475 0.16179374 0.04087592
v 0.00688318 0.16212982 0.03794798
v 0.00684242 0.16228832 0.03790410
v -0.07722052 0.17255357 -0.00213330
v -0.07721332 0.17262591 0.00000000
v -0.07689077 0.17268811 0.00429692
v -0.07701699 0.17262580 0.00430848
v -0.07703380 0.17246999 0.00512843
v -0.08230548 0.16234973 0.01058784
v -0.08219697 0.16251068 0.01070442
v -0.07639483 0.17265354 0.00853830
v -0.06369097 0.17276549 0.03136143
v -0.06502362 0.17269947 0.03130133
v -0.06505218 0.17269836 0.03129301
v -0.06129616 0.17269918 0.03503378
v -0.06357066 0.17276908 0.03141496
v -0.06346495 0.17277114 0.03148475
v -0.06250306 0.17276858 0.03250308
v -0.05431190 0.17269994 0.04016180
v -0.08223521 0.16236238 0.01088781
v -0.08114908 0.16220999 0.01528068
v -0.08236507 0.16220032 0.01063386
v -0.08237853 0.16227779 0.01029608
v -0.07415927 0.17257224 0.01681920
v -0.07587461 0.17268823 0.01060820
v -0.07552755 0.17255282 0.01272733
v -0.07967407 0.16204834 0.01952193
v -0.07232163 0.17267542 0.02070251
v -0.07538754 0.17267467 0.01268800
v -0.06526363 0.17256851 0.03142301
v -0.06524350 0.17263916 0.03134350
v -0.06525854 0.17262436 0.03135690
v -0.06796918 0.17262495 0.02801684
v -0.06527162 0.17260654 0.03136854
v -0.00956347 0.17270160 -0.04226029
v -0.01445299 0.17282993 -0.04234301
v -0.00772648 0.17282993 -0.03922410
v -0.02270637 0.17270285 -0.04635404
v -0.01948324 0.17270333 -0.04572364
v -0.01607263 0.17270333 -0.04480270
v -0.01660573 0.16238175 -0.05065863
v -0.01224645 0.16222498 -0.04942452
v -0.03663008 0.17270270 -0.04644293
v -0.03700222 0.17270276 -0.04640014
v -0.02893268 0.17270185 -0.04689419
v -0.08145268 0.14788117 0.02073722
v -0.08159180 0.14749880 0.02046157
v -0.08078240 0.14885955 0.02207485
v -0.08112186 0.14497177 0.02163893
v -0.07994873 0.14939202 0.02367629
v -0.07815574 0.14965022 0.02685511
v -0.07682247 0.14904046 0.02904625
v -0.07685358 0.14443563 0.02933396
v -0.07648037 0.14468172 0.02989936
v -0.07571708 0.14702033 0.03086337
v -0.07570016 0.14674872 0.03090989
v -0.07584101 0.14760944 0.03063505
v -0.06343275 0.16243219 0.04074034
v -0.06607577 0.14731187 0.04104589
v -0.05981082 0.16226079 0.04345594
v -0.05443124 0.17258805 0.04036112
v -0.07293636 0.16216116 0.03122045
v -0.04211652 0.06656465 0.03669335
v -0.03992280 0.06729996 0.03786288
v -0.03771710 0.06610703 0.03636505
v -0.04558356 0.06798566 0.03670880
v -0.04228960 0.06934469 0.03867231
v -0.04338542 0.06851806 0.03791356
v -0.03760935 0.06727387 0.03806635
v -0.03501885 0.06900205 0.03988391
v -0.03901195 0.16221049 0.05165590
v -0.02552285 0.16186941 0.05231814
v -0.02553611 0.16237313 0.05215824
v -0.02106483 0.16221040 0.05166879
v -0.06442152 0.14182037 0.04248422
v -0.05807175 0.14730804 0.04650612
v -0.05806967 0.14714530 0.04651336
v -0.06694202 0.13226692 0.03871116
v -0.06698348 0.13243601 0.03872503
v -0.06655897 0.13341483 0.03938431
v -0.07687662 0.14431770 0.02930594
v -0.07638352 0.14480560 0.03003866
v -0.07620556 0.14503318 0.03029463
v -0.07601507 0.14536165 0.03055695
v -0.07614219 0.14826782 0.03013809
v 0.00424350 0.14321657 0.04264105
v 0.00555647 0.13654925 0.04059776
v 0.00671174 0.13386168 0.03926875
v -0.01571808 0.17270330 0.04469141
v -0.02570539 0.17262526 0.04691749
v -0.03000465 0.17262468 0.04712112
v -0.00651957 0.15232740 0.04829162
v -0.01237932 0.16238922 0.04939536
v -0.00223128 0.15233438 0.04612705
v -0.00409428 0.16224751 0.04581234
v -0.00929412 0.17262599 0.04232911
v -0.01323633 0.17258936 0.04405716
v -0.00927888 0.17258880 0.04236072
v -0.00930274 0.17264223 0.04231125
v -0.01326315 0.17265773 0.04398592
v -0.01325571 0.17264317 0.04400569
v -0.01708131 0.07042438 0.03478534
v -0.01948004 0.06914600 0.03505987
v -0.06297567 0.05920137 0.00302599
v -0.06266223 0.05952755 0.00575462
v -0.06260863 0.05944406 0.00571794
v -0.06255127 0.05936355 0.00567911
v -0.06170530 0.05911884 0.00781188
v -0.06192373 0.05937893 0.00803826
v -0.06162756 0.05904336 0.00773825
v -0.06027126 0.06132284 0.01635230
v -0.05922832 0.06128782 0.01838745
v -0.05932897 0.06187169 0.01891360
v -0.06012745 0.06079314 0.01589088
v 0.02085988 0.16190575 -0.01646237
v 0.02138324 0.14804178 -0.02087609
v 0.02112186 0.14497177 -0.02163893
v 0.02251837 0.16197827 0.00977465
v 0.01400282 0.17268911 0.01671916
v 0.01546706 0.17262554 -0.01271034
v 0.01040190 0.17255101 0.02450279
v 0.01535826 0.16247866 0.02747191
v 0.01760317 0.16248852 0.02354405
v 0.01957265 0.15740268 0.02201190
v 0.01678726 0.16187529 0.02552572
v 0.02236508 0.16220032 -0.01063386
v 0.02114913 0.16220985 -0.01528070
v 0.02223521 0.16236238 -0.01088781
v 0.02387412 0.15600775 -0.00968402
v 0.02286255 0.16090079 -0.00968042
v 0.02239456 0.16191784 -0.01092268
v 0.01459343 0.17246804 -0.01578321
v 0.02101243 0.16250448 -0.01523777
v 0.02461023 0.15101922 -0.00968598
v 0.02165519 0.14619535 -0.02041368
v 0.02164078 0.14729345 -0.02036840
v 0.02169327 0.14690171 -0.02028000
v 0.02163361 0.14732350 -0.02038204
v -0.00403520 0.16224746 -0.04578010
v -0.00931455 0.17254682 -0.04240884
v -0.01222862 0.16205870 -0.04947639
v -0.00803151 0.16207044 -0.04782188
v -0.00192825 0.14730804 -0.04650612
v 0.00696488 0.16197070 -0.03793367
v 0.00689318 0.16228832 -0.03785666
v 0.00066889 0.16177896 -0.04303300
v 0.00351470 0.16211411 -0.04084471
v -0.04440605 0.15231647 -0.05148612
v -0.04334876 0.16188173 -0.05083817
v -0.03894396 0.16204208 -0.05172177
v -0.04333941 0.16204901 -0.05080087
v -0.04679758 0.16172504 -0.04986976
v -0.04335293 0.16171648 -0.05085566
v -0.04901902 0.15232138 -0.05008073
v -0.04767401 0.16189206 -0.04955155
v -0.04676892 0.17256871 -0.04407111
v -0.04599451 0.17245640 -0.04440304
v -0.04677349 0.17254712 -0.04408325
v -0.04916074 0.17245671 -0.04314524
v -0.04270119 0.17254682 -0.04541673
v -0.04766133 0.16205841 -0.04951435
v -0.04332623 0.16221635 -0.05074836
v -0.05656764 0.16176018 -0.04558852
v -0.05593281 0.16208370 -0.04586220
v 0.01411298 0.17262553 -0.01680147
v 0.01412981 0.17260905 -0.01680792
v 0.01414529 0.17259122 -0.01681384
v 0.00517412 0.17267588 -0.03132287
v 0.01037620 0.17259042 -0.02449461
v 0.00925114 0.17255032 -0.02630646
v 0.01036201 0.17260857 -0.02448597
v 0.01031241 0.17265414 -0.02445578
v 0.01032996 0.17264059 -0.02446646
v 0.00528379 0.17258994 -0.03137939
v 0.00670463 0.17250603 -0.02975143
v 0.00530459 0.17255054 -0.03139792
v 0.00798378 0.17260799 -0.02802763
v 0.00997399 0.16245608 -0.03459961
v 0.00525370 0.17258830 -0.03141181
v 0.00524262 0.17260693 -0.03139935
v 0.01027524 0.17267574 -0.02443315
v 0.01774797 0.16218835 -0.02357123
v 0.01545992 0.16232847 -0.02745480
v 0.01539504 0.16247854 -0.02741376
v 0.01040029 0.17255086 -0.02450927
v 0.01642083 0.14865084 -0.02969024
v 0.01614219 0.14826782 -0.03013809
v 0.01242734 0.17259091 -0.02075448
v -0.04580687 0.06491499 0.03380118
v -0.04590726 0.06543364 0.03460661
v -0.04588433 0.06531820 0.03445817
v -0.04729926 0.06461987 0.03310078
v -0.04418689 0.06616491 0.03584665
v -0.04696917 0.06527967 0.03412417
v -0.04677472 0.06566784 0.03462155
v -0.04596851 0.06573933 0.03497429
v -0.04885595 0.06501266 0.03301634
v -0.04657208 0.06608988 0.03509767
v -0.08163278 0.14606844 0.02047196
v -0.03447406 0.16203769 -0.05228083
v -0.03504395 0.17245413 -0.04693542
v -0.03893518 0.16221017 -0.05166887
v -0.02999534 0.17254397 -0.04718410
v -0.02815845 0.17245260 -0.04717780
v -0.02544264 0.16237287 -0.05215051
v -0.02572817 0.17254461 -0.04698290
v 0.02277040 0.15742280 0.01330798
v 0.02185574 0.16191459 0.01311699
v 0.02114334 0.16221033 0.01528550
v 0.02136778 0.15741359 0.01774287
v 0.02437115 0.15263592 0.00987593
v 0.02215942 0.15240133 0.01789190
v 0.00335629 0.14448656 -0.04336942
v 0.00349807 0.14283936 -0.04319973
v 0.01584101 0.14760944 -0.03063505
v 0.01596512 0.14793307 -0.03042686
v 0.01597629 0.14795420 -0.03040864
v 0.01685358 0.14443563 -0.02933396
v 0.01957981 0.14386806 -0.02472833
v 0.01842825 0.14965780 -0.02638351
v 0.01815574 0.14965022 -0.02685511
v -0.00411999 0.17269926 -0.03920374
v -0.00714221 0.17282993 -0.03888651
v -0.00568810 0.17269994 -0.04016180
v -0.00560765 0.17265540 -0.04029602
v -0.00935958 0.17265670 -0.04231519
v -0.05183849 0.16239803 -0.04774042
v -0.03849330 0.17270300 -0.04611318
v -0.04428193 0.17270330 -0.04469141
v -0.06684249 0.16228810 -0.03790417
v -0.07648268 0.17255299 -0.00850886
v -0.07633924 0.17267583 -0.00848299
v -0.06131153 0.17272826 -0.03445866
v -0.06506106 0.17269816 -0.03128782
v -0.06128860 0.17269859 -0.03505199
v -0.06127965 0.17269804 -0.03507052
v -0.06130141 0.17269996 -0.03501420
v -0.06129302 0.17269886 -0.03504283
v -0.06138429 0.17276703 -0.03363959
v -0.07546517 0.17262593 -0.01268370
v -0.07404467 0.17267533 -0.01673514
v -0.05793756 0.17269148 -0.03783943
v -0.05619228 0.17269213 -0.03905602
v -0.05590349 0.17269912 -0.03919074
v -0.07245521 0.17257208 -0.02072257
v -0.07233598 0.17267568 -0.02066414
v -0.07027680 0.17267588 -0.02442675
v -0.07031398 0.17265427 -0.02444935
v -0.06789420 0.17267589 -0.02797644
v -0.07034814 0.17262550 -0.02447011
v -0.06785765 0.17269006 -0.02794942
v -0.06778736 0.17269674 -0.02789558
v -0.06130514 0.17269091 -0.03511456
v -0.06530456 0.17255054 -0.03139791
v -0.06798960 0.17258969 -0.02804695
v -0.06794596 0.17264037 -0.02801469
v -0.07033154 0.17264073 -0.02446002
v -0.05818230 0.06180751 0.02082562
v -0.05763506 0.06056535 0.01928836
v -0.05788846 0.06064343 0.01923339
v -0.05881775 0.06039050 0.01743932
v -0.05936764 0.06218743 0.01914232
v -0.08249889 0.16183814 0.01051910
v -0.08247297 0.16198595 0.01044853
v -0.08273748 0.16128743 0.00995934
v -0.08108136 0.16235913 -0.01526617
v -0.08228590 0.16221824 -0.01089527
v -0.08285229 0.16090508 -0.00955118
v -0.03106732 0.17270185 0.04689419
v -0.02148334 0.17268091 0.04623734
v -0.02299778 0.17270276 0.04640014
v -0.04261847 0.17269640 0.04523616
v -0.03848205 0.17262627 0.04633160
v -0.03847841 0.17264281 0.04631199
v -0.04670750 0.17268091 0.04394890
v -0.05064955 0.17264226 0.04233418
v -0.05440312 0.17264108 0.04031405
v -0.04265422 0.17262694 0.04536444
v -0.03000465 0.17256582 0.04717119
v -0.03000465 0.17258672 0.04715631
v -0.03426922 0.17258734 0.04695522
v -0.03000465 0.17260642 0.04713957
v -0.04675014 0.17258936 0.04406226
v -0.03426208 0.17265655 0.04687918
v 0.01587461 0.17268823 -0.01060820
v 0.01689077 0.17268811 -0.00429692
v 0.01693673 0.17269458 -0.00244481
v 0.01724684 0.17259328 0.00000000
v 0.01721333 0.17262591 0.00000000
v 0.01727487 0.17255582 0.00000000
v 0.01727596 0.17255376 0.00000000
v 0.01713324 0.17267370 0.00000000
v 0.01697769 0.17265362 -0.00430488
v 0.00862399 0.17269668 0.02680242
v 0.01563266 0.17269565 0.01136744
v 0.01247116 0.17269608 0.02008078
v -0.00194765 0.17254619 0.03799631
v 0.00139791 0.17254907 0.03529652
v 0.00042645 0.17245826 0.03617860
v 0.00335703 0.16243194 0.04080038
v 0.00679160 0.16244408 0.03784945
v 0.01547620 0.16217528 0.02754675
v 0.01290452 0.16216098 0.03126254
v 0.01542313 0.16232850 0.02751306
v 0.01004065 0.16214573 0.03472922
v -0.07643856 0.17260979 -0.00850091
v -0.07696318 0.17265451 -0.00425200
v -0.07693503 0.17267451 0.00430097
v -0.07705133 0.17259201 0.00431162
v -0.06130293 0.17270032 0.03500601
v -0.06499125 0.17270097 0.03130548
v -0.06507992 0.17269754 0.03127970
v -0.06363959 0.17276703 0.03138429
v -0.06133014 0.17276093 0.03380908
v -0.06136436 0.17276578 0.03368274
v -0.06148033 0.17277107 0.03347062
v -0.05434557 0.17269301 0.04021776
v -0.05791959 0.17269155 0.03785071
v -0.05794689 0.17267692 0.03788808
v -0.08216298 0.16250946 0.01087202
v -0.07568229 0.17246890 0.01229915
v -0.07962696 0.16220008 0.01950243
v -0.00681733 0.17270042 -0.04082432
v -0.02514761 0.17245337 -0.04695629
v -0.01275272 0.17270271 -0.04364167
v -0.01446206 0.17245634 -0.04456358
v -0.02573077 0.17258734 -0.04695522
v -0.02999535 0.17258672 -0.04715631
v -0.02574655 0.17269517 -0.04678720
v -0.02999537 0.17269467 -0.04698749
v -0.02573792 0.17265655 -0.04687918
v -0.02999536 0.17266878 -0.04705767
v -0.02573999 0.17266932 -0.04685703
v -0.02999555 0.17270173 -0.04693593
v -0.05066863 0.17267971 -0.04225188
v -0.05441916 0.17267814 -0.04022924
v -0.05064835 0.17269459 -0.04220983
v -0.08164078 0.14729345 0.02036840
v -0.08076181 0.14887479 0.02211461
v -0.07929814 0.14963989 0.02486603
v -0.07723066 0.14929758 0.02838503
v -0.07642083 0.14865084 0.02969024
v -0.07570781 0.14648184 0.03092031
v -0.07596512 0.14793307 0.03042686
v -0.07576191 0.14730658 0.03077497
v -0.06016893 0.17245822 0.03639187
v -0.06139787 0.17254907 0.03529638
v -0.06524262 0.17260693 0.03139936
v -0.06347835 0.16227454 0.04079840
v -0.05596476 0.16224770 0.04578002
v -0.05443890 0.17256770 0.04037393
v -0.04209400 0.06596805 0.03585036
v -0.03995781 0.06631273 0.03657115
v -0.04210349 0.06624826 0.03627631
v -0.03766521 0.06662689 0.03719693
v -0.04539642 0.06708261 0.03630668
v -0.04435091 0.06731819 0.03685631
v -0.04531609 0.06666930 0.03603645
v -0.04332874 0.06801231 0.03766444
v -0.04224731 0.06877722 0.03845010
v -0.04221111 0.06824744 0.03816995
v -0.03993338 0.06693060 0.03743487
v -0.03990197 0.06870991 0.03905932
v -0.04218039 0.06776028 0.03784387
v -0.03990648 0.06818510 0.03868565
v -0.03752150 0.06860032 0.03937624
v -0.03991365 0.06771650 0.03828279
v -0.03902081 0.16204233 0.05170883
v -0.03456322 0.16220653 0.05221974
v -0.06180849 0.14551140 0.04438022
v -0.06149376 0.14503360 0.04460068
v -0.06272355 0.14424308 0.04380609
v -0.06124504 0.14449985 0.04471612
v -0.06712079 0.13336255 0.03885464
v -0.07641845 0.14487518 0.02998053
v 0.00123989 0.17269740 0.03511810
v -0.00128640 0.17269805 0.03720031
v -0.01735159 0.17269640 0.04522780
v -0.02570366 0.17260703 0.04693585
v -0.02570927 0.17265657 0.04687649
v -0.00406721 0.16208385 0.04586216
v -0.01083930 0.17245671 0.04314525
v -0.01327901 0.17268091 0.04394382
v -0.01329552 0.17269589 0.04389998
v -0.00931189 0.17265669 0.04229227
v -0.00555790 0.17265531 0.04026756
v -0.00933137 0.17267971 0.04225188
v -0.00553695 0.17262486 0.04030256
v -0.00558084 0.17267814 0.04022924
v -0.00465078 0.17269936 0.03954730
v -0.00409650 0.17269912 0.03919074
v -0.00212502 0.17269838 0.03779431
v -0.00206244 0.17269148 0.03783943
v -0.00380772 0.17269213 0.03905602
v -0.00198483 0.17262405 0.03794546
v -0.06271173 0.05961396 0.00578887
v -0.06208701 0.05963314 0.00827226
v -0.06178070 0.05920024 0.00788680
v -0.06249050 0.05928611 0.00563840
v -0.06032925 0.06161016 0.01655345
v -0.06097723 0.06055263 0.01354850
v -0.06020385 0.06104976 0.01612954
v -0.05916562 0.06102473 0.01810292
v 0.02112498 0.14495580 -0.02163166
v 0.02213687 0.16252694 0.01086339
v 0.02228135 0.16223320 0.01089430
v 0.02228689 0.16235039 0.01057793
v 0.01551475 0.17257261 -0.01272374
v 0.01548439 0.17260918 -0.01271521
v 0.01646763 0.17259175 -0.00855173
v 0.00843883 0.17246331 0.02753585
v 0.02274317 0.16127127 -0.00994903
v 0.02279120 0.16110276 -0.00989740
v 0.02283036 0.16094550 -0.00987723
v 0.02229927 0.16223194 -0.01090181
v 0.02190864 0.16191408 -0.01295637
v 0.02230380 0.16221698 -0.01090281
v 0.02247297 0.16198595 -0.01044853
v 0.02167255 0.14710495 -0.02031157
v -0.00015741 0.16209862 -0.04350421
v -0.00018913 0.16226056 -0.04345601
v -0.00932018 0.17256829 -0.04239712
v -0.00932665 0.17258880 -0.04238368
v -0.01221585 0.16189235 -0.04951358
v -0.00805399 0.16223545 -0.04777091
v -0.00400809 0.16208391 -0.04582986
v -0.00562782 0.16175108 -0.04675795
v 0.00088898 0.16178007 -0.04287013
v -0.04269771 0.17256853 -0.04540427
v -0.04269370 0.17258929 -0.04538992
v -0.05595258 0.16191980 -0.04589866
v -0.05073323 0.17254682 -0.04238587
v 0.01415927 0.17257224 -0.01681920
v 0.01038899 0.17257111 -0.02450240
v 0.01034655 0.17262535 -0.02447656
v 0.00525854 0.17262436 -0.03135690
v 0.01282655 0.16246767 -0.03113695
v 0.00139641 0.17258760 -0.03526133
v 0.00512748 0.17269690 -0.03124016
v 0.01551300 0.16217534 -0.02748840
v 0.01588622 0.14565910 -0.03072511
v -0.04585529 0.06517205 0.03427026
v -0.04593966 0.06559674 0.03481633
v -0.08165519 0.14619535 0.02041368
v -0.03447715 0.16186933 -0.05231816
v -0.02999534 0.17256582 -0.04717119
v 0.02281954 0.16089776 0.00986835
v 0.02398938 0.14732720 0.01356287
v 0.02358254 0.15240823 0.01343154
v 0.00384810 0.14332345 -0.04301669
v 0.01576191 0.14730658 -0.03077497
v 0.01593574 0.14785646 -0.03047615
v 0.01687662 0.14431770 -0.02930594
v 0.01683152 0.14435913 -0.02937348
v 0.01777116 0.14387585 -0.02788096
v 0.01823718 0.14373571 -0.02711416
v 0.01848458 0.14371662 -0.02668864
v 0.01777985 0.14392607 -0.02786919
v 0.01958097 0.14383726 -0.02472497
v 0.00247119 0.17277174 -0.03247121
v 0.00337997 0.17277174 -0.03156243
v 0.00250306 0.17276858 -0.03250308
v -0.00743371 0.17282993 -0.03905640
v -0.00620657 0.17270017 -0.04047856
v 0.00123988 0.17269741 -0.03511794
v -0.00137515 0.17269818 -0.03726623
v -0.00212186 0.17269848 -0.03779331
v -0.00563057 0.17267825 -0.04025767
v -0.00559688 0.17264108 -0.04031405
v -0.00935045 0.17264226 -0.04233418
v -0.05186723 0.16223523 -0.04780581
v -0.04758057 0.17270263 -0.04350996
v -0.05046497 0.17282993 -0.04019732
v -0.05448871 0.17256761 -0.04034544
v -0.05227975 0.17245705 -0.04164086
v -0.05448105 0.17258796 -0.04033263
v -0.05446305 0.17262486 -0.04030256
v -0.05801517 0.17262405 -0.03794546
v -0.05447247 0.17260712 -0.04031829
v -0.05070588 0.17262599 -0.04232911
v -0.05069726 0.17264223 -0.04231125
v -0.05799117 0.17265421 -0.03791266
v -0.05803583 0.17258750 -0.03797371
v -0.06135703 0.17262387 -0.03525034
v -0.06138596 0.17262375 -0.03522219
v -0.06137133 0.17263961 -0.03520903
v -0.05439527 0.17269291 -0.04018935
v -0.07646962 0.17257294 -0.00850651
v -0.07538545 0.17267525 -0.01266156
v -0.06337997 0.17277174 -0.03156243
v -0.07548252 0.17260949 -0.01268852
v -0.07408498 0.17265411 -0.01675054
v -0.05787498 0.17269838 -0.03779431
v -0.07229559 0.17268959 -0.02064435
v -0.07237489 0.17265429 -0.02068320
v -0.06528941 0.17254807 -0.03141619
v -0.06528376 0.17258994 -0.03137938
v -0.06525852 0.17262438 -0.03135689
v -0.06516308 0.17268968 -0.03127189
v -0.06519739 0.17267489 -0.03130244
v -0.06796163 0.17262498 -0.02802628
v -0.06522947 0.17265293 -0.03133102
v -0.06792937 0.17265406 -0.02800243
v -0.05814455 0.06152061 0.02050721
v -0.05697695 0.06204243 0.02284434
v -0.05774627 0.06063468 0.01936451
v -0.05907797 0.06051674 0.01730994
v -0.08240567 0.16191676 0.01087270
v -0.08114339 0.16221020 -0.01528552
v -0.08234662 0.16220112 -0.01062396
v -0.08283972 0.16090226 -0.00967296
v -0.08258743 0.16173987 -0.01004581
v -0.08268944 0.16137365 -0.00998839
v -0.03000445 0.17270173 0.04693593
v -0.02150670 0.17270300 0.04611318
v -0.02336992 0.17270270 0.04644293
v -0.04263109 0.17268135 0.04528142
v -0.05065815 0.17262600 0.04235205
v -0.05064042 0.17265670 0.04231519
v -0.05439235 0.17265540 0.04029602
v -0.04264888 0.17264339 0.04534526
v -0.04673778 0.17262681 0.04402938
v -0.03427062 0.17256646 0.04697004
v -0.03426766 0.17260702 0.04693855
v -0.03848541 0.17260809 0.04634972
v -0.04675539 0.17256871 0.04407621
v -0.04265917 0.17260882 0.04538218
v -0.03425786 0.17268004 0.04683414
v 0.01708860 0.17268771 0.00000000
v 0.01705134 0.17259201 -0.00431162
v 0.00785765 0.17269006 0.02794942
v 0.00789420 0.17267589 0.02797644
v 0.00392372 0.17282993 0.02972912
v 0.01717515 0.17265294 0.00000000
v 0.01692027 0.17267568 0.00424792
v 0.01696318 0.17265451 0.00425200
v 0.01722052 0.17255357 0.00213330
v 0.01246710 0.17255199 0.02072840
v 0.01948697 0.16249728 0.01946857
v 0.01955899 0.16235027 0.01949836
v 0.01961850 0.16220003 0.01952299
v 0.01767189 0.16234003 0.02357972
v 0.00993959 0.16245623 0.03463767
v 0.00613573 0.17246158 0.03049317
v 0.00530456 0.17255054 0.03139791
v 0.00528940 0.17254807 0.03141619
v -0.07700267 0.17262632 -0.00425576
v -0.07635264 0.17267451 0.00853051
v -0.07706625 0.17257330 0.00431299
v -0.07648236 0.17257299 0.00855445
v -0.07646763 0.17259175 0.00855173
v -0.07548439 0.17260918 0.01271521
v -0.07643369 0.17262563 0.00854547
v -0.06506134 0.17269810 0.03128862
v -0.06141745 0.17276920 0.03356616
v -0.05436943 0.17267825 0.04025767
v -0.05615472 0.17269225 0.03907888
v -0.05797313 0.17265429 0.03792399
v -0.07649545 0.17255327 0.00855687
v -0.02154229 0.17269602 -0.04620042
v -0.01333149 0.17270283 -0.04384408
v -0.01327666 0.17265773 -0.04399100
v -0.01326922 0.17264318 -0.04401078
v -0.01329250 0.17268091 -0.04394890
v -0.01324461 0.17256871 -0.04407621
v -0.01325575 0.17260881 -0.04404660
v -0.00933389 0.17260812 -0.04236861
v -0.01732886 0.17254682 -0.04542512
v -0.02151459 0.17260809 -0.04634972
v -0.02573234 0.17260702 -0.04693855
v -0.02573407 0.17262526 -0.04692018
v -0.02572938 0.17256646 -0.04697004
v -0.03428204 0.17269519 -0.04678451
v -0.03429792 0.17258735 -0.04695252
v -0.02999535 0.17262468 -0.04712112
v -0.02999536 0.17267950 -0.04703466
v -0.08167254 0.14710495 0.02031157
v -0.08075741 0.14884579 0.02212545
v -0.07597630 0.14795420 0.03040864
v -0.07593574 0.14785646 0.03047615
v -0.07573975 0.14716505 0.03081868
v -0.06141621 0.17254665 0.03528120
v -0.06135699 0.17262387 0.03525021
v -0.06124756 0.17269742 0.03511082
v -0.06127175 0.17269009 0.03515394
v -0.06130243 0.17267510 0.03518858
v -0.06133109 0.17265284 0.03522095
v -0.06521743 0.17263980 0.03137114
v -0.06297629 0.14473817 0.04361759
v 0.00141496 0.17276908 0.03357067
v 0.00235873 0.17282993 0.03142535
v 0.00138429 0.17276703 0.03363959
v 0.00131716 0.17275454 0.03394549
v 0.00356616 0.17276920 0.03141744
v 0.00127178 0.17269009 0.03515409
v 0.00126276 0.17269757 0.03509452
v -0.01730229 0.17256853 0.04540427
v -0.01732682 0.17265803 0.04531649
v -0.02570208 0.17258735 0.04695252
v -0.02570727 0.17264183 0.04689762
v -0.02146750 0.17262629 0.04632221
v -0.02571136 0.17266932 0.04685434
v -0.02146104 0.17258848 0.04635679
v -0.02146411 0.17260811 0.04634033
v -0.00477280 0.14845848 0.04785649
v -0.00617568 0.14877029 0.04851189
v -0.00795069 0.14846924 0.04928397
v -0.00816157 0.16239832 0.04774028
v -0.01241943 0.17270263 0.04350996
v -0.00935165 0.17269459 0.04220983
v -0.00554711 0.17264098 0.04028558
v -0.06207978 0.05948522 0.00783145
v 0.02108127 0.16235934 0.01526615
v 0.02100643 0.16250506 0.01524283
v 0.02234662 0.16220112 0.01062396
v 0.02241331 0.16213351 0.01036549
v 0.01550033 0.17259148 -0.01271969
v 0.02243404 0.16190483 -0.01075368
v 0.02248041 0.16186224 -0.01058107
v -0.01151860 0.16173013 -0.04927514
v -0.00801526 0.16190524 -0.04785880
v -0.05072112 0.17258880 -0.04236072
v -0.05587130 0.16240849 -0.04574902
v 0.00796918 0.17262495 -0.02801684
v 0.00521743 0.17263980 -0.03137114
v 0.00520357 0.17265370 -0.03135567
v 0.00522950 0.17265293 -0.03133103
v 0.01297450 0.16200505 -0.03124948
v 0.01002991 0.16230235 -0.03465015
v 0.00766414 0.17246272 -0.02858607
v 0.00523049 0.17262416 -0.03138575
v 0.01620556 0.14503318 -0.03029463
v 0.01641846 0.14487518 -0.02998053
v 0.01648038 0.14468172 -0.02989936
v -0.04414691 0.06585418 0.03545445
v -0.03537645 0.16170385 -0.05225827
v 0.02255824 0.14732455 0.01805243
v 0.01576497 0.14731827 -0.03076957
v 0.01571708 0.14702033 -0.03086337
v 0.00498126 0.17270148 -0.03130580
v 0.00394548 0.17275454 -0.03131716
v -0.00208041 0.17269155 -0.03785071
v -0.00565442 0.17269301 -0.04021776
v -0.00558673 0.17262496 -0.04033103
v -0.05188962 0.16207018 -0.04785680
v -0.03850802 0.17269604 -0.04619106
v -0.05089981 0.17270142 -0.04203581
v -0.05129286 0.17270124 -0.04182420
v -0.04673685 0.17265773 -0.04398591
v -0.05068811 0.17265669 -0.04229227
v -0.04264840 0.17269640 -0.04522780
v -0.04266105 0.17268135 -0.04527305
v -0.05444210 0.17265531 -0.04026756
v -0.05800352 0.17264003 -0.03792954
v -0.05802597 0.17260648 -0.03796023
v -0.05804464 0.17256732 -0.03798576
v -0.06133112 0.17265283 -0.03522109
v -0.06135582 0.17265369 -0.03519506
v -0.05534922 0.17269936 -0.03954730
v -0.07560462 0.17269564 -0.01148029
v -0.06498123 0.17270146 -0.03130580
v -0.06347062 0.17277107 -0.03148033
v -0.07549848 0.17259172 -0.01269296
v -0.07412206 0.17262585 -0.01676470
v -0.07241064 0.17262580 -0.02070073
v -0.06528446 0.17258862 -0.03138001
v -0.06524280 0.17260693 -0.03139918
v -0.06526955 0.17258853 -0.03139628
v -0.06512745 0.17269690 -0.03124016
v -0.06517424 0.17267588 -0.03132274
v -0.06521758 0.17263980 -0.03137098
v -0.05809752 0.06125797 0.02018168
v -0.08238857 0.16191800 -0.01086087
v -0.08253189 0.16175622 -0.01034644
v -0.08258536 0.16164719 -0.01020301
v -0.08248075 0.16183850 -0.01050592
v -0.08263802 0.16151902 -0.01008344
v -0.02149198 0.17269604 0.04619106
v -0.02571796 0.17269519 0.04678451
v -0.03426594 0.17262526 0.04692018
v -0.04266366 0.17258927 0.04539831
v -0.03426000 0.17266932 0.04685703
v 0.01708662 0.17268801 0.00000000
v 0.01706625 0.17257330 -0.00431299
v 0.00519738 0.17267489 0.03130244
v 0.00792937 0.17265406 0.02800243
v 0.00800164 0.17257018 0.02805585
v 0.00801225 0.17254972 0.02806369
v 0.00798960 0.17258969 0.02804695
v 0.01027680 0.17267588 0.02442675
v 0.00535468 0.17269689 0.03098314
v 0.01717383 0.17265360 0.00000000
v 0.02228875 0.16241917 0.01020676
v 0.01633924 0.17267583 0.00848299
v 0.01230506 0.17246626 0.02113435
v -0.00195536 0.17256732 0.03798576
v -0.00196417 0.17258750 0.03797371
v -0.00552753 0.17260712 0.04031829
v -0.00197403 0.17260648 0.03796023
v 0.01772840 0.16218838 0.02360909
v 0.00143296 0.17254643 0.03526418
v 0.00142316 0.17256743 0.03525548
v 0.01279468 0.16246782 0.03117886
v 0.00999549 0.16230240 0.03468829
v -0.07702051 0.17260917 -0.00424528
v -0.07546706 0.17262554 0.01271034
v -0.07550032 0.17259148 0.01271969
v -0.07645136 0.17260936 0.00854873
v -0.05798547 0.17264010 0.03794088
v -0.01330900 0.17269589 -0.04390505
v -0.01777821 0.17245567 -0.04558081
v -0.01738153 0.17269640 -0.04523616
v -0.01326222 0.17262681 -0.04402938
v -0.01324986 0.17258936 -0.04406226
v -0.02151153 0.17258847 -0.04636618
v -0.02151795 0.17262627 -0.04633160
v -0.02573593 0.17264183 -0.04690032
v -0.03429933 0.17256646 -0.04696734
v -0.02999535 0.17264126 -0.04710115
v -0.02999535 0.17260642 -0.04713957
v -0.03429461 0.17262526 -0.04691749
v -0.03428648 0.17268004 -0.04683144
v -0.02574214 0.17268004 -0.04683414
v -0.08167320 0.14709853 0.02031057
v -0.06527233 0.17254776 0.03143286
v -0.06139641 0.17258760 0.03526133
v -0.06128851 0.17269860 0.03505190
v -0.06123988 0.17269741 0.03511794
v -0.06130488 0.17269091 0.03511475
v -0.06135566 0.17265370 0.03519508
v -0.06132277 0.17267615 0.03516534
v -0.06523049 0.17262416 0.03138575
v 0.00132836 0.17276050 0.03381924
v 0.00130558 0.17270145 0.03498198
v 0.00368274 0.17276578 0.03136436
v 0.00380908 0.17276093 0.03133015
v 0.00295574 0.17277174 0.03200514
v 0.00498123 0.17270148 0.03130580
v 0.00394548 0.17275454 0.03131716
v 0.00510317 0.17269710 0.03126308
v 0.00512745 0.17269690 0.03124016
v 0.00507662 0.17269766 0.03128078
v 0.00504722 0.17269859 0.03129407
v 0.00135703 0.17262387 0.03525034
v 0.00130245 0.17267510 0.03518872
v -0.00200883 0.17265421 0.03791266
v 0.00133112 0.17265283 0.03522109
v 0.00520372 0.17265370 0.03135552
v 0.00130514 0.17269091 0.03511456
v -0.01733895 0.17268135 0.04527305
v -0.01732112 0.17264339 0.04533688
v -0.02147505 0.17265750 0.04628176
v -0.00926677 0.17254682 0.04238587
v -0.00813280 0.16223547 0.04780573
v -0.00937612 0.17270152 0.04215836
v -0.00910019 0.17270142 0.04203581
v -0.00870715 0.17270124 0.04182420
v -0.00560474 0.17269291 0.04018935
v -0.00203510 0.17267685 0.03787677
v 0.02258400 0.16169301 -0.01026703
v 0.02253052 0.16179171 -0.01041805
v 0.02249915 0.16183586 -0.01052011
v -0.05072759 0.17256828 -0.04237416
v -0.05071386 0.17260811 -0.04234566
v -0.05590577 0.16224727 -0.04581242
v 0.00524350 0.17263916 -0.03134350
v 0.01288714 0.16231582 -0.03118300
v 0.00800765 0.17256957 -0.02804527
v 0.01601507 0.14536165 -0.03055695
v 0.01638352 0.14480560 -0.03003866
v 0.02245345 0.16198689 0.01043980
v 0.02272386 0.16136280 0.00977636
v 0.00381924 0.17276050 -0.03132836
v 0.00369097 0.17276549 -0.03136143
v 0.00130590 0.17270197 -0.03497166
v 0.00131716 0.17275454 -0.03394549
v 0.00509673 0.17269722 -0.03126792
v 0.00510390 0.17269707 -0.03126290
v 0.00130488 0.17269091 -0.03511475
v 0.00512367 0.17269048 -0.03130516
v 0.00135566 0.17265370 -0.03519508
v -0.00199210 0.17260656 -0.03797159
v -0.00200289 0.17262414 -0.03795681
v -0.00205311 0.17267692 -0.03788808
v -0.00934185 0.17262600 -0.04235205
v -0.00556876 0.17258805 -0.04036112
v -0.03851666 0.17268091 -0.04623734
v -0.03853896 0.17258848 -0.04635679
v -0.03853589 0.17260811 -0.04634033
v -0.05062388 0.17270152 -0.04215836
v -0.04670448 0.17269589 -0.04389998
v -0.04267888 0.17264339 -0.04533688
v -0.04267319 0.17265803 -0.04531649
v -0.03852495 0.17265750 -0.04628176
v -0.04268920 0.17260884 -0.04537380
v -0.03853250 0.17262629 -0.04632221
v -0.05445289 0.17264098 -0.04028558
v -0.06134361 0.17263888 -0.03523519
v -0.05406004 0.17269997 -0.04033438
v -0.06394549 0.17275454 -0.03131716
v -0.06502223 0.17269957 -0.03130076
v -0.06356616 0.17276920 -0.03141744
v -0.06368274 0.17276578 -0.03136436
v -0.06523065 0.17262416 -0.03138559
v -0.06510317 0.17269710 -0.03126308
v -0.06520372 0.17265370 -0.03135552
v -0.08243164 0.16189417 -0.01068205
v -0.08245344 0.16198689 -0.01043980
v -0.08278161 0.16105649 -0.00988077
v -0.08273742 0.16121867 -0.00992104
v -0.08271591 0.16128817 -0.00995124
v 0.00526955 0.17258853 0.03139628
v 0.00141201 0.17258747 0.03524553
v 0.00516308 0.17268968 0.03127189
v 0.00797623 0.17260802 0.02803707
v 0.01036361 0.17260872 0.02447951
v 0.00796163 0.17262498 0.02802628
v 0.01037780 0.17259057 0.02448814
v 0.00524132 0.17269689 0.03111183
v 0.02235851 0.16227825 0.01028758
v 0.01706523 0.17255324 0.00426173
v 0.01538545 0.17267525 0.01266156
v 0.01542697 0.17265409 0.01267309
v 0.01605239 0.17255296 0.01061749
v 0.01648268 0.17255299 0.00850886
v 0.01638174 0.17265458 0.00849066
v 0.01642082 0.17262629 0.00849771
v 0.01546517 0.17262593 0.01268370
v 0.01490178 0.17255282 0.01475750
v 0.01229559 0.17268959 0.02064435
v 0.01033154 0.17264073 0.02446002
v 0.01237488 0.17265429 0.02068320
v 0.01031399 0.17265427 0.02444935
v 0.01241064 0.17262580 0.02070073
v 0.01404467 0.17267533 0.01673514
v 0.01382510 0.17246744 0.01778431
v -0.00551895 0.17258796 0.04033263
v 0.01973024 0.16189688 0.01948488
v 0.01285526 0.16231589 0.03122500
v -0.07551475 0.17257261 0.01272374
v -0.02150881 0.17256762 -0.04638082
v -0.02152159 0.17264281 -0.04631199
v -0.02999535 0.17265600 -0.04707992
v -0.03429073 0.17265657 -0.04687649
v -0.03429634 0.17260703 -0.04693585
v -0.03429273 0.17264183 -0.04689762
v -0.03428864 0.17266932 -0.04685434
v -0.08169327 0.14690171 0.02028000
v -0.06525370 0.17258830 0.03141181
v -0.06139938 0.17260632 0.03523446
v -0.06137945 0.17258899 0.03527557
v -0.06126839 0.17269769 0.03508719
v -0.06127028 0.17269044 0.03515227
v -0.06520357 0.17265370 0.03135567
v -0.06137116 0.17263961 0.03520907
v -0.06130077 0.17267592 0.03518671
v 0.00136143 0.17276549 0.03369097
v 0.00156243 0.17277174 0.03337997
v 0.00337997 0.17277174 0.03156243
v 0.00506106 0.17269816 0.03128782
v 0.00502223 0.17269957 0.03130076
v 0.00130141 0.17269996 0.03501420
v -0.00199648 0.17264003 0.03792954
v 0.00139957 0.17260632 0.03523440
v 0.00524280 0.17260693 0.03139918
v 0.00137949 0.17258897 0.03527571
v 0.00132291 0.17267615 0.03516534
v 0.00135582 0.17265369 0.03519506
v 0.00137133 0.17263961 0.03520903
v -0.01731576 0.17262694 0.04535606
v -0.02147116 0.17264281 0.04630261
v -0.00927241 0.17256828 0.04237416
v -0.00811040 0.16207035 0.04785676
v 0.00795351 0.17264034 -0.02800525
v 0.01293641 0.16216101 -0.03122048
v 0.00799716 0.17258966 -0.02803751
v 0.01598792 0.14542432 -0.03059239
v 0.02258743 0.16173987 0.01004581
v 0.02267391 0.16141964 0.01001483
v 0.02237682 0.16191922 0.01091475
v 0.00346495 0.17277114 -0.03148475
v 0.00357067 0.17276908 -0.03141496
v 0.00133014 0.17276093 -0.03380908
v 0.00136436 0.17276578 -0.03368274
v 0.00148033 0.17277107 -0.03347062
v 0.00499125 0.17270097 -0.03130548
v 0.00507992 0.17269754 -0.03127970
v 0.00506134 0.17269810 -0.03128862
v 0.00502362 0.17269947 -0.03130133
v 0.00130293 0.17270032 -0.03500601
v 0.00137115 0.17263961 -0.03520906
v -0.00198225 0.17258757 -0.03798507
v -0.00384527 0.17269225 -0.03907888
v -0.00202687 0.17265429 -0.03792399
v -0.00201453 0.17264010 -0.03794088
v 0.00130243 0.17267510 -0.03518858
v -0.00557733 0.17260721 -0.04034678
v -0.00556110 0.17256770 -0.04037393
v -0.03854169 0.17256764 -0.04637142
v -0.04672099 0.17268091 -0.04394382
v -0.04675129 0.17262681 -0.04402429
v -0.03852884 0.17264281 -0.04630261
v -0.04268424 0.17262694 -0.04535606
v -0.06504722 0.17269859 -0.03129407
v -0.06501570 0.17269982 -0.03130250
v -0.06380908 0.17276093 -0.03133015
v -0.06507662 0.17269766 -0.03128078
v -0.06512398 0.17269048 -0.03130490
v 0.00528376 0.17258994 0.03137938
v 0.00794596 0.17264037 0.02801469
v 0.00512398 0.17269048 0.03130490
v 0.01039059 0.17257126 0.02449592
v 0.01700267 0.17262632 0.00425576
v 0.02221329 0.16249608 0.01052909
v 0.01671084 0.17246974 0.00736396
v 0.01552572 0.17255291 0.01270052
v 0.01551292 0.17257279 0.01269697
v 0.01548253 0.17260949 0.01268852
v 0.01233598 0.17267568 0.02066414
v 0.01034813 0.17262550 0.02447011
v 0.01244176 0.17259121 0.02071598
v 0.01408498 0.17265411 0.01675054
v 0.01418078 0.17255265 0.01678713
v 0.01416837 0.17257257 0.01678239
v -0.00551129 0.17256761 0.04034544
v -0.02150645 0.17254585 -0.04639353
v -0.02152546 0.17265750 -0.04629114
v -0.01734578 0.17262694 -0.04536444
v -0.06138578 0.17262377 0.03522224
v -0.06128394 0.17269824 0.03506269
v 0.00148475 0.17277114 0.03346495
v 0.00247732 0.17277174 0.03247721
v 0.00347062 0.17277107 0.03148033
v 0.00128860 0.17269859 0.03505199
v 0.00134361 0.17263888 0.03523519
v 0.00521758 0.17263980 0.03137098
v 0.00136866 0.17260580 0.03526348
v 0.00517424 0.17267588 0.03132274
v -0.01731081 0.17260884 0.04537380
v 0.02256706 0.16168691 0.01024961
v 0.02281052 0.16093744 0.00986911
v 0.02277161 0.16109495 0.00988790
v 0.02272462 0.16126195 0.00993687
v 0.00363959 0.17276703 -0.03138429
v 0.00141745 0.17276920 -0.03356616
v 0.00129616 0.17269918 -0.03503378
v 0.00138578 0.17262377 -0.03522224
v 0.00133109 0.17265284 -0.03522095
v 0.00127175 0.17269009 -0.03515394
v -0.04674429 0.17264317 -0.04400568
v -0.04675778 0.17260881 -0.04404151
v 0.00528446 0.17258862 0.03138001
v 0.00522947 0.17265293 0.03133102
v 0.00524348 0.17263916 0.03134350
v 0.01705200 0.17257313 0.00426047
v 0.01645488 0.17259194 0.00850385
v 0.01646962 0.17257294 0.00850651
v 0.01643856 0.17260979 0.00850091
v 0.01549849 0.17259172 0.01269296
v 0.01242686 0.17260918 0.02070867
v 0.01245520 0.17257208 0.02072257
v 0.01412206 0.17262585 0.01676470
v -0.02153371 0.17268091 -0.04624671
v -0.01734083 0.17260882 -0.04538218
v -0.01735112 0.17264339 -0.04534526
v 0.00129302 0.17269886 0.03504283
v 0.00127966 0.17269804 0.03507052
v 0.00138596 0.17262375 0.03522219
v -0.01730630 0.17258929 0.04538992
v 0.02262072 0.16156332 0.01012040
v 0.00505218 0.17269836 -0.03129301
v 0.00126839 0.17269769 -0.03508719
v 0.00128850 0.17269860 -0.03505190
v 0.00139938 0.17260632 -0.03523446
v 0.00135699 0.17262387 -0.03525021
v 0.00130077 0.17267592 -0.03518671
v 0.00127028 0.17269044 -0.03515227
v -0.04676367 0.17258936 -0.04405716
v 0.00525852 0.17262438 0.03135689
v 0.01702051 0.17260917 0.00424528
v 0.01413890 0.17260937 0.01677113
v -0.01733634 0.17258927 -0.04539831
v -0.01735681 0.17265803 -0.04532486
v 0.02241929 0.16190360 0.01073087
v 0.02246455 0.16185963 0.01056133
v 0.02251432 0.16178693 0.01039878
v 0.00124756 0.17269742 -0.03511082
v 0.00128394 0.17269824 -0.03506269
v 0.00132278 0.17267615 -0.03516534
v 0.00523066 0.17262416 0.03138559
v 0.01415438 0.17259155 0.01677704
v -0.01733234 0.17256851 -0.04541265
v -0.01736891 0.17268135 -0.04528142
v 0.02247986 0.16183726 0.01051130
f 1 2 3
f 4 5 3
f 6 7 8
f 9 10 11
f 1 12 2
f 13 12 14
f 15 16 17
f 18 14 19
f 12 19 14
f 19 12 1
f 18 20 14
f 21 22 23
f 24 25 5
f 26 27 28
f 29 30 16
f 29 31 30
f 8 32 6
f 33 34 35
f 36 37 38
f 2 39 3
f 12 39 2
f 15 40 16
f 16 40 29
f 20 41 14
f 17 41 15
f 15 41 20
f 42 43 44
f 43 42 45
f 46 42 44
f 45 42 46
f 47 48 49
f 48 47 50
f 27 51 52
f 26 51 27
f 53 54 55
f 56 57 58
f 22 59 60
f 22 21 61
f 59 61 62
f 22 61 59
f 63 64 65
f 66 67 68
f 68 67 69
f 70 69 67
f 69 71 68
f 70 71 69
f 72 73 74
f 75 76 77
f 78 79 75
f 80 81 82
f 83 84 85
f 86 87 88
f 89 90 91
f 92 93 94
f 92 95 93
f 94 96 92
f 97 98 56
f 54 98 99
f 5 100 3
f 25 100 5
f 101 25 24
f 27 102 28
f 103 102 27
f 52 104 105
f 106 107 105
f 108 109 110
f 111 112 113
f 114 115 26
f 115 51 26
f 28 116 26
f 114 26 116
f 114 116 117
f 111 118 28
f 28 118 116
f 47 119 50
f 120 119 47
f 117 121 114
f 120 121 117
f 120 47 121
f 49 121 47
f 118 122 123
f 116 123 117
f 118 123 116
f 124 125 126
f 127 128 129
f 130 131 132
f 133 134 131
f 135 136 130
f 132 135 130
f 137 138 139
f 137 140 141
f 139 142 140
f 139 140 137
f 63 143 64
f 144 145 146
f 147 148 149
f 150 151 152
f 153 154 155
f 154 156 157
f 154 153 156
f 158 30 31
f 159 158 31
f 160 161 162
f 163 161 160
f 164 165 166
f 167 165 164
f 167 168 169
f 10 170 11
f 171 172 8
f 32 8 172
f 171 173 174
f 175 176 177
f 178 176 179
f 180 181 182
f 177 181 183
f 139 184 142
f 185 142 184
f 172 186 32
f 33 187 188
f 34 189 35
f 190 191 192
f 192 191 193
f 194 195 188
f 33 196 34
f 195 197 196
f 196 33 188
f 195 196 188
f 155 198 162
f 198 199 200
f 199 154 201
f 154 199 155
f 198 155 199
f 202 203 204
f 205 206 23
f 207 206 208
f 206 21 23
f 21 206 209
f 66 68 210
f 73 210 68
f 211 212 213
f 214 213 212
f 211 215 212
f 216 217 218
f 216 219 220
f 219 216 218
f 221 222 223
f 217 222 221
f 217 216 222
f 52 224 27
f 105 224 52
f 225 226 227
f 225 227 55
f 228 227 226
f 228 229 227
f 54 230 55
f 225 55 230
f 43 231 44
f 232 228 226
f 228 232 233
f 233 232 234
f 43 234 232
f 232 231 43
f 235 236 237
f 235 238 236
f 239 236 240
f 241 242 243
f 239 243 242
f 236 242 237
f 239 242 236
f 241 243 244
f 98 245 56
f 245 246 57
f 247 58 248
f 57 248 58
f 248 57 247
f 97 58 249
f 97 249 250
f 58 251 56
f 97 251 58
f 56 251 97
f 252 253 254
f 252 254 255
f 256 257 258
f 74 259 72
f 256 259 253
f 63 260 261
f 63 262 260
f 255 263 264
f 254 263 255
f 265 263 254
f 266 267 268
f 268 267 269
f 269 267 270
f 271 272 258
f 271 273 272
f 259 274 72
f 259 256 274
f 72 274 275
f 272 273 274
f 256 258 274
f 272 274 258
f 275 276 72
f 73 72 276
f 277 75 77
f 273 277 77
f 271 277 273
f 278 271 258
f 279 280 214
f 281 282 283
f 82 284 268
f 85 285 83
f 286 287 288
f 288 289 88
f 290 291 292
f 291 290 293
f 89 294 295
f 257 295 294
f 257 294 296
f 90 297 91
f 296 91 297
f 298 297 299
f 296 297 298
f 300 301 89
f 301 90 89
f 96 301 300
f 96 94 301
f 302 303 107
f 304 302 305
f 53 306 54
f 306 53 55
f 307 306 227
f 227 306 55
f 308 309 310
f 311 312 313
f 314 315 25
f 316 317 101
f 317 318 101
f 24 319 311
f 110 320 319
f 105 107 319
f 105 319 320
f 321 319 107
f 321 311 319
f 110 322 323
f 105 324 325
f 110 323 326
f 110 326 320
f 327 111 28
f 102 327 28
f 105 328 324
f 320 328 105
f 329 330 331
f 332 330 329
f 330 328 331
f 332 324 330
f 328 330 324
f 332 333 324
f 334 335 336
f 337 338 339
f 340 337 339
f 341 336 342
f 341 342 343
f 344 345 346
f 347 348 349
f 139 350 184
f 343 351 341
f 352 353 134
f 133 352 134
f 136 354 130
f 126 354 136
f 135 355 136
f 126 355 124
f 355 126 136
f 355 135 356
f 357 358 132
f 132 358 135
f 135 358 356
f 359 358 357
f 357 132 360
f 131 134 360
f 131 360 132
f 144 146 361
f 362 363 364
f 137 365 346
f 365 137 141
f 363 362 366
f 363 366 364
f 185 366 142
f 140 367 141
f 147 367 287
f 147 141 367
f 343 347 368
f 368 351 343
f 369 349 370
f 371 372 373
f 373 372 370
f 372 369 370
f 374 375 371
f 371 373 374
f 376 374 373
f 377 378 375
f 64 379 65
f 379 380 65
f 381 382 261
f 143 382 381
f 261 382 63
f 143 63 382
f 145 383 384
f 145 144 383
f 380 385 386
f 148 387 388
f 389 390 286
f 391 392 393
f 394 154 157
f 156 395 157
f 30 395 16
f 16 395 396
f 158 397 157
f 397 394 157
f 201 397 398
f 154 397 201
f 394 397 154
f 163 160 399
f 399 400 163
f 400 166 401
f 400 401 163
f 170 402 11
f 169 11 402
f 403 404 10
f 38 405 9
f 10 9 405
f 406 407 7
f 171 408 173
f 173 409 174
f 177 410 181
f 180 182 411
f 412 411 182
f 411 412 180
f 181 413 183
f 414 413 415
f 183 414 416
f 413 414 183
f 184 417 418
f 184 418 419
f 420 184 419
f 420 421 7
f 6 420 7
f 185 420 6
f 184 420 185
f 422 423 32
f 424 423 422
f 423 185 6
f 32 423 6
f 185 423 366
f 424 364 423
f 366 423 364
f 32 425 422
f 186 425 32
f 172 426 427
f 172 427 186
f 33 428 187
f 33 35 428
f 429 189 34
f 430 39 12
f 39 430 3
f 431 432 194
f 433 434 435
f 436 437 438
f 433 439 434
f 440 191 190
f 191 441 193
f 112 442 113
f 112 329 442
f 443 444 445
f 321 446 311
f 446 447 448
f 447 449 448
f 450 449 451
f 452 453 454
f 304 455 453
f 456 453 455
f 456 454 453
f 457 305 458
f 397 459 398
f 459 158 159
f 459 397 158
f 40 460 29
f 29 460 31
f 461 460 40
f 460 159 31
f 36 462 37
f 463 464 465
f 466 467 468
f 469 470 471
f 472 473 474
f 202 204 475
f 476 475 477
f 478 43 45
f 479 478 45
f 43 478 234
f 478 233 234
f 478 228 233
f 480 481 202
f 475 480 202
f 479 480 476
f 480 475 476
f 21 482 44
f 44 482 46
f 276 483 73
f 484 206 205
f 206 484 208
f 213 485 486
f 79 485 213
f 215 487 205
f 215 211 487
f 487 484 205
f 488 242 241
f 489 237 488
f 242 488 237
f 119 490 50
f 491 50 490
f 217 492 218
f 219 493 220
f 49 493 121
f 121 493 114
f 493 219 114
f 115 114 494
f 219 494 114
f 218 494 219
f 103 27 495
f 224 495 27
f 105 103 495
f 105 495 224
f 496 497 498
f 497 496 247
f 249 496 250
f 247 496 58
f 249 58 496
f 239 499 243
f 54 500 230
f 230 500 225
f 225 501 226
f 501 232 226
f 57 56 502
f 245 502 56
f 502 245 57
f 503 308 310
f 503 245 308
f 245 503 246
f 245 504 106
f 98 504 245
f 227 229 504
f 505 504 229
f 309 506 310
f 503 310 506
f 503 506 246
f 57 507 247
f 506 507 246
f 210 508 66
f 509 66 508
f 60 508 510
f 483 510 508
f 511 512 509
f 513 59 62
f 514 513 62
f 515 252 516
f 517 515 516
f 252 255 516
f 254 253 518
f 518 259 74
f 259 518 253
f 254 518 265
f 257 519 258
f 253 520 256
f 520 257 256
f 257 520 295
f 295 520 515
f 252 520 253
f 515 520 252
f 521 522 523
f 524 521 523
f 524 525 526
f 524 526 521
f 260 527 261
f 264 527 260
f 63 528 262
f 63 65 528
f 267 266 529
f 528 529 262
f 267 529 528
f 266 530 531
f 530 284 282
f 531 530 281
f 530 282 281
f 524 532 525
f 76 533 77
f 533 280 279
f 280 533 76
f 276 275 534
f 275 279 534
f 535 278 258
f 519 535 258
f 519 257 535
f 278 536 271
f 278 298 536
f 75 536 78
f 277 536 75
f 277 271 536
f 213 537 79
f 280 76 537
f 213 214 537
f 280 537 214
f 76 75 537
f 79 537 75
f 538 539 540
f 541 542 207
f 46 542 541
f 541 207 543
f 544 543 207
f 544 545 543
f 481 543 545
f 480 546 481
f 46 546 45
f 541 546 46
f 481 546 543
f 543 546 541
f 479 45 546
f 480 479 546
f 80 547 81
f 81 548 282
f 282 549 81
f 284 549 282
f 81 549 82
f 82 549 284
f 550 551 552
f 552 551 285
f 285 551 553
f 554 148 388
f 285 554 83
f 285 553 554
f 555 556 557
f 558 559 560
f 288 287 561
f 288 561 289
f 367 561 287
f 561 367 289
f 562 286 563
f 562 563 87
f 87 563 88
f 564 565 566
f 565 567 566
f 566 568 569
f 424 422 570
f 571 290 292
f 572 571 292
f 573 574 575
f 289 574 88
f 575 574 289
f 96 300 576
f 89 576 300
f 89 295 576
f 577 89 91
f 89 577 294
f 296 577 91
f 294 577 296
f 96 578 92
f 579 578 96
f 92 578 95
f 578 579 95
f 106 580 107
f 107 580 302
f 477 581 476
f 505 476 581
f 97 250 582
f 583 582 250
f 98 97 584
f 583 584 97
f 583 250 585
f 583 585 99
f 496 585 250
f 585 496 99
f 586 98 54
f 306 586 54
f 98 586 307
f 306 307 586
f 3 587 1
f 24 588 101
f 316 588 24
f 101 588 316
f 314 589 318
f 318 590 101
f 589 590 318
f 314 590 589
f 4 591 5
f 4 3 591
f 24 5 592
f 24 592 319
f 592 429 593
f 322 594 323
f 110 109 595
f 110 595 322
f 596 595 109
f 322 595 596
f 597 443 445
f 598 599 600
f 601 598 600
f 320 600 599
f 601 600 320
f 601 602 598
f 601 320 603
f 601 603 604
f 605 192 193
f 606 605 607
f 605 193 608
f 605 608 607
f 609 610 611
f 612 613 324
f 327 614 612
f 325 614 103
f 327 102 614
f 102 103 614
f 105 615 103
f 325 103 615
f 325 615 105
f 616 617 618
f 617 328 320
f 617 320 599
f 618 617 599
f 331 619 620
f 616 619 617
f 617 619 328
f 620 621 622
f 442 622 621
f 620 622 331
f 618 623 616
f 623 619 616
f 619 623 620
f 624 625 323
f 319 626 110
f 627 110 626
f 628 626 319
f 627 626 629
f 629 109 630
f 629 630 627
f 108 630 109
f 110 630 108
f 627 630 110
f 111 631 112
f 327 631 111
f 612 631 327
f 632 333 332
f 329 632 332
f 333 632 324
f 631 632 112
f 112 632 329
f 633 342 336
f 335 633 336
f 338 634 339
f 635 339 634
f 636 634 338
f 635 634 152
f 150 152 634
f 637 638 392
f 637 392 639
f 391 639 392
f 391 640 639
f 637 639 334
f 335 639 640
f 639 335 334
f 641 335 640
f 633 641 421
f 641 633 335
f 336 642 334
f 341 642 336
f 643 637 334
f 340 643 644
f 642 643 334
f 644 643 642
f 340 644 645
f 646 645 644
f 337 645 647
f 337 340 645
f 647 645 648
f 648 645 646
f 345 344 649
f 376 649 344
f 370 649 373
f 649 376 373
f 342 650 343
f 343 650 347
f 348 347 650
f 184 651 417
f 350 651 184
f 652 653 654
f 652 648 655
f 646 655 648
f 646 656 655
f 657 655 656
f 119 120 658
f 659 658 660
f 119 658 659
f 130 661 131
f 662 67 66
f 509 662 66
f 126 125 663
f 354 126 663
f 662 663 67
f 70 663 125
f 67 663 70
f 488 664 489
f 665 493 49
f 493 665 220
f 663 666 354
f 235 667 668
f 235 668 238
f 668 669 238
f 668 670 669
f 671 670 667
f 668 667 670
f 672 673 674
f 129 675 359
f 675 129 128
f 353 676 677
f 678 679 124
f 679 71 70
f 124 679 125
f 125 679 70
f 680 681 682
f 682 681 683
f 679 678 681
f 684 685 686
f 687 685 688
f 686 689 356
f 689 355 356
f 689 678 124
f 355 689 124
f 686 356 690
f 358 690 356
f 358 359 690
f 686 690 684
f 675 690 359
f 690 675 684
f 360 691 357
f 346 692 344
f 365 692 346
f 573 693 362
f 140 694 367
f 575 694 573
f 573 694 693
f 140 142 694
f 366 694 142
f 694 575 289
f 367 694 289
f 366 362 694
f 693 694 362
f 695 696 697
f 695 698 696
f 698 699 657
f 698 653 699
f 652 699 653
f 657 699 655
f 655 699 652
f 700 701 702
f 375 703 371
f 378 703 375
f 703 378 704
f 372 371 705
f 703 705 371
f 705 706 372
f 706 705 707
f 372 706 369
f 701 369 706
f 708 374 376
f 375 709 377
f 374 709 375
f 708 709 374
f 143 710 64
f 143 381 710
f 711 675 128
f 675 711 684
f 377 712 378
f 713 714 715
f 714 716 715
f 127 717 128
f 717 718 128
f 718 719 128
f 82 720 721
f 722 723 145
f 145 723 724
f 724 725 550
f 725 551 550
f 551 725 553
f 723 725 724
f 725 723 722
f 145 726 722
f 145 384 726
f 149 727 728
f 728 729 730
f 267 729 270
f 726 729 728
f 387 731 388
f 388 731 554
f 554 731 83
f 562 732 286
f 287 733 147
f 147 733 390
f 286 733 287
f 390 733 286
f 734 148 147
f 390 734 147
f 390 389 735
f 734 390 735
f 83 735 84
f 387 148 735
f 734 735 148
f 731 735 83
f 731 387 735
f 151 150 736
f 736 737 151
f 393 392 738
f 638 738 392
f 739 740 741
f 742 743 744
f 745 746 747
f 395 748 157
f 748 395 30
f 158 157 748
f 158 748 30
f 749 750 751
f 752 753 754
f 167 753 165
f 165 753 166
f 752 755 401
f 153 755 756
f 756 755 757
f 758 759 36
f 38 758 36
f 11 760 9
f 169 760 11
f 168 760 169
f 164 761 167
f 167 761 168
f 759 168 762
f 402 763 169
f 404 175 764
f 404 765 179
f 403 765 404
f 404 766 10
f 764 766 404
f 405 38 767
f 178 179 768
f 769 770 771
f 769 772 770
f 770 772 767
f 767 772 405
f 405 772 765
f 7 773 8
f 407 773 7
f 171 8 773
f 773 408 171
f 774 775 776
f 777 776 775
f 408 778 779
f 408 779 173
f 409 780 174
f 777 780 409
f 775 780 777
f 781 410 177
f 181 782 182
f 410 782 181
f 783 784 785
f 416 786 787
f 414 786 416
f 786 788 789
f 786 789 787
f 177 790 175
f 177 183 790
f 416 790 183
f 791 790 416
f 787 792 416
f 791 416 792
f 791 792 793
f 794 792 789
f 789 792 787
f 793 792 794
f 428 35 795
f 428 795 396
f 430 795 35
f 396 796 428
f 750 796 396
f 187 797 798
f 428 797 187
f 796 797 428
f 435 797 749
f 798 797 435
f 797 750 749
f 797 796 750
f 187 799 188
f 194 188 799
f 194 799 431
f 800 801 429
f 189 802 35
f 430 35 802
f 803 804 805
f 806 804 807
f 805 804 806
f 804 808 807
f 809 803 805
f 438 810 806
f 811 812 813
f 814 815 816
f 432 815 814
f 432 431 815
f 817 815 431
f 435 434 818
f 187 798 818
f 435 818 798
f 436 438 819
f 819 820 436
f 437 821 822
f 437 436 821
f 822 823 437
f 441 824 113
f 118 824 122
f 111 113 824
f 824 118 111
f 825 441 191
f 122 825 826
f 824 825 122
f 825 824 441
f 440 825 191
f 826 825 440
f 34 827 429
f 429 827 800
f 162 828 160
f 198 828 162
f 200 828 198
f 829 830 321
f 830 446 321
f 831 832 452
f 452 833 453
f 303 833 107
f 107 833 321
f 321 834 829
f 834 835 829
f 449 836 451
f 451 836 835
f 835 836 829
f 311 837 24
f 311 838 837
f 839 840 841
f 304 842 455
f 455 842 456
f 304 305 842
f 454 843 452
f 452 843 831
f 458 305 844
f 457 845 305
f 305 845 846
f 460 847 159
f 461 847 460
f 848 849 850
f 851 852 853
f 854 855 856
f 855 854 857
f 854 858 857
f 859 858 853
f 860 861 862
f 782 863 182
f 864 863 410
f 862 865 863
f 866 867 466
f 20 18 868
f 20 868 15
f 868 40 15
f 40 868 461
f 869 870 850
f 849 871 872
f 869 873 874
f 874 875 869
f 869 875 870
f 876 877 878
f 874 879 875
f 848 850 880
f 477 881 581
f 475 882 477
f 882 881 477
f 544 883 545
f 883 884 545
f 479 476 885
f 478 479 885
f 478 885 228
f 228 885 229
f 229 885 505
f 505 885 476
f 210 73 886
f 483 886 73
f 886 508 210
f 508 886 483
f 483 887 510
f 483 276 887
f 534 887 276
f 544 888 211
f 207 888 544
f 889 890 486
f 485 889 486
f 659 891 119
f 119 891 490
f 892 891 659
f 490 891 892
f 492 893 894
f 895 51 894
f 115 894 51
f 494 894 115
f 492 894 218
f 218 894 494
f 51 896 52
f 895 896 51
f 897 898 899
f 900 901 895
f 247 902 497
f 223 902 221
f 507 221 902
f 507 902 247
f 903 902 223
f 902 903 497
f 496 904 99
f 498 904 496
f 99 904 54
f 904 500 54
f 501 905 232
f 500 905 225
f 501 225 905
f 98 307 906
f 906 504 98
f 227 906 307
f 504 906 227
f 899 907 309
f 506 309 907
f 246 908 57
f 908 507 57
f 507 908 246
f 221 909 217
f 507 909 221
f 909 507 506
f 907 909 506
f 907 899 909
f 217 909 492
f 899 492 909
f 513 511 910
f 60 910 508
f 59 910 60
f 513 910 59
f 511 509 910
f 508 910 509
f 911 512 511
f 513 911 511
f 512 911 674
f 514 911 513
f 911 912 674
f 912 911 514
f 95 913 522
f 517 914 515
f 515 914 295
f 576 295 914
f 576 914 96
f 96 914 579
f 915 680 682
f 683 915 682
f 518 74 915
f 683 265 915
f 518 915 265
f 916 917 521
f 521 917 522
f 93 917 916
f 522 917 95
f 93 95 917
f 529 918 262
f 516 918 517
f 284 919 268
f 530 919 284
f 266 268 919
f 530 266 919
f 920 531 281
f 920 532 531
f 532 920 525
f 525 920 283
f 283 920 281
f 683 921 265
f 274 922 275
f 533 922 274
f 275 922 279
f 922 533 279
f 274 273 923
f 923 533 274
f 273 77 923
f 533 923 77
f 215 924 212
f 205 924 215
f 214 212 924
f 534 279 925
f 214 925 279
f 925 924 534
f 924 925 214
f 278 926 298
f 535 926 278
f 298 926 296
f 296 926 257
f 535 257 926
f 299 927 298
f 536 298 927
f 928 929 930
f 931 929 928
f 207 932 206
f 542 932 207
f 206 932 209
f 542 46 932
f 547 933 81
f 548 81 933
f 80 933 547
f 548 933 80
f 282 934 283
f 935 936 937
f 938 939 940
f 560 941 558
f 942 540 943
f 944 942 943
f 540 942 538
f 945 946 947
f 948 949 950
f 945 951 558
f 951 559 558
f 84 952 85
f 285 85 952
f 288 953 286
f 953 563 286
f 88 953 288
f 563 953 88
f 567 954 566
f 566 954 568
f 568 955 569
f 186 956 425
f 956 957 958
f 425 956 422
f 570 422 959
f 570 959 958
f 956 959 422
f 959 956 958
f 573 960 574
f 961 572 292
f 86 961 292
f 86 88 961
f 962 963 964
f 965 966 967
f 968 969 970
f 521 971 916
f 526 971 521
f 580 106 972
f 97 973 583
f 582 973 97
f 583 973 582
f 583 99 974
f 98 974 99
f 584 974 98
f 972 975 976
f 972 976 580
f 580 976 302
f 315 977 25
f 314 25 978
f 978 590 314
f 101 978 25
f 590 978 101
f 430 979 3
f 591 3 979
f 802 979 430
f 802 189 979
f 980 979 189
f 591 979 980
f 592 5 981
f 592 981 980
f 591 981 5
f 980 981 591
f 592 982 319
f 982 801 800
f 801 982 429
f 429 983 189
f 592 983 429
f 189 983 980
f 980 983 592
f 628 984 985
f 984 628 319
f 624 323 986
f 594 986 323
f 322 987 594
f 594 987 986
f 988 987 596
f 987 322 596
f 986 987 624
f 597 985 989
f 597 989 443
f 990 989 985
f 990 800 989
f 827 989 800
f 991 597 445
f 991 596 109
f 629 991 109
f 607 598 992
f 602 992 598
f 607 992 606
f 992 602 611
f 610 606 992
f 610 992 611
f 601 993 602
f 604 993 601
f 625 624 993
f 608 994 621
f 113 994 441
f 441 994 193
f 608 193 994
f 442 994 113
f 621 994 442
f 607 995 598
f 608 995 607
f 598 995 599
f 621 995 608
f 620 995 621
f 623 995 620
f 610 996 606
f 613 612 997
f 614 997 612
f 325 997 614
f 325 324 997
f 613 997 324
f 328 998 331
f 331 998 619
f 619 998 328
f 442 329 999
f 622 442 999
f 331 999 329
f 622 999 331
f 1000 326 323
f 625 1000 323
f 326 1000 625
f 625 1001 326
f 326 1001 320
f 1001 993 604
f 993 1001 625
f 603 320 1001
f 603 1001 604
f 1002 626 628
f 991 1002 597
f 612 324 1003
f 632 1003 324
f 1003 631 612
f 631 1003 632
f 633 1004 419
f 421 1004 633
f 1004 420 419
f 420 1004 421
f 633 419 1005
f 633 1005 342
f 418 1005 419
f 418 417 1005
f 650 342 1005
f 634 1006 150
f 634 636 1006
f 635 1007 339
f 638 1007 635
f 638 637 1007
f 1007 340 339
f 643 1007 637
f 340 1007 643
f 641 406 1008
f 641 1008 421
f 7 1008 406
f 421 1008 7
f 656 1009 351
f 646 1009 656
f 351 1009 341
f 646 644 1009
f 642 341 1009
f 642 1009 644
f 1010 636 338
f 1011 1010 338
f 337 1012 338
f 1011 338 1012
f 337 647 1012
f 1013 1012 647
f 1014 1012 1013
f 137 1015 138
f 137 346 1016
f 1017 137 1016
f 345 1016 346
f 1017 1016 345
f 349 1018 370
f 370 1018 649
f 649 1018 345
f 348 1018 349
f 650 1019 348
f 651 350 1019
f 651 1019 417
f 1005 417 1019
f 1005 1019 650
f 1020 1021 654
f 1014 1021 1020
f 1014 1013 1021
f 647 648 1021
f 1013 647 1021
f 652 1021 648
f 654 1021 652
f 659 660 1022
f 659 1022 892
f 658 120 1023
f 120 117 1023
f 123 1023 117
f 354 1024 130
f 1024 661 130
f 131 1025 133
f 661 1025 131
f 1026 663 662
f 489 1027 237
f 237 1027 235
f 235 1027 667
f 1028 1029 1030
f 665 1031 1032
f 48 1031 49
f 665 49 1031
f 1033 216 220
f 1033 222 216
f 665 1032 1034
f 1033 1034 1035
f 665 1034 220
f 1033 220 1034
f 670 671 1036
f 670 1036 666
f 1024 1036 661
f 666 1036 354
f 1024 354 1036
f 912 1037 674
f 674 1037 672
f 240 1037 912
f 236 1037 240
f 1037 236 238
f 669 1037 238
f 672 1037 669
f 129 1038 127
f 1039 1038 129
f 129 359 1040
f 1039 129 1040
f 357 1040 359
f 691 1040 357
f 1041 1040 691
f 1042 1043 680
f 680 1043 681
f 681 1043 679
f 71 1043 1042
f 679 1043 71
f 691 360 1044
f 353 1044 134
f 360 134 1044
f 677 1044 353
f 1045 1044 677
f 1041 1044 1045
f 691 1044 1041
f 1046 80 82
f 721 1046 82
f 80 1046 721
f 386 1047 380
f 380 1047 65
f 385 1048 1049
f 708 1048 385
f 708 376 1048
f 376 344 1048
f 1050 1048 344
f 698 1051 653
f 695 1051 698
f 696 702 1052
f 696 1052 697
f 697 1052 716
f 700 702 1053
f 696 1053 702
f 1053 696 698
f 657 1053 698
f 369 1054 349
f 368 1054 700
f 701 1054 369
f 1054 701 700
f 349 1054 347
f 368 347 1054
f 700 1055 368
f 656 1055 657
f 1055 1053 657
f 1053 1055 700
f 351 1055 656
f 368 1055 351
f 707 1056 715
f 703 704 1056
f 705 1056 707
f 703 1056 705
f 709 1057 377
f 1058 1057 1059
f 709 708 1060
f 708 385 1060
f 1057 1060 1059
f 1060 1057 709
f 1058 688 1061
f 1061 712 377
f 1057 1061 377
f 1058 1061 1057
f 712 1062 711
f 711 1062 684
f 1061 688 1062
f 1061 1062 712
f 685 1062 688
f 684 1062 685
f 378 1063 704
f 712 1063 378
f 1063 719 704
f 711 1063 712
f 128 1063 711
f 719 1063 128
f 719 1064 704
f 1056 1064 715
f 1056 704 1064
f 713 715 1064
f 718 1064 719
f 383 144 1065
f 361 1065 144
f 383 1065 384
f 1065 270 384
f 270 1066 384
f 726 384 1066
f 729 1066 270
f 729 726 1066
f 727 1067 728
f 725 722 1067
f 554 1068 148
f 727 1068 554
f 148 1068 149
f 1068 727 149
f 727 554 1069
f 528 1070 267
f 729 267 1070
f 528 65 1070
f 729 1070 730
f 1047 1070 65
f 1070 1047 730
f 732 1071 286
f 1071 732 84
f 735 1071 84
f 1072 793 794
f 635 1073 638
f 738 638 1073
f 152 1073 635
f 1073 1074 738
f 151 1073 152
f 1074 1073 151
f 740 1075 1076
f 747 1077 745
f 739 1078 740
f 1075 740 1078
f 395 156 1079
f 750 1079 156
f 395 1079 396
f 396 1079 750
f 156 1080 750
f 750 1080 751
f 751 1080 756
f 153 756 1080
f 156 153 1080
f 401 1081 752
f 752 1081 753
f 401 166 1081
f 753 1081 166
f 753 1082 754
f 763 1082 169
f 169 1082 167
f 1082 753 167
f 402 1082 763
f 1083 755 153
f 155 1083 153
f 755 1083 401
f 155 162 1083
f 161 1083 162
f 161 163 1083
f 401 1083 163
f 9 1084 38
f 1084 758 38
f 758 1084 759
f 760 1084 9
f 854 1085 1086
f 854 856 1085
f 1085 1087 1088
f 761 1089 168
f 1089 762 168
f 1090 757 1091
f 1091 755 752
f 755 1091 757
f 743 1092 744
f 1093 1092 1094
f 764 754 1095
f 764 1095 766
f 1095 402 170
f 766 1095 10
f 1095 170 10
f 764 1096 754
f 765 403 1097
f 765 1097 405
f 10 1097 403
f 405 1097 10
f 404 179 1098
f 1099 1098 179
f 404 1098 175
f 1098 1099 175
f 175 1100 176
f 1099 1100 175
f 176 1100 179
f 1099 179 1100
f 38 37 1101
f 464 1102 465
f 771 1103 769
f 464 1103 1102
f 768 1104 769
f 1104 772 769
f 768 179 1104
f 765 1104 179
f 772 1104 765
f 1105 407 406
f 407 1105 1106
f 640 1107 641
f 1105 1107 1106
f 641 1107 406
f 406 1107 1105
f 415 1108 1109
f 407 1108 415
f 1106 1108 407
f 1107 1108 1106
f 1109 1108 1110
f 1107 1110 1108
f 773 1111 408
f 413 1111 415
f 407 415 1111
f 773 407 1111
f 783 1112 408
f 180 1113 181
f 181 1113 413
f 783 408 1113
f 1111 1113 408
f 413 1113 1111
f 775 426 1114
f 172 1114 426
f 777 1115 776
f 780 1116 174
f 780 775 1116
f 174 1116 171
f 171 1116 172
f 1117 774 776
f 1115 1117 776
f 176 1118 177
f 1118 781 177
f 781 1119 410
f 1118 1119 781
f 768 1119 178
f 410 1119 864
f 176 178 1119
f 1118 176 1119
f 769 1119 768
f 1103 860 1119
f 1103 1119 769
f 412 1120 180
f 784 783 1121
f 1121 1113 180
f 1113 1121 783
f 789 1122 794
f 393 1123 391
f 795 1124 396
f 430 1124 795
f 41 1124 14
f 41 17 1124
f 13 14 1124
f 12 13 1124
f 430 12 1124
f 1125 817 434
f 439 1125 434
f 823 1125 439
f 817 1126 434
f 1126 818 434
f 1127 1126 431
f 431 1126 817
f 1127 431 1128
f 799 1128 431
f 1127 1128 187
f 187 1128 799
f 1129 1130 805
f 1129 805 1131
f 806 1131 805
f 810 1131 806
f 437 1132 438
f 438 1132 810
f 1133 740 1076
f 1134 1133 1135
f 740 1133 741
f 1136 1137 745
f 1077 1136 745
f 1138 1139 1137
f 1140 1139 1138
f 1139 811 1141
f 1139 1141 1137
f 1141 746 745
f 1137 1141 745
f 1142 1143 433
f 1143 1142 749
f 751 1143 749
f 1090 1144 757
f 757 1144 756
f 816 1145 814
f 1145 816 1146
f 1147 1145 1146
f 187 1148 1127
f 818 1148 187
f 1126 1127 1148
f 1126 1148 818
f 806 807 1149
f 808 1149 807
f 806 1149 438
f 819 438 1149
f 820 1149 808
f 820 819 1149
f 816 1150 1146
f 1146 1150 820
f 821 1150 822
f 820 1150 436
f 821 436 1150
f 1151 1152 1153
f 826 440 1152
f 826 1152 1151
f 34 1154 827
f 443 1154 197
f 989 1154 443
f 827 1154 989
f 196 1154 34
f 196 197 1154
f 1155 1156 1157
f 1157 1156 1158
f 1159 1160 1161
f 1161 1160 1162
f 849 1163 871
f 474 1164 472
f 828 1165 160
f 1166 1165 200
f 1165 828 200
f 312 1167 313
f 449 1167 448
f 1168 448 1167
f 311 313 1167
f 453 1169 304
f 833 1169 453
f 833 303 1169
f 302 304 1169
f 302 1169 303
f 1170 1171 1172
f 1173 1172 1171
f 321 1171 1170
f 833 1171 321
f 1173 1171 833
f 1174 833 452
f 1173 1174 452
f 833 1174 1173
f 830 1175 446
f 446 1175 447
f 830 829 1175
f 836 1175 829
f 449 447 1175
f 1175 836 449
f 838 1176 837
f 1177 842 305
f 842 1177 1178
f 846 1177 305
f 1179 832 831
f 843 1179 831
f 1180 1179 1181
f 842 1178 1182
f 1183 1182 1178
f 1184 459 159
f 847 1184 159
f 1185 1184 1186
f 1186 1184 847
f 1186 1187 1185
f 1187 872 871
f 1188 1187 871
f 854 1086 1189
f 851 853 1189
f 852 1190 853
f 1190 859 853
f 1191 1192 1193
f 1194 1195 1196
f 1196 1195 855
f 462 1195 37
f 37 1195 1194
f 1195 462 856
f 855 1195 856
f 1197 1198 859
f 1190 1197 859
f 1199 1192 1200
f 1199 1200 1201
f 1199 1202 1192
f 1203 1204 1201
f 1204 1205 1201
f 858 1206 857
f 1206 858 859
f 1205 1207 1208
f 1209 1210 1211
f 1212 1206 1213
f 1206 1212 1211
f 861 1214 862
f 1214 865 862
f 463 1214 861
f 863 1215 862
f 862 1215 860
f 1119 860 1215
f 1216 412 182
f 863 1216 182
f 1217 782 410
f 863 1217 410
f 782 1217 863
f 469 471 1218
f 865 1219 863
f 1216 1219 412
f 1216 863 1219
f 1219 1120 412
f 1120 1219 865
f 867 1220 466
f 867 470 1220
f 868 1221 1222
f 1221 1186 1222
f 1223 869 850
f 849 1223 850
f 872 1223 849
f 873 869 1224
f 1225 19 1
f 19 1225 18
f 1226 977 1227
f 100 25 1226
f 977 1226 25
f 877 1228 878
f 1229 473 472
f 876 1230 473
f 473 1230 1231
f 878 1230 876
f 1232 1233 1234
f 1235 1232 1234
f 1236 1235 1237
f 1237 1235 1234
f 881 1238 505
f 504 505 1238
f 882 1238 881
f 504 1238 106
f 882 475 1238
f 106 1238 1239
f 475 204 1238
f 1239 1238 203
f 203 1238 204
f 581 1240 505
f 505 1240 881
f 881 1240 581
f 486 1241 213
f 213 1241 211
f 1241 544 211
f 1241 883 544
f 1242 887 534
f 205 23 1242
f 205 1242 924
f 924 1242 534
f 487 211 1243
f 888 1243 211
f 487 1243 484
f 484 1243 208
f 207 208 1243
f 1243 888 207
f 1244 894 893
f 894 1244 895
f 900 1244 893
f 900 895 1244
f 309 308 1245
f 1245 899 309
f 1246 898 897
f 899 1247 492
f 898 492 1247
f 898 1247 899
f 895 1248 896
f 901 1248 895
f 896 1248 52
f 52 1248 104
f 104 1248 901
f 1249 903 223
f 1249 1250 903
f 1249 244 1250
f 244 243 1250
f 499 1250 243
f 1251 904 498
f 904 1251 500
f 912 1252 240
f 514 1252 912
f 239 240 1253
f 1252 1253 240
f 1253 1252 1254
f 499 239 1253
f 231 1255 44
f 21 44 1255
f 232 1255 231
f 905 1255 232
f 61 21 1255
f 522 1256 523
f 913 1256 522
f 1256 517 523
f 517 1256 913
f 913 1257 517
f 1257 913 95
f 579 1257 95
f 915 74 1258
f 915 1258 680
f 1042 680 1258
f 73 1258 74
f 68 1258 73
f 71 1258 68
f 1042 1258 71
f 1259 1260 381
f 1259 1261 1260
f 1259 381 261
f 527 1259 261
f 1058 1262 688
f 688 1262 687
f 1260 1263 381
f 1059 1263 1058
f 1262 1058 1263
f 1262 1263 1260
f 710 381 1263
f 710 1263 1059
f 516 255 1264
f 1264 918 516
f 264 1264 255
f 918 1264 262
f 260 262 1264
f 260 1264 264
f 517 1265 523
f 918 1265 517
f 531 1265 266
f 532 1265 531
f 529 266 1265
f 918 529 1265
f 1261 1266 1260
f 1262 1266 687
f 1266 1262 1260
f 1267 1268 1269
f 1270 1268 1267
f 1269 1271 540
f 1272 1271 1269
f 540 1271 943
f 550 1273 724
f 145 1273 146
f 724 1273 145
f 927 1274 1275
f 931 890 1276
f 1276 929 931
f 929 1276 1275
f 932 1277 209
f 1277 482 21
f 482 1277 46
f 932 46 1277
f 548 1278 282
f 934 282 1278
f 934 1278 548
f 1279 548 80
f 1280 1281 1282
f 1283 1284 539
f 1285 1283 936
f 1285 1286 1283
f 1287 1283 539
f 1283 1287 936
f 937 936 1287
f 938 1288 1289
f 939 1289 1288
f 1289 939 938
f 1290 1291 938
f 1286 1291 1290
f 1292 1293 1294
f 87 1295 941
f 1295 1296 558
f 941 1295 558
f 1297 562 87
f 941 1297 87
f 550 552 1298
f 550 1298 1299
f 950 1300 947
f 947 1300 1299
f 946 1301 555
f 946 1302 947
f 947 1302 950
f 948 950 1302
f 555 1302 946
f 948 1302 555
f 1303 1304 557
f 557 1304 555
f 948 555 1304
f 1305 1304 1303
f 1299 1306 947
f 1298 1306 1299
f 1307 1306 1298
f 1306 945 947
f 1306 951 945
f 951 1306 559
f 559 1306 1307
f 952 1308 285
f 285 1308 552
f 1308 952 559
f 1307 1308 559
f 1298 552 1308
f 1298 1308 1307
f 1309 954 567
f 954 1309 568
f 774 1310 775
f 427 1311 186
f 1311 427 426
f 1310 774 1311
f 1311 1312 186
f 301 94 1313
f 301 1313 90
f 297 90 1313
f 1314 1315 916
f 916 1316 1314
f 1314 1316 1317
f 963 1318 964
f 1314 1319 1320
f 1318 963 1319
f 1317 1319 1314
f 1321 1320 1322
f 969 1323 970
f 965 970 1324
f 1324 966 965
f 1323 1324 970
f 966 1324 1323
f 966 1325 967
f 1323 1325 966
f 971 526 1326
f 526 525 1326
f 525 283 1326
f 934 1326 283
f 1327 972 106
f 972 1327 1328
f 584 583 1329
f 974 1329 583
f 1329 974 584
f 302 1330 305
f 976 1330 302
f 1331 1330 1332
f 844 1330 1331
f 1333 1334 976
f 982 1335 319
f 1335 984 319
f 984 1335 985
f 990 1335 800
f 985 1335 990
f 429 1336 593
f 982 1336 429
f 1337 987 988
f 611 1337 609
f 987 1338 624
f 602 1338 611
f 611 1338 1337
f 1337 1338 987
f 993 624 1338
f 993 1338 602
f 1339 988 1340
f 596 1340 988
f 991 1340 596
f 445 1340 991
f 444 1340 445
f 444 1339 1340
f 995 1341 599
f 618 599 1341
f 623 618 1341
f 1339 1342 988
f 988 1342 1337
f 1337 1342 609
f 444 1343 1339
f 1344 1345 1346
f 1345 1347 1346
f 610 609 1348
f 610 1348 996
f 996 1348 1349
f 1348 1350 1349
f 996 1351 606
f 605 606 1351
f 605 1351 192
f 626 1352 629
f 991 629 1352
f 597 1353 985
f 1002 1353 597
f 1353 628 985
f 628 1353 1002
f 1012 1354 1011
f 1012 1014 1354
f 1017 1355 137
f 1355 1015 137
f 1356 1019 350
f 350 139 1356
f 1357 1358 1359
f 1358 1357 1360
f 1361 1022 660
f 658 1361 660
f 1362 1361 658
f 1022 1361 1363
f 1364 1022 1363
f 1364 1365 1366
f 1364 1366 1022
f 892 1366 1367
f 1022 1366 892
f 1368 1151 1153
f 1368 1153 1369
f 1023 1370 658
f 1368 1370 1151
f 658 1370 1362
f 1368 1362 1370
f 123 122 1371
f 123 1371 1023
f 826 1371 122
f 1023 1371 1370
f 826 1151 1371
f 1370 1371 1151
f 353 1372 676
f 1373 1374 133
f 1374 352 133
f 671 667 1375
f 671 1375 1376
f 512 1377 509
f 1026 1377 512
f 1377 662 509
f 662 1377 1026
f 1378 1026 512
f 673 1378 674
f 1378 512 674
f 663 1379 666
f 1026 1379 663
f 1378 673 1379
f 1378 1379 1026
f 1029 1028 1380
f 1029 1380 664
f 1375 1380 1028
f 664 1380 489
f 1027 489 1380
f 1027 1380 667
f 1375 667 1380
f 1381 488 241
f 1029 1382 1030
f 1383 1384 1385
f 1383 1386 1384
f 1359 1384 1386
f 1358 1384 1359
f 1386 1387 1367
f 1383 1387 1386
f 1388 48 50
f 1031 48 1389
f 1388 1389 48
f 222 1390 223
f 1033 1390 222
f 223 1390 1249
f 1033 1035 1390
f 1376 1373 1391
f 1036 1391 661
f 1376 1391 671
f 1391 1036 671
f 1025 661 1391
f 133 1391 1373
f 1025 1391 133
f 672 669 1392
f 670 1392 669
f 672 1392 673
f 1392 670 666
f 1379 673 1392
f 1379 1392 666
f 1040 1041 1393
f 147 149 1394
f 147 1394 141
f 141 1394 365
f 1394 1395 365
f 1395 1396 365
f 692 1396 344
f 365 1396 692
f 1049 1397 1395
f 1397 1050 1395
f 1048 1397 1049
f 1397 1048 1050
f 1049 1398 385
f 1398 386 385
f 1398 1047 386
f 1395 1399 1049
f 1398 1049 1399
f 1398 1399 1047
f 1047 1399 730
f 1400 1052 702
f 701 1400 702
f 706 1400 701
f 706 707 1400
f 1052 1401 716
f 715 1401 707
f 716 1401 715
f 1400 707 1401
f 1400 1401 1052
f 380 1402 385
f 1402 1060 385
f 379 1402 380
f 379 64 1402
f 710 1402 64
f 1059 1402 710
f 1060 1402 1059
f 1064 1403 713
f 1064 718 1403
f 1065 720 1404
f 82 1404 720
f 726 1405 722
f 1067 722 1405
f 1405 726 728
f 1067 1405 728
f 1406 554 553
f 1406 1069 554
f 725 1406 553
f 735 389 1407
f 1407 1071 735
f 389 286 1407
f 1071 1407 286
f 744 1408 742
f 1409 1408 1072
f 1409 1410 1094
f 1409 743 742
f 1092 1409 1094
f 1409 1092 743
f 1411 1409 1072
f 1409 1411 1410
f 1412 1078 739
f 1123 393 1413
f 1123 1413 1414
f 1414 1413 1415
f 1077 1415 1416
f 1077 1416 1136
f 741 1416 739
f 1136 1416 741
f 1078 1417 1418
f 1078 1418 1075
f 435 749 1419
f 1142 1419 749
f 435 1419 433
f 433 1419 1142
f 166 1420 164
f 400 1420 166
f 399 1420 400
f 1158 1421 1157
f 1155 1421 1422
f 1155 1157 1421
f 1084 1423 759
f 1084 760 1423
f 759 1423 168
f 168 1423 760
f 759 1424 36
f 1087 36 1424
f 762 1424 759
f 1087 1425 36
f 1087 1085 1425
f 36 1425 462
f 462 1425 856
f 1085 856 1425
f 1087 1426 1088
f 1427 1426 1428
f 1428 1426 1429
f 1430 761 164
f 761 1430 1089
f 1420 1430 164
f 1410 1431 1094
f 813 1431 1410
f 754 1432 752
f 1091 752 1432
f 1096 1432 754
f 1096 744 1432
f 1433 1082 402
f 1095 1433 402
f 1082 1433 754
f 1095 754 1433
f 790 1434 175
f 1434 764 175
f 1434 1096 764
f 790 791 1434
f 1435 767 38
f 1101 1435 38
f 1194 1436 37
f 1101 37 1436
f 1194 1196 1437
f 1196 465 1437
f 1102 1437 465
f 1436 1194 1437
f 1436 1437 1102
f 1103 1438 860
f 1438 1103 464
f 861 860 1438
f 464 463 1438
f 861 1438 463
f 408 1439 778
f 1112 1439 408
f 1440 1112 783
f 783 785 1440
f 1112 1440 1439
f 1440 1441 778
f 1439 1440 778
f 1114 1442 775
f 1116 775 1442
f 172 1442 1114
f 1116 1442 172
f 1443 1444 1445
f 569 1446 566
f 1447 1446 569
f 467 1446 468
f 1446 564 566
f 180 1448 784
f 1120 1448 180
f 784 1449 180
f 1449 1121 180
f 1121 1449 784
f 779 1450 173
f 173 1450 409
f 779 778 1450
f 1441 1450 778
f 415 1451 414
f 1110 788 1451
f 1109 1451 415
f 1110 1451 1109
f 1122 747 1452
f 1411 1072 1452
f 1072 794 1452
f 1122 1452 794
f 746 1452 747
f 1411 1452 746
f 1123 1453 391
f 391 1453 640
f 1107 640 1453
f 1107 1453 1110
f 1124 1454 396
f 1454 1124 1455
f 396 1454 16
f 1455 16 1454
f 1124 17 1456
f 1124 1456 1455
f 17 16 1456
f 1455 1456 16
f 823 822 1457
f 1457 1125 823
f 1458 804 803
f 1459 1458 803
f 1460 1458 1459
f 804 1458 808
f 1461 809 805
f 1130 1461 805
f 1129 1462 1463
f 1131 1462 1129
f 1139 1140 1464
f 1464 812 811
f 1139 1464 811
f 823 439 1465
f 1133 1466 1135
f 1134 1138 1467
f 1467 1133 1134
f 1137 1467 1138
f 1133 1467 741
f 1136 741 1467
f 1136 1467 1137
f 1410 1468 813
f 813 1468 811
f 1141 811 1468
f 1141 1468 746
f 1411 1468 1410
f 1411 746 1468
f 1345 1344 1469
f 1470 1471 1472
f 1473 1474 1475
f 1476 1477 432
f 195 1477 1476
f 1478 432 814
f 432 1478 1476
f 1476 1478 1479
f 1480 1476 1479
f 195 1480 197
f 1476 1480 195
f 1150 816 1481
f 815 1481 816
f 1481 815 817
f 1150 1481 822
f 1457 822 1481
f 1125 1481 817
f 1457 1481 1125
f 1152 440 1482
f 190 1482 440
f 1346 1482 190
f 1347 1482 1346
f 1152 1483 1153
f 1483 1482 1347
f 1482 1483 1152
f 1191 1484 1192
f 1191 1155 1484
f 1485 1486 1487
f 1233 1488 1489
f 1488 1233 1232
f 1230 1490 1231
f 1490 1233 1489
f 1491 1492 1162
f 1160 1491 1162
f 1493 1184 1185
f 1494 1493 1188
f 1187 1493 1185
f 1187 1188 1493
f 1163 1495 871
f 880 1496 848
f 1229 472 1496
f 1229 1496 880
f 1497 1498 1499
f 1165 1166 1500
f 1501 1167 312
f 1167 1501 1168
f 1168 1501 448
f 1501 312 311
f 1501 446 448
f 446 1501 311
f 838 311 1502
f 1167 1502 311
f 1502 1167 838
f 838 1503 1504
f 1167 1503 838
f 449 1503 1167
f 1505 1506 1173
f 1173 1506 1172
f 1507 1508 1509
f 1510 1511 1512
f 1513 1512 1511
f 1514 1515 1516
f 1517 839 841
f 832 1518 452
f 1179 1518 832
f 1179 1180 1518
f 452 1518 1173
f 1173 1518 1505
f 1519 1520 1510
f 1510 1512 1521
f 1522 1510 1521
f 1180 1523 1524
f 1525 1526 1527
f 1525 1528 1526
f 1529 1530 1531
f 1532 1533 1534
f 1535 1533 1532
f 1530 1536 1531
f 1537 1536 1538
f 1186 1539 1187
f 1187 1539 872
f 1221 1539 1186
f 872 1539 1221
f 1189 853 1540
f 1189 1540 854
f 858 1540 853
f 854 1540 858
f 1208 1541 1542
f 1541 1197 1190
f 1190 852 1541
f 1542 1541 1543
f 1193 1544 1191
f 1156 1544 1487
f 1191 1544 1155
f 1155 1544 1156
f 851 1545 852
f 1546 1545 851
f 1189 1547 851
f 851 1547 1546
f 1547 1548 1546
f 1548 1545 1546
f 1202 1199 1549
f 1543 1549 1542
f 1202 1549 1543
f 1205 1549 1201
f 1542 1549 1208
f 1549 1205 1208
f 1196 1550 1210
f 1210 1550 1211
f 855 1550 1196
f 1198 1551 859
f 1206 859 1551
f 1551 1198 1213
f 1206 1551 1213
f 1218 1552 469
f 1207 1553 1554
f 1553 1207 1205
f 1209 1211 1555
f 1556 1557 1554
f 1558 1554 1557
f 1552 1557 1556
f 1218 1558 1557
f 1552 1218 1557
f 1213 1559 1560
f 1198 1559 1213
f 1558 1561 1554
f 1218 1561 1558
f 1207 1562 1208
f 1562 1559 1198
f 1559 1562 1563
f 1197 1562 1198
f 1564 1120 865
f 1214 1564 865
f 1119 1565 864
f 1215 1565 1119
f 863 864 1565
f 1215 863 1565
f 1218 1566 1567
f 1568 1569 1560
f 847 1570 1186
f 1222 1186 1570
f 847 461 1570
f 868 1570 461
f 1222 1570 868
f 868 1571 1221
f 1571 1572 1573
f 873 1571 1573
f 1224 1571 873
f 1223 1574 869
f 1224 869 1574
f 872 1221 1574
f 1223 872 1574
f 1571 1574 1221
f 1574 1571 1224
f 100 1575 3
f 1575 587 3
f 1226 1575 100
f 587 1575 1
f 1572 1576 1573
f 877 1577 1228
f 1230 878 1578
f 1230 1578 1579
f 870 1580 850
f 880 850 1580
f 875 1580 870
f 1580 875 1581
f 877 1580 1581
f 1233 1582 1234
f 1579 1582 1233
f 1583 1582 1579
f 1584 1230 1579
f 1233 1584 1579
f 1230 1584 1490
f 1490 1584 1233
f 1585 1586 1587
f 1588 976 975
f 972 1588 975
f 1239 1589 106
f 890 1590 486
f 22 1591 23
f 1242 23 1591
f 1591 22 60
f 1242 1591 887
f 510 1591 60
f 887 1591 510
f 1592 900 893
f 1246 1592 893
f 897 1592 1246
f 1593 1592 897
f 893 1594 1246
f 245 1595 308
f 1245 308 1595
f 1593 897 1595
f 897 899 1595
f 1245 1595 899
f 1250 499 1596
f 1250 1596 903
f 497 1596 498
f 903 1596 497
f 500 1597 905
f 1251 1597 500
f 1251 1254 1597
f 514 62 1598
f 514 1598 1252
f 1252 1598 1254
f 1598 1597 1254
f 1599 914 517
f 1257 1599 517
f 914 1599 579
f 1257 579 1599
f 1600 1259 527
f 527 264 1600
f 1259 1600 1261
f 263 1600 264
f 1261 1600 1601
f 1601 1600 263
f 1265 1602 523
f 1602 1265 532
f 524 523 1602
f 532 524 1602
f 1603 685 687
f 685 1603 686
f 689 1603 678
f 689 686 1603
f 1261 1601 1604
f 1604 1266 1261
f 681 1604 683
f 683 1604 921
f 1605 1606 361
f 361 1606 1065
f 1065 1606 720
f 720 1606 721
f 1271 1272 1607
f 1299 1608 550
f 1609 1610 1611
f 1612 1613 1614
f 1615 1274 927
f 1615 1616 1274
f 1322 1616 1321
f 1610 1617 1611
f 1618 1619 1620
f 1621 1622 1623
f 1621 1623 1620
f 889 1624 890
f 209 1625 21
f 1625 1277 21
f 1277 1625 209
f 1626 1627 1628
f 934 548 1629
f 1630 1629 548
f 1326 934 1629
f 1326 1629 1630
f 1286 1631 1283
f 1631 1284 1283
f 1632 1303 557
f 556 1632 557
f 1633 1632 556
f 1634 1632 1635
f 1635 1632 1633
f 1632 1636 1303
f 1632 1634 1636
f 1303 1636 1305
f 1637 1305 1636
f 935 1638 936
f 1639 1638 935
f 936 1638 1285
f 1285 1638 1639
f 1639 935 1640
f 1634 1635 1640
f 1639 1640 1635
f 1636 1640 1641
f 1636 1634 1640
f 1642 939 1288
f 1643 1642 1288
f 1644 1645 1646
f 1645 1644 1643
f 1647 1648 1294
f 1294 1648 1292
f 1292 1648 1649
f 940 1650 1651
f 1646 1652 1653
f 1645 1652 1646
f 1654 1643 1288
f 1654 1645 1643
f 1645 1654 1655
f 1639 1656 1285
f 1639 1635 1656
f 1657 1656 1635
f 1658 1295 87
f 1295 1658 1296
f 1294 1658 1647
f 1293 1659 1296
f 1659 1301 1296
f 562 1660 732
f 1297 1660 562
f 732 1660 84
f 941 560 1660
f 1297 941 1660
f 84 1660 952
f 559 1660 560
f 952 1660 559
f 1661 944 943
f 538 1662 539
f 937 1662 935
f 1663 1641 1662
f 1662 1287 539
f 1287 1662 937
f 1640 935 1662
f 1640 1662 1641
f 945 558 1664
f 1296 1664 558
f 1301 1664 1296
f 946 945 1664
f 1301 946 1664
f 948 1665 949
f 1304 1665 948
f 1665 1304 1305
f 1666 1665 1667
f 1666 949 1665
f 1309 1668 1651
f 1309 567 1668
f 1311 1669 1310
f 775 1669 426
f 1310 1669 775
f 1670 956 186
f 1312 1670 186
f 1312 1311 1671
f 1671 1672 957
f 956 1671 957
f 1670 1671 956
f 1671 1670 1312
f 571 572 1673
f 574 1674 88
f 961 88 1674
f 960 1674 574
f 1675 1674 960
f 961 1674 572
f 1675 572 1674
f 1676 960 573
f 960 1676 1675
f 362 1676 573
f 1677 1678 1679
f 1621 1680 1622
f 1622 1680 1681
f 1678 1680 1679
f 1678 1681 1680
f 1321 1682 1320
f 1616 1682 1321
f 93 1683 94
f 1683 93 916
f 1315 1683 916
f 1316 1684 1282
f 1684 1316 916
f 1319 1685 1320
f 1685 1319 963
f 1322 1320 1685
f 1322 1685 963
f 1617 1686 1611
f 963 962 1686
f 1323 969 1687
f 1688 962 964
f 1688 1686 962
f 1689 1688 964
f 1688 1689 1690
f 1691 1692 1693
f 1692 1694 1693
f 1690 1692 1691
f 1689 1692 1690
f 1694 1692 964
f 1692 1689 964
f 1318 1695 964
f 964 1695 1694
f 1317 1695 1319
f 1319 1695 1318
f 1326 1696 971
f 1684 1696 1282
f 1280 1282 1696
f 1696 1326 1630
f 1697 1588 972
f 1331 1698 844
f 1699 844 1698
f 844 305 1700
f 1330 1700 305
f 1700 1330 844
f 976 1701 1330
f 976 1702 1701
f 976 1703 1702
f 1334 1703 976
f 1334 1333 1703
f 976 1704 1333
f 1705 1704 976
f 317 1706 318
f 1707 1708 1709
f 1706 1710 1711
f 1577 1712 1228
f 800 1713 982
f 1335 1713 800
f 982 1713 1335
f 1336 1714 593
f 1336 982 1714
f 1714 592 593
f 592 1714 982
f 623 1715 995
f 1341 1715 623
f 1341 995 1715
f 1350 1716 1349
f 1343 1717 1339
f 1342 1339 1717
f 1345 1718 1347
f 1719 1720 1718
f 1348 1721 1350
f 1350 1721 1722
f 1342 1721 609
f 1348 609 1721
f 1721 1717 1722
f 1717 1721 1342
f 1351 1723 192
f 192 1723 190
f 1346 190 1723
f 1344 1346 1723
f 996 1724 1351
f 996 1349 1724
f 1723 1724 1344
f 1351 1724 1723
f 1002 1725 626
f 626 1725 1352
f 1002 991 1725
f 1352 1725 991
f 1355 1726 1015
f 1015 1726 138
f 1355 1017 1726
f 1726 1019 138
f 1019 1726 348
f 1017 345 1726
f 1018 1726 345
f 1018 348 1726
f 138 1727 139
f 1356 139 1727
f 1019 1727 138
f 1356 1727 1019
f 1357 1359 1728
f 1386 1728 1359
f 1368 1729 1362
f 1730 1729 1368
f 1729 1731 1363
f 1731 1729 1730
f 1732 1733 1369
f 1733 1731 1734
f 1731 1733 1735
f 1719 1736 1720
f 1737 1738 1719
f 1719 1738 1736
f 352 1739 353
f 1739 1372 353
f 1740 1741 1742
f 1376 1743 1373
f 1743 1374 1373
f 1744 1745 1746
f 1030 1747 1028
f 244 1748 241
f 241 1748 1381
f 488 1749 664
f 1381 1749 488
f 1749 1029 664
f 1750 1034 1032
f 1034 1750 1035
f 1751 1750 1032
f 1752 1750 1751
f 1753 1754 1755
f 1383 1756 1387
f 1757 1758 1759
f 1040 1760 1039
f 1393 1760 1040
f 1761 1396 1395
f 1396 1761 344
f 1394 1762 1395
f 1399 1395 1762
f 1394 149 1762
f 1399 1762 730
f 728 1762 149
f 730 1762 728
f 1065 1763 270
f 1404 1763 1065
f 269 270 1763
f 269 1763 268
f 268 1763 82
f 82 1763 1404
f 1069 1764 727
f 1406 1764 1069
f 727 1764 1067
f 1067 1764 725
f 1406 725 1764
f 1072 1765 793
f 1408 1765 1072
f 1408 1766 742
f 742 1766 1409
f 1409 1766 1408
f 151 1767 1074
f 1412 1074 1767
f 1412 1767 1078
f 737 1767 151
f 1768 1767 737
f 1417 1767 1768
f 1078 1767 1417
f 1414 1415 1769
f 1122 1769 747
f 1077 1769 1415
f 747 1769 1077
f 1414 1770 1123
f 1123 1770 1453
f 1110 1770 788
f 1453 1770 1110
f 738 1771 393
f 1413 393 1771
f 1074 1771 738
f 1412 1771 1074
f 1772 1773 1774
f 1424 1775 1087
f 1426 1087 1775
f 1774 1775 1772
f 1426 1775 1429
f 1429 1775 1774
f 1089 1776 762
f 1430 1776 1089
f 1772 1776 1773
f 1777 1144 1090
f 1091 1778 1090
f 1432 1778 1091
f 1093 1090 1778
f 1092 1093 1778
f 1092 1778 744
f 1432 744 1778
f 1096 1779 744
f 1434 1779 1096
f 744 1779 1408
f 1434 791 1779
f 1408 1779 1765
f 791 793 1779
f 1765 1779 793
f 1780 1436 1102
f 771 770 1780
f 767 1780 770
f 1435 1780 767
f 1435 1101 1780
f 1436 1780 1101
f 1781 1782 1115
f 1115 1782 1783
f 1784 1785 1786
f 1787 1785 1784
f 1444 1788 1445
f 1789 1788 1790
f 1788 1791 1790
f 1444 1791 1788
f 955 1792 569
f 1443 1792 955
f 569 1792 1447
f 955 1793 1443
f 1443 1793 1444
f 1446 1794 468
f 1794 1446 1447
f 1795 1796 1797
f 1798 1799 1447
f 1794 1799 468
f 1799 1794 1447
f 1797 1800 1795
f 1801 1450 1441
f 1450 1801 409
f 1451 1802 414
f 1802 786 414
f 1451 788 1802
f 786 1802 788
f 1803 1804 1460
f 1805 1803 1459
f 1459 1803 1460
f 1475 1806 1804
f 1474 1806 1475
f 1806 1474 1147
f 1462 1807 1463
f 1463 1807 1808
f 1140 1807 1462
f 1808 1807 1135
f 1135 1807 1134
f 1134 1807 1138
f 1140 1138 1807
f 810 1809 1131
f 1131 1809 1462
f 1462 1809 1140
f 1464 1140 1809
f 1132 437 1810
f 823 1810 437
f 1465 1810 823
f 1132 1810 1811
f 1812 1143 751
f 1133 1076 1813
f 1813 1466 1133
f 1144 1814 756
f 756 1814 751
f 1815 751 1814
f 1814 1816 1815
f 1737 1719 1817
f 1737 1817 1469
f 1469 1817 1345
f 195 194 1818
f 195 1818 1477
f 432 1818 194
f 1477 1818 432
f 1145 1819 814
f 1819 1478 814
f 1820 1821 1479
f 1821 1480 1479
f 1722 1822 1350
f 1716 1350 1822
f 1823 1822 1824
f 1369 1825 1732
f 1369 1153 1825
f 1483 1825 1153
f 1498 1826 1428
f 1827 1826 1498
f 1487 1828 1156
f 1486 1828 1487
f 1829 1830 1831
f 1495 1831 1830
f 201 398 1832
f 1832 199 201
f 199 1832 200
f 1833 1488 1232
f 1833 1160 1159
f 1488 1833 1489
f 1493 1834 1184
f 459 1834 398
f 1184 1834 459
f 1832 398 1834
f 474 1835 1164
f 1490 1835 1231
f 473 1835 474
f 1231 1835 473
f 1159 1161 1836
f 1836 1490 1489
f 1833 1836 1489
f 1836 1833 1159
f 1499 1837 1497
f 1838 1837 1499
f 1830 1829 1837
f 399 160 1839
f 1500 399 1839
f 1165 1839 160
f 1500 1839 1165
f 1840 1841 1773
f 1500 1840 1773
f 1500 1842 399
f 1842 1500 1773
f 1776 1842 1773
f 1776 1430 1842
f 1843 1844 1422
f 1843 1492 1844
f 1845 1846 1158
f 1503 1847 1504
f 1504 1847 838
f 1847 1176 838
f 450 1848 449
f 449 1848 1503
f 1503 1849 1850
f 1180 1524 1851
f 1851 1518 1180
f 1851 1506 1505
f 1518 1851 1505
f 1172 1852 1170
f 1853 1852 1172
f 1854 1508 1507
f 1710 1854 1507
f 1706 1854 1710
f 1855 317 316
f 316 24 1855
f 1856 1857 1849
f 1858 1857 1856
f 1858 1849 1857
f 837 1859 24
f 1850 1859 837
f 1858 1859 1849
f 1850 1849 1859
f 1860 450 451
f 450 1860 1861
f 1862 1863 1860
f 1861 1860 1863
f 1864 1865 1866
f 1862 1867 1863
f 1868 1867 1862
f 1866 1867 1864
f 1868 1864 1867
f 1511 1869 1870
f 1511 1870 1513
f 1511 1871 1869
f 1871 1528 1869
f 1520 1871 1510
f 1871 1511 1510
f 1515 1872 1873
f 1865 1864 1872
f 1515 1514 1872
f 1865 1872 1514
f 1515 1874 1516
f 840 1874 841
f 1516 1874 840
f 1874 1515 1873
f 1517 1875 839
f 1874 1873 1875
f 1875 1517 841
f 1874 1875 841
f 1876 1523 1180
f 1876 1180 1181
f 1527 1526 1877
f 1528 1878 1869
f 1528 1525 1878
f 1181 1879 1519
f 1880 1881 1882
f 1880 1882 1529
f 1880 1883 1881
f 1537 1884 1536
f 1880 1529 1884
f 1529 1531 1884
f 1536 1884 1531
f 1537 1538 1885
f 1886 1885 1538
f 1885 1884 1537
f 845 457 1885
f 845 1885 1886
f 1530 1887 1534
f 1530 1534 1888
f 1889 1538 1888
f 1536 1888 1538
f 1888 1536 1530
f 1177 1890 1178
f 1890 1177 846
f 1178 1890 1183
f 1183 1890 1889
f 845 1890 846
f 1886 1890 845
f 1890 1886 1538
f 1889 1890 1538
f 1183 1891 1892
f 1891 1533 1535
f 1892 1891 1535
f 1533 1893 1534
f 1891 1893 1533
f 1208 1894 1541
f 1541 1894 1197
f 1562 1894 1208
f 1562 1197 1894
f 1545 1895 852
f 1541 1895 1543
f 1541 852 1895
f 1545 1485 1896
f 1895 1896 1543
f 1545 1896 1895
f 1085 1897 1086
f 1085 1088 1897
f 1189 1086 1897
f 1547 1189 1897
f 1897 1426 1427
f 1426 1897 1088
f 1548 1547 1898
f 1898 1897 1427
f 1897 1898 1547
f 1428 1898 1427
f 1826 1898 1428
f 1548 1898 1827
f 1826 1827 1898
f 1545 1899 1485
f 1548 1899 1545
f 1486 1485 1899
f 1827 1899 1548
f 1199 1201 1900
f 1549 1900 1201
f 1900 1549 1199
f 1901 1206 1211
f 1550 1901 1211
f 1206 1901 857
f 857 1901 855
f 855 1901 1550
f 1556 1203 1902
f 1902 1552 1556
f 1556 1903 1203
f 1204 1203 1903
f 1556 1554 1903
f 1553 1903 1554
f 1204 1903 1205
f 1903 1553 1205
f 1212 1904 1211
f 1555 1211 1904
f 1560 1904 1213
f 1904 1212 1213
f 1905 1904 1569
f 1569 1904 1560
f 465 1906 463
f 1907 1906 465
f 1906 1214 463
f 1209 1908 1210
f 1907 1908 1209
f 465 1908 1907
f 1196 1908 465
f 1210 1908 1196
f 1907 1209 1909
f 1561 1910 1554
f 1561 1563 1910
f 1207 1554 1910
f 1910 1562 1207
f 1562 1910 1563
f 1218 1911 1561
f 1911 1218 1567
f 1561 1911 1563
f 1912 1564 1913
f 1913 785 1912
f 1564 1912 1120
f 1564 1914 1913
f 1915 1218 471
f 1218 1915 1566
f 1571 868 1916
f 1571 1916 1572
f 1575 1917 1
f 1918 1917 1919
f 1575 1226 1920
f 1227 1920 1226
f 1575 1920 1917
f 977 1920 1227
f 1572 1921 1576
f 1225 1921 1572
f 1917 1918 1921
f 1229 880 1922
f 1580 1922 880
f 473 1922 876
f 1229 1922 473
f 877 876 1922
f 1922 1580 877
f 1923 1582 1583
f 1234 1923 1237
f 1582 1923 1234
f 1587 1924 1585
f 1587 1925 1924
f 1926 1704 1927
f 1927 1928 1926
f 1705 976 1929
f 1704 1929 1927
f 1929 1704 1705
f 1930 1931 1932
f 1585 1931 1586
f 1933 1327 106
f 1327 1933 1328
f 203 1934 1239
f 1239 1934 1589
f 1935 1936 1937
f 1935 1938 1936
f 1939 1935 1937
f 1935 1940 1938
f 1931 1940 1932
f 1940 1931 1938
f 1941 1241 486
f 1590 1941 486
f 931 1942 890
f 1590 890 1942
f 901 900 1943
f 1592 1943 900
f 105 104 1943
f 901 1943 104
f 1592 1593 1943
f 1595 1943 1593
f 245 1943 1595
f 105 1943 106
f 245 106 1943
f 1246 1944 898
f 1594 1944 1246
f 898 1944 492
f 492 1944 893
f 893 1944 1594
f 1945 1596 499
f 1251 1945 1254
f 1251 498 1945
f 1596 1945 498
f 1253 1945 499
f 1254 1945 1253
f 905 1946 1255
f 1597 1946 905
f 1598 1946 1597
f 1255 1946 61
f 61 1946 62
f 1598 62 1946
f 1604 1947 1266
f 1266 1947 687
f 1947 1603 687
f 1603 1947 678
f 681 678 1947
f 1604 681 1947
f 921 1948 265
f 1604 1948 921
f 263 265 1948
f 1949 1950 1951
f 1325 1950 1949
f 1691 1693 1952
f 1953 1691 1952
f 1952 1954 1953
f 1955 1954 1693
f 1952 1693 1954
f 1956 1957 1958
f 1959 1960 1958
f 1667 1960 1666
f 1961 1960 1667
f 1627 1962 1628
f 1607 1963 1271
f 1271 1963 943
f 1665 1305 1964
f 1665 1964 1667
f 1961 1667 1964
f 1964 1962 1961
f 1608 1965 550
f 1960 1959 1966
f 1960 1966 1666
f 949 1966 950
f 1666 1966 949
f 1967 1968 1613
f 1614 1968 1677
f 1613 1968 1614
f 1609 1969 1612
f 1612 1969 1613
f 1609 1611 1969
f 1613 1969 1967
f 1686 1969 1611
f 1970 927 299
f 927 1970 1615
f 297 1970 299
f 1617 1610 1971
f 1616 1322 1972
f 1617 1972 1322
f 1973 1974 1975
f 1975 1976 1973
f 1974 1977 1975
f 1976 1975 1977
f 1973 1978 1618
f 1619 1618 1978
f 1976 1978 1973
f 1619 1978 1976
f 1619 1979 1620
f 929 1980 930
f 930 1980 1981
f 1981 1982 1983
f 1982 1984 1983
f 1984 1982 1985
f 1621 1620 1986
f 1979 1986 1620
f 1987 1986 1979
f 1680 1621 1986
f 1680 1986 1987
f 1988 1677 1679
f 1677 1988 1614
f 1614 1989 1612
f 1989 1609 1612
f 1982 1989 1985
f 1276 890 1990
f 1624 1990 890
f 1991 889 485
f 1991 1624 889
f 79 1991 485
f 78 1991 79
f 1992 1993 1955
f 1994 1995 1270
f 1996 1995 1994
f 1961 1997 1960
f 1962 1997 1961
f 1998 1995 1996
f 1995 1998 1270
f 1627 1999 2000
f 1996 1999 1627
f 1956 2001 2002
f 1992 2001 1956
f 1955 2001 1992
f 1693 2003 1955
f 1694 2003 1693
f 2004 1957 1956
f 1957 2004 2005
f 2002 2004 1956
f 2006 2004 1281
f 2007 1281 1280
f 1696 2008 1280
f 2008 1696 1630
f 1279 2009 548
f 1630 548 2009
f 2009 2008 1630
f 2010 1280 2009
f 2008 2009 1280
f 1648 1647 2011
f 1646 2012 1644
f 2013 1642 1643
f 2014 2013 1643
f 1673 572 2015
f 424 2016 364
f 2017 2018 2019
f 1649 2019 1292
f 2018 1292 2019
f 2017 2019 2020
f 2020 2021 2017
f 1653 2021 1646
f 2017 2021 1653
f 1658 87 2022
f 291 293 2022
f 1647 2022 293
f 1658 2022 1647
f 2023 1293 1296
f 1658 2023 1296
f 1293 2023 1294
f 1658 1294 2023
f 1659 2024 1301
f 555 2024 556
f 1301 2024 555
f 1656 2025 1655
f 1657 2025 1656
f 1645 1655 2025
f 2025 1652 1645
f 1652 2025 1653
f 2026 1653 2025
f 2024 2027 556
f 2026 2028 1653
f 1653 2028 2017
f 2017 2028 2018
f 2029 1636 1641
f 1636 2029 1637
f 1663 2029 1641
f 1661 2029 1663
f 1661 943 2029
f 2030 2029 943
f 2031 1662 538
f 1662 2031 1663
f 942 2031 538
f 942 944 2031
f 1661 2031 944
f 1661 1663 2031
f 1309 2032 568
f 568 2032 955
f 955 2032 2033
f 426 2034 1311
f 1669 2034 426
f 1311 2034 1669
f 2035 2036 2037
f 1117 2038 774
f 2039 2038 1117
f 2040 2041 1622
f 2040 965 2041
f 1681 2042 1622
f 2042 2040 1622
f 2040 2042 1681
f 1682 2043 1320
f 1315 2043 1683
f 1320 2043 1314
f 1314 2043 1315
f 2044 1682 1616
f 1615 2044 1616
f 971 2045 916
f 1684 916 2045
f 1696 2045 971
f 1684 2045 1696
f 1617 1322 2046
f 2046 1686 1617
f 1322 963 2046
f 1686 2046 963
f 1953 2047 1691
f 1690 1691 2047
f 2048 1690 2047
f 968 2049 969
f 2050 2051 2052
f 2053 1881 2054
f 2055 1331 1332
f 2055 1698 1331
f 2056 2057 2058
f 2053 2057 2056
f 1701 2059 1330
f 1330 2059 1332
f 2060 2061 1702
f 2061 1701 1702
f 2062 1937 2063
f 2062 2063 2064
f 2065 2066 2058
f 2065 2064 2066
f 2065 2058 2067
f 1704 2068 1333
f 1703 1333 2068
f 2068 2069 1703
f 2069 2068 2070
f 2071 2069 2070
f 1707 2072 1708
f 1711 2073 1706
f 1923 1583 2074
f 875 2075 1581
f 879 2075 875
f 2075 877 1581
f 2075 1577 877
f 2076 2077 1236
f 2076 1708 2077
f 1708 2078 1709
f 2076 2078 1708
f 2079 1712 1577
f 2075 2079 1577
f 2079 2080 1712
f 1469 2081 1737
f 2082 1483 1347
f 1483 2082 2083
f 2083 2082 1720
f 1469 1344 2084
f 1724 2084 1344
f 2081 1469 2084
f 2084 1724 1349
f 1716 2084 1349
f 2081 2084 1716
f 1728 2085 1357
f 2086 2085 1365
f 2087 1366 1365
f 2085 2087 1365
f 2085 1728 2087
f 1366 2087 1367
f 1386 1367 2087
f 1728 1386 2087
f 1364 2088 1365
f 2086 1365 2088
f 1361 2089 1363
f 2089 1361 1362
f 1731 2090 1734
f 2090 1731 1730
f 1368 1734 2090
f 1368 2090 1730
f 2091 1733 1732
f 1733 2091 1735
f 1734 2092 1733
f 1733 2092 1369
f 1368 2092 1734
f 1369 2092 1368
f 1473 2093 1471
f 2094 2095 2096
f 2097 2098 2094
f 1738 2099 1736
f 2100 1472 2101
f 1738 2101 1472
f 1738 1737 2101
f 2081 2101 1737
f 2100 2101 2081
f 1372 2102 1740
f 1739 2102 1372
f 1739 352 2102
f 2102 1741 1740
f 1374 2102 352
f 1743 2103 1374
f 2103 2102 1374
f 2102 2103 1741
f 1375 2104 1376
f 1743 1376 2104
f 1028 2104 1375
f 1747 2104 1028
f 2105 1744 1746
f 2106 2105 1746
f 1745 2107 1742
f 1745 1744 2107
f 1741 2108 1742
f 2108 1745 1742
f 2109 1748 244
f 1249 2109 244
f 2109 1390 1035
f 1390 2109 1249
f 1381 2110 2111
f 1749 1381 2111
f 1382 2111 2110
f 1029 2111 1382
f 1749 2111 1029
f 1747 1030 2112
f 1747 2112 2113
f 1382 2114 1030
f 2112 1030 2114
f 2112 2114 2115
f 2106 2116 2117
f 1751 2118 2119
f 2118 1751 1032
f 1031 2118 1032
f 1389 2118 1031
f 2120 2121 1752
f 2119 2122 1751
f 1751 2122 1752
f 2120 1752 2122
f 2119 2123 2122
f 1750 1752 2124
f 1750 2124 1035
f 1035 2124 2109
f 2109 2124 1748
f 1753 1385 2125
f 2125 1754 1753
f 1388 2126 2127
f 1756 2126 1387
f 2128 1383 1385
f 1383 2128 1756
f 1753 2128 1385
f 1756 2128 1753
f 1753 1755 2129
f 2130 2127 2131
f 1756 1753 2131
f 2129 2131 1753
f 2131 2129 2130
f 2126 2131 2127
f 2126 1756 2131
f 344 2132 1050
f 1761 2132 344
f 1050 2132 1395
f 2132 1761 1395
f 789 788 2133
f 1770 2133 788
f 1770 1414 2133
f 789 2133 1122
f 2133 1769 1122
f 1769 2133 1414
f 2134 1771 1412
f 1416 1415 2134
f 1413 2134 1415
f 1771 2134 1413
f 739 2134 1412
f 1416 2134 739
f 1775 2135 1772
f 1776 2135 762
f 1776 1772 2135
f 2135 1424 762
f 1424 2135 1775
f 1093 2136 1090
f 2136 1777 1090
f 1780 2137 771
f 2137 1780 1102
f 1103 771 2137
f 1103 2137 1102
f 2138 2139 2140
f 2139 2138 1783
f 1782 2141 1783
f 1785 2140 2142
f 2142 1789 1786
f 1785 2142 1786
f 2143 1787 2144
f 1783 2143 1115
f 2145 2146 2147
f 2148 2145 2147
f 1800 1797 2148
f 1909 2149 2150
f 1441 2151 2152
f 1791 1444 2153
f 1791 2153 1790
f 1793 2154 1444
f 2033 2154 955
f 955 2154 1793
f 2155 1799 1798
f 2155 466 468
f 1799 2155 468
f 2156 2155 2147
f 1800 2155 1798
f 466 2155 866
f 866 2155 2156
f 2155 2148 2147
f 2148 2155 1800
f 2157 1798 1447
f 1792 2157 1447
f 1795 2158 2159
f 1800 2158 1795
f 2158 1800 1798
f 2157 2158 1798
f 2159 2158 1445
f 1443 1445 2158
f 1443 2158 1792
f 2158 2157 1792
f 2160 1803 1805
f 1146 2161 1147
f 1147 2161 1806
f 820 2161 1146
f 2161 820 808
f 1132 2162 810
f 2162 1809 810
f 1811 2162 1132
f 1809 2162 1464
f 812 2162 1811
f 1464 2162 812
f 1815 2163 751
f 2163 1812 751
f 1814 1144 2164
f 1814 2164 2165
f 812 2166 813
f 2166 1431 813
f 2166 2167 1431
f 812 1811 2166
f 1814 2165 2168
f 2168 1816 1814
f 2169 1718 1345
f 1817 2169 1345
f 1718 2169 1719
f 1817 1719 2169
f 1145 2170 1819
f 1145 1147 2170
f 1474 2170 1147
f 1478 2171 1479
f 1819 2171 1478
f 1820 1479 2171
f 1821 2172 1343
f 1717 2172 1722
f 1343 2172 1717
f 1480 2173 197
f 1821 2173 1480
f 1343 2173 1821
f 444 2173 1343
f 197 2173 443
f 2173 444 443
f 2171 2174 1820
f 2100 2175 1472
f 2175 1470 1472
f 2175 1823 1470
f 1822 2176 1716
f 2081 1716 2176
f 2081 2176 2100
f 2175 2100 2176
f 2176 1822 1823
f 2175 2176 1823
f 1483 2083 2177
f 1483 2177 1825
f 1828 1486 2178
f 1156 2178 1158
f 1828 2178 1156
f 2178 1845 1158
f 1498 2179 1827
f 2180 1827 2179
f 1494 1188 2181
f 2182 1493 1494
f 1494 200 2182
f 2182 1834 1493
f 2183 2184 2185
f 2186 2187 2188
f 1495 2189 1831
f 1163 2189 1495
f 1831 2189 2185
f 2183 2185 2189
f 848 2189 849
f 849 2189 1163
f 1496 2189 848
f 2183 2189 1496
f 1235 2190 1232
f 1232 2190 1833
f 1835 2191 1164
f 1164 2191 2188
f 2188 2191 2186
f 1836 1161 2192
f 1836 2192 2186
f 2192 2187 2186
f 1836 2186 2193
f 2191 2193 2186
f 2193 2191 1835
f 1835 1490 2193
f 1836 2193 1490
f 1838 2194 1841
f 2194 1838 1499
f 1429 2194 1428
f 1420 399 2195
f 1842 2195 399
f 1430 1420 2195
f 2195 1842 1430
f 1845 2196 2197
f 2198 2196 2180
f 2178 2196 1845
f 1421 2199 1422
f 1843 1422 2199
f 1421 1158 2199
f 1846 2199 1158
f 2200 1845 2197
f 1845 2200 1846
f 2199 2200 1843
f 1846 2200 2199
f 1492 2201 1162
f 1843 2201 1492
f 2200 2201 1843
f 2201 2200 2202
f 1847 2203 1176
f 1503 2203 1847
f 1850 2203 1503
f 1176 2203 837
f 837 2203 1850
f 2204 1852 1853
f 321 2204 834
f 834 2204 1853
f 1170 2204 321
f 1852 2204 1170
f 2205 1706 317
f 1706 2205 1854
f 1854 2205 1508
f 1856 2206 24
f 1859 2207 24
f 1858 2207 1859
f 1856 24 2207
f 1858 1856 2207
f 2208 2209 2210
f 1509 2209 1507
f 1507 2209 2208
f 2211 1861 1863
f 1861 2211 450
f 1523 2212 1522
f 1876 2212 1523
f 1522 2212 1510
f 2212 1519 1510
f 1519 2212 1181
f 2212 1876 1181
f 1523 1522 2213
f 2213 2214 1523
f 1521 2213 1522
f 2214 2213 1873
f 1523 2215 1524
f 2214 2215 1523
f 456 2216 454
f 2216 2217 454
f 2218 2216 1182
f 2217 2216 2219
f 2216 2218 2219
f 842 2216 456
f 1182 2216 842
f 1181 2220 1879
f 1179 2220 1181
f 2220 1179 843
f 454 2220 843
f 2217 2220 454
f 2219 2220 2217
f 1879 2220 2219
f 1519 2221 1520
f 1879 2221 1519
f 1871 1520 2221
f 1871 2221 1528
f 1528 2221 1526
f 1877 1526 2221
f 1877 2221 2219
f 2221 1879 2219
f 2055 2222 1698
f 1892 2223 1527
f 1892 1535 2223
f 1527 2223 1525
f 2224 2218 1182
f 2218 2224 1892
f 1182 1183 2224
f 1892 2224 1183
f 1892 1527 2225
f 1892 2225 2218
f 1877 2225 1527
f 2218 2225 2219
f 2219 2225 1877
f 1530 1529 2226
f 2226 1887 1530
f 1893 2227 1534
f 2227 1888 1534
f 1888 2227 1889
f 1893 1891 2227
f 1889 2227 1183
f 1891 1183 2227
f 1544 2228 1487
f 2228 1485 1487
f 2228 1896 1485
f 1896 2228 1543
f 1543 2228 1202
f 2229 1899 1827
f 1899 2229 1486
f 2180 2229 1827
f 2180 1486 2229
f 2230 1904 1905
f 1904 2230 1555
f 2149 1909 2230
f 1555 2230 1209
f 1909 1209 2230
f 1914 2231 2232
f 2233 1909 2150
f 1568 1560 2234
f 1559 2234 1560
f 1568 2234 1567
f 1567 2234 1911
f 2234 1559 1563
f 1911 2234 1563
f 784 2235 785
f 1912 785 2235
f 1448 2235 784
f 2235 1448 1120
f 1912 2235 1120
f 2236 2146 2145
f 867 2236 470
f 1225 2237 18
f 868 18 2237
f 1916 868 2237
f 2237 1225 1572
f 1916 2237 1572
f 1917 2238 1919
f 1920 2238 1917
f 1919 2238 315
f 315 2238 977
f 977 2238 1920
f 2239 879 874
f 873 2239 874
f 2240 2241 1576
f 1921 1918 2240
f 1921 2240 1576
f 1225 1 2242
f 2242 1921 1225
f 1917 2242 1
f 1921 2242 1917
f 2243 1618 2244
f 2245 1973 1618
f 2243 2245 1618
f 884 2246 545
f 2246 481 545
f 2247 2248 2249
f 2249 2248 2250
f 1926 2251 2070
f 2070 2251 2071
f 2071 2251 2252
f 2252 2251 2253
f 1928 2254 1926
f 1697 2255 1588
f 1588 2255 976
f 2255 1929 976
f 1928 1927 2255
f 1929 2255 1927
f 2255 2256 1928
f 1931 1585 2257
f 1931 2257 1938
f 1933 2258 1328
f 1328 2258 2259
f 1589 2258 106
f 2258 1933 106
f 2051 2260 2052
f 1939 1937 2261
f 2261 2071 2252
f 2261 2252 2253
f 1939 2261 1935
f 931 928 2262
f 931 2262 1942
f 930 2262 928
f 1601 263 2263
f 1948 2263 263
f 1604 1601 2263
f 2263 1948 1604
f 1950 2264 2265
f 1950 2265 1951
f 1951 2265 1267
f 1267 2265 1270
f 1687 2264 2266
f 2266 1325 1323
f 1687 2266 1323
f 1687 2267 2264
f 2268 2267 1687
f 2264 2267 1994
f 1994 2267 2268
f 2268 2269 1994
f 1996 1994 2269
f 2268 1953 2269
f 1996 2269 1999
f 1999 2269 2000
f 1993 2270 1955
f 1954 1955 2270
f 1954 2270 1993
f 1954 2271 2000
f 1993 2271 1954
f 2272 1957 2005
f 2273 2272 2005
f 2272 1959 1958
f 1957 2272 1958
f 2273 1608 2272
f 2272 1966 1959
f 2030 943 2274
f 1963 2274 943
f 1626 2274 2275
f 2030 2274 1626
f 1607 2275 2274
f 2274 1963 1607
f 1637 2276 1305
f 1964 1305 2276
f 2029 2276 1637
f 2276 2029 2030
f 1626 1628 2276
f 1626 2276 2030
f 1962 2276 1628
f 1964 2276 1962
f 1273 2277 146
f 550 2277 1273
f 1965 2277 550
f 2273 2278 1608
f 2278 1965 1608
f 1969 2279 1967
f 2279 1969 1686
f 1688 1967 2279
f 1688 2279 1686
f 1971 2280 1617
f 1617 2280 1972
f 1274 2280 1275
f 1616 2280 1274
f 1972 2280 1616
f 1979 2281 1977
f 1619 2281 1979
f 1976 1977 2281
f 2281 1619 1976
f 1977 2282 1979
f 1974 2282 1977
f 1980 2283 1981
f 1982 1981 2283
f 1988 2284 1614
f 1988 1679 2284
f 2282 2284 1979
f 1980 2285 2283
f 2283 2285 1982
f 1624 2286 1990
f 1276 2286 1275
f 1990 2286 1276
f 927 1275 2286
f 1992 1956 2287
f 1992 2287 1993
f 1997 2288 1993
f 2000 2288 1627
f 2288 1962 1627
f 2288 1997 1962
f 1627 2289 1996
f 1998 1996 2289
f 1626 2289 1627
f 1268 2290 1269
f 1607 2290 2275
f 2289 2290 1998
f 2290 1272 1269
f 2290 1607 1272
f 2275 2290 1626
f 1626 2290 2289
f 2003 2291 1955
f 2002 2291 2003
f 2291 2001 1955
f 2001 2291 2002
f 2003 2292 2002
f 2293 2002 2292
f 1695 2292 1694
f 2003 1694 2292
f 2292 1695 1317
f 2293 2292 1317
f 1316 2294 1317
f 1317 2294 2293
f 1316 1282 2294
f 1281 2294 1282
f 2293 2294 1281
f 2004 2295 1281
f 2295 2004 2002
f 2296 2006 1281
f 2007 2296 1281
f 2006 2296 2007
f 1279 80 2297
f 721 2297 80
f 1606 2297 721
f 1606 1605 2297
f 2298 2007 1280
f 2007 2298 2006
f 290 2299 293
f 2299 1647 293
f 2299 2011 1647
f 2014 2300 2301
f 2012 2300 1644
f 1644 2300 1643
f 2014 1643 2300
f 2302 2014 2301
f 2302 2013 2014
f 939 2303 940
f 2303 1650 940
f 1642 2303 939
f 2013 2303 1642
f 1650 2303 2302
f 2302 2303 2013
f 2015 2304 1673
f 1673 2304 571
f 571 2304 290
f 1675 2305 572
f 2305 2015 572
f 1676 2305 1675
f 2305 1676 362
f 2305 2306 2015
f 570 2307 424
f 2016 424 2307
f 958 2307 570
f 2021 2020 2308
f 2308 2012 1646
f 2021 2308 1646
f 1656 2309 1285
f 2309 2310 1285
f 2309 1656 1655
f 2311 1291 1286
f 1291 2311 2310
f 1285 2311 1286
f 2310 2311 1285
f 2022 2312 291
f 86 292 2312
f 291 2312 292
f 86 2312 87
f 2022 87 2312
f 2027 2026 2313
f 2313 2025 1657
f 2025 2313 2026
f 1633 2313 1635
f 1657 1635 2313
f 1633 556 2313
f 2027 2313 556
f 1659 2314 2024
f 2314 2027 2024
f 2032 2315 2033
f 2315 2154 2033
f 2302 2301 2315
f 2316 2317 2035
f 958 2318 2307
f 957 2318 958
f 2319 2320 2037
f 2320 2319 2321
f 1787 2319 2144
f 2322 2323 968
f 968 970 2322
f 1678 2322 1681
f 1678 1677 2322
f 2323 2322 1677
f 1968 2324 1677
f 2324 2323 1677
f 2324 1968 1967
f 2325 1313 94
f 1683 2325 94
f 2043 2325 1683
f 2326 1970 297
f 2044 2326 1682
f 1970 2326 1615
f 2044 1615 2326
f 1313 2326 297
f 2047 2327 2048
f 2327 2049 2048
f 1687 2327 2268
f 2327 1687 969
f 2049 2327 969
f 2268 2327 1953
f 1953 2327 2047
f 2049 2328 2048
f 2329 2048 2328
f 968 2328 2049
f 2323 2328 968
f 2324 2328 2323
f 2324 2329 2328
f 2048 2330 1690
f 2329 2330 2048
f 1688 1690 2330
f 1688 2330 1967
f 2324 1967 2330
f 2324 2330 2329
f 2259 2331 1328
f 2331 972 1328
f 972 2331 1697
f 2053 2332 2333
f 2054 2332 2053
f 2061 2060 2334
f 2067 2058 2334
f 2057 2334 2058
f 2060 1702 2335
f 1703 2335 1702
f 2069 2335 1703
f 2067 2336 2065
f 2334 2336 2067
f 2068 2337 2070
f 2337 2068 1704
f 1926 2070 2337
f 1926 2337 1704
f 2062 2064 2338
f 2071 2339 2069
f 2340 2339 2071
f 2341 2340 2071
f 2261 2341 2071
f 2338 2341 2062
f 2340 2341 2338
f 2062 2341 1937
f 2261 1937 2341
f 2072 2342 2343
f 2072 2343 1708
f 2344 2345 1707
f 2346 2210 2347
f 2348 2346 2347
f 2346 2349 2350
f 2348 2347 2351
f 2348 2351 2352
f 318 2353 314
f 314 2353 315
f 315 2353 2073
f 1706 2353 318
f 2073 2353 1706
f 1923 2354 1237
f 2074 2354 1923
f 2073 1711 2355
f 2356 2355 1711
f 2073 2355 315
f 1919 315 2355
f 1918 1919 2355
f 2240 1918 2355
f 2355 2356 2241
f 2240 2355 2241
f 2357 2358 2350
f 2359 2350 2358
f 2359 2358 1711
f 2356 1711 2358
f 2079 2360 2080
f 2079 2075 2360
f 2361 2362 1709
f 2363 2080 2352
f 2080 2363 1712
f 2080 2364 2352
f 2364 2080 2349
f 2348 2352 2364
f 2346 2348 2364
f 2346 2364 2349
f 1718 2365 1347
f 1347 2365 2082
f 1718 1720 2365
f 2082 2365 1720
f 2366 2367 1360
f 2367 2366 2086
f 1357 2366 1360
f 2085 2366 1357
f 2085 2086 2366
f 2368 2088 1364
f 1363 2368 1364
f 1731 2368 1363
f 2368 1731 1735
f 2369 2367 2086
f 2088 2369 2086
f 1729 1363 2370
f 2089 2370 1363
f 1729 2370 1362
f 2370 2089 1362
f 2367 2371 1360
f 2372 2371 2373
f 2374 2375 2376
f 2377 2374 2376
f 2378 2377 2376
f 2377 2378 2379
f 2097 2378 2376
f 2380 2381 2379
f 2379 2381 2377
f 1471 2382 1472
f 2093 2382 1471
f 1472 2382 1738
f 2099 1738 2382
f 2093 2383 2384
f 2096 2384 2383
f 2384 2382 2093
f 2096 2095 2384
f 2099 2384 2095
f 2382 2384 2099
f 2094 2385 2097
f 2096 2385 2094
f 2378 2097 2385
f 2378 2385 2379
f 1736 2386 1720
f 2083 1720 2386
f 2097 2376 2387
f 2097 2387 2098
f 2103 2388 1741
f 1741 2388 2108
f 2115 2389 2112
f 2112 2389 2113
f 2116 2390 2117
f 2106 1746 2391
f 2391 2116 2106
f 2389 2391 1746
f 2389 2115 2391
f 1382 2392 2114
f 2121 2120 2392
f 2393 2118 1389
f 2119 2394 2123
f 2121 2395 1752
f 2395 2124 1752
f 2124 2395 1748
f 1381 2395 2110
f 1748 2395 1381
f 491 2396 50
f 1388 50 2396
f 1388 2396 2126
f 2129 1755 2397
f 2129 2397 1757
f 1757 1759 2398
f 1757 2398 2129
f 2129 2398 2130
f 2399 1389 2400
f 2136 2401 1777
f 2167 2401 1431
f 2136 1093 2401
f 1093 1094 2401
f 1431 2401 1094
f 2402 2403 2140
f 2403 2402 2404
f 2142 2140 2403
f 2142 2403 2404
f 2139 2405 2140
f 2405 2402 2140
f 2402 2406 2404
f 2404 2406 1796
f 2139 1783 2407
f 2141 2407 1783
f 2407 2408 2139
f 2408 2407 2141
f 1782 1781 2409
f 2409 2141 1782
f 2404 2410 2142
f 2142 2410 1789
f 2039 2411 2144
f 2144 2411 2143
f 2039 1117 2411
f 1117 1115 2411
f 2143 2411 1115
f 1785 2412 2140
f 2412 2138 2140
f 1785 1787 2412
f 2143 2412 1787
f 2138 2412 1783
f 2143 1783 2412
f 2413 867 866
f 2156 2413 866
f 867 2413 2236
f 2236 2413 2146
f 2156 2147 2413
f 2146 2413 2147
f 1569 2414 1905
f 2415 2414 1569
f 2414 2230 1905
f 2230 2414 2149
f 1440 785 2416
f 2151 2416 785
f 1440 2416 1441
f 1441 2416 2151
f 2232 2417 1914
f 2408 2417 2232
f 2408 2141 2417
f 2409 2417 2141
f 2418 2406 2402
f 2405 2418 2402
f 2153 2419 1790
f 2420 2160 1805
f 2420 2380 2379
f 1806 2421 1804
f 2161 2421 1806
f 1804 2421 1460
f 2161 808 2421
f 1458 2421 808
f 1460 2421 1458
f 2422 1465 2423
f 1465 439 2423
f 433 2423 439
f 2401 2424 1777
f 2167 2424 2401
f 2422 2424 2167
f 2422 2167 2425
f 2166 2425 2167
f 2166 1811 2425
f 2422 2425 1465
f 1810 2425 1811
f 2425 1810 1465
f 2170 2426 1819
f 2426 2171 1819
f 1821 1820 2427
f 2172 1821 2427
f 2174 2427 1820
f 1824 2427 2174
f 2172 2427 1722
f 1722 2427 1822
f 1822 2427 1824
f 1823 2428 1470
f 2426 1470 2428
f 2428 1823 1824
f 2174 2428 1824
f 2174 2171 2428
f 2426 2428 2171
f 2180 2429 1486
f 2178 1486 2429
f 2196 2429 2180
f 2196 2178 2429
f 1830 2430 2181
f 2181 2430 1494
f 2430 1838 1841
f 1830 2431 1495
f 2181 2431 1830
f 2181 1188 2431
f 1188 871 2431
f 1495 2431 871
f 1834 2432 1832
f 2182 2432 1834
f 1832 2432 200
f 2182 200 2432
f 2188 2433 1164
f 1164 2433 2184
f 2184 2434 1164
f 2184 2183 2434
f 1164 2434 472
f 2434 1496 472
f 1496 2434 2183
f 2188 2435 2436
f 2187 2435 2188
f 2202 2435 2187
f 2200 2197 2435
f 2200 2435 2202
f 2192 2437 2187
f 2187 2437 2202
f 1161 1162 2437
f 2192 1161 2437
f 2201 2437 1162
f 2437 2201 2202
f 1499 1498 2438
f 2438 2194 1499
f 1428 2438 1498
f 2194 2438 1428
f 1774 1773 2439
f 1841 2439 1773
f 2194 2439 1841
f 1774 2439 1429
f 2194 1429 2439
f 2440 2441 2442
f 2196 2198 2441
f 2441 2198 2443
f 2441 2443 2442
f 1497 2443 1498
f 1498 2443 2179
f 2198 2180 2443
f 2179 2443 2180
f 2205 2444 1508
f 1855 2444 317
f 2444 2205 317
f 1856 2444 2206
f 1855 24 2444
f 2206 2444 24
f 1868 2445 1864
f 2446 2445 1868
f 1872 1864 2445
f 2445 2215 2214
f 1868 1862 2447
f 2446 1868 2447
f 1860 2447 1862
f 1867 1866 2448
f 1867 2448 1863
f 2211 2449 450
f 2450 2449 2211
f 2451 2452 2453
f 840 2454 1516
f 2451 2454 840
f 2451 1516 2454
f 1516 2455 1514
f 1865 1514 2455
f 1521 1512 2456
f 2456 2213 1521
f 1875 2456 839
f 1875 1873 2456
f 2213 2456 1873
f 1851 1524 2457
f 2215 2457 1524
f 2447 2457 2446
f 2445 2446 2457
f 2445 2457 2215
f 1884 2458 1880
f 2459 2458 1884
f 1883 2458 2460
f 1883 1880 2458
f 2460 2458 2461
f 2461 2458 2459
f 844 2462 458
f 1699 2462 844
f 2459 1884 2462
f 2461 2462 1699
f 2459 2462 2461
f 1885 2462 1884
f 458 2462 457
f 1885 457 2462
f 1698 2463 1699
f 2222 2463 1698
f 1699 2463 2461
f 2461 2463 2460
f 1883 2463 1881
f 1883 2460 2463
f 2054 1881 2463
f 2464 1544 1193
f 1544 2464 2228
f 1193 1192 2464
f 1202 2464 1192
f 2228 2464 1202
f 1214 2465 1564
f 2231 2465 1214
f 1914 1564 2465
f 2231 1914 2465
f 1909 2466 1907
f 2466 1906 1907
f 2233 2466 1909
f 2408 2232 2467
f 2233 2408 2467
f 2231 2467 2232
f 1915 2468 1566
f 2469 1566 2468
f 2469 2468 2236
f 1566 2470 1567
f 2469 2470 1566
f 2236 2470 2469
f 2236 2145 2470
f 2241 2471 2239
f 2356 2471 2241
f 2358 2471 2356
f 2241 2472 1576
f 2239 2472 2241
f 2239 873 2472
f 873 1573 2472
f 1576 2472 1573
f 2052 2473 2474
f 2247 2475 2476
f 2475 2477 2476
f 1587 2478 1925
f 1925 2478 2479
f 2479 2478 1587
f 2243 2480 1925
f 2244 2480 2243
f 2249 2481 2482
f 2482 2481 2479
f 2246 884 2483
f 2484 2474 2473
f 2251 2485 2253
f 2485 2251 1926
f 2254 2485 1926
f 2052 2486 2050
f 2255 1697 2487
f 2255 2487 2256
f 2051 2050 2487
f 2051 2487 1697
f 2486 2487 2050
f 2487 2486 2256
f 1934 2488 1589
f 1589 2488 2258
f 2489 2490 2260
f 2488 2490 2489
f 2490 2488 2491
f 2253 2492 2261
f 2261 2492 1935
f 1940 2492 1932
f 1940 1935 2492
f 1981 2493 930
f 1270 2494 1994
f 2265 2494 1270
f 2264 1994 2494
f 2265 2264 2494
f 1950 2495 2264
f 2266 2264 2495
f 2495 1950 1325
f 2266 2495 1325
f 1954 2496 1953
f 2269 1953 2496
f 1954 2000 2496
f 2272 1608 2497
f 2272 2497 1966
f 1300 2497 1299
f 1608 1299 2497
f 2497 1300 950
f 1966 2497 950
f 2498 2277 1965
f 2278 2498 1965
f 2277 2498 146
f 361 146 2498
f 2278 361 2498
f 2499 2500 1974
f 2500 2282 1974
f 2500 1984 1985
f 1984 2500 2499
f 1989 2500 1985
f 2500 2284 2282
f 1989 1614 2501
f 2284 2501 1614
f 2500 1989 2501
f 2500 2501 2284
f 2284 1679 2502
f 1680 2502 1679
f 2502 1680 1987
f 1979 2502 1987
f 2284 2502 1979
f 2280 1971 2503
f 2503 2285 1980
f 1971 1610 2503
f 2285 2503 1610
f 929 2503 1980
f 1609 2504 1610
f 2285 1610 2504
f 1989 2504 1609
f 1982 2504 1989
f 2285 2504 1982
f 1991 2505 1624
f 2505 1991 78
f 536 2505 78
f 927 2505 536
f 2506 1997 1993
f 2287 2506 1993
f 1960 2506 1958
f 1997 2506 1960
f 1956 1958 2506
f 2287 1956 2506
f 2288 2000 2507
f 2288 2507 1993
f 2271 2507 2000
f 1993 2507 2271
f 1268 2508 2290
f 2290 2508 1998
f 2508 1268 1270
f 1998 2508 1270
f 2295 2509 1281
f 2509 2295 2002
f 1281 2509 2293
f 2293 2509 2002
f 2004 2510 2005
f 2510 2004 2006
f 2511 1605 361
f 2278 2511 361
f 2273 2005 2511
f 2273 2511 2278
f 2512 2298 1280
f 2010 2512 1280
f 2297 2512 1279
f 2512 2009 1279
f 2009 2512 2010
f 2513 2304 2015
f 2306 2513 2015
f 2514 2515 2513
f 2513 2515 2304
f 2516 2309 1655
f 1654 2516 1655
f 1654 1288 2516
f 2314 2517 2027
f 1293 2517 1659
f 2314 1659 2517
f 2018 2517 1292
f 1292 2517 1293
f 1309 1651 2518
f 1650 2518 1651
f 2518 2032 1309
f 2032 2518 2315
f 2302 2518 1650
f 2315 2518 2302
f 2153 1444 2519
f 2154 2519 1444
f 2419 2520 2521
f 2522 2036 2035
f 2317 2522 2035
f 2038 2522 774
f 2036 2522 2039
f 2039 2522 2038
f 2036 2523 2037
f 2319 2037 2523
f 2319 2523 2144
f 2523 2039 2144
f 2039 2523 2036
f 2419 2524 1790
f 2419 2521 2524
f 2321 2524 2521
f 1790 2524 1789
f 1789 2524 1786
f 2322 970 2525
f 965 2525 970
f 2040 2525 965
f 2040 1681 2525
f 2322 2525 1681
f 2043 1682 2526
f 2325 2043 2526
f 2325 2526 1313
f 2526 2326 1313
f 2326 2526 1682
f 2258 2527 2259
f 2527 2331 2259
f 1697 2527 2051
f 2331 2527 1697
f 2260 2527 2489
f 2051 2527 2260
f 2488 2489 2527
f 2488 2527 2258
f 2055 2333 2528
f 2222 2055 2528
f 2055 2529 2333
f 2055 1332 2529
f 2059 2529 1332
f 2529 2059 1701
f 2061 2529 1701
f 2530 2053 2333
f 2531 2530 2333
f 2053 2530 2057
f 2531 2057 2530
f 2334 2532 2061
f 2533 2335 2069
f 2335 2533 2534
f 2339 2533 2069
f 2533 2339 2340
f 2065 2533 2064
f 2338 2064 2533
f 2338 2533 2340
f 2336 2535 2065
f 2535 2533 2065
f 2533 2535 2534
f 2335 2536 2060
f 2536 2335 2534
f 2334 2060 2536
f 2336 2334 2536
f 2535 2536 2534
f 2535 2336 2536
f 2072 2537 2342
f 1707 2537 2072
f 2345 2537 1707
f 2208 2538 1507
f 2350 2538 2346
f 2210 2538 2208
f 2346 2538 2210
f 2351 2347 2539
f 2539 2540 2351
f 2352 2540 2541
f 2351 2540 2352
f 1712 2542 1228
f 2543 2542 1712
f 2074 1583 2542
f 2543 2074 2542
f 1228 2542 878
f 1578 878 2542
f 1583 1579 2542
f 1578 2542 1579
f 2076 1236 2544
f 1236 1237 2544
f 2354 2544 1237
f 2074 2361 2545
f 2354 2074 2545
f 2361 1709 2545
f 2544 2545 2076
f 2354 2545 2544
f 2078 2545 1709
f 2078 2076 2545
f 2360 2546 2080
f 2080 2546 2349
f 2546 2357 2350
f 2349 2546 2350
f 2362 2361 2547
f 2362 2547 2541
f 2541 2547 2352
f 2547 2363 2352
f 2074 2547 2361
f 2543 2547 2074
f 1712 2547 2543
f 2363 2547 1712
f 2369 2088 2548
f 1735 2548 2368
f 2368 2548 2088
f 2549 2548 1735
f 2369 2548 2550
f 2550 2548 2549
f 2091 1732 2551
f 2091 2551 2552
f 2550 2373 2553
f 2371 2553 2373
f 2553 2371 2367
f 2369 2553 2367
f 2369 2550 2553
f 2094 2554 2095
f 2098 2554 2094
f 2375 2555 2376
f 2555 2387 2376
f 2550 2556 2373
f 2549 2556 2550
f 2387 2557 2098
f 2388 2558 2113
f 1747 2113 2558
f 2558 2104 1747
f 2104 2558 1743
f 2103 1743 2558
f 2388 2103 2558
f 2108 2559 1745
f 2388 2559 2108
f 2113 2559 2388
f 1745 2559 1746
f 2559 2389 1746
f 2389 2559 2113
f 2114 2560 2115
f 2392 2560 2114
f 2118 2561 2119
f 2393 2561 2118
f 2561 2394 2119
f 2394 2561 2393
f 2562 2394 2393
f 2400 2562 2399
f 2130 2562 2127
f 2562 2400 2127
f 2563 2564 2116
f 1758 2564 1759
f 2390 2564 1758
f 2116 2564 2390
f 2394 2565 2123
f 2564 2565 1759
f 2564 2563 2565
f 2565 2566 2123
f 2566 2565 2563
f 2395 2567 2110
f 2395 2121 2567
f 2392 2567 2121
f 1382 2110 2567
f 2567 2392 1382
f 2126 2568 1387
f 2396 2568 2126
f 2396 491 2568
f 490 2568 491
f 2568 490 892
f 892 1367 2568
f 1387 2568 1367
f 2400 2569 2127
f 2127 2569 1388
f 2400 1389 2569
f 1389 1388 2569
f 1796 2570 1797
f 2406 2570 1796
f 2409 1781 2571
f 1801 1441 2571
f 2152 2571 1441
f 2409 2571 2152
f 1795 2159 2572
f 1796 1795 2572
f 1796 2572 2404
f 2404 2572 2410
f 1445 2572 2159
f 1788 2572 1445
f 1788 1789 2572
f 2410 2572 1789
f 1914 2573 1913
f 1913 2573 785
f 2573 2151 785
f 2151 2573 2152
f 2418 2405 2574
f 2150 2574 2233
f 2149 2574 2150
f 2418 2574 2149
f 2420 1805 2575
f 2420 2575 2380
f 2576 2420 2379
f 2385 2576 2379
f 2383 2576 2096
f 2576 2385 2096
f 1473 1475 2577
f 2577 2093 1473
f 2093 2577 2383
f 2163 1815 2578
f 2163 2578 1812
f 1812 2578 1143
f 1143 2578 433
f 433 2578 2423
f 2424 2579 1777
f 1777 2579 1144
f 2164 2579 2424
f 2164 1144 2579
f 2164 2580 2165
f 2424 2580 2164
f 2168 2165 2580
f 2424 2422 2580
f 2168 2580 1816
f 1816 2580 1815
f 2578 1815 2580
f 2423 2580 2422
f 2578 2580 2423
f 2426 2170 2581
f 1473 2581 1474
f 1474 2581 2170
f 1471 2581 1473
f 2581 1471 1470
f 2426 2581 1470
f 2430 2582 1494
f 1166 200 2582
f 1494 2582 200
f 1500 1166 2582
f 1840 1500 2582
f 1840 2582 1841
f 2582 2430 1841
f 2583 1837 1838
f 2430 2583 1838
f 1837 2583 1830
f 1830 2583 2430
f 1837 1829 2584
f 1829 1831 2584
f 2185 2584 1831
f 2184 2584 2185
f 2440 2584 2184
f 2435 2197 2585
f 2435 2585 2436
f 2196 2585 2197
f 2441 2585 2196
f 2586 2441 2440
f 2585 2586 2436
f 2441 2586 2585
f 2188 2436 2586
f 2433 2188 2586
f 2433 2586 2184
f 2184 2586 2440
f 2214 1873 2587
f 2587 2445 2214
f 1872 2587 1873
f 2445 2587 1872
f 834 2588 835
f 1860 2588 2447
f 835 2588 451
f 1860 451 2588
f 1508 2589 1509
f 2589 2449 2450
f 2589 2209 1509
f 2209 2589 2450
f 2211 1863 2590
f 2448 2590 1863
f 2591 1848 450
f 2449 2591 450
f 1503 2591 1849
f 1848 2591 1503
f 2451 840 2592
f 2592 2452 2451
f 2451 2593 1516
f 2455 1516 2593
f 1865 2594 1866
f 2594 2448 1866
f 2448 2594 2595
f 2596 2597 2342
f 2596 2453 2597
f 2342 2598 2596
f 2596 2598 2599
f 2537 2598 2342
f 2598 2537 2345
f 2345 2344 2598
f 2599 2600 2596
f 2601 2600 2599
f 2596 2600 2453
f 2209 2602 2210
f 2210 2602 2347
f 2603 2539 2604
f 2605 2456 1512
f 2456 2605 839
f 839 2605 2606
f 2606 2605 1513
f 1513 2605 1512
f 1851 2607 1506
f 2457 2607 1851
f 1506 2607 1172
f 2447 2607 2457
f 2588 2607 2447
f 2463 2608 2054
f 2608 2463 2222
f 2528 2608 2222
f 2466 2609 1906
f 1906 2609 1214
f 2231 1214 2609
f 2231 2609 2467
f 2466 2233 2609
f 2467 2609 2233
f 1915 471 2610
f 1915 2610 2468
f 470 2610 471
f 2236 2610 470
f 2468 2610 2236
f 2470 2145 2611
f 1569 2611 2415
f 1568 2611 1569
f 1568 1567 2611
f 2470 2611 1567
f 2075 879 2612
f 2360 2075 2612
f 2239 2612 879
f 2471 2612 2239
f 2546 2612 2357
f 2546 2360 2612
f 2358 2357 2612
f 2612 2471 2358
f 2248 2247 2613
f 2613 2474 2248
f 2474 2614 2052
f 2614 2486 2052
f 1931 2615 1586
f 1930 2615 1931
f 1587 1586 2615
f 2475 2616 2477
f 1930 2616 2615
f 2615 2616 2475
f 2247 2249 2617
f 2482 2617 2249
f 2475 2247 2617
f 2482 2479 2617
f 2615 2475 2617
f 2618 2245 2243
f 2481 2618 2479
f 2618 2243 1925
f 2479 2618 1925
f 2250 2619 2249
f 2619 2481 2249
f 1942 2620 1590
f 2621 2620 1942
f 2483 884 2620
f 2621 2622 2620
f 2483 2620 2622
f 2262 2623 1942
f 2623 2621 1942
f 2262 2624 2623
f 2621 2623 2622
f 2483 2622 2625
f 2483 2625 2246
f 2625 203 202
f 2474 2626 2248
f 2484 2626 2474
f 2485 2627 2253
f 2492 2627 1932
f 2253 2627 2492
f 2616 2627 2477
f 1930 1932 2627
f 2627 2616 1930
f 2490 2628 2260
f 2052 2628 2473
f 2260 2628 2052
f 2473 2628 2484
f 2491 2629 2490
f 2629 2628 2490
f 2629 2623 2624
f 2630 2262 930
f 2493 2630 930
f 2262 2630 2624
f 2493 2624 2630
f 1983 2631 1981
f 1981 2631 2493
f 1984 2631 1983
f 2269 2632 2000
f 2496 2000 2632
f 2496 2632 2269
f 2280 2633 1275
f 2503 2633 2280
f 929 1275 2633
f 2633 2503 929
f 2634 2286 1624
f 2505 2634 1624
f 2286 2634 927
f 2505 927 2634
f 2512 2635 2298
f 2512 2297 2635
f 2298 2635 2006
f 2297 1605 2635
f 2511 2635 1605
f 2635 2510 2006
f 2511 2005 2635
f 2510 2635 2005
f 2016 2636 364
f 2636 2513 364
f 2513 2637 364
f 2637 2513 2306
f 364 2637 362
f 362 2637 2305
f 2637 2306 2305
f 1648 2638 1649
f 2639 2638 1648
f 2638 2019 1649
f 2514 2640 2515
f 2307 2640 2514
f 2318 2640 2307
f 2299 290 2641
f 2299 2641 2011
f 2309 2642 2310
f 2516 2642 2309
f 2310 2642 1291
f 2516 1288 2642
f 938 2642 1288
f 1291 2642 938
f 2028 2643 2018
f 2643 2517 2018
f 2643 2028 2026
f 2027 2643 2026
f 2517 2643 2027
f 2519 2644 2153
f 2419 2153 2644
f 2520 2419 2644
f 2321 2645 2320
f 2645 2321 2521
f 2520 2645 2521
f 2522 2646 774
f 1311 774 2646
f 1672 2646 957
f 1671 2646 1672
f 1671 1311 2646
f 957 2646 2317
f 2522 2317 2646
f 2319 2647 2321
f 2647 2524 2321
f 1787 1784 2647
f 2319 1787 2647
f 1784 1786 2647
f 2524 2647 1786
f 2332 2648 2333
f 2528 2333 2648
f 2648 2608 2528
f 2332 2054 2648
f 2608 2648 2054
f 2333 2649 2531
f 2529 2649 2333
f 2061 2649 2529
f 2532 2649 2061
f 2531 2650 2057
f 2650 2334 2057
f 2650 2532 2334
f 2649 2650 2531
f 2650 2649 2532
f 1710 1507 2651
f 2538 2651 1507
f 1711 1710 2651
f 1711 2651 2359
f 2359 2651 2350
f 2350 2651 2538
f 2652 2344 1707
f 2652 2540 2344
f 1709 2652 1707
f 2362 2652 1709
f 2541 2652 2362
f 2540 2652 2541
f 2540 2653 2344
f 2653 2540 2539
f 2598 2344 2653
f 2603 2653 2539
f 2603 2598 2653
f 2552 2654 2091
f 2091 2654 1735
f 2549 1735 2654
f 1825 2655 1732
f 2551 1732 2655
f 2177 2083 2655
f 2177 2655 1825
f 2386 2655 2083
f 2095 2656 2099
f 2554 2656 2095
f 2099 2656 1736
f 2656 2386 1736
f 2557 2657 2552
f 2556 2549 2657
f 2657 2654 2552
f 2654 2657 2549
f 2658 2554 2098
f 2557 2658 2098
f 2551 2658 2552
f 2552 2658 2557
f 2555 2659 2387
f 2387 2659 2557
f 2657 2659 2556
f 2557 2659 2657
f 2560 2660 2115
f 2391 2115 2660
f 2391 2660 2116
f 2563 2116 2660
f 2566 2563 2660
f 2566 2660 2560
f 2562 2661 2399
f 2393 2661 2562
f 2399 2661 1389
f 2393 1389 2661
f 2566 2560 2662
f 2392 2120 2662
f 2560 2392 2662
f 2566 2662 2123
f 2122 2662 2120
f 2123 2662 2122
f 2663 2565 2394
f 2398 2663 2130
f 2398 1759 2663
f 2565 2663 1759
f 2562 2130 2663
f 2562 2663 2394
f 2570 2406 2664
f 2570 2664 1797
f 2611 2664 2415
f 2414 2415 2664
f 2571 1781 2665
f 2571 2665 1801
f 1801 2665 409
f 1115 2665 1781
f 409 2665 777
f 1115 777 2665
f 2417 2666 1914
f 2666 2573 1914
f 2573 2666 2152
f 2152 2666 2409
f 2666 2417 2409
f 2408 2667 2139
f 2667 2405 2139
f 2667 2574 2405
f 2233 2667 2408
f 2574 2667 2233
f 2577 1475 2668
f 1804 2668 1475
f 1803 2668 1804
f 2160 2668 1803
f 2576 2669 2420
f 2668 2669 2577
f 2576 2383 2669
f 2577 2669 2383
f 2420 2669 2160
f 2668 2160 2669
f 2440 2442 2670
f 2584 2440 2670
f 2584 2670 1837
f 1837 2670 1497
f 2443 1497 2670
f 2443 2670 2442
f 2589 1508 2671
f 2671 2444 1856
f 2444 2671 1508
f 1849 2671 1856
f 2591 2671 1849
f 2589 2671 2449
f 2591 2449 2671
f 2672 2450 2211
f 2590 2672 2211
f 2448 2672 2590
f 2450 2672 2209
f 2672 2602 2209
f 2673 2451 2453
f 2451 2673 2593
f 2600 2673 2453
f 2673 2600 2601
f 2593 2673 2455
f 2455 2674 1865
f 2674 2594 1865
f 2673 2674 2455
f 2601 2599 2675
f 2675 2673 2601
f 1853 1172 2676
f 2607 2676 1172
f 1853 2676 834
f 2588 834 2676
f 2676 2607 2588
f 2613 2677 2474
f 2614 2474 2677
f 2247 2476 2677
f 2613 2247 2677
f 2477 2677 2476
f 2677 2477 2678
f 2486 2677 2678
f 2614 2677 2486
f 2615 2679 1587
f 2617 2679 2615
f 2479 1587 2679
f 2617 2479 2679
f 1241 2680 883
f 1941 2680 1241
f 883 2680 884
f 2680 2620 884
f 1941 1590 2680
f 2620 2680 1590
f 1934 203 2681
f 2625 2681 203
f 2681 2488 1934
f 2488 2681 2491
f 2491 2681 2622
f 2625 2622 2681
f 2246 2682 481
f 2625 2682 2246
f 481 2682 202
f 202 2682 2625
f 2485 2254 2683
f 2254 1928 2683
f 2256 2683 1928
f 2678 2683 2486
f 2486 2683 2256
f 2477 2683 2678
f 2622 2684 2491
f 2684 2629 2491
f 2623 2684 2622
f 2629 2684 2623
f 2628 2685 2484
f 2629 2685 2628
f 2686 2631 1984
f 2493 2687 2624
f 2624 2687 2629
f 2687 2685 2629
f 2513 2688 2514
f 2636 2688 2513
f 2636 2016 2688
f 2688 2307 2514
f 2307 2688 2016
f 2019 2689 2020
f 2638 2689 2019
f 2640 2690 2316
f 2317 2690 957
f 2690 2317 2316
f 2641 2691 2011
f 2011 2691 1648
f 2691 2639 1648
f 2304 2692 290
f 2692 2641 290
f 2308 2020 2693
f 2308 2693 2012
f 2315 2694 2154
f 2154 2694 2519
f 2640 2316 2695
f 2035 2037 2695
f 2316 2035 2695
f 2320 2695 2037
f 2645 2695 2320
f 2656 2696 2386
f 2696 2655 2386
f 2656 2554 2696
f 2658 2696 2554
f 2655 2696 2551
f 2658 2551 2696
f 2556 2697 2373
f 2659 2697 2556
f 2372 2373 2697
f 2659 2555 2697
f 2697 2698 2372
f 2698 2697 2375
f 2555 2375 2697
f 2664 2699 1797
f 2148 1797 2699
f 2148 2699 2145
f 2611 2145 2699
f 2699 2664 2611
f 2664 2700 2414
f 2414 2700 2149
f 2418 2149 2700
f 2418 2700 2406
f 2664 2406 2700
f 2448 2595 2701
f 2701 2672 2448
f 2675 2599 2702
f 2598 2702 2599
f 2603 2702 2598
f 2595 2703 2604
f 2604 2703 2603
f 2675 2703 2673
f 2703 2702 2603
f 2702 2703 2675
f 2674 2673 2703
f 2594 2703 2595
f 2674 2703 2594
f 2627 2485 2704
f 2683 2704 2485
f 2627 2704 2477
f 2704 2683 2477
f 1973 2705 1974
f 2619 2705 2481
f 2705 2619 2250
f 2631 2706 2493
f 2493 2706 2687
f 2685 2706 2484
f 2687 2706 2685
f 2318 2707 2640
f 2690 2640 2707
f 2707 2318 957
f 2690 2707 957
f 2645 2708 2695
f 2691 2708 2639
f 2638 2639 2708
f 2693 2709 2012
f 2709 2693 2644
f 2519 2710 2644
f 2694 2710 2519
f 2710 2709 2644
f 2709 2710 2694
f 2672 2711 2602
f 2701 2711 2672
f 2602 2711 2347
f 2604 2711 2595
f 2701 2595 2711
f 2711 2539 2347
f 2539 2711 2604
f 2499 1974 2712
f 2705 2712 1974
f 2499 2712 1984
f 2712 2686 1984
f 2705 2250 2712
f 1973 2713 2705
f 2705 2713 2481
f 2712 2250 2714
f 2712 2714 2686
f 2686 2714 2631
f 2706 2631 2714
f 2248 2714 2250
f 2626 2714 2248
f 2626 2484 2714
f 2706 2714 2484
f 2645 2520 2715
f 2300 2716 2301
f 2716 2709 2694
f 2300 2012 2716
f 2709 2716 2012
f 2315 2301 2716
f 2694 2315 2716
f 2618 2717 2245
f 2245 2717 1973
f 1973 2717 2713
f 2618 2481 2717
f 2713 2717 2481
f 2718 2708 2645
f 2715 2718 2645
f 2708 2718 2638
f 2689 2638 2718
f 2689 2718 2715
f 2715 2520 2719
f 2644 2719 2520
f 2693 2719 2644
f 2693 2020 2719
f 2689 2719 2020
f 2715 2719 2689
f 2720 2640 2721
f 2695 2721 2640
f 2708 2721 2695
f 2708 2691 2721
f 2691 2641 2721
f 2720 2721 2641
f 2515 2722 2304
f 2692 2304 2722
f 2640 2722 2515
f 2720 2722 2640
f 2692 2722 2641
f 2641 2722 2720
f 1200 2597 1201
f 1902 2597 1552
f 1267 1269 2597
f 1651 2597 940
f 1155 1422 2597
f 2606 1513 2597
f 467 466 2597
f 1882 2597 1529
f 1325 1949 2597
f 1491 1160 2597
f 1951 1267 2597
f 540 2597 1269
f 565 2597 567
f 1631 2597 1284
f 839 2597 840
f 1833 2597 1160
f 1201 2597 1203
f 1220 470 2597
f 1623 2597 1620
f 938 2597 1290
f 1446 467 2597
f 1844 1492 2597
f 2190 2597 1833
f 2066 2064 2597
f 470 469 2597
f 2063 2597 2064
f 540 539 2597
f 1325 2597 967
f 1936 1938 2597
f 938 940 2597
f 565 564 2597
f 1668 567 2597
f 1286 1290 2597
f 1484 1155 2597
f 1878 1525 2597
f 1235 1236 2597
f 1887 2597 1534
f 965 967 2597
f 1620 2597 1618
f 2452 2597 2453
f 2077 1708 2597
f 2343 2597 1708
f 1870 2597 1513
f 1534 2597 1532
f 1200 1192 2597
f 1220 2597 466
f 2041 965 2597
f 2226 2597 1887
f 1924 1925 2597
f 1284 2597 539
f 2056 2597 2053
f 2257 2597 1938
f 1446 2597 564
f 1484 2597 1192
f 1491 2597 1492
f 2606 2597 839
f 1535 1532 2597
f 1552 2597 469
f 1951 2597 1949
f 1623 1622 2597
f 1631 1286 2597
f 1668 2597 1651
f 2053 2597 1881
f 1844 2597 1422
f 2592 2597 2452
f 1870 1869 2597
f 1878 2597 1869
f 1882 1881 2597
f 2223 1535 2597
f 2223 2597 1525
f 1902 1203 2597
f 1924 2597 1585
f 1936 2597 1937
f 2041 2597 1622
f 2056 2058 2597
f 2063 1937 2597
f 2066 2597 2058
f 2077 2597 1236
f 2597 2190 1235
f 2226 1529 2597
f 2244 1618 2597
f 2257 1585 2597
f 2343 2342 2597
f 2480 2244 2597
f 2480 2597 1925
f 2592 840 2597
f 1384 1358 2698
f 654 653 2698
f 2372 2698 2371
f 1051 695 2698
f 1461 1130 2698
f 1006 636 2698
f 1354 1014 2698
f 1360 2698 1358
f 1045 677 2698
f 1384 2698 1385
f 1758 1757 2698
f 1459 803 2698
f 1038 1039 2698
f 1768 737 2698
f 2374 2377 2698
f 736 2698 737
f 1418 2698 1075
f 1403 718 2698
f 1372 1740 2698
f 2390 1758 2698
f 716 2698 697
f 714 2698 716
f 717 2698 718
f 1129 1463 2698
f 654 2698 1020
f 1010 1011 2698
f 2105 2106 2698
f 1740 1742 2698
f 677 676 2698
f 695 697 2698
f 714 713 2698
f 717 127 2698
f 736 150 2698
f 1768 2698 1417
f 809 2698 803
f 1006 2698 150
f 1014 1020 2698
f 1010 2698 636
f 1466 2698 1135
f 1038 2698 127
f 1045 2698 1041
f 1051 2698 653
f 1075 2698 1076
f 1130 1129 2698
f 1808 1135 2698
f 1354 2698 1011
f 1813 2698 1466
f 1372 2698 676
f 2575 2698 2380
f 2107 1744 2698
f 1393 1041 2698
f 1403 2698 713
f 1418 1417 2698
f 1459 2698 1805
f 1461 2698 809
f 1808 2698 1463
f 1760 1393 2698
f 2397 2698 1757
f 2106 2117 2698
f 1754 2698 1755
f 2381 2698 2377
f 1760 2698 1039
f 1813 1076 2698
f 2125 2698 1754
f 2371 2698 1360
f 2105 2698 1744
f 2107 2698 1742
f 2125 1385 2698
f 2374 2698 2375
f 2698 2381 2380
f 2390 2698 2117
f 2397 1755 2698
f 2575 1805 2698
f 2723 1336 2724
f 2725 630 984
f 984 1175 829
f 829 1172 984
f 2726 2727 2728
f 2727 2729 2728
f 2730 2731 2732
f 2733 2734 2735
f 2736 2737 1858
f 1858 2738 1859
f 582 2739 2740
f 582 251 310
f 900 582 310
f 582 900 332
f 2741 2742 2743
f 834 829 2744
f 316 2745 2746
f 316 2747 2745
f 2748 1168 448
f 108 630 2725
f 108 2725 110
f 628 630 627
f 628 984 630
f 627 626 628
f 2749 984 628
f 2750 2751 332
f 2752 2753 2754
f 1246 900 310
f 2755 333 332
f 2755 615 325
f 615 2755 2756
f 2756 332 900
f 2756 2755 332
f 2757 2742 2758
f 2759 2760 2761
f 2726 2759 2761
f 2759 2726 2728
f 2760 2762 2761
f 2763 2764 2765
f 2766 2748 448
f 2767 2768 2769
f 2769 2770 2767
f 2771 2772 2773
f 2774 2729 2775
f 2729 2774 2728
f 2774 2776 2728
f 2774 2777 2776
f 2778 2768 2779
f 2730 2780 2781
f 2781 2731 2730
f 2782 2783 2784
f 2730 2732 2785
f 2786 2780 2730
f 2785 2786 2730
f 2786 2785 2787
f 2788 2789 2790
f 2791 2792 2790
f 2791 2790 2789
f 2793 2794 2795
f 2796 2793 2795
f 2793 2796 2797
f 2798 2746 2745
f 2746 2798 2799
f 2800 2798 2745
f 2801 2733 2735
f 2802 2733 2803
f 2733 2802 2734
f 2735 2734 2804
f 1168 2805 313
f 2806 1227 1858
f 2806 1175 984
f 2806 984 1227
f 2806 1168 2748
f 2806 2805 1168
f 838 2805 2806
f 2807 503 245
f 310 503 2807
f 2739 582 583
f 2740 251 97
f 97 582 2740
f 582 97 251
f 2808 310 2807
f 2808 2809 310
f 2808 2807 245
f 2810 2811 2812
f 2810 2812 2813
f 2810 2740 2739
f 2810 2813 2740
f 2741 2814 2742
f 2814 2741 2815
f 2814 2758 2742
f 2815 2816 2814
f 2817 2758 2814
f 2814 2816 2817
f 504 2741 2743
f 2758 2818 2819
f 2820 2821 2822
f 2822 2821 2819
f 2823 2821 2820
f 2824 2825 2826
f 2826 2757 2824
f 1173 452 1172
f 2827 452 455
f 2828 2829 1172
f 2828 1172 452
f 452 2827 2828
f 1853 834 2830
f 2831 2744 2830
f 834 2831 2830
f 2831 834 2744
f 2832 2833 2834
f 604 984 332
f 984 604 2725
f 604 2835 2836
f 2747 2837 2745
f 2837 2800 2745
f 25 590 1227
f 2838 25 2839
f 2840 2841 2842
f 2843 2746 2799
f 316 2843 2799
f 2843 316 2746
f 24 316 2799
f 313 2805 1502
f 1502 2805 838
f 2844 627 630
f 2844 630 2845
f 2844 626 627
f 2846 1336 983
f 2846 983 984
f 984 2847 1227
f 2847 984 983
f 2847 983 980
f 592 2723 983
f 2848 2749 628
f 2848 628 626
f 110 2849 2850
f 2752 2851 2753
f 2852 2851 2853
f 2753 2851 2852
f 309 310 2809
f 309 1245 310
f 2809 1245 309
f 1595 1245 2809
f 310 1245 2854
f 2854 1246 310
f 2854 897 1246
f 2854 1595 897
f 2854 1245 1595
f 2855 1173 1172
f 2856 333 324
f 2856 2750 332
f 333 2856 332
f 997 2755 325
f 325 2857 997
f 613 324 333
f 333 2755 613
f 613 2755 997
f 613 997 2857
f 1248 900 901
f 1248 2756 900
f 2858 325 615
f 2858 615 2859
f 2858 2859 2860
f 2756 105 615
f 2861 2857 325
f 2862 2861 2863
f 2857 2861 2862
f 2864 2865 2826
f 2864 2826 2825
f 2866 2825 2764
f 2826 2865 2867
f 2867 2757 2826
f 2867 2742 2757
f 2867 2743 2742
f 2867 2865 2868
f 2869 2870 2871
f 2872 2873 2874
f 2874 2873 2875
f 2876 2877 2878
f 2876 2879 2877
f 2880 2765 2764
f 1175 2881 829
f 448 1168 2882
f 2882 2766 448
f 2882 1168 313
f 447 2881 1175
f 2766 2881 447
f 2883 2772 2771
f 2883 2726 2761
f 2883 2727 2726
f 2883 2771 2727
f 2773 2884 2885
f 2885 2886 2773
f 2887 2886 2888
f 2886 2885 2888
f 2889 2884 2890
f 2890 2773 2772
f 2890 2884 2773
f 2778 2779 2891
f 2892 2893 2894
f 2892 2895 2893
f 2892 2889 2895
f 2761 2762 2896
f 2897 2781 2898
f 2897 2731 2781
f 2899 2782 2784
f 2893 2899 2894
f 2899 2784 2894
f 2900 2783 2901
f 2901 2783 2785
f 2901 2785 2732
f 2785 2902 2787
f 2903 2796 2904
f 2791 2903 2905
f 2906 2791 2789
f 2797 2796 2906
f 2903 2906 2796
f 2906 2903 2791
f 2907 2908 2909
f 2908 2910 2909
f 2790 2792 2911
f 2792 2791 2912
f 2777 2913 2776
f 2913 2728 2776
f 2913 2759 2728
f 2733 2914 2803
f 2801 2914 2733
f 2803 2777 2915
f 2915 2802 2803
f 2777 2774 2915
f 2915 2774 2775
f 2802 2915 2775
f 2916 2804 2734
f 2804 2916 2917
f 2918 2919 2920
f 2918 2921 2922
f 1858 2923 2738
f 1858 2924 2736
f 2925 2748 1175
f 2806 2925 1175
f 2925 2806 2748
f 2926 1858 1859
f 1859 1850 2926
f 2926 1850 1858
f 503 502 245
f 251 56 310
f 56 503 310
f 56 502 503
f 56 251 2740
f 2927 2808 245
f 2808 2927 2813
f 502 2927 245
f 56 2927 502
f 2927 2740 2813
f 2927 56 2740
f 2928 2809 2808
f 2810 2929 2811
f 2929 2867 2868
f 2867 2929 2743
f 2930 2811 2931
f 2811 2930 2812
f 2930 2932 2812
f 906 504 2743
f 2933 2934 2935
f 2936 983 2723
f 983 2936 980
f 2937 2938 2939
f 2940 2941 2942
f 2940 2943 2941
f 2944 2945 2946
f 2944 2947 2945
f 2945 2948 2946
f 2949 2950 2951
f 2952 2823 2820
f 2953 2954 2955
f 2954 2956 2955
f 2957 2819 2821
f 2957 2824 2757
f 2957 2757 2758
f 2758 2819 2957
f 2828 2958 2829
f 2958 2828 2827
f 2959 1853 1172
f 2959 834 1853
f 2960 2961 2962
f 2963 2842 2841
f 2964 2841 2840
f 2749 2965 984
f 2965 1335 984
f 2724 1335 2965
f 3 2966 2967
f 3 2967 2840
f 2834 2833 2968
f 2968 2833 2751
f 618 604 332
f 618 2969 2970
f 2971 1227 590
f 2747 316 101
f 101 2972 2747
f 316 2971 101
f 101 2971 590
f 2973 2972 101
f 2838 101 590
f 101 2838 2973
f 2974 2837 2747
f 2974 2972 2973
f 2974 2747 2972
f 2975 2800 2837
f 2790 2911 2975
f 2975 2911 2800
f 2975 2788 2790
f 977 25 1227
f 977 1227 2840
f 2840 2842 977
f 978 590 25
f 978 2838 590
f 978 25 2838
f 2976 2838 2839
f 2976 2839 2842
f 2838 2976 2973
f 2976 2842 2963
f 2977 316 24
f 2977 2971 316
f 2977 1858 1227
f 2977 1227 2971
f 2799 2798 2978
f 626 2844 2979
f 984 1335 2980
f 2980 2846 984
f 982 2724 1336
f 982 1336 2846
f 982 2846 2980
f 2847 979 1227
f 979 2847 980
f 979 2981 1227
f 980 2936 979
f 979 2936 2966
f 3 979 2966
f 593 1336 2723
f 593 2723 592
f 593 983 1336
f 593 592 983
f 2982 2749 2983
f 2749 2848 2983
f 2850 2984 110
f 2985 2986 2754
f 2986 2985 2987
f 2988 2989 2987
f 2987 2985 2988
f 2988 2985 2990
f 2991 2992 2993
f 2994 2852 2853
f 2995 2852 2994
f 2994 2996 2995
f 2997 2998 2995
f 2995 2996 2997
f 2997 2996 2999
f 3000 2852 2995
f 3000 2995 2998
f 2852 3000 2753
f 3001 3000 2998
f 613 3002 324
f 3002 613 2857
f 3002 2862 3003
f 2857 2862 3002
f 2989 3004 3005
f 3006 2989 3005
f 3007 1595 2809
f 2809 2928 3007
f 3007 2928 3008
f 1595 3007 897
f 3007 1246 897
f 3008 3009 3007
f 3007 3009 1246
f 3010 3009 3008
f 3010 3008 2853
f 2853 2851 3010
f 3011 900 3009
f 3011 901 900
f 3011 3010 3012
f 3009 3010 3011
f 3011 1248 901
f 1248 3011 3012
f 1592 900 1246
f 1592 3009 900
f 1592 1246 3009
f 2744 3013 2830
f 3014 3013 2744
f 3015 2855 1172
f 3015 1853 2830
f 1853 3015 1172
f 2830 3013 3015
f 452 3016 455
f 453 3017 455
f 453 3018 3017
f 3016 453 455
f 453 452 3018
f 453 3016 452
f 3019 3018 452
f 3019 452 1173
f 3019 1173 2855
f 325 2858 3020
f 3021 2859 615
f 3021 615 105
f 3021 2860 2859
f 104 2756 1248
f 104 105 2756
f 3022 325 3023
f 3022 2861 325
f 3023 3024 3022
f 2863 2861 3022
f 3022 3024 2863
f 3025 2864 2825
f 3025 2866 3026
f 2825 2866 3025
f 3027 2866 2764
f 2870 2866 3027
f 3028 3029 2871
f 3029 2869 2871
f 2869 3029 3030
f 3031 2869 3030
f 3031 3032 3033
f 3034 2768 2778
f 3034 2769 2768
f 2793 3035 2794
f 3036 3037 2874
f 3038 3037 3036
f 3039 3037 3040
f 3040 3041 3039
f 3040 3037 3038
f 3042 2877 2879
f 3042 3043 3044
f 2764 2825 3045
f 3045 2880 2764
f 3045 3046 3047
f 2825 2824 3045
f 3048 3049 3050
f 3050 3051 3048
f 3052 2770 2769
f 3053 3054 3055
f 3056 3057 2203
f 3056 2203 1850
f 2203 3057 1847
f 1847 3057 3058
f 3059 3060 2922
f 3061 829 2881
f 3062 3058 3057
f 3062 1502 838
f 313 1502 3062
f 3062 2882 313
f 3062 838 1504
f 3062 1847 3058
f 3062 1504 1847
f 2748 2766 3063
f 2766 447 3063
f 3063 1175 2748
f 3063 447 1175
f 3064 3065 3066
f 3067 3065 3064
f 3068 2887 2888
f 3068 3069 2887
f 3070 3064 3066
f 3071 3064 3070
f 3066 3072 3073
f 3073 3070 3066
f 3073 3074 3070
f 2772 2883 3075
f 3076 3075 3077
f 3075 2896 3077
f 3075 2883 2761
f 2761 2896 3075
f 3078 2775 2729
f 3078 2886 2775
f 3078 2729 2727
f 3078 2773 2886
f 3078 2771 2773
f 2727 2771 3078
f 3069 3068 3079
f 3080 2802 2775
f 2886 3080 2775
f 3081 2885 2884
f 3082 2884 2889
f 3082 2889 2892
f 3082 2892 2894
f 3083 2896 2762
f 3083 2762 2760
f 3084 3085 3086
f 3087 3084 3086
f 3084 3087 3088
f 3088 3089 3090
f 3089 2897 3090
f 3089 3088 3087
f 3089 3087 3091
f 3092 2783 2782
f 3092 3093 2783
f 3094 2785 2783
f 3093 3094 2783
f 3095 3096 2767
f 3097 2785 3098
f 3097 2902 2785
f 3099 3100 3101
f 3102 2786 2787
f 2787 3103 3102
f 3104 2787 2902
f 3104 3103 2787
f 3104 2902 3105
f 3106 3103 3104
f 3107 3088 3090
f 3108 3048 3051
f 3109 3110 3111
f 3109 3112 3113
f 3105 3114 3115
f 3115 3114 3101
f 3115 3100 3111
f 3100 3115 3101
f 2795 2794 3116
f 3117 3116 2794
f 3118 3117 2794
f 3119 2796 2795
f 3119 3120 2796
f 3121 2904 2796
f 3120 3121 2796
f 3122 2789 2788
f 3123 3124 2792
f 2912 3123 2792
f 3125 2791 2905
f 2905 2912 3125
f 3125 2912 2791
f 3126 3127 3128
f 2920 3126 3128
f 3128 3129 2909
f 2759 2913 3130
f 3131 2913 2777
f 3131 3132 2913
f 3131 2914 3132
f 3131 2777 2803
f 3131 2803 2914
f 3133 2801 2735
f 2804 3133 2735
f 3134 3135 3136
f 2801 3133 3134
f 3134 3133 3135
f 3137 3138 3139
f 3140 3137 3139
f 3140 2914 2801
f 3141 3142 2921
f 3060 3143 2922
f 2919 2918 3143
f 3143 2918 2922
f 3144 2738 2923
f 3144 1859 2738
f 3145 3146 3147
f 3145 3148 3146
f 3149 1858 2737
f 3149 2923 1858
f 3149 2737 2736
f 2924 3150 2736
f 3150 3151 2736
f 3151 3150 3152
f 3151 3153 2736
f 3151 3154 3153
f 3155 3156 3157
f 3146 3156 3147
f 3156 3155 3147
f 2792 3158 3159
f 306 307 2739
f 306 906 307
f 504 505 2741
f 2929 3160 2743
f 3160 906 2743
f 3161 2931 2811
f 3162 3161 2811
f 3163 2929 2868
f 3163 3161 3162
f 2929 3163 2811
f 3163 3162 2811
f 3164 3165 3026
f 2866 3164 3026
f 3164 2866 2870
f 2870 2869 3164
f 3164 3031 3033
f 2869 3031 3164
f 3166 2930 2931
f 2930 3166 3032
f 3166 2931 3161
f 3166 3161 3165
f 3032 3166 3033
f 3166 3164 3033
f 3164 3166 3165
f 3167 2934 2933
f 3168 2818 2758
f 3168 2758 2817
f 3169 2936 2723
f 2966 2936 3169
f 3170 3171 320
f 3170 618 2970
f 2970 3172 3170
f 3173 2951 2950
f 2937 3174 2938
f 3175 2832 2834
f 2832 3175 3176
f 3175 2969 3176
f 2968 3177 2834
f 3177 3175 2834
f 3178 2751 2750
f 3178 2968 2751
f 3179 2744 829
f 829 3061 3179
f 3180 3084 3088
f 2952 3181 3182
f 3181 3180 3182
f 3183 2820 3184
f 3183 2952 2820
f 3183 2954 2953
f 3185 3186 3187
f 3188 3186 3185
f 3186 3188 2956
f 3189 3045 3047
f 3190 3051 3191
f 3190 2957 2821
f 2957 3190 2824
f 2821 2823 3190
f 2823 3051 3190
f 304 3017 305
f 304 305 2827
f 304 455 3017
f 304 2827 455
f 2827 305 3192
f 3192 2958 2827
f 2958 3192 2829
f 3193 1172 829
f 3193 2959 1172
f 3193 829 834
f 2959 3193 834
f 3194 2963 2841
f 2841 2964 3194
f 3194 3195 2942
f 2942 2941 3194
f 2941 2963 3194
f 3196 2976 2963
f 2967 3197 2840
f 3197 2964 2840
f 100 3 2840
f 100 1227 2981
f 603 618 320
f 603 604 618
f 2835 604 603
f 603 3171 2835
f 3171 603 320
f 619 2832 3176
f 619 3176 2969
f 323 2725 604
f 625 323 604
f 323 625 3198
f 323 110 2725
f 323 2849 110
f 625 3199 3198
f 1001 604 2836
f 1001 625 604
f 2836 3199 1001
f 1001 3199 625
f 2974 3200 2837
f 3200 2788 2975
f 3200 2975 2837
f 3201 2842 2839
f 3201 977 2842
f 2839 25 3201
f 977 3201 25
f 3202 24 2799
f 3203 24 3202
f 2799 2978 3203
f 3203 3202 2799
f 3204 2911 2792
f 3205 2798 2800
f 3205 2978 2798
f 3205 2800 2911
f 3204 3205 2911
f 3206 2979 2982
f 626 2979 3206
f 2982 2983 3206
f 3206 2848 626
f 3206 2983 2848
f 3207 2844 2845
f 3207 2979 2844
f 3208 3209 3210
f 3210 3211 3208
f 3208 3211 3212
f 1713 1335 2724
f 2724 982 1713
f 1713 2980 1335
f 1713 982 2980
f 3213 979 3
f 3213 2981 979
f 3214 3169 2723
f 3214 2723 2724
f 3215 3216 3217
f 3217 3216 3218
f 3219 3211 3210
f 3219 3210 2938
f 2938 3174 3219
f 3220 2984 2850
f 3220 2937 2939
f 2932 3221 2812
f 3221 2813 2812
f 3221 2808 2813
f 3221 2928 2808
f 2996 2994 3222
f 3222 3221 2932
f 2998 2997 3223
f 3224 3225 2990
f 3224 2990 3001
f 3224 3226 3225
f 3227 3001 2998
f 3228 2753 3000
f 3000 3001 3228
f 2753 3228 2754
f 3228 2985 2754
f 2990 2985 3228
f 3228 3001 2990
f 3005 3229 3230
f 3230 3229 3003
f 324 3002 3231
f 3003 3229 3232
f 3232 3002 3003
f 3232 3233 3234
f 3235 2988 3236
f 3235 2989 2988
f 3006 3237 2989
f 3238 3239 3240
f 3015 3241 2855
f 3241 3019 2855
f 3242 3015 3013
f 3242 3241 3015
f 2820 3243 3184
f 2822 3243 2820
f 1700 975 2829
f 3192 1700 2829
f 1700 3192 305
f 1700 305 3017
f 1328 972 3244
f 972 1328 975
f 3245 3246 3244
f 3245 3244 972
f 3245 972 975
f 3010 3247 3012
f 3247 3248 3012
f 3247 2851 2752
f 3247 3010 2851
f 2752 2860 3247
f 2860 3248 3247
f 3249 3248 2860
f 2860 3021 3249
f 3249 3021 3248
f 3250 3021 105
f 104 3250 105
f 3012 3248 3250
f 3250 3248 3021
f 3251 3024 3023
f 3252 3253 3254
f 3255 3256 3253
f 3257 2764 2763
f 3258 3259 3028
f 3260 3261 3262
f 3263 3260 3262
f 3260 3264 3261
f 3265 3263 3262
f 3266 2999 2996
f 3266 3222 2932
f 2996 3222 3266
f 3030 3267 3268
f 3268 3031 3030
f 2930 3268 2932
f 3268 3266 2932
f 3268 2930 3032
f 3032 3031 3268
f 3269 3268 3270
f 3271 3272 3273
f 3271 3273 3274
f 3275 3276 3277
f 3278 3279 3280
f 2794 3035 3281
f 3281 3035 3282
f 3281 3282 3283
f 3281 3284 2794
f 3281 3283 3284
f 3285 2872 3286
f 3286 3287 3285
f 3288 3285 3287
f 2873 2872 3289
f 3290 3291 3292
f 3292 3291 3293
f 2874 2875 3294
f 3294 3036 2874
f 3295 3296 3297
f 3297 3296 3041
f 3038 3036 3298
f 3294 3298 3036
f 2878 3299 3298
f 3300 2877 3301
f 3300 3301 3302
f 3300 2878 2877
f 3300 3302 2878
f 3303 3304 2876
f 3303 2876 2878
f 3304 3305 2876
f 3305 3306 3307
f 3305 3304 3306
f 3044 3043 3308
f 3309 3310 3311
f 3312 3313 3314
f 3315 3316 3317
f 3317 3316 3309
f 3317 3318 3315
f 3319 3053 3320
f 3321 3054 3053
f 3053 3319 3321
f 3321 3319 3320
f 3320 3301 3321
f 2877 3042 3321
f 3321 3301 2877
f 838 2806 3322
f 3141 3323 3142
f 3324 3325 3142
f 3326 3142 3325
f 2921 3142 3326
f 3326 2922 2921
f 3326 3059 2922
f 3060 3059 3327
f 3328 3325 3329
f 3329 3065 3328
f 3328 3065 3067
f 3330 2766 3331
f 3330 2881 2766
f 3332 3061 2881
f 3330 3332 2881
f 3332 3330 3333
f 3334 3062 3057
f 3334 3057 3335
f 3335 3071 3334
f 3334 2882 3062
f 3336 3072 3066
f 3336 3066 3065
f 3336 3065 3329
f 3337 3072 3338
f 3337 3073 3072
f 3338 3339 3337
f 3073 3340 3074
f 2772 3075 3341
f 3341 3075 3076
f 3341 2890 2772
f 3342 3336 3329
f 3343 3344 3069
f 3344 3343 3080
f 2887 3069 3344
f 3344 2886 2887
f 3344 3080 2886
f 3345 2783 2900
f 3345 3346 2783
f 3081 3347 2885
f 3347 2888 2885
f 2891 3348 3349
f 3350 3348 2891
f 3348 3341 3349
f 3348 2890 3341
f 2889 2890 3348
f 3348 3350 2889
f 3351 3350 2891
f 3351 2891 2779
f 3351 2779 2768
f 2768 2767 3352
f 3352 3351 2768
f 3351 3352 3353
f 3354 3089 3091
f 3354 2732 2731
f 3354 2731 2897
f 2897 3089 3354
f 3355 3092 2782
f 2785 3356 3098
f 3356 2785 3094
f 3357 2767 2770
f 3357 3095 2767
f 3357 3052 3312
f 2770 3052 3357
f 3358 3114 3105
f 3358 3097 3114
f 3105 2902 3358
f 3097 3358 2902
f 3359 3113 3112
f 3090 2897 3360
f 3360 2781 2780
f 2781 3360 2898
f 3360 2897 2898
f 2952 3361 2823
f 3361 3051 2823
f 3361 3108 3051
f 3361 2952 3182
f 3112 3109 3362
f 3362 3109 3363
f 3109 3364 3110
f 3364 3109 3113
f 3106 3110 3364
f 3364 3113 3106
f 3100 3099 3365
f 3365 3111 3100
f 3365 3109 3111
f 3318 3366 3367
f 3366 3309 3311
f 3366 3317 3309
f 3366 3318 3317
f 3105 3115 3368
f 3106 3104 3368
f 3368 3104 3105
f 3368 3110 3106
f 3110 3368 3111
f 3368 3115 3111
f 3369 2794 3284
f 3369 3118 2794
f 3284 3118 3369
f 3370 3284 3283
f 3371 3370 3283
f 3372 3121 3120
f 3121 3372 2904
f 3373 2910 2908
f 3374 3375 3284
f 3375 3374 3371
f 3284 3370 3374
f 3374 3370 3371
f 3117 3118 3376
f 3376 3118 3284
f 3284 3375 3376
f 3377 3375 3371
f 3377 3373 3375
f 3378 3379 3380
f 3379 3381 3380
f 3382 3380 3383
f 3383 3380 3381
f 3384 2797 3381
f 3384 3381 3379
f 3384 2793 2797
f 3384 3035 2793
f 3385 3381 2797
f 3385 2789 3122
f 3385 3122 3383
f 3385 3383 3381
f 2797 2906 3385
f 3385 2906 2789
f 3124 3123 3386
f 3386 3123 2912
f 3387 3126 2920
f 3387 2920 2919
f 2919 3155 3387
f 3387 3155 3157
f 3387 3157 3158
f 3158 3126 3387
f 3388 3124 3126
f 3388 3126 3158
f 3388 2792 3124
f 3388 3158 2792
f 3389 2905 2903
f 3390 3389 2903
f 3391 3392 2909
f 3129 3391 2909
f 3128 3127 3393
f 3124 3386 3393
f 3393 3126 3124
f 3127 3126 3393
f 3393 3386 2912
f 2913 3132 3394
f 3394 3130 2913
f 3394 3132 3139
f 3130 3394 3139
f 3395 3139 3132
f 3395 3140 3139
f 3132 2914 3396
f 3396 2914 3140
f 3396 3395 3132
f 3395 3396 3140
f 3136 3137 3397
f 3137 3140 3397
f 3397 3140 2801
f 3397 3134 3136
f 3134 3397 2801
f 3398 2916 2734
f 2734 3323 3398
f 3398 3323 3141
f 2916 3398 2917
f 3398 3141 2909
f 3398 2910 3399
f 3398 2909 2910
f 3400 2921 2918
f 3400 3141 2921
f 2909 3141 3400
f 3400 2918 2920
f 3400 3128 2909
f 3400 2920 3128
f 2919 3143 3401
f 3402 3145 3401
f 3401 3155 2919
f 3155 3401 3147
f 3401 3145 3147
f 1859 3144 3403
f 3403 1850 1859
f 3404 3405 3148
f 3404 3148 3145
f 3404 3145 3402
f 3404 2923 3405
f 3404 3144 2923
f 3406 3153 3154
f 3406 3146 3148
f 2739 98 586
f 586 306 2739
f 477 581 3407
f 477 3408 581
f 3408 3409 581
f 2741 505 3409
f 3409 505 581
f 2815 2741 3409
f 504 906 3410
f 3410 505 504
f 906 306 3410
f 581 505 3410
f 3407 581 3410
f 3410 306 582
f 2829 3407 3410
f 3410 582 332
f 984 3410 332
f 3410 984 1172
f 1172 2829 3410
f 3411 3160 2929
f 3411 2929 2810
f 3411 2810 2739
f 2739 307 3411
f 307 906 3411
f 906 3160 3411
f 2865 2864 3412
f 3412 3025 3026
f 2864 3025 3412
f 3412 3026 3165
f 3413 3414 3415
f 3416 1328 3244
f 3417 3168 2817
f 3167 3417 2817
f 3417 3167 2933
f 3418 3419 3420
f 3419 3421 3420
f 3419 3418 3421
f 3422 3423 3424
f 3424 3423 3425
f 3426 3427 3425
f 3425 3423 3426
f 3428 3429 3430
f 3431 2948 2945
f 3432 3433 3431
f 2942 3195 3434
f 3435 3436 3437
f 3435 3434 3195
f 3197 3435 3195
f 320 618 617
f 617 3170 320
f 617 618 3170
f 3170 3438 3171
f 3438 3170 3172
f 3439 2950 2949
f 3440 2836 2835
f 3440 3441 2836
f 2950 3441 3440
f 3440 3173 2950
f 3442 3438 3443
f 3438 3442 3171
f 3442 3173 3440
f 2835 3171 3442
f 3442 3440 2835
f 3442 3444 3173
f 3444 3442 3443
f 3445 3446 3447
f 3448 3175 3177
f 3449 3450 3177
f 3233 3451 3234
f 3452 3425 3427
f 3452 3427 3453
f 3452 3453 3425
f 3454 3212 3211
f 3454 3211 3455
f 3212 3454 3456
f 3456 3454 3457
f 3456 3457 3458
f 3459 3460 3461
f 3462 3461 3460
f 3462 3463 3461
f 3464 3462 3460
f 2732 3354 3465
f 3465 3354 3091
f 3466 3107 3182
f 3180 3466 3182
f 3466 3088 3107
f 3466 3180 3088
f 3467 2953 2955
f 2955 3085 3467
f 3085 3084 3467
f 3084 3180 3467
f 3468 3183 2953
f 3180 3181 3468
f 3468 3181 2952
f 2952 3183 3468
f 3468 2953 3467
f 3468 3467 3180
f 3469 3086 3085
f 3469 3470 3086
f 3471 3472 3188
f 3472 3085 2955
f 3472 3469 3085
f 3469 3472 3471
f 3472 2955 2956
f 3188 3472 2956
f 3473 3051 3050
f 3473 3191 3051
f 2964 3197 3474
f 2961 3436 3475
f 3475 2962 2961
f 3436 3435 3475
f 3475 3435 3197
f 3475 3476 2962
f 2966 3169 3475
f 3475 2967 2966
f 3475 3197 2967
f 2840 1227 1226
f 1226 100 2840
f 1226 1227 100
f 3477 3478 3479
f 331 618 332
f 331 619 618
f 331 2833 2832
f 2832 619 331
f 2969 618 616
f 616 619 2969
f 616 618 619
f 3480 3122 2788
f 3200 3480 2788
f 3481 3200 2974
f 3481 2974 2973
f 2207 2977 24
f 3203 2207 24
f 2207 1858 2977
f 2207 3152 3150
f 2207 2924 1858
f 2207 3150 2924
f 3482 3203 2978
f 3203 3482 3152
f 3156 3483 3157
f 3484 3220 2939
f 3484 2984 3220
f 3485 3208 3212
f 3486 2982 2979
f 2979 3207 3486
f 3487 3213 3
f 2981 3213 3487
f 100 3487 3
f 3487 100 2981
f 3488 3489 3458
f 3490 3456 3458
f 3456 3490 3491
f 2724 2965 3492
f 3492 3214 2724
f 3169 3214 3493
f 3494 3215 3217
f 3215 3494 3495
f 3494 3496 3495
f 3211 3219 3497
f 3498 3240 3239
f 3499 2988 2990
f 3499 3236 2988
f 3500 3501 3502
f 3503 3504 3505
f 3506 3505 3504
f 3507 3286 3504
f 3507 3287 3286
f 3507 3288 3287
f 3508 3509 3510
f 3511 3512 3513
f 3511 3239 3512
f 3514 3515 3511
f 3514 3511 3513
f 3516 2994 2853
f 2928 3221 3516
f 3516 3222 2994
f 3516 3221 3222
f 3516 2853 3008
f 3516 3008 2928
f 3517 3518 2999
f 3519 3518 3517
f 3517 3520 3519
f 3521 2997 2999
f 3521 2999 3518
f 3521 3518 3519
f 3522 3509 3508
f 3522 3520 3509
f 3522 3523 2992
f 3522 3508 3523
f 3226 3524 3225
f 2991 3512 3524
f 2998 3223 3525
f 3525 3227 2998
f 3526 3224 3001
f 3227 3526 3001
f 3526 3226 3224
f 3527 3006 3005
f 3005 3230 3527
f 3527 3003 3006
f 3527 3230 3003
f 3234 2856 3528
f 3528 3232 3234
f 3528 2856 324
f 3528 3002 3232
f 324 3231 3528
f 3528 3231 3002
f 3529 3004 2989
f 3529 2989 3235
f 3529 3235 3530
f 3237 3531 2989
f 3532 2862 2863
f 3532 3237 3006
f 3532 3003 2862
f 3532 3006 3003
f 3533 3238 3240
f 3534 3187 3186
f 3534 3535 3187
f 3187 3535 3536
f 3536 3537 3463
f 3538 3241 3242
f 3539 3538 3540
f 3540 3538 3242
f 3540 3013 3014
f 3540 3242 3013
f 3243 3541 3184
f 3541 3243 2822
f 1330 1700 3017
f 3246 3245 976
f 976 3245 975
f 975 1700 976
f 976 1700 1330
f 3542 2858 2860
f 3542 3543 2858
f 3542 2860 2752
f 3543 3542 2752
f 3544 3020 2858
f 3544 2858 3543
f 3544 3543 2752
f 3545 104 1248
f 3545 3250 104
f 3545 1248 3012
f 3012 3250 3545
f 3546 2986 2987
f 2989 3546 2987
f 3531 3546 2989
f 3547 3251 3023
f 3547 3023 325
f 3020 3547 325
f 3548 3251 3547
f 3251 3549 3024
f 3549 3251 3548
f 3550 3253 3252
f 3550 3255 3253
f 3550 3551 3256
f 3255 3550 3256
f 3552 3028 2871
f 3552 3257 3028
f 2871 2870 3552
f 2870 3027 3552
f 3552 3027 2764
f 3257 3552 2764
f 3028 3257 3553
f 3554 3258 3028
f 3555 3265 3262
f 3270 3556 3269
f 3557 3267 3030
f 3029 3557 3030
f 3558 3559 3560
f 3561 3560 3292
f 3562 3274 3273
f 2769 3034 3563
f 3563 3052 2769
f 3563 3278 3052
f 3034 3279 3563
f 3563 3279 3278
f 3564 3280 3276
f 3564 3565 3280
f 3566 3275 3277
f 3276 3566 3277
f 3566 3276 3280
f 3566 3280 3279
f 3567 3568 3569
f 3569 3570 3571
f 3569 3568 3570
f 3572 3573 3574
f 3035 3575 3282
f 3575 3384 3379
f 3384 3575 3035
f 3576 2872 3285
f 3576 3289 2872
f 3577 3578 3039
f 3579 3580 3039
f 3581 3296 3295
f 3296 3582 3041
f 3041 3582 3039
f 3583 3582 3296
f 3582 3577 3039
f 3582 3584 3577
f 3585 3586 3580
f 3586 3587 3588
f 3588 3587 3290
f 3291 3290 3589
f 3587 3589 3290
f 3590 3307 3306
f 3591 3308 3043
f 2763 2765 3592
f 3593 3294 2875
f 3593 2875 2873
f 3594 3595 3304
f 3596 3041 3040
f 3596 3297 3041
f 3596 3040 3038
f 3596 3301 3597
f 3301 3596 3299
f 3598 3599 3597
f 3599 3596 3597
f 3297 3596 3599
f 3295 3297 3599
f 3599 3598 3295
f 2878 3302 3600
f 3600 3601 2878
f 3302 3301 3600
f 3601 3600 3301
f 3602 3299 2878
f 2878 3601 3602
f 3602 3301 3299
f 3602 3601 3301
f 3603 3298 3299
f 3603 3299 3596
f 2878 3604 3605
f 3304 3605 3604
f 3606 3304 3595
f 3606 3607 3304
f 2879 2876 3608
f 3608 2876 3305
f 3609 3308 3610
f 3191 3473 3611
f 3612 3611 3473
f 3613 3308 3609
f 3613 3609 3310
f 3044 3308 3613
f 3613 3316 3044
f 3613 3310 3309
f 3309 3316 3613
f 3614 3310 3609
f 3615 3314 3313
f 3616 3315 3318
f 3616 3318 3367
f 3617 3312 3052
f 3617 3313 3312
f 3278 3617 3052
f 3618 3315 3616
f 3619 1847 1504
f 3619 1504 838
f 838 3322 3619
f 3619 1850 2203
f 2203 1847 3619
f 3619 3322 2806
f 3619 2806 1858
f 1858 1850 3619
f 3620 3324 3142
f 3620 3142 3323
f 3324 3621 3325
f 3621 3329 3325
f 3621 3620 3343
f 3620 3621 3324
f 3621 3342 3329
f 3621 3343 3069
f 3622 3623 3327
f 3064 3622 3067
f 3326 3624 3059
f 3624 3327 3059
f 3624 3326 3325
f 3325 3328 3624
f 3624 3622 3327
f 3624 3328 3067
f 3624 3067 3622
f 3625 3331 3074
f 3625 3330 3331
f 3625 3074 3340
f 3625 3340 3626
f 3334 3627 2882
f 3331 2766 3627
f 2766 2882 3627
f 3627 3074 3331
f 3627 3070 3074
f 3071 3070 3627
f 3627 3334 3071
f 3628 3073 3337
f 3628 3340 3073
f 3628 3337 3339
f 3346 3629 2783
f 2894 2784 3629
f 3629 2784 2783
f 3629 3082 2894
f 2884 3082 3629
f 3629 3081 2884
f 3629 3630 3081
f 3631 3632 3633
f 3347 3632 2888
f 3632 3347 3633
f 3632 3068 2888
f 3634 3631 3339
f 3634 3079 3068
f 3068 3632 3634
f 3634 3632 3631
f 3634 3339 3338
f 3634 3338 3079
f 3351 3635 3350
f 3635 2895 2889
f 3350 3635 2889
f 3635 3351 3353
f 3635 3353 3096
f 2895 3635 2893
f 3635 3096 2893
f 3352 3636 3353
f 3096 3353 3636
f 3636 3352 2767
f 2767 3096 3636
f 3637 3349 3638
f 2778 2891 3637
f 3637 2891 3349
f 3341 3639 3349
f 3639 3638 3349
f 3639 3341 3076
f 3076 3638 3639
f 3640 3077 2896
f 3640 3076 3077
f 3640 3638 3076
f 2896 3083 3640
f 3095 3355 3641
f 3641 2899 2893
f 3641 2782 2899
f 3641 3355 2782
f 2893 3096 3641
f 3096 3095 3641
f 3093 3092 3642
f 3092 3355 3642
f 3643 3644 3099
f 3643 3099 3101
f 3645 3357 3312
f 3646 3106 3113
f 3646 3113 3359
f 3646 3103 3106
f 3646 3102 3103
f 3647 3112 3107
f 3648 3107 3090
f 3090 3360 3648
f 3363 3649 3650
f 3650 3362 3363
f 3650 3651 3362
f 3112 3362 3652
f 3652 3361 3182
f 3361 3652 3108
f 3652 3362 3108
f 3182 3107 3652
f 3652 3107 3112
f 3109 3365 3653
f 3363 3109 3653
f 3653 3311 3363
f 3653 3366 3311
f 3119 3654 3120
f 3654 3372 3120
f 3654 3119 2795
f 3655 3377 3371
f 3655 3371 3283
f 3656 3657 3399
f 3377 3656 3373
f 3656 3399 2910
f 3373 3656 2910
f 3658 3659 3660
f 3659 3661 3660
f 3659 3137 3136
f 3662 3663 3562
f 3664 3663 3662
f 3664 3658 3665
f 3665 3658 3660
f 3665 3660 3666
f 3667 3668 3669
f 3399 3657 3670
f 3670 3398 3399
f 3398 3670 2917
f 3671 1850 3403
f 3671 3056 1850
f 3672 3404 3402
f 3144 3404 3672
f 3673 3143 3060
f 3673 3401 3143
f 3406 3674 3153
f 3674 3148 3405
f 3674 3406 3148
f 3405 2923 3674
f 3153 3674 2736
f 3674 2923 3149
f 3674 3149 2736
f 974 586 98
f 974 98 2739
f 2739 583 974
f 974 306 586
f 974 583 582
f 974 582 306
f 882 477 3407
f 1238 882 3407
f 3409 3675 2815
f 3675 3409 3408
f 3676 3675 3408
f 2934 3677 2935
f 3412 3678 2865
f 3678 2868 2865
f 3161 3678 3165
f 3678 3412 3165
f 3678 3163 2868
f 3163 3678 3161
f 3679 3677 3413
f 3680 3413 3415
f 3681 3415 3414
f 3416 3681 3414
f 3682 3683 2818
f 3682 3417 2933
f 3168 3682 2818
f 3417 3682 3168
f 3437 3436 3684
f 3684 3436 2960
f 3685 3488 3458
f 3685 3421 3418
f 3684 3685 3686
f 3687 3475 3169
f 2947 2944 3688
f 3689 3690 3427
f 3689 3427 3426
f 3689 3429 3691
f 3689 3426 3423
f 3423 3429 3689
f 3692 3433 3432
f 3693 3428 2948
f 3693 2948 3431
f 3693 3431 3433
f 3693 3433 3691
f 3693 3691 3429
f 3429 3428 3693
f 3427 3690 3694
f 3694 3695 3696
f 3697 3698 2940
f 3699 2961 2960
f 3436 3699 2960
f 3700 3435 3701
f 3434 3435 3700
f 3700 3697 2940
f 2942 3434 3700
f 3700 2940 2942
f 3702 3703 3443
f 3172 3477 3704
f 3704 3438 3172
f 3477 3702 3704
f 3447 3446 3705
f 3706 3439 3707
f 3708 3706 3707
f 3706 3708 3709
f 3445 3710 3446
f 2951 3711 2949
f 3711 3439 2949
f 3711 3712 3713
f 3714 2951 3173
f 3444 3714 3173
f 3443 3703 3714
f 3714 3444 3443
f 3715 323 3198
f 3198 3710 3715
f 3715 3710 3445
f 3715 3445 2849
f 323 3715 2849
f 3716 2850 2849
f 3716 3220 2850
f 3716 2849 3445
f 2937 3220 3716
f 3716 3445 3447
f 3717 3718 3447
f 3717 3719 3720
f 3717 3174 2937
f 3717 3720 3174
f 3721 3722 3723
f 3724 3449 3177
f 3725 2856 3234
f 3725 2750 2856
f 3725 3178 2750
f 3726 3451 3727
f 3728 3451 3233
f 3229 3451 3728
f 3232 3728 3233
f 3728 3232 3229
f 3729 3229 3005
f 3729 3451 3229
f 3727 3451 3729
f 3730 3686 3731
f 3732 3733 3730
f 3734 3569 3735
f 3569 3734 3567
f 3736 3737 3696
f 3738 3739 3740
f 3738 3741 3739
f 3217 3218 3742
f 3743 3740 3744
f 3570 3743 3571
f 3743 3744 3571
f 3745 3568 3567
f 3745 3567 3734
f 3745 3734 3746
f 3747 3457 3748
f 3748 3749 3747
f 3747 3458 3457
f 3747 3685 3458
f 3686 3685 3747
f 3747 3731 3686
f 3750 3695 3732
f 3751 3748 3457
f 3752 3457 3454
f 3753 3459 3461
f 3753 3014 2744
f 2744 3179 3753
f 3459 3753 3179
f 3754 3061 3332
f 3754 3460 3459
f 3461 3463 3755
f 3753 3755 3014
f 3755 3753 3461
f 3755 3463 3537
f 3756 3188 3185
f 3756 3471 3188
f 3462 3757 3463
f 3757 3536 3463
f 3757 3185 3187
f 3536 3757 3187
f 3758 3759 3760
f 3761 3465 3091
f 3762 3465 3761
f 3470 3761 3086
f 3761 3087 3086
f 3091 3087 3761
f 3763 3190 3191
f 3763 3764 3190
f 3765 3763 3191
f 3763 3765 3764
f 2824 3766 3767
f 3768 3767 3766
f 2824 3190 3769
f 3769 3766 2824
f 3770 3194 2964
f 2964 3474 3770
f 3770 3195 3194
f 3770 3197 3195
f 3770 3474 3197
f 3771 3772 3172
f 3771 2970 2969
f 3771 3172 2970
f 3771 2969 3175
f 3773 3772 3771
f 3774 3172 3772
f 330 332 2751
f 330 331 332
f 2751 2833 330
f 2833 331 330
f 3775 2836 3441
f 3706 3775 3441
f 3775 3706 3709
f 3775 3710 3198
f 3775 3709 3710
f 3382 3383 3776
f 3776 3383 3122
f 3122 3480 3776
f 3777 3481 2973
f 3777 2973 2976
f 3777 2976 3196
f 3777 3196 2963
f 2943 3777 2941
f 3777 2963 2941
f 3778 3203 3152
f 3778 3152 2207
f 3778 2207 3203
f 3779 3482 2978
f 2978 3205 3779
f 3779 3205 3204
f 3204 3483 3779
f 3780 3204 2792
f 3780 3483 3204
f 2792 3159 3780
f 3780 3159 3158
f 3780 3158 3157
f 3157 3483 3780
f 3482 3781 3152
f 3781 3151 3152
f 3151 3781 3154
f 3146 3406 3781
f 3781 3406 3154
f 3782 3210 3209
f 3783 2845 630
f 3484 3784 2984
f 3784 110 2984
f 3785 3783 3786
f 3786 3787 3785
f 3785 3207 2845
f 3785 2845 3783
f 2938 3788 2939
f 3789 3790 3485
f 3791 2749 2982
f 3791 2982 3486
f 3485 3791 3208
f 3209 3208 3791
f 3207 3785 3792
f 3792 3785 3787
f 3791 3792 3209
f 3792 3787 3209
f 3793 3214 3492
f 3169 3794 3420
f 3493 3794 3169
f 3795 3418 3420
f 3794 3795 3420
f 3795 3794 3493
f 3571 3744 3796
f 3797 3798 3240
f 3797 3240 3498
f 3799 2990 3225
f 3799 3499 2990
f 3236 3499 3800
f 3800 3499 3238
f 3800 3235 3236
f 3235 3800 3530
f 3800 3533 3530
f 3238 3533 3800
f 3555 3801 3265
f 3503 3802 3504
f 3802 3507 3504
f 3802 3503 3803
f 3288 3507 3802
f 3804 3805 3806
f 3807 3806 3808
f 3807 3809 3806
f 3810 3809 3807
f 3263 3265 3811
f 3811 3265 3801
f 3812 3506 3813
f 3806 3814 3808
f 3815 3261 3264
f 3815 3509 3261
f 3815 3510 3509
f 3508 3510 3815
f 3816 3817 3813
f 3817 3816 3818
f 3819 3498 3239
f 3239 3511 3819
f 3819 3511 3515
f 3820 2993 2992
f 3820 3821 2993
f 3820 2992 3523
f 3523 3821 3820
f 3822 3823 3824
f 3515 3825 3826
f 3514 3827 3515
f 3827 3825 3515
f 3828 3521 3519
f 3526 3829 3226
f 3829 3524 3226
f 3830 3534 3186
f 3830 2956 2954
f 3830 3186 2956
f 3535 3534 3831
f 3832 3536 3535
f 3832 3833 3834
f 3536 3832 3537
f 3832 3834 3537
f 3538 3835 3241
f 3539 3540 3836
f 3836 3834 3539
f 3537 3834 3836
f 3836 3755 3537
f 3836 3540 3014
f 3755 3836 3014
f 3837 3541 2822
f 3683 3541 3837
f 3837 2822 2819
f 3837 2819 2818
f 3837 2818 3683
f 3838 3839 3246
f 3246 976 3838
f 3017 3018 3838
f 3838 1330 3017
f 3838 976 1330
f 3246 3839 3840
f 3681 3841 3415
f 3841 3681 3842
f 3843 3531 3237
f 3843 3546 3531
f 3844 2986 3546
f 3845 3547 3020
f 3845 2754 2986
f 3845 2752 2754
f 3846 3549 3548
f 3549 3846 3546
f 3846 3844 3546
f 3846 3548 2986
f 3846 2986 3844
f 3258 3847 3259
f 3847 3258 3848
f 3847 3848 3849
f 3850 3252 3254
f 3850 3848 3252
f 3850 3849 3848
f 3851 3852 3253
f 3028 3553 3853
f 3853 3553 3854
f 3853 3554 3028
f 3853 3854 3554
f 3855 3856 3857
f 3855 3263 3856
f 3858 3555 3859
f 3860 3555 3858
f 3860 3501 3500
f 3517 3861 3520
f 3261 3509 3861
f 3520 3861 3509
f 3862 3269 3556
f 3863 3517 2999
f 3267 3557 3864
f 3864 3557 3270
f 3864 3268 3267
f 3864 3270 3268
f 3865 3866 3560
f 3866 3558 3560
f 3558 3866 3867
f 3868 3865 3560
f 3560 3561 3868
f 3292 3293 3869
f 3869 3561 3292
f 3869 3293 3870
f 3869 3870 3561
f 3871 3565 3872
f 3871 3278 3280
f 3565 3871 3280
f 3871 3872 3873
f 3874 3566 3279
f 3874 3034 2778
f 3874 3279 3034
f 3275 3566 3875
f 3874 3875 3566
f 3272 3876 3875
f 3875 3876 3275
f 3272 3271 3877
f 3877 3876 3272
f 3275 3876 3877
f 3878 3879 3880
f 3881 3882 3430
f 3883 3430 3882
f 3883 3428 3430
f 3884 3885 3886
f 3885 3884 3887
f 3888 3889 3890
f 3891 3889 3888
f 3892 3893 3890
f 3889 3892 3890
f 3892 3894 3893
f 3894 3892 3895
f 3896 3285 3288
f 3288 3802 3896
f 3896 3803 3897
f 3896 3802 3803
f 3898 3899 3900
f 3898 3897 3899
f 3901 3039 3578
f 3902 3579 3039
f 3577 3902 3578
f 3902 3901 3578
f 3903 3904 3579
f 3580 3904 3903
f 3582 3905 3584
f 3905 3582 3583
f 3906 3587 3586
f 3907 3580 3908
f 3907 3585 3580
f 3587 3909 3910
f 3910 3589 3587
f 3291 3589 3910
f 3910 3293 3291
f 3910 3870 3293
f 3910 3909 3870
f 3307 3911 3912
f 3912 3305 3307
f 3912 3608 3305
f 3304 3607 3913
f 3914 3591 3043
f 3914 3042 2879
f 3914 3043 3042
f 3592 3915 3916
f 3915 3592 3917
f 3918 3592 3916
f 3592 3918 2763
f 3918 3257 2763
f 3918 3553 3257
f 3854 3553 3918
f 3294 3593 3919
f 3919 3920 3595
f 3921 3304 3604
f 3921 3594 3304
f 3921 3604 2878
f 2878 3298 3921
f 3298 3594 3921
f 3922 3053 3055
f 3922 3923 3053
f 3053 3924 3320
f 3924 3053 3923
f 3924 3301 3320
f 3924 3923 3301
f 3925 3596 3038
f 3925 3603 3596
f 3038 3298 3925
f 3603 3925 3298
f 3713 3712 3926
f 3927 3928 3929
f 3928 3927 3930
f 3927 3931 3932
f 3933 3303 2878
f 2878 3605 3933
f 3303 3933 3304
f 3933 3605 3304
f 3934 2765 2880
f 3610 3934 2880
f 3308 3591 3934
f 3934 3610 3308
f 3935 3592 2765
f 3608 3912 3935
f 3936 2880 3045
f 3937 3610 2880
f 3937 2880 3768
f 3937 3768 3766
f 3764 3765 3938
f 3939 3473 3050
f 3939 3612 3473
f 3050 3049 3939
f 3048 3939 3049
f 3939 3048 3614
f 3367 3615 3940
f 3941 3314 3615
f 3366 3941 3367
f 3941 3615 3367
f 3942 3314 3941
f 3055 3054 3943
f 3943 3054 3618
f 3943 3618 3616
f 3944 3945 3873
f 3944 3946 3945
f 3872 3944 3873
f 3944 3872 3946
f 3947 3948 3949
f 3947 3949 3950
f 3951 3950 3949
f 3945 3950 3951
f 3873 3945 3951
f 3951 3871 3873
f 3313 3617 3952
f 3952 3615 3313
f 3952 3940 3615
f 3953 3954 3955
f 3956 3953 3955
f 3953 3956 3957
f 3948 3947 3958
f 3054 3321 3959
f 3959 3618 3054
f 3959 3042 3044
f 3959 3321 3042
f 3960 3620 3323
f 3960 2734 2802
f 3960 3323 2734
f 3080 3960 2802
f 3343 3960 3080
f 3620 3960 3343
f 3069 3079 3961
f 3961 3621 3069
f 3961 3342 3621
f 3961 3079 3338
f 3961 3338 3072
f 3336 3961 3072
f 3961 3336 3342
f 3962 3625 3626
f 3330 3962 3333
f 3962 3330 3625
f 3963 3332 3333
f 3964 3758 3760
f 3758 3964 3965
f 3966 3465 3762
f 3967 3345 2900
f 3967 3966 3968
f 3969 3633 3347
f 3969 3970 3633
f 3969 3347 3081
f 3081 3630 3969
f 3971 3972 3626
f 3340 3971 3626
f 3628 3971 3340
f 3973 3631 3633
f 3973 3633 3970
f 3638 3640 3974
f 3974 3640 3083
f 3975 3974 3083
f 3976 3975 3083
f 3976 3083 2760
f 2759 3976 2760
f 3130 3976 2759
f 3977 3273 3975
f 3977 3975 3976
f 3977 3976 3978
f 3977 3978 3138
f 3979 3356 3094
f 3980 3098 3356
f 3979 3980 3356
f 3981 3314 3942
f 3312 3314 3981
f 3982 3642 3355
f 3982 3983 3642
f 3982 3355 3095
f 3982 3981 3983
f 3095 3357 3982
f 3357 3645 3982
f 3984 3359 3112
f 3647 3984 3112
f 3985 2786 3102
f 3985 3102 3646
f 3985 3984 3647
f 3985 3646 3359
f 3984 3985 3359
f 3657 3986 3987
f 3670 3987 2917
f 3987 3670 3657
f 3987 2804 2917
f 3133 3988 3135
f 3989 2908 2907
f 3989 3373 2908
f 3989 3375 3373
f 3989 3376 3375
f 2795 3116 3990
f 3990 3654 2795
f 3990 3116 3117
f 3991 2907 2909
f 2909 3992 3991
f 3991 3990 2907
f 3991 3654 3990
f 3372 3654 3991
f 3991 3992 3372
f 2904 3993 3994
f 3994 3993 3390
f 3994 2903 2904
f 3994 3390 2903
f 2904 3372 3995
f 3995 3993 2904
f 3995 3372 3992
f 3996 3389 3390
f 3996 3390 3993
f 2905 3389 3996
f 3996 3993 3392
f 3655 3997 3377
f 3656 3997 3657
f 3997 3656 3377
f 3997 3655 3998
f 3997 3998 3999
f 3997 3986 3657
f 3999 3986 3997
f 4000 4001 4002
f 4003 3663 3664
f 3665 4003 3664
f 4003 3665 3666
f 3135 4004 3136
f 4004 3659 3136
f 3661 3659 4004
f 3135 3988 4005
f 4005 4004 3135
f 3895 4006 3283
f 4007 4008 4009
f 4010 4011 4012
f 3402 3401 4013
f 4013 3672 3402
f 4013 3401 3673
f 4014 3403 3144
f 3144 3672 4014
f 4014 3672 4015
f 4016 4015 3672
f 4016 4017 4015
f 4013 4016 3672
f 4016 4013 3673
f 4018 3327 3623
f 3623 4017 4018
f 3060 3327 4018
f 4017 4016 4018
f 4018 3673 3060
f 4018 4016 3673
f 4019 4017 3623
f 3623 3622 4019
f 4019 3622 3064
f 4019 3071 3335
f 4019 3064 3071
f 4015 4017 4020
f 4020 4019 3335
f 4020 4017 4019
f 4021 477 882
f 4021 882 1238
f 4022 3676 3408
f 2934 3167 4022
f 3676 4022 3167
f 4023 2815 3675
f 4023 3675 3676
f 4023 2816 2815
f 4023 2817 2816
f 4023 3167 2817
f 4023 3676 3167
f 4024 3680 4025
f 4024 3413 3680
f 4024 3679 3413
f 3677 4024 2935
f 4024 3677 3679
f 4026 4027 4025
f 4025 3680 4026
f 4026 3680 3415
f 4028 975 1328
f 4028 3407 2829
f 4028 2829 975
f 4029 3416 3244
f 4029 3681 3416
f 3244 3246 4029
f 4029 3842 3681
f 3246 3840 4029
f 4029 3840 3842
f 4030 2933 2935
f 4030 3682 2933
f 3437 3684 4031
f 4031 3730 3733
f 4031 3684 3686
f 4031 3686 3730
f 3421 3685 4032
f 4032 3685 3684
f 4032 3687 3421
f 4033 3685 3418
f 4033 3488 3685
f 3795 4033 3418
f 4033 3795 3493
f 3420 3421 4034
f 3421 3687 4034
f 4034 3169 3420
f 4034 3687 3169
f 4035 2946 2948
f 4035 2948 3428
f 4036 3424 3425
f 4037 3692 3432
f 4038 4039 3437
f 4038 4037 4039
f 4031 4038 3437
f 4038 4031 4040
f 4041 3437 4039
f 4041 3435 3437
f 4041 3701 3435
f 4042 3697 4041
f 4042 2945 2947
f 4043 3436 2961
f 2961 3699 4043
f 4044 4045 3436
f 4046 4044 3436
f 4047 3477 3479
f 4047 3702 3477
f 3703 3702 4047
f 4048 3438 3704
f 4048 3704 3702
f 3443 3438 4048
f 4048 3702 3443
f 4049 3441 2950
f 4049 3706 3441
f 3439 4049 2950
f 4049 3439 3706
f 4050 3708 3446
f 3708 4050 3709
f 3446 3710 4050
f 4050 3710 3709
f 4051 4052 3721
f 3721 3723 4051
f 4053 3705 3446
f 3708 4053 3446
f 4054 4055 4056
f 4057 3714 3703
f 3703 4047 4057
f 3714 4057 2951
f 3479 3712 4057
f 4057 4047 3479
f 4057 3711 2951
f 3712 3711 4057
f 2937 3716 4058
f 4058 3716 3718
f 3447 3718 4059
f 4059 3716 3447
f 3716 4059 3718
f 4060 3497 3219
f 4060 4061 3497
f 4060 3219 3174
f 3455 4062 4063
f 4064 3723 3216
f 4065 3722 4066
f 4065 3723 3722
f 4065 3216 3723
f 4066 3218 4065
f 4065 3218 3216
f 4067 3174 3720
f 4068 3177 2968
f 4068 3724 3177
f 2968 3178 4069
f 4069 4070 3449
f 3449 3724 4069
f 4069 4068 2968
f 3724 4068 4069
f 3725 4071 3178
f 4072 3234 3451
f 4072 3451 3726
f 4072 3725 3234
f 4073 4074 4075
f 3741 4076 3739
f 3739 4077 3740
f 4077 3744 3740
f 4077 3739 4076
f 4077 3796 3744
f 4078 3743 3570
f 3570 3568 4078
f 4078 4079 4080
f 3568 3745 4081
f 4081 3745 3746
f 4082 4081 3746
f 4081 4082 4083
f 3747 4084 3731
f 4084 3747 3749
f 4085 4080 4086
f 4085 4086 3736
f 3695 4087 3696
f 3750 4087 3695
f 4087 3736 3696
f 4087 4085 3736
f 4080 4085 4087
f 4063 3752 4088
f 4088 3752 3454
f 4088 3455 4063
f 4088 3454 3455
f 4089 3456 3491
f 4090 4080 4079
f 4090 4079 3736
f 4091 4081 4083
f 3568 4081 4091
f 4091 4078 3568
f 3736 4092 4083
f 4092 3736 4079
f 4092 4091 4083
f 4092 4079 4078
f 4092 4078 4091
f 4093 3179 3061
f 4093 3061 3754
f 4093 3459 3179
f 4093 3754 3459
f 4094 3754 3332
f 4094 3332 3963
f 3464 4095 4096
f 4097 3757 3462
f 4097 4096 3756
f 4097 3756 3185
f 3185 3757 4097
f 4097 3464 4096
f 4097 3462 3464
f 4098 3758 3965
f 3965 3964 4099
f 4100 3469 3471
f 3470 3469 4100
f 3762 3761 4101
f 4101 3761 3470
f 4101 4099 3762
f 4102 3045 2824
f 2824 3767 4102
f 3767 3936 4102
f 3190 3764 4103
f 4103 3769 3190
f 4104 3771 3175
f 3448 4104 3175
f 3771 4104 3773
f 4105 3478 3477
f 4106 3772 3773
f 4106 3774 3772
f 3773 4105 4106
f 4106 4105 3477
f 4106 3477 3172
f 4106 3172 3774
f 4107 4108 4075
f 3478 4109 4110
f 4110 4109 4111
f 4110 3479 3478
f 4112 4111 4113
f 4112 4110 4111
f 4114 3199 2836
f 3775 4114 2836
f 4114 3198 3199
f 4114 3775 3198
f 4115 3781 3482
f 4115 3482 3779
f 4115 3779 3483
f 4115 3483 3156
f 4115 3156 3146
f 3146 3781 4115
f 4116 3783 630
f 3786 3783 4116
f 4117 3784 3484
f 4117 3484 2939
f 4117 2939 3788
f 4118 3786 3782
f 4118 3787 3786
f 4118 3782 3209
f 3787 4118 3209
f 4119 3485 4120
f 4119 3789 3485
f 4121 2965 2749
f 2749 3791 4121
f 4121 3492 2965
f 4121 3791 3485
f 4121 3485 3790
f 4122 3486 3207
f 3207 3792 4122
f 4122 3791 3486
f 4122 3792 3791
f 4123 3793 3490
f 3489 4124 4123
f 4125 3796 4126
f 4127 4128 4129
f 4056 4055 4130
f 4131 4132 3929
f 4133 3799 3225
f 3799 4133 3499
f 4133 3238 3499
f 4134 3500 3502
f 4135 4136 3801
f 4137 3808 4138
f 4139 3805 3810
f 4139 3810 4137
f 4140 3806 3809
f 3805 4141 3810
f 3804 4141 3805
f 4141 3809 3810
f 3801 4136 4142
f 4143 4144 3506
f 4143 3506 3812
f 4145 4146 3814
f 4147 3855 3857
f 4147 3264 3855
f 3824 4147 3857
f 3823 4147 3824
f 4148 3812 3813
f 3813 3817 4148
f 4149 3818 3816
f 4150 4138 3808
f 4150 4146 4151
f 3814 4150 3808
f 4146 4150 3814
f 3523 3508 4152
f 4152 3821 3523
f 3508 3815 4152
f 4153 3522 2992
f 4153 3520 3522
f 4153 3519 3520
f 4153 3828 3519
f 3524 3829 4154
f 4154 2992 2991
f 2991 3524 4154
f 4154 4153 2992
f 4154 3829 3828
f 4153 4154 3828
f 4155 3526 3227
f 4155 3829 3526
f 3227 3525 4155
f 4155 3525 3223
f 4155 3223 3829
f 4156 3829 3223
f 3828 3829 4156
f 4156 3223 2997
f 3521 3828 4156
f 4156 2997 3521
f 3184 3541 4157
f 3534 3830 4158
f 4158 3831 3534
f 3183 4158 2954
f 4158 3830 2954
f 4158 4157 3831
f 4158 3183 3184
f 3184 4157 4158
f 3241 4159 3019
f 3835 4159 3241
f 3018 3019 4159
f 4160 3835 4161
f 4161 3539 3834
f 4161 3834 3833
f 4161 3538 3539
f 4161 3835 3538
f 4162 3838 3018
f 3838 4162 3839
f 4162 3840 3839
f 3840 4162 3842
f 3415 3841 4163
f 4163 3841 4027
f 4163 4026 3415
f 4163 4027 4026
f 4164 4161 3833
f 4160 4161 4164
f 3841 4165 4027
f 4166 3549 3546
f 3546 3843 4166
f 4166 3843 3237
f 3532 4166 3237
f 4166 3532 2863
f 4166 2863 3024
f 3549 4166 3024
f 3548 3547 4167
f 4167 3547 3845
f 2986 3548 4167
f 4167 3845 2986
f 3544 4168 3020
f 4168 3845 3020
f 4168 3544 2752
f 2752 3845 4168
f 4169 3848 3258
f 4169 3258 3554
f 4169 3554 4170
f 4169 4170 4171
f 4172 3860 3858
f 4172 3847 3849
f 3849 3850 4172
f 3254 3253 4173
f 3852 4173 3253
f 4174 4172 3850
f 4174 3501 3860
f 4172 4174 3860
f 4175 4176 3854
f 4175 3854 4177
f 4175 4170 4176
f 4175 4177 4170
f 4178 3854 4179
f 4180 3554 3854
f 4180 3854 4181
f 4180 4181 3554
f 4176 4170 4182
f 4170 3554 4182
f 4182 3854 4176
f 3264 3260 4183
f 4183 3855 3264
f 4183 3260 3263
f 4183 3263 3855
f 4184 3847 4172
f 4184 4172 3858
f 3269 3862 4185
f 4186 3862 3556
f 4187 3863 2999
f 4188 3863 4187
f 2999 3266 4187
f 4187 3268 3269
f 3268 4187 3266
f 3269 4185 4187
f 4187 4185 4188
f 4189 3861 3517
f 3517 3863 4189
f 4189 4188 3861
f 4189 3863 4188
f 4190 3556 3270
f 4190 4191 3556
f 3259 3847 4192
f 4193 3865 4194
f 4193 3866 3865
f 4193 4194 3866
f 4195 3558 3867
f 4196 4002 3559
f 4197 4196 3559
f 4195 4196 4197
f 4196 4198 4199
f 4196 4195 4198
f 4194 4200 4201
f 4202 4203 4200
f 4204 4205 3946
f 4199 4198 4206
f 3276 3275 4207
f 3276 4207 4208
f 4208 4207 4209
f 4208 3564 3276
f 4210 4211 4212
f 4213 3734 3735
f 3878 4213 3735
f 4214 3735 3574
f 4214 3878 3735
f 4215 3422 3881
f 3430 3429 4216
f 4216 3881 3430
f 4216 4215 3881
f 4216 3429 3423
f 4216 3423 3422
f 3422 4215 4216
f 4217 4218 4219
f 4217 4219 4220
f 3886 4221 4222
f 4223 3573 3572
f 4224 4223 3572
f 4225 4224 3572
f 4226 3886 4222
f 4227 3888 3890
f 4228 3575 3379
f 4229 3894 3895
f 3894 4229 4230
f 4229 3895 3283
f 4229 3283 3282
f 3282 4230 4229
f 4231 3894 4230
f 4231 4230 3282
f 4231 4232 3893
f 3894 4231 3893
f 3282 3575 4231
f 4231 3575 4228
f 4231 4228 4232
f 4233 4234 3900
f 3851 4234 4233
f 4233 3852 3851
f 4233 3502 3501
f 4233 4173 3852
f 4174 4233 3501
f 4233 4174 3850
f 4233 3850 3254
f 3254 4173 4233
f 4235 3576 3285
f 3896 4235 3285
f 4236 3900 4234
f 4236 3898 3900
f 4236 4234 3851
f 4237 3256 3551
f 3551 4238 4239
f 4239 4238 3911
f 3898 4236 4240
f 4241 3039 3901
f 4242 4243 4244
f 4245 4246 3039
f 4246 3902 3039
f 3901 3902 4246
f 4247 3902 3577
f 3902 4247 3579
f 4247 3903 3579
f 3585 4248 3586
f 4248 3906 3586
f 4249 3917 3912
f 4249 4238 3917
f 3917 3592 4250
f 4250 3912 3917
f 3935 4250 3592
f 4250 3935 3912
f 4251 3917 4238
f 4238 4171 4251
f 3252 3848 4252
f 4252 3550 3252
f 4252 3848 4169
f 4252 4169 4171
f 4252 4171 4238
f 3551 3550 4252
f 4252 4238 3551
f 4253 3590 3306
f 4253 3913 3590
f 3306 3304 4253
f 3304 3913 4253
f 2873 3289 4254
f 3289 3576 4254
f 4255 3911 3307
f 3590 4255 3307
f 3591 3914 4256
f 4256 3934 3591
f 3934 4256 2765
f 4256 3935 2765
f 3294 3919 4257
f 4257 3298 3294
f 4257 3594 3298
f 3594 4257 3595
f 4257 3919 3595
f 4258 3920 3919
f 2873 4254 4258
f 4258 4254 3920
f 4258 3593 2873
f 4258 3919 3593
f 4259 3922 3055
f 4260 3598 3597
f 4260 3597 4261
f 4262 4261 3597
f 3923 4261 4262
f 3301 4262 3597
f 4262 3301 3923
f 4263 3923 3922
f 4263 4261 3923
f 4264 4265 4266
f 3932 3931 4267
f 3931 4268 4267
f 4269 3931 4265
f 4269 4268 3931
f 3926 4270 3713
f 3713 4270 4271
f 4270 4054 4271
f 4272 4273 3929
f 4272 3929 3928
f 4274 3927 3932
f 4275 3768 2880
f 3936 4275 2880
f 4275 3767 3768
f 4275 3936 3767
f 4276 3936 3045
f 4276 4102 3936
f 3610 3937 4277
f 4277 3937 3769
f 4277 3769 4103
f 4277 4103 3764
f 3766 3769 4278
f 4278 3937 3766
f 3937 4278 3769
f 4279 3610 3938
f 3191 3611 4279
f 4279 3765 3191
f 4279 3938 3765
f 4280 3614 3609
f 4280 3939 3614
f 4280 3609 3612
f 3939 4280 3612
f 4281 4282 4283
f 4284 4285 3363
f 3310 4286 3311
f 4286 3363 3311
f 4286 3650 3649
f 4287 3949 3948
f 4287 3943 3616
f 4288 3644 3942
f 3942 3941 4288
f 4288 3099 3644
f 4288 3365 3099
f 4288 3653 3365
f 3366 3653 4288
f 4288 3941 3366
f 3940 3952 4289
f 4289 3951 3949
f 3955 3954 4290
f 4290 3954 3958
f 3945 3946 4290
f 4290 4205 3955
f 4290 3946 4205
f 4291 3044 3316
f 4291 3959 3044
f 4291 3316 3315
f 3618 4291 3315
f 3959 4291 3618
f 4292 4293 3759
f 4294 3963 3333
f 3966 4295 3465
f 4295 3966 3967
f 4295 2901 2732
f 2732 3465 4295
f 2900 2901 4295
f 4295 3967 2900
f 3346 3345 4296
f 4296 3969 3630
f 4296 3629 3346
f 3630 3629 4296
f 4297 3967 3968
f 3345 3967 4297
f 4297 4296 3345
f 4298 3962 3626
f 3626 3972 4298
f 3972 4293 4298
f 3631 3973 4299
f 3339 3631 4299
f 4299 3628 3339
f 4299 3971 3628
f 3272 3875 4300
f 4300 3875 3874
f 2778 3637 4300
f 4300 3874 2778
f 4301 3976 3130
f 3978 3976 4301
f 4301 3130 3139
f 4301 3139 3138
f 3138 3978 4301
f 3273 3977 4302
f 4302 3562 3273
f 4302 3662 3562
f 4302 3658 3664
f 3664 3662 4302
f 4303 3977 3138
f 4303 3659 3658
f 4303 3658 4302
f 4303 4302 3977
f 3138 3137 4303
f 3137 3659 4303
f 3098 3980 4304
f 4304 3097 3098
f 3097 4304 3114
f 3101 3114 4304
f 4304 3643 3101
f 4304 3980 3643
f 4305 3645 3312
f 3981 4305 3312
f 4306 3982 3645
f 3982 4306 3981
f 3645 4305 4306
f 4306 4305 3981
f 4307 3648 3360
f 3360 4308 4307
f 4307 3107 3648
f 4307 4308 3107
f 4309 4308 3360
f 3985 4309 2786
f 4309 3985 3647
f 2780 2786 4309
f 4309 3360 2780
f 4310 3614 3048
f 4310 4282 3614
f 3108 4310 3048
f 4283 4282 4310
f 4310 3108 4283
f 4311 4283 3108
f 3108 4312 4311
f 4313 3108 3362
f 4313 4312 3108
f 4313 3362 3651
f 3651 4314 4313
f 3117 3376 4315
f 4315 3990 3117
f 3376 3989 4315
f 4315 3989 2907
f 3990 4315 2907
f 4316 3995 3992
f 3392 4316 2909
f 4316 3992 2909
f 3993 4316 3392
f 4316 3993 3995
f 4317 2912 2905
f 2905 3996 4317
f 4317 3393 2912
f 4317 3129 3128
f 3128 3393 4317
f 4317 3391 3129
f 3392 3391 4317
f 4317 3996 3392
f 4000 4318 4001
f 4319 4211 4320
f 4321 4005 3988
f 3668 3667 4322
f 4322 3667 3666
f 3661 4322 3660
f 4322 3666 3660
f 4323 3655 3283
f 4006 4323 3283
f 4323 3998 3655
f 3998 4323 3999
f 4323 4321 3999
f 4324 3892 3889
f 3895 3892 4324
f 4324 4006 3895
f 4325 4008 4007
f 4009 4326 4327
f 4327 4007 4009
f 4328 4329 4330
f 4325 4330 4008
f 4330 4325 4328
f 4331 3403 4014
f 4331 4014 4015
f 4331 3671 3403
f 4015 4020 4331
f 3056 3671 4332
f 4332 4020 3335
f 4331 4332 3671
f 4332 4331 4020
f 4332 3335 3057
f 3057 3056 4332
f 4333 4021 4334
f 477 4333 3408
f 4333 477 4021
f 4335 4334 4021
f 4335 4021 1238
f 4336 4335 1238
f 4335 3677 4334
f 1239 4336 1238
f 1239 4028 106
f 1239 1238 3407
f 4028 1239 3407
f 1933 4028 1328
f 4028 1933 106
f 1328 4337 1933
f 4338 1239 106
f 3416 4339 1328
f 4339 4337 1328
f 4339 3416 4337
f 3682 4030 4340
f 4340 4341 4342
f 4027 4343 4025
f 4031 4344 4040
f 4344 4031 3733
f 4344 3733 3732
f 4345 3684 2960
f 4345 4032 3684
f 2960 2962 4345
f 2962 3476 4345
f 4032 4345 3476
f 4346 4032 3476
f 4346 3687 4032
f 3428 3883 4347
f 4347 4035 3428
f 3887 3884 4348
f 4218 4349 4219
f 4083 4082 4349
f 4350 4351 4352
f 3382 3776 4353
f 4353 4354 3382
f 4355 3689 3691
f 4344 4356 4040
f 3695 3694 4356
f 3732 3695 4356
f 4356 4344 3732
f 4357 3694 3690
f 3690 3689 4357
f 4039 4037 4358
f 4358 4037 4359
f 4358 4359 2945
f 2945 4042 4358
f 4358 4041 4039
f 4358 4042 4041
f 4038 4360 4037
f 3737 4361 4362
f 4362 3696 3737
f 4362 3694 3696
f 4362 4361 3453
f 4362 3453 3427
f 3427 3694 4362
f 3701 4041 4363
f 4363 4041 3697
f 4363 3700 3701
f 4363 3697 3700
f 4364 4046 3436
f 4364 3436 4043
f 4364 4365 4046
f 4365 4364 4043
f 3436 4045 4366
f 4044 4366 4045
f 4367 3699 3436
f 3436 4365 4367
f 4367 4043 3699
f 4367 4365 4043
f 4056 4051 4368
f 4369 4051 4056
f 4056 4130 4369
f 4052 4051 4369
f 3711 4370 3439
f 4370 3713 4271
f 4370 3711 3713
f 4371 4370 4271
f 4053 4370 4371
f 4372 3718 3717
f 4372 4058 3718
f 4372 3717 2937
f 2937 4058 4372
f 4373 3497 4062
f 3497 4373 3211
f 4373 4062 3455
f 4373 3455 3211
f 4064 4374 4062
f 4063 4062 4374
f 3215 4374 3216
f 4374 4064 3216
f 3174 4067 4375
f 4375 4060 3174
f 4375 4376 4061
f 4376 4064 4062
f 4061 4376 3497
f 4376 4062 3497
f 4377 4069 3178
f 4070 4069 4377
f 4377 3178 4071
f 4377 4071 4070
f 4378 3449 4070
f 3450 3449 4378
f 4379 3450 4378
f 4378 4380 4379
f 4381 4380 4378
f 4382 4070 4071
f 4382 4378 4070
f 4382 4071 4381
f 4382 4381 4378
f 4383 3726 4384
f 4383 4072 3726
f 4384 4381 4383
f 4072 4383 3725
f 4383 4071 3725
f 4383 4381 4071
f 4385 4386 4387
f 4387 4386 4074
f 4387 4388 4385
f 4389 4074 4386
f 4074 4389 4075
f 4389 4107 4075
f 4390 4384 3726
f 4390 3726 4073
f 4390 4381 4384
f 4390 4380 4381
f 4391 4073 4075
f 4391 4075 4108
f 4391 4380 4390
f 4391 4390 4073
f 3005 3004 4392
f 4393 4392 3530
f 4392 3004 3529
f 4392 3529 3530
f 4394 3736 4083
f 4394 4395 3736
f 4083 4349 4394
f 4395 4396 3736
f 4397 4076 3741
f 4398 4399 4400
f 4398 4400 4080
f 3740 4401 4402
f 4402 4399 3740
f 4402 4078 4080
f 4401 4078 4402
f 4403 4404 4405
f 4405 3496 4403
f 3495 3496 4405
f 4405 3215 3495
f 4406 4404 4403
f 4407 4405 4404
f 3215 4405 4407
f 4408 4403 3496
f 4403 4408 4409
f 4410 4078 4401
f 3743 4078 4410
f 4410 4401 3740
f 4410 3740 3743
f 4411 4084 3749
f 4411 4412 3750
f 4411 3750 3732
f 3732 3730 4411
f 4411 3730 3731
f 4084 4411 3731
f 4413 3750 4412
f 4413 4087 3750
f 4080 4087 4413
f 4413 4399 4414
f 4414 4080 4413
f 4415 4416 3456
f 4415 3456 4089
f 4086 4080 4417
f 4417 4080 4090
f 4417 3736 4086
f 4417 4090 3736
f 4418 4094 3963
f 4419 4095 4420
f 3754 4421 3460
f 4421 3754 4094
f 4094 4418 4421
f 4421 3464 3460
f 4421 4095 3464
f 4422 3759 3758
f 4422 3758 4098
f 4422 4292 3759
f 4423 4098 4424
f 4423 4095 4098
f 4095 4423 4096
f 4424 4098 4425
f 4425 4099 4424
f 4425 4098 3965
f 4099 4425 3965
f 3756 4426 3471
f 4426 4100 3471
f 4426 3756 4096
f 4426 4424 4100
f 4426 4096 4423
f 4426 4423 4424
f 4424 4099 4427
f 4427 4099 4101
f 4427 4100 4424
f 3470 4100 4427
f 4427 4101 3470
f 4428 3045 4102
f 4428 4102 4276
f 4429 3478 4105
f 4429 4109 3478
f 4429 4105 3773
f 4429 4379 4109
f 4430 4108 4107
f 4430 4113 4111
f 4108 4430 4111
f 4111 4109 4431
f 4431 4108 4111
f 4431 4109 4379
f 4431 4391 4108
f 4379 4380 4431
f 4391 4431 4380
f 4432 4433 4110
f 4112 4432 4110
f 4434 3479 4110
f 4434 4110 4433
f 4434 4433 4435
f 4434 3712 3479
f 4434 3926 3712
f 4436 4437 4438
f 4439 4436 4438
f 2947 3688 4440
f 4440 4042 2947
f 4440 3698 3697
f 4042 4440 3697
f 4441 3776 3480
f 4441 4353 3776
f 4439 4353 4441
f 4442 4117 3788
f 3782 4442 3210
f 3210 4442 2938
f 4442 3788 2938
f 3784 4117 4443
f 4443 4116 630
f 108 4443 630
f 4443 108 110
f 110 3784 4443
f 3789 4444 3790
f 4444 4445 3790
f 4444 3485 3212
f 3212 3456 4444
f 3456 4416 4446
f 4446 4445 3456
f 4446 4416 4445
f 4447 4089 3491
f 4447 3491 3490
f 3488 4448 3489
f 4448 4124 3489
f 4033 4448 3488
f 4448 4033 3493
f 3458 3489 4449
f 3489 4123 4449
f 4450 3490 3458
f 4450 4123 3490
f 3458 4449 4450
f 4450 4449 4123
f 4125 4451 4452
f 4452 4451 4453
f 4454 4455 4128
f 4456 4387 4074
f 4388 4387 4456
f 3929 4273 4457
f 4457 4131 3929
f 4131 4458 4132
f 4133 4459 3238
f 3512 3239 4459
f 4459 3239 3238
f 4459 3524 3512
f 4459 3225 3524
f 4459 4133 3225
f 4460 3860 3500
f 3860 4460 3555
f 4460 3801 3555
f 3803 3503 4461
f 4461 3503 3505
f 4461 4142 4136
f 3810 3807 4462
f 4462 4137 3810
f 4462 3807 3808
f 4462 3808 4137
f 4463 4464 4465
f 4464 4138 4465
f 4464 4137 4138
f 4137 4464 4466
f 4464 4467 4466
f 4468 4141 3804
f 4468 3804 3806
f 4468 3806 4140
f 4468 4140 3809
f 3809 4141 4468
f 4142 4469 3801
f 4469 4142 3263
f 4470 4143 3812
f 4471 4472 4145
f 4471 4145 3814
f 4471 4473 4472
f 4474 3815 3264
f 3264 4147 4474
f 4474 4152 3815
f 4474 4147 3823
f 3823 4152 4474
f 4475 4470 3812
f 4476 3817 3818
f 4477 4476 4478
f 4476 4475 3817
f 4476 4149 4478
f 3818 4149 4476
f 4479 3824 3857
f 4480 4478 4149
f 4481 4149 3816
f 4481 4480 4149
f 4138 4150 4482
f 2993 4483 2991
f 4484 3823 3822
f 4152 4484 3821
f 4484 4152 3823
f 4484 2993 3821
f 4485 4479 4486
f 3831 4157 4487
f 4487 4342 4341
f 4487 4157 4342
f 4488 4159 3835
f 3018 4159 4488
f 4488 4162 3018
f 4489 3835 4160
f 4162 4490 3842
f 4490 4489 4160
f 4490 4162 4489
f 4160 4164 4490
f 4491 3541 3683
f 4491 4157 3541
f 4491 4342 4157
f 4492 4177 3854
f 4178 4492 3854
f 4493 4171 4170
f 4493 4492 4178
f 4493 4251 4171
f 4170 4177 4493
f 4177 4492 4493
f 4493 4178 4179
f 3917 4251 4493
f 3554 4181 4494
f 4494 4182 3554
f 4494 4181 3854
f 4494 3854 4182
f 4495 3555 3262
f 4495 3859 3555
f 4495 3861 4188
f 3262 3261 4495
f 3261 3861 4495
f 4496 3859 3862
f 3862 4186 4496
f 4497 3270 3557
f 4497 4190 3270
f 4497 3557 3029
f 4497 3029 3028
f 3259 4192 4497
f 3028 3259 4497
f 4498 3558 4195
f 3559 3558 4498
f 4199 4499 4500
f 4501 3868 3561
f 3865 3868 4501
f 4502 4210 4503
f 3870 3909 4504
f 4504 3561 3870
f 4505 4203 4202
f 4505 4506 3956
f 4507 4502 4503
f 4508 3271 3274
f 4508 4509 3271
f 4508 3274 3562
f 4508 3562 4509
f 4510 4509 4511
f 4510 3271 4509
f 4510 4209 4207
f 4512 3946 3872
f 4512 4204 3946
f 4212 4206 4513
f 4513 4210 4212
f 4503 4513 4201
f 4513 4503 4210
f 3746 3734 4514
f 3734 4213 4514
f 3880 4220 4514
f 4514 3878 3880
f 4514 4213 3878
f 4514 4082 3746
f 4514 4220 4219
f 4219 4349 4514
f 4514 4349 4082
f 3878 4515 3879
f 4214 4515 3878
f 4516 3574 3573
f 4516 4214 3574
f 4517 4217 4518
f 4517 4519 3881
f 4520 3882 3881
f 4520 3881 4519
f 4521 4522 3879
f 4522 4217 4220
f 3879 4522 3880
f 4522 4220 3880
f 4523 4222 4221
f 4524 3572 3885
f 4524 4225 3572
f 4524 3885 3887
f 4525 3884 3886
f 3886 4226 4525
f 4526 4227 3890
f 4527 4528 4529
f 4529 4530 4527
f 4526 4529 4528
f 3893 4232 4529
f 4232 4530 4529
f 4529 3890 3893
f 4529 4526 3890
f 4531 4532 3378
f 3378 3380 4531
f 4531 3380 3382
f 4531 3382 4354
f 4533 4531 4354
f 4534 4228 3379
f 4534 3379 3378
f 4534 3378 4532
f 4535 4135 3801
f 4134 4535 3801
f 4536 4233 3900
f 4536 3900 3899
f 4536 3897 3803
f 3899 3897 4536
f 3803 4461 4536
f 4536 4461 4136
f 3576 4235 4537
f 3898 4537 3897
f 4537 3896 3897
f 4537 4235 3896
f 4538 3851 3253
f 4538 4236 3851
f 4539 4242 4244
f 4540 3577 3584
f 4541 4540 3584
f 4539 4540 4242
f 4540 4539 3903
f 4540 4247 3577
f 4247 4540 3903
f 4542 4241 3901
f 3901 4246 4542
f 4542 4246 4245
f 4542 4245 3039
f 4542 3039 4241
f 4543 3904 3580
f 4544 4543 3580
f 4545 3579 3904
f 3579 4545 3580
f 4248 4546 3906
f 3587 3906 4546
f 4546 4248 3585
f 3585 3907 4547
f 4547 3907 3908
f 4547 3908 4548
f 4549 3912 3911
f 4549 4249 3912
f 3911 4238 4549
f 4238 4249 4549
f 3911 4255 4550
f 4551 4256 3914
f 2879 3608 4551
f 4551 3914 2879
f 3608 3935 4551
f 4256 4551 3935
f 4552 4266 4127
f 4552 4264 4266
f 4552 4127 4129
f 4129 4264 4552
f 4553 4434 4435
f 4434 4553 3926
f 4265 4264 4554
f 4554 4264 4129
f 4054 4555 4055
f 4556 4433 4557
f 3932 4267 4558
f 4559 3928 3930
f 4559 4274 3932
f 4558 4559 3932
f 4560 4561 4562
f 3927 4563 3930
f 4563 3927 4274
f 4563 4559 3930
f 4563 4274 4559
f 4564 4565 4566
f 4567 4428 4276
f 4567 4276 3045
f 4568 3938 3610
f 3610 4277 4568
f 3611 3612 4569
f 4569 4279 3611
f 4279 4569 3610
f 3609 3610 4569
f 4569 3612 3609
f 4570 3310 3614
f 4570 4281 3310
f 4570 3614 4282
f 4282 4281 4570
f 4571 4314 3310
f 3310 4281 4571
f 4571 4281 4312
f 4571 4313 4314
f 4313 4571 4312
f 4572 3649 3363
f 4572 3363 4285
f 4284 4572 4285
f 3651 3650 4573
f 4286 4574 3363
f 4574 4286 3649
f 3649 4572 4574
f 4575 4287 3948
f 3948 3958 4575
f 4575 3958 3954
f 3943 4287 4576
f 4576 4287 4575
f 4261 4263 4577
f 4577 4263 3922
f 3940 4289 4578
f 4578 4287 3616
f 3949 4287 4578
f 4578 4289 3949
f 4578 3616 3367
f 3367 3940 4578
f 4579 3952 3617
f 4579 4289 3952
f 3951 4289 4579
f 4579 3617 3278
f 3278 3871 4579
f 3871 3951 4579
f 4580 4290 3958
f 4580 3947 3950
f 4580 3958 3947
f 4580 3950 3945
f 4290 4580 3945
f 4581 4582 4583
f 4582 4294 4584
f 4584 3962 4298
f 3333 3962 4584
f 4584 4294 3333
f 4585 4586 3968
f 4585 3966 3762
f 4585 3968 3966
f 4587 4099 3964
f 4587 3964 4586
f 3762 4099 4587
f 4587 4585 3762
f 4586 4585 4587
f 3968 4586 4588
f 4588 4297 3968
f 4589 4296 4297
f 4589 4590 3970
f 4589 4588 4590
f 4589 4297 4588
f 3970 3969 4589
f 4589 3969 4296
f 4293 4292 4591
f 4591 4298 4293
f 4591 4583 4582
f 4292 4583 4591
f 4582 4584 4591
f 4591 4584 4298
f 4592 3973 3970
f 4592 3970 4590
f 4593 3760 4594
f 4593 4592 4590
f 4593 4594 4592
f 4593 3964 3760
f 4593 4586 3964
f 4593 4590 4588
f 4593 4588 4586
f 4595 4594 3972
f 4595 4299 3973
f 3973 4592 4595
f 4595 4592 4594
f 3972 3971 4595
f 4299 4595 3971
f 4596 4594 3760
f 3760 3759 4596
f 3759 4293 4596
f 4596 4293 3972
f 4596 3972 4594
f 3638 3974 4597
f 4597 3637 3638
f 4597 4300 3637
f 3272 4300 4598
f 4598 3974 3975
f 4598 4597 3974
f 4597 4598 4300
f 4598 3273 3272
f 4598 3975 3273
f 4599 4600 3983
f 3981 4599 3983
f 4599 3981 3942
f 4600 4601 3979
f 4601 3643 3980
f 4601 3980 3979
f 3643 4601 3644
f 4599 4601 4600
f 4602 3642 3983
f 4602 3983 4600
f 4602 4600 3979
f 3093 3642 4602
f 4602 3094 3093
f 4602 3979 3094
f 4603 4309 3647
f 4308 4309 4603
f 4603 3647 3107
f 4603 3107 4308
f 4604 4312 4281
f 4604 4311 4312
f 4604 4281 4283
f 4283 4311 4604
f 4605 4011 4606
f 4607 4318 4000
f 4320 4511 4608
f 4608 4319 4320
f 4609 4212 4211
f 4609 4206 4212
f 4610 4323 4006
f 4006 4324 4610
f 4005 4321 4610
f 4321 4323 4610
f 4611 4326 3669
f 4611 4327 4326
f 3669 3668 4611
f 4318 4612 4613
f 4614 4329 4328
f 4614 4615 4616
f 4614 4612 4329
f 4614 4616 4612
f 4328 4325 4617
f 4615 4618 4616
f 4011 4010 4619
f 4619 4620 4011
f 4621 4606 4011
f 4011 4620 4621
f 4621 4622 4606
f 4621 4620 4622
f 4620 4623 4622
f 4623 4617 4624
f 4623 4618 4615
f 4623 4620 4619
f 4625 4333 4334
f 2934 4022 4625
f 4625 4022 3408
f 4333 4625 3408
f 4625 3677 2934
f 4334 3677 4625
f 3677 4335 4626
f 4626 4335 4336
f 3413 3677 4626
f 4626 3414 3413
f 4626 4338 3414
f 4627 3416 3414
f 3414 4338 4627
f 4627 4337 3416
f 4627 4338 106
f 1933 4627 106
f 4627 1933 4337
f 4336 1239 4628
f 4628 1239 4338
f 4629 4340 4342
f 4629 4491 3683
f 4629 4342 4491
f 4629 3683 3682
f 4340 4629 3682
f 4630 4025 4343
f 4630 4030 2935
f 4630 2935 4024
f 4630 4024 4025
f 4631 4340 4030
f 4631 4030 4630
f 4631 4630 4343
f 4631 4341 4340
f 4631 4343 4341
f 4343 4632 4341
f 4165 4632 4027
f 4632 4343 4027
f 4633 4346 3476
f 3687 4346 4633
f 4633 3476 3475
f 4633 3475 3687
f 4634 4635 4636
f 3425 3453 4637
f 4637 4036 3425
f 4637 3453 4361
f 4638 4218 4639
f 4638 4349 4218
f 4394 4638 4395
f 4638 4394 4349
f 4350 4640 4351
f 3432 3431 4641
f 3431 4642 4641
f 4641 4037 3432
f 4641 4642 4037
f 4643 4642 3431
f 4642 4643 4037
f 4643 4359 4037
f 4643 3431 2945
f 4643 2945 4359
f 3694 4357 4644
f 4644 4357 3689
f 3689 4355 4644
f 4645 4360 4038
f 4645 4038 4040
f 4646 4360 4645
f 4356 4645 4040
f 4645 4644 4646
f 4645 4356 3694
f 3694 4644 4645
f 4647 4360 4646
f 4647 4646 4644
f 4647 4644 4355
f 4647 4355 3691
f 3691 3433 4647
f 4648 4365 3436
f 3436 4366 4648
f 4365 4648 4046
f 4648 4044 4046
f 4648 4366 4044
f 4649 3720 4368
f 4649 4067 3720
f 4649 4375 4067
f 4649 4376 4375
f 4650 4051 3723
f 4650 4368 4051
f 4650 4649 4368
f 3723 4064 4650
f 4064 4376 4650
f 4650 4376 4649
f 4651 4130 4652
f 4651 4369 4130
f 4651 4652 4052
f 4052 4369 4651
f 4653 4370 4053
f 3439 4653 3707
f 4653 3439 4370
f 4654 4371 4271
f 4271 4054 4654
f 4654 4054 4056
f 4056 4368 4654
f 4655 3720 3719
f 4655 4368 3720
f 4655 4654 4368
f 3717 4656 3719
f 4656 4655 3719
f 3447 3705 4656
f 4656 3717 3447
f 4656 4371 4654
f 4656 4654 4655
f 4061 4060 4657
f 4657 4375 4061
f 4657 4060 4375
f 4658 4389 4386
f 4658 4385 4659
f 4658 4386 4385
f 4660 4393 3729
f 4660 4392 4393
f 4660 3729 3005
f 3005 4392 4660
f 4388 4456 4661
f 4662 4361 3737
f 4662 4396 4361
f 4662 3737 3736
f 4662 3736 4396
f 4663 4080 4414
f 4663 4398 4080
f 4663 4414 4399
f 4663 4399 4398
f 4400 4399 4664
f 4664 4399 4402
f 4080 4400 4664
f 4664 4402 4080
f 4665 4406 4403
f 4403 4409 4665
f 4666 4407 4404
f 4666 4413 4412
f 4413 4666 4399
f 4667 4409 4408
f 4667 3494 3217
f 3742 4667 3217
f 3496 3494 4667
f 4667 4408 3496
f 4077 4668 3796
f 4668 4077 4076
f 4669 4411 3749
f 4411 4669 4412
f 4669 3749 3748
f 3751 4669 3748
f 4412 4669 3751
f 4670 4121 3790
f 3790 4445 4670
f 4670 4445 4416
f 4421 4671 4095
f 4671 4420 4095
f 4671 4421 4418
f 4671 4418 3963
f 4671 4581 4583
f 4671 3963 4294
f 4671 4294 4582
f 4581 4671 4582
f 4672 4095 4419
f 4672 4098 4095
f 4673 3046 3045
f 3045 4428 4673
f 4673 4567 3046
f 4428 4567 4673
f 4674 3773 4104
f 4674 4429 3773
f 4557 4433 4675
f 4433 4432 4675
f 4675 4112 4557
f 4675 4432 4112
f 4676 3688 2944
f 4676 4436 3688
f 2943 2940 4677
f 4677 2940 3698
f 4677 3777 2943
f 3481 3777 4677
f 3688 4436 4678
f 4678 4440 3688
f 4678 4436 4439
f 4439 4441 4678
f 4440 4678 3698
f 4678 4677 3698
f 4679 4443 4117
f 4679 3782 3786
f 3786 4116 4679
f 4443 4679 4116
f 4679 4442 3782
f 4117 4442 4679
f 3789 4119 4680
f 3456 4445 4681
f 4681 4444 3456
f 4444 4681 4445
f 3793 4682 3490
f 4682 4447 3490
f 4682 4683 4447
f 4682 3793 3492
f 4682 3492 4683
f 3214 3793 4684
f 4684 4685 3214
f 4686 4124 3214
f 3214 4685 4686
f 4686 4123 4124
f 4686 4685 4123
f 4687 3793 4123
f 4685 4687 4123
f 4687 4684 3793
f 4687 4685 4684
f 4688 4448 3493
f 4124 4448 4688
f 4688 3493 3214
f 4688 3214 4124
f 4689 4126 3796
f 4689 3796 4690
f 4689 4691 4126
f 4690 4691 4689
f 4692 4127 4266
f 4692 4452 4127
f 4693 4452 4453
f 4693 4127 4452
f 4694 4695 4125
f 4696 4451 4125
f 4125 4695 4696
f 4697 4128 4127
f 4697 4454 4128
f 4698 4699 4455
f 4455 4454 4698
f 4074 4073 4700
f 4700 4456 4074
f 4700 4073 3726
f 3729 4393 4700
f 4701 4702 4132
f 4701 4132 4458
f 4701 4564 4566
f 3798 3797 4703
f 4703 4704 3798
f 4703 4705 4704
f 4706 4707 4472
f 4708 4706 4709
f 4706 4710 4709
f 4711 4145 4472
f 4145 4711 4146
f 4705 4712 4708
f 4712 3819 3515
f 4713 4714 4715
f 4713 3825 4714
f 4713 3826 3825
f 4716 4565 4472
f 4566 4565 4716
f 3500 4134 4717
f 4717 4460 3500
f 4717 4134 3801
f 4460 4717 3801
f 4142 4461 4718
f 4718 4470 4142
f 4144 4143 4718
f 4143 4470 4718
f 4719 3805 4139
f 4469 4720 3801
f 4720 4469 3263
f 4142 4721 3263
f 4721 4142 4470
f 4470 4475 4721
f 4722 4471 3814
f 4471 4722 4473
f 4722 3814 3806
f 3806 4473 4722
f 4723 4148 3817
f 3817 4475 4723
f 4723 3812 4148
f 4723 4475 3812
f 4477 4486 4724
f 4724 4721 4475
f 4724 4476 4477
f 4475 4476 4724
f 4725 3512 2991
f 4483 4725 2991
f 4725 3513 3512
f 4725 3514 3513
f 4484 4726 2993
f 3822 4727 4726
f 4726 4484 3822
f 4728 4478 4480
f 4728 4729 4478
f 4730 4727 3822
f 4730 4485 4727
f 4485 4730 4479
f 4730 3822 3824
f 4479 4730 3824
f 4485 4731 4727
f 4732 4486 4477
f 4732 4485 4486
f 4732 4477 4478
f 4732 4731 4485
f 4729 4732 4478
f 4732 4729 4731
f 4733 4487 4341
f 4632 4733 4341
f 3831 4487 4734
f 3832 4734 3833
f 4734 4733 3833
f 4487 4733 4734
f 3535 3831 4734
f 4734 3832 3535
f 3835 4489 4735
f 4735 4488 3835
f 4735 4162 4488
f 4735 4489 4162
f 4736 4165 3841
f 4736 3841 3842
f 4490 4736 3842
f 4164 4165 4736
f 4736 4490 4164
f 4737 4493 4179
f 4737 4179 3854
f 3854 3918 4737
f 4737 3918 3916
f 3915 4737 3916
f 4737 3915 3917
f 3917 4493 4737
f 4738 4185 3862
f 4738 3862 3859
f 4495 4738 3859
f 4738 4188 4185
f 4738 4495 4188
f 3858 3859 4739
f 4739 4184 3858
f 4191 4190 4740
f 4497 4740 4190
f 4740 4192 4191
f 4740 4497 4192
f 4741 4192 3847
f 4184 4741 3847
f 4741 4742 4192
f 4743 4195 4197
f 4743 4498 4195
f 4743 4197 3559
f 3559 4498 4743
f 4744 4000 4002
f 4500 4744 4002
f 4002 4196 4745
f 4745 4500 4002
f 4746 4501 3561
f 3561 4504 4746
f 3865 4501 4746
f 4746 4202 4200
f 4746 4504 4202
f 4746 4194 3865
f 4746 4200 4194
f 4505 4747 4203
f 4747 4505 3956
f 4747 3955 4205
f 4747 3956 3955
f 4748 4505 4202
f 4748 4504 3909
f 4504 4748 4202
f 4748 3909 4749
f 4749 4506 4748
f 4506 4505 4748
f 4750 4200 4203
f 4750 4507 4503
f 4750 4503 4201
f 4200 4750 4201
f 4204 4507 4751
f 4747 4751 4203
f 4751 4750 4203
f 4507 4750 4751
f 4205 4204 4751
f 4751 4747 4205
f 4752 3877 3271
f 4752 3271 4510
f 4752 4510 4207
f 3275 3877 4752
f 4752 4207 3275
f 4753 4511 4320
f 4753 4510 4511
f 4753 4754 4209
f 4510 4753 4209
f 3564 4755 3565
f 4755 3564 4512
f 4755 3872 3565
f 4755 4512 3872
f 4756 4507 4204
f 4512 4756 4204
f 4754 4502 4756
f 4502 4507 4756
f 4757 4206 4198
f 4757 4195 3867
f 4195 4757 4198
f 3866 4757 3867
f 4757 3866 4194
f 4758 4521 3879
f 4515 4758 3879
f 4758 4515 4214
f 4759 4517 3881
f 4759 4217 4517
f 4759 4639 4218
f 4217 4759 4218
f 4523 4760 4761
f 4760 4221 4762
f 4760 4523 4221
f 4217 4763 4518
f 4763 4217 4522
f 4764 4765 4521
f 4521 4758 4764
f 4764 4758 4223
f 4764 4223 4224
f 4517 4766 4519
f 4766 4517 4518
f 4766 4520 4519
f 4766 4518 4763
f 4766 4763 4765
f 4766 3883 3882
f 3882 4520 4766
f 4767 4352 4768
f 4769 4768 4352
f 4769 4770 4438
f 4771 4533 4354
f 4352 4351 4771
f 4351 4533 4771
f 4771 4769 4352
f 4769 4771 4770
f 4772 4773 4774
f 4772 4774 4775
f 4772 4775 4530
f 4776 4233 4536
f 4135 4535 4776
f 4776 4136 4135
f 4776 4536 4136
f 3898 4240 4777
f 4777 4537 3898
f 3576 4537 4777
f 4777 4254 3576
f 4254 4777 4240
f 4778 3253 3256
f 4778 4538 3253
f 3256 4237 4778
f 4778 4237 4779
f 4778 4779 4780
f 4778 4780 4538
f 4781 3607 3606
f 4782 4240 4236
f 4782 4254 4240
f 4783 4540 4541
f 4783 4243 4242
f 4540 4783 4242
f 3904 4543 4784
f 4784 4545 3904
f 4784 4543 4544
f 4784 4544 3580
f 4545 4784 3580
f 3587 4546 4785
f 4785 4749 3909
f 4785 3909 3587
f 3585 4547 4786
f 4786 4547 4548
f 4786 4546 3585
f 4786 4785 4546
f 4787 4786 4548
f 4785 4786 4749
f 4786 4506 4749
f 3956 4786 3957
f 4786 3956 4506
f 4788 4550 4255
f 4779 4237 4788
f 3911 4550 4788
f 4788 4237 3551
f 4788 4239 3911
f 3551 4239 4788
f 4789 4267 4268
f 4790 4269 4265
f 4265 4554 4790
f 4791 4699 4792
f 4791 4455 4699
f 4128 4455 4793
f 4791 4793 4455
f 4794 4055 4555
f 4794 4130 4055
f 4795 4796 4652
f 4270 4797 4054
f 4797 4555 4054
f 4798 4799 4800
f 4801 4435 4433
f 4801 4433 4556
f 4802 4272 3928
f 4272 4802 4273
f 4557 4112 4803
f 4804 4800 4799
f 3928 4559 4805
f 4567 4806 3046
f 4806 4567 3045
f 4807 4277 3764
f 4807 4568 4277
f 3764 3938 4807
f 3938 4568 4807
f 4808 3310 4314
f 4808 4573 3310
f 4808 4314 3651
f 4573 4808 3651
f 4809 4286 3310
f 3310 4573 4809
f 4809 3650 4286
f 4809 4573 3650
f 4810 4284 3363
f 4574 4810 3363
f 4810 4572 4284
f 4810 4574 4572
f 4576 4811 3943
f 4812 3953 3957
f 4813 3905 3583
f 3581 4814 3296
f 4815 4787 4548
f 4815 4816 4787
f 4815 4548 3908
f 4817 4260 4261
f 4260 4817 3598
f 4601 4818 3644
f 4818 4601 4599
f 4818 3942 3644
f 4818 4599 3942
f 4819 4820 4011
f 4821 4819 4011
f 4822 4011 4605
f 4823 4762 4820
f 4824 4605 4606
f 4605 4824 4825
f 4826 4003 3666
f 4826 3667 3669
f 3667 4826 3666
f 4827 4330 4329
f 3663 4003 4828
f 4828 3562 3663
f 4828 4509 3562
f 4511 4509 4828
f 4828 4608 4511
f 4829 4211 4319
f 4829 4609 4211
f 4830 4829 4319
f 4199 4206 4831
f 4206 4609 4831
f 4831 4499 4199
f 4832 4828 4003
f 4832 4608 4828
f 4003 4826 4832
f 4833 4319 4608
f 4833 4830 4319
f 4832 4833 4608
f 3999 4321 4834
f 4834 4321 4835
f 4834 3986 3999
f 4834 4835 3986
f 4836 4321 3988
f 4836 4835 4321
f 4836 3133 2804
f 4836 3988 3133
f 3986 4835 4836
f 3987 4836 2804
f 4836 3987 3986
f 4837 4324 3889
f 3668 4322 4837
f 4837 4611 3668
f 4613 4612 4838
f 4838 4612 4616
f 4838 4318 4613
f 4838 4001 4318
f 4838 4012 4001
f 4618 4839 4616
f 4839 4838 4616
f 4328 4617 4840
f 4840 4614 4328
f 4615 4614 4840
f 4840 4623 4615
f 4623 4840 4617
f 4841 4626 4336
f 4626 4841 4338
f 4336 4628 4841
f 4841 4628 4338
f 4635 4634 4842
f 4842 4634 4843
f 4842 4438 4437
f 4437 4635 4842
f 4842 4769 4438
f 4842 4843 4768
f 4768 4769 4842
f 4636 4635 4844
f 4844 4845 4636
f 4846 4638 4639
f 4639 4036 4846
f 4036 4637 4846
f 4361 4396 4846
f 4846 4637 4361
f 4846 4396 4395
f 4638 4846 4395
f 4360 4847 4037
f 4847 4848 4037
f 4647 4847 4360
f 4847 4647 4848
f 4849 3707 4653
f 4849 4653 4053
f 4849 3708 3707
f 4849 4053 3708
f 4053 4371 4850
f 4656 4850 4371
f 3705 4053 4850
f 4850 4656 3705
f 4851 4704 4705
f 4852 4704 4661
f 4704 4852 3798
f 4852 4661 4456
f 3798 4852 3240
f 4852 3533 3240
f 4853 4406 4665
f 4399 4406 4853
f 4854 4855 4856
f 3738 4856 3741
f 4856 4855 3741
f 3752 4857 3457
f 4857 3751 3457
f 4063 4374 4858
f 4858 3752 4063
f 4858 4374 3215
f 3215 4407 4858
f 4859 4666 4404
f 4665 4860 4854
f 4860 4665 4409
f 4861 4415 4089
f 4862 4861 4089
f 4089 4447 4863
f 4863 4862 4089
f 4863 4447 4683
f 4863 4683 3492
f 4420 4671 4864
f 4419 4420 4864
f 4864 4671 4583
f 4864 4672 4419
f 4864 4583 4292
f 4422 4864 4292
f 4864 4422 4098
f 4098 4672 4864
f 4865 4104 3448
f 4865 4674 4104
f 4865 3448 3177
f 4865 3177 3450
f 4865 4429 4674
f 4865 3450 4379
f 4429 4865 4379
f 4866 4441 3480
f 3481 4677 4866
f 4866 4678 4441
f 4678 4866 4677
f 4866 3480 3200
f 3200 3481 4866
f 4867 4444 3789
f 3789 4680 4867
f 4867 3485 4444
f 4867 4680 3485
f 4868 4119 4120
f 4868 4680 4119
f 4120 3485 4868
f 4680 4868 3485
f 4869 4870 3796
f 4668 4869 3796
f 4870 4869 4690
f 4869 4691 4690
f 4871 4696 4695
f 4451 4696 4871
f 4872 4127 4693
f 4872 4697 4127
f 4872 4693 4453
f 4451 4872 4453
f 4873 4699 4698
f 4874 3726 3727
f 4874 4700 3726
f 3727 3729 4874
f 4700 4874 3729
f 4875 4131 4457
f 4875 4457 4273
f 4876 4877 4702
f 4876 4566 4877
f 4878 4710 4879
f 4880 4458 4131
f 4881 4880 4131
f 4880 4881 4458
f 4882 4472 4565
f 4882 4564 4879
f 4565 4564 4882
f 4472 4707 4883
f 4883 4711 4472
f 4883 4707 4713
f 4712 4884 4708
f 4884 4706 4708
f 4707 4706 4884
f 4884 4712 3515
f 3515 3826 4884
f 3826 4713 4884
f 4884 4713 4707
f 4703 4885 4705
f 4885 4712 4705
f 4885 4703 3797
f 4885 3797 3498
f 4885 3498 3819
f 4885 3819 4712
f 4886 4715 4887
f 4883 4886 4711
f 4886 4887 4146
f 4711 4886 4146
f 4473 4888 4472
f 4888 4716 4472
f 4888 4473 3806
f 4889 4461 3505
f 4889 4718 4461
f 4144 4718 4889
f 3505 3506 4889
f 3506 4144 4889
f 4890 4719 4139
f 4719 4891 3805
f 4892 3811 3801
f 4720 4892 3801
f 3263 3811 4892
f 4892 4720 3263
f 4893 3856 3263
f 3263 4721 4893
f 4893 4721 4724
f 4894 4724 4486
f 4894 4479 3857
f 4894 4486 4479
f 4894 4893 4724
f 3857 3856 4894
f 3856 4893 4894
f 4895 4483 2993
f 4726 4895 2993
f 4896 4726 4727
f 4896 4714 3825
f 3514 4725 4897
f 4897 3827 3514
f 4897 4895 4726
f 4897 4726 4896
f 4897 4725 4483
f 4483 4895 4897
f 3825 3827 4897
f 4897 4896 3825
f 4898 4728 4480
f 4898 4480 4481
f 4898 4481 3816
f 4728 4899 4729
f 4151 4146 4899
f 4146 4729 4899
f 4899 4150 4151
f 4899 4728 4150
f 4727 4731 4900
f 4715 4900 4887
f 4901 4164 3833
f 4901 3833 4733
f 4901 4733 4632
f 4901 4165 4164
f 4901 4632 4165
f 4902 4496 4186
f 4902 4186 3556
f 4902 3859 4496
f 4902 3556 4191
f 4903 4191 4904
f 4903 4905 4191
f 4741 4903 4904
f 4906 4741 4904
f 4906 4742 4741
f 4906 4904 4191
f 4906 4191 4742
f 4907 4500 4499
f 4907 4744 4500
f 4907 4499 4000
f 4000 4744 4907
f 4199 4500 4908
f 4908 4500 4745
f 4908 4196 4199
f 4908 4745 4196
f 4909 4753 4320
f 4211 4909 4320
f 4909 4211 4210
f 4909 4210 4502
f 4909 4502 4754
f 4753 4909 4754
f 4910 4756 4512
f 4910 3564 4208
f 4910 4512 3564
f 4910 4208 4209
f 4910 4209 4754
f 4754 4756 4910
f 4911 4513 4206
f 4206 4757 4911
f 4513 4911 4201
f 4911 4194 4201
f 4911 4757 4194
f 3573 4223 4912
f 4912 4223 4758
f 4912 4516 3573
f 4912 4214 4516
f 4912 4758 4214
f 4913 3881 3422
f 4913 4759 3881
f 3422 3424 4913
f 3424 4036 4913
f 4913 4036 4639
f 4759 4913 4639
f 4761 4914 4915
f 4640 4916 4917
f 4916 4773 4917
f 4916 4918 4773
f 4919 4226 4222
f 4919 4222 4523
f 4919 4523 4761
f 4920 4760 4762
f 4521 4765 4921
f 4763 4921 4765
f 4921 4522 4521
f 4921 4763 4522
f 3883 4766 4922
f 4225 4524 4923
f 4224 4225 4923
f 4923 4764 4224
f 4923 4765 4764
f 4924 4350 4352
f 4767 4924 4352
f 4924 4767 4350
f 4925 4526 4528
f 4925 4528 4926
f 4925 4227 4526
f 4927 4325 4007
f 4927 4617 4325
f 4928 4927 4926
f 4624 4617 4928
f 4617 4927 4928
f 4354 4353 4929
f 4929 4771 4354
f 4771 4929 4770
f 4930 4931 4527
f 4775 4931 4930
f 4530 4930 4527
f 4930 4530 4775
f 4773 4772 4932
f 4932 4533 4351
f 4917 4773 4932
f 4932 4640 4917
f 4932 4351 4640
f 4933 4534 4532
f 4232 4228 4933
f 4228 4534 4933
f 4933 4530 4232
f 4933 4772 4530
f 3502 4233 4934
f 4776 4934 4233
f 4934 4776 4535
f 4934 4134 3502
f 4934 4535 4134
f 3920 4254 4935
f 4935 4781 3606
f 4254 4782 4935
f 4935 3606 3595
f 4935 3595 3920
f 4936 3913 3607
f 4781 4936 3607
f 3913 4936 3590
f 4936 4780 4779
f 4936 4781 4780
f 4236 4538 4937
f 4937 4782 4236
f 4538 4780 4937
f 4780 4781 4937
f 4935 4937 4781
f 4937 4935 4782
f 4938 3957 4786
f 4938 4786 4787
f 4938 4812 3957
f 4787 4816 4938
f 4938 4816 4812
f 4939 4790 4554
f 4939 4554 4129
f 4939 4269 4790
f 4939 4793 4269
f 4129 4128 4939
f 4128 4793 4939
f 4940 4797 4270
f 4268 4269 4941
f 4796 4795 4942
f 4794 4943 4130
f 4943 4794 4555
f 4652 4130 4943
f 4943 4795 4652
f 4944 4556 4799
f 4798 4944 4799
f 4945 4800 4946
f 4945 4798 4800
f 4947 4112 4113
f 4947 4803 4112
f 4430 4947 4113
f 4946 4800 4948
f 4800 4804 4948
f 4803 4949 4557
f 4949 4804 4799
f 4949 4556 4557
f 4556 4949 4799
f 4950 4948 4804
f 4951 4802 3928
f 3928 4805 4951
f 4273 4802 4951
f 4951 4805 4561
f 4952 4559 4558
f 4952 4805 4559
f 4952 4558 4267
f 4562 4561 4952
f 4805 4952 4561
f 4953 3047 3046
f 4806 4953 3046
f 4953 4806 3045
f 4954 4259 3055
f 4954 4811 4259
f 3943 4954 3055
f 4954 3943 4811
f 4811 4955 4259
f 4955 4811 4576
f 4956 4539 4244
f 3903 4539 4956
f 4956 4783 4541
f 4244 4243 4956
f 4783 4956 4243
f 4957 3908 3580
f 3580 3903 4957
f 3903 4956 4957
f 4958 4813 3583
f 4958 3583 3296
f 4958 3296 4814
f 4816 4815 4959
f 4960 3581 3295
f 4960 3295 4815
f 4960 4814 3581
f 4961 4817 4261
f 4261 4577 4961
f 4822 4962 4011
f 4963 4605 4825
f 4963 4822 4605
f 4964 4965 4762
f 4823 4964 4762
f 4964 4823 4965
f 4966 4963 4967
f 4965 4968 4762
f 4968 4967 4762
f 4823 4968 4965
f 4969 4970 4971
f 4972 4970 4762
f 4972 4762 4967
f 4928 4973 4624
f 4974 4824 4606
f 4974 4975 4976
f 4974 4977 4914
f 4978 4825 4824
f 4329 4612 4979
f 4979 4827 4329
f 4979 4612 4318
f 4318 4607 4979
f 4979 4607 4000
f 4000 4499 4979
f 4827 4979 4499
f 4008 4330 4980
f 4980 4330 4827
f 4981 4827 4499
f 4981 4980 4827
f 4981 4499 4831
f 4981 4831 4609
f 4982 4611 4837
f 4982 4837 3889
f 4982 3889 3891
f 4983 4610 4324
f 4837 4983 4324
f 4983 4322 3661
f 4983 4837 4322
f 4984 4985 4012
f 4838 4984 4012
f 4984 4839 4985
f 4984 4838 4839
f 4986 4839 4010
f 4986 4985 4839
f 4986 4010 4012
f 4986 4012 4985
f 4010 4839 4987
f 4987 4839 4618
f 4987 4619 4010
f 4618 4623 4987
f 4987 4623 4619
f 4623 4988 4622
f 4988 4623 4975
f 4988 4606 4622
f 4988 4974 4606
f 4975 4974 4988
f 3692 4037 4989
f 4037 4990 4989
f 3433 3692 4989
f 4989 4647 3433
f 4989 4990 4647
f 4037 4848 4991
f 4991 4990 4037
f 4848 4647 4991
f 4990 4991 4647
f 4992 4661 4704
f 4851 4992 4704
f 4388 4661 4992
f 4992 4851 4388
f 4993 4705 4708
f 4993 4851 4705
f 4993 4708 4709
f 4456 4700 4994
f 4994 4852 4456
f 4994 4700 4393
f 3533 4852 4994
f 3530 3533 4994
f 4994 4393 3530
f 4995 4665 4854
f 4854 4856 4995
f 4996 3752 4858
f 4407 4666 4996
f 4996 4858 4407
f 4996 4412 3751
f 4996 4666 4412
f 4859 4997 4666
f 4997 4399 4666
f 4997 4859 4404
f 4415 4861 4998
f 4416 4415 4998
f 4998 3492 4121
f 4998 4861 3492
f 4999 4861 4862
f 4862 4863 4999
f 4999 3492 4861
f 4999 4863 3492
f 4845 4844 5000
f 5000 4844 4635
f 2946 4035 5001
f 5001 2944 2946
f 5002 4870 4690
f 5002 3796 4870
f 5002 5003 3796
f 5004 5005 4126
f 5004 4126 4691
f 5004 4694 4125
f 4125 5005 5004
f 5006 4668 5007
f 5006 4869 4668
f 4076 5008 5009
f 5009 4668 4076
f 4668 5009 5007
f 5010 4855 4854
f 5011 4873 5012
f 5013 4871 4695
f 4873 5014 4699
f 4796 4942 5014
f 4792 4699 5014
f 5014 4942 4792
f 4796 5015 4652
f 5015 4052 4652
f 4875 5016 4131
f 5016 4881 4131
f 5016 4875 4273
f 4273 4951 5016
f 5017 4658 4659
f 5018 5017 4659
f 5019 4702 4701
f 5019 4876 4702
f 5019 4701 4566
f 4566 4876 5019
f 5020 4701 4458
f 5021 5022 5023
f 5022 5016 5023
f 5022 4881 5016
f 5022 4878 4881
f 5024 5018 4659
f 5025 4950 5018
f 5024 5025 5018
f 5026 4706 4472
f 5026 4472 4882
f 4710 4706 5026
f 4879 4710 5026
f 5026 4882 4879
f 5027 4713 4715
f 4715 4886 5027
f 5027 4883 4713
f 5027 4886 4883
f 4888 5028 4716
f 5028 4877 4566
f 4566 4716 5028
f 4702 4877 5028
f 3806 4702 5028
f 5028 4888 3806
f 4719 4890 5029
f 5029 4891 4719
f 5029 4898 3816
f 5030 4137 4466
f 5030 4139 4137
f 5031 5032 3805
f 4891 5031 3805
f 5029 5031 4891
f 4896 5033 4714
f 5033 4896 4727
f 4727 4900 5033
f 5033 4715 4714
f 5033 4900 4715
f 4465 4138 5034
f 4887 4900 5035
f 5035 4900 4731
f 5035 4731 4729
f 5035 4146 4887
f 5035 4729 4146
f 4905 5036 4191
f 5036 4902 4191
f 4905 4903 5037
f 5037 4903 4741
f 5037 4741 4184
f 4184 4739 5037
f 5037 5036 4905
f 4902 5036 5037
f 5037 4739 3859
f 5037 3859 4902
f 5038 4191 4192
f 5038 5039 4191
f 5039 5038 4192
f 5040 4192 4742
f 5040 5039 4192
f 5040 4742 4191
f 4191 5039 5040
f 5041 4775 4774
f 5041 5042 4931
f 5041 4931 4775
f 5043 4761 4760
f 5043 4914 4761
f 4920 5043 4760
f 5044 5045 5046
f 5047 5044 4918
f 5047 5045 5044
f 5048 4762 4970
f 5048 4920 4762
f 4970 5043 5048
f 5048 5043 4920
f 3883 4922 5049
f 5049 4347 3883
f 4636 4845 5049
f 5049 4035 4347
f 5049 4845 4035
f 5050 4922 4766
f 5051 4524 3887
f 3887 4348 5051
f 5051 4923 4524
f 5051 5052 4923
f 5053 4634 5054
f 5052 5055 4923
f 4765 4923 5055
f 5055 5053 5056
f 5053 5055 5052
f 5057 5052 5058
f 5057 5053 5052
f 5059 4525 4226
f 3884 4525 5059
f 5060 5061 5062
f 5062 5061 4919
f 5062 4915 5060
f 4761 4915 5062
f 5062 4919 4761
f 5063 5061 5060
f 5064 4348 3884
f 5064 5051 4348
f 5051 5064 5052
f 5065 4767 4768
f 5066 4925 4926
f 5066 4926 4927
f 5066 4327 3891
f 5066 4007 4327
f 5066 4927 4007
f 5067 4929 4353
f 5067 4353 4439
f 4929 5067 4770
f 5067 4439 4438
f 4438 4770 5067
f 5068 4933 4532
f 4932 5068 4533
f 5068 4932 4772
f 4772 4933 5068
f 4532 4531 5068
f 4531 4533 5068
f 5069 4255 3590
f 4936 5069 3590
f 5069 4936 4779
f 4779 4788 5069
f 5069 4788 4255
f 5070 4801 4556
f 5070 4556 4944
f 5071 4946 4560
f 5071 4945 4946
f 5072 5073 4561
f 5072 4948 5073
f 4561 4560 5072
f 5072 4560 4946
f 4946 4948 5072
f 4950 5074 5018
f 5074 4803 5017
f 5074 5017 5018
f 5074 4949 4803
f 4804 4949 5074
f 5074 4950 4804
f 5073 4948 5075
f 5075 4948 4950
f 5025 5075 4950
f 4561 5073 5076
f 5076 4951 4561
f 5076 5073 5023
f 5016 5076 5023
f 5076 5016 4951
f 5077 3189 3047
f 4953 5077 3047
f 3045 3189 5077
f 5077 4953 3045
f 5078 4577 3922
f 5078 4955 4577
f 5078 3922 4259
f 4955 5078 4259
f 4955 5079 4577
f 3953 4812 5080
f 3954 3953 5080
f 4812 5079 5080
f 5080 5079 4955
f 5080 4575 3954
f 5080 4576 4575
f 5080 4955 4576
f 3584 3905 5081
f 5081 3905 4813
f 5081 4541 3584
f 4957 5081 4813
f 5081 4957 4956
f 5082 4814 3908
f 5082 3908 4957
f 5082 4957 4813
f 4958 5082 4813
f 5082 4958 4814
f 4817 5083 3598
f 5083 4817 4959
f 3295 3598 5083
f 5083 4815 3295
f 5083 4959 4815
f 5084 4959 4817
f 5084 4817 4961
f 5084 4812 4816
f 4816 4959 5084
f 4814 4960 5085
f 5085 4960 4815
f 3908 4814 5085
f 5085 4815 3908
f 5086 4821 4011
f 5086 4011 4962
f 5086 4962 4821
f 4963 5087 4822
f 5087 4962 4822
f 4966 5088 4820
f 5088 4966 4967
f 4967 4968 5088
f 5089 4971 4970
f 4970 4972 5089
f 4963 5090 4967
f 5090 4972 4967
f 5091 5090 4963
f 4972 5090 5091
f 4976 4975 5092
f 5092 4624 4973
f 5092 4623 4624
f 5092 4975 4623
f 5041 5093 5042
f 5093 5041 5094
f 5095 4928 4926
f 5095 4926 4528
f 5095 4528 4527
f 5095 4931 5042
f 5042 5093 5095
f 5095 4527 4931
f 4824 4974 5096
f 4977 4974 5097
f 5097 4974 4976
f 4976 5098 5097
f 5099 4009 4008
f 4980 5099 4008
f 4609 4829 5100
f 5100 4981 4609
f 5100 4829 4830
f 4981 5100 4980
f 4830 5099 5100
f 5100 5099 4980
f 5101 4327 4611
f 4982 5101 4611
f 3891 4327 5101
f 5101 4982 3891
f 4005 4610 5102
f 4983 5102 4610
f 4004 4005 5102
f 3661 4004 5102
f 5102 4983 3661
f 5103 4995 4856
f 5103 4856 3738
f 5103 4853 4665
f 5103 4665 4995
f 5103 3738 3740
f 3740 4399 5103
f 4399 4853 5103
f 5104 4857 3752
f 4996 5104 3752
f 3751 4857 5104
f 5104 4996 3751
f 5105 4406 4399
f 4399 4997 5105
f 5105 4404 4406
f 5105 4997 4404
f 5106 4670 4416
f 4416 4998 5106
f 5106 4121 4670
f 5106 4998 4121
f 4035 4845 5107
f 4845 5000 5107
f 5107 5001 4035
f 5001 5107 5108
f 5109 5000 4635
f 5109 4635 4437
f 4436 5109 4437
f 4676 5109 4436
f 5110 5002 4690
f 5110 4690 3796
f 3796 5111 5110
f 5112 5005 4125
f 4125 5113 5112
f 5005 5114 4126
f 4125 4126 5114
f 5115 4869 5006
f 5115 5006 5116
f 5115 5116 5117
f 5115 5117 5118
f 5119 5115 5118
f 5115 5119 5004
f 4691 4869 5115
f 5115 5004 4691
f 5120 4854 4860
f 5120 5010 4854
f 5121 3742 3218
f 5121 5011 3742
f 5121 3218 4066
f 4066 5015 5121
f 4451 4871 5122
f 4871 5013 5122
f 5122 4872 4451
f 4697 4872 5122
f 5122 5013 5123
f 4454 4697 5122
f 5123 5124 5122
f 5122 4698 4454
f 5122 5124 5012
f 5122 4873 4698
f 5122 5012 4873
f 5125 5013 4695
f 5125 5123 5013
f 3741 4855 5125
f 4855 5010 5125
f 5126 5015 4796
f 4796 5014 5126
f 5126 5014 4873
f 4873 5011 5126
f 5121 5126 5011
f 5126 5121 5015
f 5127 5015 4066
f 5127 4066 3722
f 5127 3722 3721
f 5127 3721 4052
f 5015 5127 4052
f 4658 5017 5128
f 4389 5128 4107
f 5128 4389 4658
f 5128 4430 4107
f 5128 4947 4430
f 4803 4947 5128
f 5128 5017 4803
f 4701 5020 5129
f 4564 4701 5129
f 5129 5020 4458
f 5129 4879 4564
f 5129 4878 4879
f 4458 4881 5129
f 4881 4878 5129
f 5130 4993 4709
f 5131 5021 5023
f 5131 5075 5025
f 5131 5023 5073
f 5073 5075 5131
f 5132 5025 5024
f 5132 5130 5021
f 5132 5021 5131
f 5132 5131 5025
f 4890 5030 5133
f 4463 4898 5133
f 5133 5029 4890
f 5133 4898 5029
f 5133 4464 4463
f 4467 4464 5133
f 4466 4467 5133
f 5133 5030 4466
f 5134 4890 4139
f 5134 4139 5030
f 5134 5030 4890
f 5031 5135 5032
f 5135 5031 5029
f 5135 3805 5032
f 5135 3816 3805
f 5135 5029 3816
f 5136 4898 4463
f 5136 5034 4898
f 5136 4463 4465
f 4465 5034 5136
f 4138 4482 5137
f 5137 5034 4138
f 5137 4482 4150
f 4150 4728 5137
f 4728 4898 5137
f 5034 5137 4898
f 4773 4918 5138
f 4918 5044 5138
f 5138 5094 5041
f 5139 5060 4915
f 5140 4970 4969
f 5140 5043 4970
f 5140 4969 4825
f 4978 5140 4825
f 5140 4978 4824
f 5043 5140 4824
f 5141 4640 4350
f 5141 4916 4640
f 4350 4767 5141
f 4918 4916 5141
f 5141 5047 4918
f 5142 4766 4765
f 4765 5055 5142
f 5142 5055 5056
f 5143 5054 4634
f 5144 5054 5143
f 5143 4634 4636
f 5143 5050 5144
f 4922 5050 5143
f 5049 5143 4636
f 5143 5049 4922
f 5145 4634 5053
f 5145 5053 5146
f 5145 4843 4634
f 5145 5058 4843
f 5145 5146 5058
f 5147 5057 5058
f 5147 5053 5057
f 4226 4919 5148
f 5148 5059 4226
f 4919 5061 5148
f 3884 5059 5148
f 5148 5064 3884
f 5149 5063 5060
f 5045 5149 5046
f 5149 5139 5046
f 5149 5060 5139
f 5047 5150 5045
f 5151 5148 5061
f 5151 5064 5148
f 5151 5058 5052
f 5064 5151 5052
f 5152 5065 4768
f 5153 5065 5152
f 5152 4768 4843
f 5152 4843 5058
f 5058 5153 5152
f 4925 5154 4227
f 5154 4925 5066
f 3888 4227 5154
f 3891 3888 5154
f 5154 5066 3891
f 4435 4801 5155
f 4801 5070 5155
f 5155 4553 4435
f 4553 5155 3926
f 5155 4270 3926
f 5155 4940 4270
f 4797 4940 5155
f 5155 5070 4797
f 5156 4560 4562
f 5156 5071 4560
f 4945 5071 5157
f 5157 4942 4795
f 5158 5079 4812
f 5084 5158 4812
f 5158 5084 4961
f 5158 4961 4577
f 4577 5079 5158
f 5159 4956 4541
f 5081 5159 4541
f 5159 5081 4956
f 4819 5160 4820
f 5160 5087 4820
f 5160 4819 4821
f 5160 4821 4962
f 5160 4962 5087
f 5161 4966 4820
f 4820 5087 5161
f 5161 4963 4966
f 5161 5087 4963
f 5162 4823 4820
f 5088 5162 4820
f 5162 4968 4823
f 5162 5088 4968
f 5163 5089 4972
f 5163 4963 4825
f 5163 5091 4963
f 4976 5092 5164
f 5164 5092 4973
f 5164 5098 4976
f 5098 5164 4973
f 4977 5097 5165
f 5165 5097 5098
f 5166 4973 4928
f 5095 5166 4928
f 5166 5093 4973
f 5166 5095 5093
f 5043 5167 4914
f 5167 4974 4914
f 5167 5096 4974
f 5167 5043 4824
f 4824 5096 5167
f 5168 4326 4009
f 5168 4009 5099
f 4833 5168 4830
f 5168 5099 4830
f 5169 5107 5000
f 5170 5171 4676
f 5170 5001 5171
f 5170 4676 2944
f 5170 2944 5001
f 5172 5001 5108
f 5172 5171 5001
f 5172 5108 4676
f 4676 5171 5172
f 5003 5002 5173
f 5173 5002 5110
f 5173 5110 5111
f 3796 5003 5173
f 5173 5111 3796
f 5174 5005 5112
f 5174 5114 5005
f 5174 5112 5113
f 5174 5113 4125
f 4125 5114 5174
f 5175 5119 5118
f 5176 4860 4409
f 5176 5120 4860
f 5120 5177 5010
f 5177 5124 5123
f 5177 5123 5125
f 5177 5125 5010
f 5178 5008 4076
f 4397 5178 4076
f 5130 5179 5021
f 4878 5022 5179
f 5179 5022 5021
f 4710 4878 5179
f 4709 4710 5179
f 5179 5130 4709
f 5180 5132 5024
f 5132 5180 5130
f 5180 4851 4993
f 5180 4993 5130
f 5181 5041 4774
f 5181 5138 5041
f 4774 4773 5181
f 5138 5181 4773
f 5182 5139 4915
f 5182 5183 5139
f 5182 4914 4977
f 5182 4915 4914
f 4977 5165 5182
f 5182 5165 5183
f 5184 5050 4766
f 5184 5144 5050
f 5184 5185 5144
f 5186 5053 5054
f 5186 5185 5053
f 5186 5054 5144
f 5185 5186 5144
f 5187 5142 5056
f 5053 5187 5056
f 5187 5053 5185
f 5058 5146 5188
f 5188 5147 5058
f 5146 5053 5188
f 5147 5188 5053
f 5150 5189 5045
f 5189 5149 5045
f 5063 5149 5189
f 5047 5141 5190
f 5190 5150 5047
f 5190 5141 4767
f 5190 4767 5065
f 5065 5150 5190
f 5151 5191 5058
f 5061 5063 5191
f 5191 5151 5061
f 4562 4952 5192
f 5192 5156 4562
f 5192 4952 4267
f 4267 4789 5192
f 5192 4789 4268
f 4798 4945 5193
f 4945 5157 5193
f 4795 4943 5193
f 5193 5157 4795
f 5194 5071 5156
f 5194 5157 5071
f 4792 4942 5194
f 4942 5157 5194
f 4972 5091 5195
f 5195 5163 4972
f 5163 5195 5091
f 4971 5089 5196
f 5163 5196 5089
f 5196 5163 4825
f 5196 4825 4969
f 4969 4971 5196
f 5197 5098 4973
f 5197 5093 5094
f 5093 5197 4973
f 5168 5198 4326
f 5198 3669 4326
f 5198 4826 3669
f 5198 4832 4826
f 5198 4833 4832
f 5198 5168 4833
f 5108 5107 5199
f 5199 5107 5169
f 4676 5108 5199
f 5199 5169 4676
f 5117 5200 5118
f 5200 5175 5118
f 5006 5201 5116
f 5201 5006 5007
f 5202 5004 5119
f 5119 5175 5202
f 5004 5202 4694
f 5202 5201 4694
f 5202 5117 5116
f 5202 5200 5117
f 5175 5200 5202
f 4667 5203 4409
f 5203 5176 4409
f 5203 4667 3742
f 5120 5176 5204
f 5204 5177 5120
f 5012 5124 5204
f 5124 5177 5204
f 5011 5204 3742
f 5204 5011 5012
f 5204 5203 3742
f 5176 5203 5204
f 5205 5125 4695
f 4695 5178 5205
f 4694 5206 4695
f 5206 5178 4695
f 5008 5178 5206
f 5207 4659 4385
f 4385 4388 5207
f 5207 5024 4659
f 5207 5180 5024
f 4388 4851 5207
f 5180 5207 4851
f 5208 5094 5138
f 5208 5138 5044
f 5183 5165 5208
f 5208 5044 5046
f 5046 5139 5208
f 5208 5139 5183
f 4766 5142 5209
f 5209 5184 4766
f 5187 5209 5142
f 5185 5184 5209
f 5209 5187 5185
f 5191 5210 5058
f 5063 5189 5210
f 5210 5191 5063
f 5211 4944 4798
f 4798 5193 5211
f 5211 4943 4555
f 5211 5193 4943
f 5212 5156 5192
f 5212 5194 5156
f 5212 4791 4792
f 4792 5194 5212
f 5109 5213 5000
f 5213 5214 5000
f 5213 5109 4676
f 5213 4676 5214
f 5215 5169 5000
f 5169 5215 4676
f 4694 5201 5216
f 5216 5206 4694
f 5008 5206 5216
f 5216 5201 5007
f 5009 5216 5007
f 5216 5009 5008
f 5116 5201 5217
f 5217 5202 5116
f 5202 5217 5201
f 5218 5178 4397
f 5218 5205 5178
f 5218 5125 5205
f 5218 4397 3741
f 3741 5125 5218
f 5219 5197 5094
f 5208 5219 5094
f 5219 5208 5165
f 5219 5165 5098
f 5098 5197 5219
f 5220 5065 5153
f 5220 5150 5065
f 5220 5153 5058
f 5210 5220 5058
f 5220 5189 5150
f 5220 5210 5189
f 5221 5070 4944
f 5211 5221 4944
f 5221 4797 5070
f 5221 4555 4797
f 5221 5211 4555
f 5222 5192 4268
f 5222 5212 5192
f 4268 4941 5222
f 5222 4941 4269
f 4269 4793 5222
f 5222 4793 4791
f 4791 5212 5222
f 5000 5214 5223
f 5223 5215 5000
f 5223 5214 4676
f 5215 5223 4676
f 3735 3569 4692
f 4692 3506 3504
f 4692 2874 3037
f 4692 2872 2874
f 4692 3580 3586
f 4692 4820 4762
f 3286 2872 4692
f 4692 3574 3735
f 4692 3037 3039
f 4692 3588 3290
f 3292 3560 4692
f 3560 3559 4692
f 3039 3580 4692
f 3886 3885 4692
f 4692 3504 3286
f 4692 3796 4125
f 4001 4012 4692
f 3806 3805 4692
f 4692 3290 3292
f 3931 3927 4692
f 4692 4002 4001
f 3813 3506 4692
f 4762 4221 4692
f 4692 3569 3571
f 3572 3574 4692
f 3805 3816 4692
f 3586 3588 4692
f 4692 4265 3931
f 3559 4002 4692
f 3796 4692 3571
f 4692 3929 4132
f 4692 3816 3813
f 4132 4702 4692
f 4692 3885 3572
f 4266 4265 4692
f 4692 3927 3929
f 4692 4012 4011
f 4692 4221 3886
f 4692 4702 3806
f 4011 4820 4692
f 4125 4452 4692

