# https://github.com/mikedh/trimesh
v -0.00232252 -0.06135314 0.00000000
v -0.00219582 -0.06140603 0.00000337
v -0.00111351 -0.06241086 0.00007159
v -0.00510004 -0.06116138 0.00000000
v -0.00612561 -0.06109057 -0.00000000
v -0.00230785 -0.06135422 0.00000004
v -0.00232262 0.06135298 -0.00000001
v 0.06036551 0.01120744 -0.00000000
v 0.06139703 -0.00000000 -0.00000000
v 0.06000963 0.01297816 0.00000000
v 0.05661905 0.02374611 0.00000000
v 0.05796916 0.02022809 -0.00000000
v 0.04294743 0.04387607 0.00000000
v 0.04556894 0.04114698 0.00000000
v 0.02249758 0.05712659 -0.00000000
v 0.02599887 0.05562070 0.00000000
v -0.05544505 0.02447030 0.00253574
v -0.05660522 0.02165143 0.00253574
v -0.05498725 0.02324943 0.00522797
v -0.05656719 0.02386945 0.00000000
v -0.04197342 0.04480875 -0.00000000
v -0.02642058 0.05542141 0.00000000
v -0.02477925 0.05617451 -0.00000000
v 0.00232262 -0.06135298 -0.00000001
v -0.06139703 -0.00000000 -0.00000000
v 0.05909988 0.01663674 -0.00000000
v 0.04800713 0.03827392 0.00000000
v 0.05026124 0.03526178 0.00000000
v 0.05504801 0.02718992 -0.00000000
v 0.05325444 0.03055421 -0.00000000
v 0.05232897 0.03211361 0.00000000
v 0.00232244 0.06135315 0.00000000
v 0.00612553 0.06109058 0.00000000
v 0.02080699 0.05776372 0.00000000
v 0.01722073 0.05893244 0.00000000
v 0.03874807 0.04762531 0.00000000
v 0.04014223 0.04645618 -0.00000000
v -0.05608683 0.02045516 0.00522797
v -0.04568482 0.00721511 0.04462679
v -0.05852433 0.01179145 0.00522797
v -0.04587028 0.00467295 0.04541812
v -0.05793901 0.02031369 0.00000000
v -0.05498927 0.02730888 0.00000000
v -0.00222159 -0.06138553 0.00000201
v -0.00220941 -0.06139522 0.00000265
v -0.00224759 -0.06137082 0.00000104
v -0.00227699 -0.06136005 0.00000037
v -0.00987899 -0.06059692 -0.00000000
v -0.01357802 -0.05987689 -0.00000000
v -0.01722081 -0.05893242 -0.00000000
v -0.01616523 -0.04748619 0.03810363
v -0.02599895 -0.05562067 -0.00000000
v -0.02937679 -0.05391274 -0.00000000
v -0.03262946 -0.05200867 -0.00000000
v -0.03575404 -0.04991246 -0.00000000
v 0.00223414 -0.06137754 0.00000148
v -0.04800718 -0.03827386 -0.00000000
v -0.05026129 -0.03526172 -0.00000000
v -0.05325448 -0.03055414 -0.00000000
v -0.05504805 -0.02718985 -0.00000000
v -0.00111043 -0.06234344 0.00029240
v 0.01401490 -0.05977594 -0.00000000
v 0.01032696 -0.06052239 -0.00000000
v 0.00886666 -0.04838433 0.03346312
v 0.01196593 -0.04756101 0.03305334
v 0.00577538 -0.04899582 0.03390883
v 0.04660633 -0.01091603 0.03331184
v 0.03274993 -0.03605357 0.03136076
v -0.02072482 -0.00912901 0.04568306
v 0.00229070 -0.06135663 0.00000016
v 0.03293674 -0.03586666 0.03136027
v 0.03560900 -0.03314769 0.03136118
v 0.04172775 -0.03955792 0.01066175
v 0.03946297 -0.04342783 0.00794011
v 0.03862604 -0.00942215 0.03500416
v -0.04396055 -0.00722335 0.05017959
v 0.01916629 0.05745640 0.00264761
v 0.05126730 0.03373003 0.00000000
v 0.05515746 0.01014390 0.01343125
v 0.05366429 0.00911111 0.01613773
v 0.04690864 -0.01132136 0.03318624
v 0.05247637 0.01445977 0.01613773
v 0.04839974 0.03641488 0.00264761
v 0.04650784 0.03880233 0.00264761
v 0.04710031 0.03662829 0.00532474
v 0.02948002 0.03246163 0.02693554
v 0.03345510 0.02951876 0.02639265
v 0.03033624 0.03286545 0.02648197
v 0.03256381 0.02915787 0.02683864
v -0.00219582 0.06140584 0.00000336
v 0.00023230 0.06242043 0.00007159
v 0.00219582 0.06140603 0.00000337
v 0.00816877 0.06082185 0.00000000
v 0.00987891 0.06059693 0.00000000
v 0.01121772 0.06033633 0.00000000
v 0.01357794 0.05987691 0.00000000
v 0.01424036 0.05970516 0.00000000
v 0.04125652 0.04543131 -0.00000000
v 0.03262939 0.05200871 0.00000000
v 0.03395655 0.05111836 0.00000000
v 0.03575397 0.04991251 0.00000000
v 0.03648924 0.04935084 0.00000000
v 0.02865336 0.05427853 0.00000000
v 0.02937671 0.05391278 0.00000000
v -0.05785759 0.01471893 0.00522797
v -0.05704455 0.01760917 0.00522797
v -0.05849384 0.01585674 0.00253575
v -0.05921694 0.01289586 0.00253575
v -0.05954214 0.01497787 0.00000000
v -0.06051738 -0.00249435 0.00264761
v -0.06059954 0.00080070 0.00253574
v -0.05995223 0.00000005 0.00450436
v -0.04573720 -0.00381093 0.04715983
v -0.04597813 -0.00000000 0.04623371
v -0.05941302 0.00585275 0.00522797
v -0.05963197 0.00285867 0.00522797
v -0.06092736 0.00757847 0.00000000
v -0.05123470 0.03383200 0.00000000
v -0.04906398 0.03690973 0.00000000
v -0.04795089 0.03834447 0.00000000
v -0.05321043 0.03063052 0.00000000
v -0.04477821 -0.00860944 0.05008160
v -0.05996066 -0.00856269 0.00264761
v -0.06040476 -0.01095248 -0.00000000
v -0.06036552 -0.01120736 0.00000000
v -0.06118266 -0.00482559 0.00000000
v -0.06031559 -0.00553383 0.00264761
v -0.06128473 -0.00370913 0.00000000
v -0.02294691 -0.04427577 0.03988399
v -0.04374468 -0.01505353 0.04876034
v -0.04257663 -0.01918481 0.04782278
v -0.04369647 -0.01517783 0.04872980
v -0.05703787 -0.02037844 0.00264761
v -0.05796919 -0.02022802 -0.00000000
v 0.05123470 -0.03383200 -0.00000000
v 0.04943588 -0.03505783 0.00253574
v 0.04906398 -0.03690973 -0.00000000
v -0.02080706 -0.05776369 -0.00000000
v -0.02249766 -0.05712656 -0.00000000
v -0.03874813 -0.04762526 -0.00000000
v -0.04014230 -0.04645613 -0.00000000
v -0.03143978 -0.03745667 0.04260702
v -0.04125652 -0.04543131 -0.00000000
v -0.04294749 -0.04387601 -0.00000000
v 0.00220810 -0.06139524 0.00000265
v -0.05232901 -0.03211354 -0.00000000
v -0.05661908 -0.02374603 -0.00000000
v 0.03819401 -0.04620401 0.00452113
v 0.04148975 -0.04292700 0.00522797
v 0.02458197 -0.05535615 0.00264761
v 0.02642058 -0.05542141 0.00000000
v 0.02733492 -0.05404991 0.00264761
v 0.02977381 -0.05369463 -0.00000000
v 0.03001867 -0.05260690 0.00264761
v 0.03300699 -0.05177012 -0.00000000
v 0.02124593 -0.05760394 -0.00000000
v 0.02419201 -0.05641209 -0.00000000
v -0.00000006 -0.06235334 0.00029240
v 0.00805525 -0.04856529 0.03357650
v 0.01375505 -0.05805904 0.00532474
v 0.01543129 -0.05939764 -0.00000000
v 0.01765609 -0.05880342 -0.00000000
v 0.01665748 -0.05729398 0.00532474
v 0.02994224 -0.03844585 0.03144170
v 0.02508331 -0.05413768 0.00532474
v 0.02232880 -0.05533058 0.00532474
v 0.02570708 -0.05271291 0.00802118
v 0.04063619 -0.02660535 0.03161455
v 0.04879215 -0.03041968 0.01066175
v 0.04119742 -0.02567315 0.03167842
v 0.05656719 -0.02386945 -0.00000000
v 0.05544505 -0.02447030 0.00253574
v 0.05498927 -0.02730888 -0.00000000
v 0.02438333 0.03442268 0.02785452
v 0.02608631 0.03542896 0.02709796
v 0.02081767 0.03694734 0.02811859
v 0.04509680 -0.01027938 0.03369438
v 0.04427259 0.02808868 0.01887205
v 0.04409677 0.02356832 0.02166246
v 0.04686948 0.02350044 0.01887205
v 0.04029140 0.02241483 0.02528272
v 0.04232251 0.01820753 0.02531596
v 0.02203142 0.05641978 0.00264761
v 0.05799117 0.01748198 0.00264761
v 0.05945351 0.01156983 0.00264761
v 0.04561221 0.02048248 0.02166246
v 0.04899343 0.01867292 0.01887205
v 0.05717101 0.00582900 0.01072670
v 0.05589721 0.00455343 0.01343125
v 0.04763080 0.03871738 0.00000000
v 0.04449647 0.04109330 0.00264761
v 0.05181281 0.03136925 0.00264761
v 0.05332497 0.02872360 0.00264761
v 0.05207170 0.02913084 0.00532474
v 0.05470148 0.02600626 0.00264761
v 0.03134218 0.05276223 0.00000000
v 0.02241928 0.03803120 0.02733577
v -0.00229072 0.06135663 0.00000016
v 0.00229201 0.06135675 0.00000018
v -0.01401490 0.05977594 0.00000000
v -0.01032696 0.06052239 0.00000000
v -0.00111339 0.06241076 0.00007158
v 0.02758864 0.05392095 0.00264761
v -0.05374877 0.02598492 0.00522797
v -0.04413307 -0.00736905 0.05018479
v -0.04434548 -0.00756724 0.05018788
v -0.05977500 0.01391547 0.00000000
v -0.06034762 0.01130295 0.00000000
v -0.04281517 0.01819206 0.04263538
v -0.04424754 0.01380802 0.04372495
v -0.06021276 0.00688288 0.00253575
v -0.05904339 0.00883326 0.00522797
v -0.05979031 0.00990234 0.00253575
v -0.05899474 0.01690179 0.00000000
v -0.05851051 0.01860370 0.00000000
v -0.05809251 0.01985440 0.00000000
v -0.05762241 0.01877783 0.00253574
v -0.04566702 0.04101020 0.00000000
v -0.04360039 0.04322715 0.00000000
v -0.04617486 0.04046543 0.00000000
v -0.04767867 0.03866955 0.00000000
v -0.05443032 0.02835263 0.00000000
v -0.05113630 0.03252719 0.00253574
v -0.05976178 -0.01397490 0.00000000
v -0.06000965 -0.01297808 0.00000000
v -0.05945351 -0.01156983 0.00264761
v -0.05879660 -0.01454428 0.00264761
v -0.06094096 -0.00746937 0.00000000
v -0.04570504 -0.00381340 0.04725308
v -0.01543129 0.05939764 0.00000000
v -0.01765609 0.05880342 0.00000000
v -0.02124593 0.05760394 0.00000000
v -0.01840124 0.05855444 0.00000000
v 0.00111043 0.06234344 0.00029240
v 0.00111351 0.06241086 0.00007159
v 0.01011277 0.05516323 0.01343125
v 0.00921158 0.05672450 0.01072670
v 0.00085305 0.06021321 0.00673161
v 0.01560352 0.05386795 0.01343125
v 0.01054774 0.05340055 0.01613773
v 0.01585919 0.05207050 0.01613773
v 0.01625269 0.05834769 0.00264761
v -0.05909990 -0.01663666 0.00000000
v -0.04477147 -0.00896953 0.05001691
v -0.01279972 -0.04849637 0.03732289
v -0.00102637 -0.06097494 0.00452472
v -0.00100922 -0.06069578 0.00538806
v -0.00943954 -0.04918426 0.03659994
v -0.02634759 -0.04194945 0.04090307
v -0.01954756 -0.04610064 0.03895355
v -0.05332497 -0.02872360 0.00264761
v -0.04350857 -0.01589010 0.04857057
v -0.03648924 -0.04935084 0.00000000
v 0.00220906 -0.06139458 0.00000261
v 0.00219582 -0.06140584 0.00000336
v -0.03298339 -0.03583205 0.04316986
v -0.03444866 -0.03419148 0.04372149
v -0.03683351 -0.03084206 0.04473907
v -0.04349660 -0.04330437 -0.00000000
v -0.04556899 -0.04114692 -0.00000000
v -0.03558191 -0.03266997 0.04419267
v -0.05126730 -0.03373003 0.00000000
v -0.05470148 -0.02600626 0.00264761
v -0.04157438 -0.02185477 0.04717257
v 0.03612062 -0.04964752 -0.00000000
v 0.04197342 -0.04480874 -0.00000000
v 0.03911166 -0.04732705 -0.00000000
v 0.04795089 -0.03834447 -0.00000000
v 0.05294586 -0.03105923 -0.00000000
v 0.05321043 -0.03063052 -0.00000000
v 0.05443032 -0.02835262 -0.00000000
v 0.05700178 -0.02274300 -0.00000000
v 0.05793901 -0.02031369 -0.00000000
v 0.05809251 -0.01985440 0.00000000
v 0.05851051 -0.01860370 -0.00000000
v 0.06092736 -0.00757847 -0.00000000
v 0.03515260 -0.04932405 0.00264761
v 0.02477925 -0.05617451 -0.00000000
v 0.02699785 -0.05512414 0.00000000
v 0.03262693 -0.05103008 0.00264761
v 0.03293980 -0.04974945 0.00532474
v 0.00478510 -0.06121013 -0.00000000
v 0.00415578 -0.06124664 -0.00000000
v 0.00659581 -0.06104164 -0.00000000
v 0.00722965 -0.06095343 0.00000000
v -0.00035691 -0.06130639 0.00360934
v 0.00101158 -0.06072603 0.00530162
v 0.00111031 -0.06234333 0.00029242
v 0.00082573 -0.04960541 0.03468761
v 0.00439439 -0.04922164 0.03411628
v 0.01081782 -0.05867725 0.00532474
v 0.01179086 -0.04761047 0.03307597
v 0.02028156 -0.05502849 0.00802118
v 0.01465093 -0.05678776 0.00802118
v 0.01597876 -0.05842312 0.00264761
v 0.01889669 -0.05754577 0.00264760
v 0.00098158 -0.06034956 0.00635633
v -0.00098147 -0.06034950 0.00635639
v 0.00031187 -0.06013752 0.00694768
v 0.01302041 -0.05915271 0.00264761
v 0.03754486 -0.04354749 0.01066175
v 0.03536500 -0.04668200 0.00822272
v 0.03087351 -0.04986276 0.00802118
v 0.01990299 -0.04459518 0.03215508
v 0.01941172 -0.04483967 0.03219993
v 0.02270346 -0.04323039 0.03189427
v 0.02637773 -0.04100888 0.03162805
v 0.02777432 -0.05280780 0.00532474
v 0.00226228 -0.06136452 0.00000064
v 0.04695028 -0.01150923 0.03314566
v 0.04691408 -0.01200104 0.03306542
v 0.04694698 -0.01160848 0.03312875
v 0.04671809 -0.01281310 0.03295734
v 0.04661529 -0.01319110 0.03290910
v 0.05551024 -0.01902501 0.00794011
v 0.05331851 -0.02450400 0.00794011
v 0.05498725 -0.02324943 0.00522797
v 0.04360430 -0.04209030 0.00253574
v 0.04359517 -0.04078726 0.00522797
v 0.04360039 -0.04322715 -0.00000000
v 0.03972562 -0.02788479 0.03155201
v 0.03829078 -0.02998453 0.03143870
v -0.04319496 -0.00676394 0.05012351
v -0.04323378 -0.00678274 0.05012714
v -0.04319117 -0.00676133 0.05012329
v 0.03792582 -0.00938302 0.03513644
v 0.01702769 0.03909086 0.02846991
v 0.04183449 -0.00975733 0.03437057
v 0.04122515 0.03239608 0.01887205
v 0.04059901 0.02918432 0.02166246
v 0.03776324 0.03637272 0.01887205
v 0.04261844 0.03386031 0.01613773
v 0.03852189 0.03187561 0.02166246
v 0.04248644 0.02636108 0.02166246
v 0.04690801 -0.01131972 0.03318664
v 0.04681821 -0.01114876 0.03323286
v 0.04669410 -0.01099776 0.03328171
v 0.04676086 -0.01107162 0.03325673
v 0.04668665 -0.01098983 0.03328444
v 0.04681777 -0.01114801 0.03323307
v 0.04690295 0.01732384 0.02166246
v 0.04661873 -0.01092713 0.03330766
v 0.04455322 0.02263886 0.02166246
v 0.05703787 0.02037844 0.00264761
v 0.05684406 0.01813347 0.00532474
v 0.05768462 0.01524961 0.00532474
v 0.05550726 0.01893207 0.00802118
v 0.06118266 0.00482559 0.00000000
v 0.06094095 0.00746945 0.00000000
v 0.06031559 0.00553383 0.00264761
v 0.05996066 0.00856269 0.00264761
v 0.05347095 0.02647501 0.00532474
v 0.05385815 0.01563744 0.01343125
v 0.04660652 0.01804924 0.02166246
v 0.05062085 0.01365834 0.01887205
v 0.06128472 0.00370922 -0.00000000
v 0.04694983 -0.01150559 0.03314638
v 0.04693566 -0.01141350 0.03316515
v 0.06051738 0.00249435 0.00264761
v 0.05702848 0.00000000 0.01163362
v 0.05956888 0.00340783 0.00532474
v 0.04519758 0.03895183 0.00532474
v 0.05016936 0.03393542 0.00264761
v 0.04580600 0.02940547 0.01613773
v 0.03949897 0.02220809 0.02585792
v 0.02359883 0.05480093 0.00532474
v 0.02484149 0.05524030 0.00264761
v 0.02632549 0.05354466 0.00532474
v 0.03900244 0.03796949 0.01613773
v 0.03625761 0.03442951 0.02166246
v 0.03503675 0.03012189 0.02530650
v 0.03286481 0.05087710 0.00264761
v 0.02049576 0.04825933 0.01887205
v 0.01658981 0.04370023 0.02606499
v 0.02523964 0.04595626 0.01887205
v 0.02566056 0.05142016 0.01072670
v 0.02605679 0.04966156 0.01343125
v 0.03069710 0.04858198 0.01072670
v 0.02482486 0.05313381 0.00802118
v 0.01852010 0.04024200 0.02765825
v -0.00220813 0.06139521 0.00000265
v -0.00223417 0.06137753 0.00000148
v -0.00225468 0.06136804 0.00000087
v -0.00226230 0.06136451 0.00000064
v -0.00659581 0.06104164 0.00000000
v -0.00722965 0.06095343 0.00000000
v -0.00478510 0.06121013 -0.00000000
v 0.00000006 0.06235334 0.00029240
v -0.00111031 0.06234333 0.00029242
v -0.05414462 0.02722725 0.00253574
v -0.04288766 0.01217742 0.04540053
v -0.04307106 0.01238006 0.04530440
v -0.05237433 0.02865467 0.00522797
v -0.04097623 0.02239339 0.04144361
v -0.04529561 0.00930953 0.04457367
v -0.06134465 0.00168729 -0.00000000
v -0.06127875 0.00380945 0.00000000
v -0.06048283 0.00384601 0.00253574
v -0.06041115 0.01089481 0.00000000
v -0.04566500 0.03984533 0.00253574
v -0.04359517 0.04078726 0.00522797
v -0.04559043 0.03854448 0.00522797
v -0.04477715 -0.00859267 0.05008437
v 0.00513031 0.05418977 0.01613773
v 0.00791956 0.04640156 0.02679865
v 0.01554356 0.05007409 0.01887205
v 0.00205393 0.04553219 0.02942330
v 0.00646713 0.04498638 0.02869164
v 0.00700369 0.04552054 0.02811219
v 0.00154786 0.04492849 0.02995520
v 0.00100922 0.06069578 0.00538806
v 0.00098147 0.06034950 0.00635639
v 0.01216781 0.05841224 0.00532474
v 0.01329740 0.05909118 0.00264761
v 0.01486375 0.05551185 0.01072670
v 0.01370235 0.05702386 0.00802118
v 0.01797478 0.05689447 0.00532474
v 0.01509041 0.05772642 0.00532474
v -0.04376025 -0.01500000 0.04877257
v -0.05799117 -0.01748198 0.00264761
v -0.04458207 -0.01020495 0.04976517
v -0.04478223 -0.00872359 0.05006220
v -0.01730937 -0.04697765 0.03839815
v -0.01015672 -0.04902096 0.03675715
v -0.02971477 -0.03910435 0.04200763
v -0.02589450 -0.05566559 -0.00000000
v 0.05132375 -0.03368770 -0.00000000
v 0.05414462 -0.02722725 0.00253574
v 0.05713997 -0.01335420 0.00794011
v 0.05704455 -0.01760917 0.00522797
v 0.05785759 -0.01471893 0.00522797
v 0.05977500 -0.01391547 -0.00000000
v 0.05921694 -0.01289586 0.00253575
v 0.05954214 -0.01497787 -0.00000000
v 0.06034762 -0.01130295 0.00000000
v 0.05979031 -0.00990234 0.00253575
v 0.00222358 -0.06138472 0.00000195
v -0.03933444 -0.02673249 0.04591146
v -0.03727794 -0.03019299 0.04493309
v -0.04563285 -0.04107168 -0.00000000
v -0.04247839 -0.01947345 0.04775430
v 0.03973003 -0.04563695 0.00268366
v 0.03497496 -0.05042854 -0.00000000
v -0.00031179 -0.06013750 0.00694768
v 0.00045588 -0.06014065 0.00693754
v 0.00057253 -0.06014951 0.00691175
v 0.00111339 -0.06241076 0.00007158
v -0.00041674 -0.04964919 0.03490237
v 0.01559334 -0.04639695 0.03260907
v 0.01840124 -0.05855444 -0.00000000
v 0.02176687 -0.05652250 0.00264760
v 0.01951783 -0.05638363 0.00532474
v 0.00094901 -0.06027842 0.00655242
v 0.00268821 -0.04941581 0.03438755
v 0.03551550 -0.04665657 0.00802580
v 0.02959333 -0.03874045 0.03145223
v 0.02526137 -0.04174666 0.03169786
v 0.02255705 -0.04331578 0.03190543
v 0.02674384 -0.04074932 0.03160826
v 0.03039553 -0.05134363 0.00532474
v 0.00225468 -0.06136804 0.00000087
v 0.05819265 -0.00754667 0.00794011
v 0.04616084 -0.01500000 0.03267153
v 0.05660522 -0.02165143 0.00253574
v 0.04566500 -0.03984533 0.00253574
v 0.04559043 -0.03854448 0.00522797
v 0.04617486 -0.04046543 -0.00000000
v 0.04923161 -0.03376960 0.00522797
v 0.04747111 -0.03620288 0.00522797
v 0.04362417 -0.03924628 0.00794011
v 0.04549029 -0.03516593 0.01066175
v 0.04566702 -0.04101020 0.00000000
v 0.04734580 -0.03466536 0.00794011
v -0.04387311 -0.00716562 0.05017411
v -0.03270450 0.02843615 0.04115320
v 0.00780082 0.04079584 0.03010765
v 0.01177240 0.03949901 0.02953925
v 0.00374331 0.04168695 0.03077307
v 0.00895681 0.04217857 0.02946049
v 0.00476651 0.04310165 0.03010794
v 0.02766815 0.03627113 0.02610989
v 0.03186087 0.03354253 0.02538507
v 0.02836185 0.03661965 0.02552190
v 0.04570157 -0.01044433 0.03355701
v 0.04456782 -0.01018048 0.03380653
v 0.04086435 -0.00962101 0.03456831
v 0.04659111 -0.01090430 0.03331663
v 0.03912866 0.03108943 0.02166246
v 0.03428646 0.02984123 0.02588318
v 0.03785651 0.02639866 0.02527584
v 0.04675742 -0.01106714 0.03325814
v 0.05485120 0.01714193 0.01072670
v 0.05712943 0.01325607 0.00802118
v 0.05879660 0.01454428 0.00264761
v 0.05976178 0.01397490 0.00000000
v 0.05932191 0.00640180 0.00532474
v 0.05817174 0.00745183 0.00802118
v 0.05473423 0.02375318 0.00532474
v 0.05075910 0.01965664 0.01613773
v 0.04686869 -0.01123213 0.03320912
v 0.04693501 -0.01141087 0.03316573
v 0.06021276 -0.00688287 0.00253575
v 0.05904339 -0.00883326 0.00522797
v 0.06048283 -0.00384601 0.00253574
v 0.06127875 -0.00380945 -0.00000000
v 0.06134424 0.00174355 -0.00000000
v 0.03781146 0.04731696 0.00264761
v 0.04237227 0.04328010 0.00264761
v 0.04888216 0.03421381 0.00532474
v 0.04677524 0.03094065 0.01343125
v 0.04852738 0.02465657 0.01613773
v 0.03391667 0.03998346 0.01887205
v 0.03136791 0.03893643 0.02166246
v 0.02972934 0.04318801 0.01887205
v 0.02898547 0.05215281 0.00532474
v 0.01195957 0.04496895 0.02687964
v 0.02580007 0.04282939 0.02166246
v 0.02487571 0.03949001 0.02540606
v 0.02867532 0.03677385 0.02520316
v 0.03407698 0.04897761 0.00532474
v 0.03494502 0.04709907 0.00802118
v 0.03649805 0.04720123 0.00532474
v 0.02101037 0.05021393 0.01613773
v 0.03062430 0.04500028 0.01613773
v 0.02036570 0.05373789 0.01072670
v 0.00224048 0.06137470 0.00000130
v 0.00035691 0.06130639 0.00360934
v -0.05270710 0.02991503 0.00253574
v -0.02176687 0.05652250 0.00264760
v -0.02419201 0.05641209 -0.00000000
v -0.00101158 0.06072603 0.00530163
v -0.03565677 0.02670312 0.04184669
v -0.03809652 0.02375766 0.04268696
v -0.03797084 0.02336491 0.04286384
v -0.04160406 0.01606942 0.04465719
v -0.05086728 0.03125164 0.00522797
v -0.04923161 0.03376960 0.00522797
v -0.04238902 0.01743056 0.04376289
v -0.04391053 0.01340161 0.04446928
v -0.04376266 0.01321593 0.04467984
v -0.04481496 0.00893641 0.04539558
v -0.04360187 0.01301501 0.04486975
v -0.04343107 0.01280478 0.04503789
v -0.04455807 0.00873334 0.04562700
v -0.04437385 0.00858997 0.04575682
v -0.04467699 -0.00812227 0.05014937
v -0.04463432 -0.00801753 0.05016020
v -0.04553254 0.00453704 0.04594556
v -0.06118915 0.00477055 0.00000000
v -0.04362417 0.03924628 0.00794011
v -0.04360430 0.04209030 0.00253574
v -0.04747110 0.03620288 0.00522797
v -0.04943587 0.03505783 0.00253574
v -0.04761030 0.03749968 0.00253574
v -0.04595253 -0.00000000 0.04628425
v -0.04476386 -0.00846720 0.05010411
v -0.04590378 -0.00000000 0.04638049
v -0.04325316 0.01259116 0.04518315
v -0.01665748 0.05729398 0.00532474
v -0.01889669 0.05754577 0.00264760
v -0.01951783 0.05638363 0.00532474
v -0.01597876 0.05842312 0.00264761
v 0.00452048 0.05589984 0.01343125
v 0.00335930 0.04699725 0.02752798
v 0.00749405 0.04599484 0.02748083
v 0.00297760 0.04657511 0.02820780
v -0.00368916 0.04367090 0.03170770
v 0.00053702 0.04359937 0.03085789
v 0.00103624 0.04428137 0.03043403
v -0.00444691 0.04223166 0.03238324
v 0.00590299 0.04440004 0.02921813
v 0.00093926 0.06026838 0.00658001
v 0.00096782 0.06030490 0.00647919
v -0.05806907 -0.01991080 0.00000000
v -0.04426005 -0.01210678 0.04937219
v -0.04474362 -0.00919245 0.04997262
v -0.04441129 -0.00764774 0.05018547
v -0.04471319 -0.00823208 0.05013650
v -0.04465704 -0.00807948 0.05015335
v -0.04458581 -0.00791778 0.05016911
v -0.04477577 -0.00887288 0.05003472
v -0.00606570 -0.04958695 0.03592483
v -0.00265325 -0.04972516 0.03528944
v 0.05086728 -0.03125164 0.00522797
v 0.05270710 -0.02991503 0.00253574
v 0.05237433 -0.02865467 0.00522797
v 0.05058801 -0.02973530 0.00794011
v 0.05374877 -0.02598492 0.00522797
v 0.05899474 -0.01690179 0.00000000
v 0.05849384 -0.01585674 0.00253575
v 0.05852433 -0.01179145 0.00522797
v 0.06041115 -0.01089481 -0.00000000
v -0.04116828 -0.02291559 0.04691281
v -0.03960645 -0.02620945 0.04605239
v -0.03850869 -0.02820849 0.04550336
v 0.01706619 -0.04584241 0.03244312
v 0.01457942 -0.04674029 0.03273008
v 0.00097330 -0.06031605 0.00644852
v 0.03764357 -0.04629701 0.00524135
v 0.02425050 -0.04234580 0.03177322
v 0.01958970 -0.04475865 0.03218235
v 0.05741260 -0.00313058 0.01066175
v 0.05865609 -0.00166524 0.00794011
v 0.05941302 -0.00585274 0.00522797
v 0.04448356 -0.01922278 0.03222732
v 0.05608683 -0.02045516 0.00522797
v 0.04427610 -0.01967198 0.03218526
v 0.05160047 -0.02536529 0.01066175
v 0.04444261 -0.01931367 0.03221862
v 0.04447043 -0.01925381 0.03222419
v 0.04767867 -0.03866955 -0.00000000
v 0.04761030 -0.03749968 0.00253574
v 0.03564435 -0.03311099 0.03136132
v -0.03524968 0.02551087 0.04217679
v -0.03750915 0.02234420 0.04314305
v -0.03540878 0.02587049 0.04211611
v -0.04328616 -0.00679241 0.05013482
v -0.03963444 0.01921127 0.04399824
v 0.02690273 0.03587276 0.02663429
v 0.03113685 0.03322705 0.02596628
v 0.02391779 0.03894299 0.02632476
v 0.04440059 -0.01014980 0.03384189
v 0.04620674 -0.01065479 0.03342945
v 0.03622550 0.02587290 0.02635637
v 0.03987117 -0.00951052 0.03476563
v 0.03918328 -0.00945788 0.03489808
v 0.03708359 0.02615428 0.02585048
v 0.05892432 0.00937953 0.00532474
v 0.05837821 0.01233015 0.00532474
v 0.05629673 0.01154095 0.01072670
v 0.05585923 0.02097132 0.00532474
v 0.05593980 0.02322320 0.00264761
v 0.04686907 -0.01123284 0.03320893
v 0.06134465 -0.00168729 -0.00000000
v 0.06059954 -0.00080070 0.00253574
v 0.05975723 -0.00000003 0.00506647
v 0.05963197 -0.00285867 0.00522797
v 0.05862629 0.00156555 0.00802118
v 0.06118915 -0.00477055 -0.00000000
v 0.03538297 0.04915931 0.00264761
v 0.04375283 0.03725840 0.01072670
v 0.04727618 0.03267234 0.01072670
v 0.04737044 0.03457659 0.00802118
v 0.03964520 0.03966746 0.01343125
v 0.03978981 0.04146434 0.01072670
v 0.03545799 0.04345063 0.01343125
v 0.04014258 0.04535585 0.00264761
v 0.05054050 0.03171287 0.00532474
v 0.04342848 0.03548514 0.01343125
v 0.04964590 0.02608666 0.01343125
v 0.03498913 0.04169667 0.01613773
v 0.03218762 0.03368177 0.02506885
v 0.03026498 0.05246536 0.00264761
v 0.03157113 0.05062921 0.00532474
v 0.03003780 0.05037094 0.00802118
v 0.01242599 0.04535744 0.02620004
v 0.01574645 0.04307628 0.02701124
v 0.01992750 0.04121585 0.02662152
v 0.02054913 0.04162240 0.02601504
v 0.02865001 0.04097785 0.02166246
v 0.02093657 0.05202798 0.01343125
v 0.03091463 0.04679247 0.01343125
v 0.02594799 0.04784928 0.01613773
v 0.01936208 0.05535894 0.00802118
v 0.01924447 0.04075386 0.02716876
v 0.01443683 0.04204715 0.02807430
v 0.00958284 0.04282664 0.02905395
v 0.01021531 0.04343663 0.02859240
v 0.01374689 0.04146205 0.02852219
v 0.00225707 0.06136713 0.00000081
v 0.00222465 0.06138377 0.00000189
v 0.00102637 0.06097494 0.00452472
v -0.02232880 0.05533058 0.00532474
v -0.04398278 -0.00724182 0.05018031
v -0.04209808 0.01689530 0.04419981
v -0.04011048 0.02014134 0.04365562
v -0.04090510 0.02223490 0.04179629
v -0.03862970 0.02595193 0.04094299
v -0.04082251 0.02202328 0.04213184
v -0.04397871 0.01348688 0.04435661
v -0.04404256 0.01356613 0.04423920
v -0.04510128 0.00916319 0.04502083
v -0.04496773 0.00905780 0.04521747
v -0.04263276 0.01788297 0.04323674
v -0.04410174 0.01363861 0.04411719
v -0.04415587 0.01370358 0.04399072
v -0.04420459 0.01376029 0.04385992
v -0.04521184 0.00924848 0.04480608
v -0.04473256 0.00887101 0.04547754
v -0.04583160 0.00465756 0.04551791
v -0.04578515 0.00463891 0.04561291
v -0.04567112 0.00459290 0.04578863
v -0.04476715 -0.00849067 0.05010056
v -0.04474235 -0.00834704 0.05012145
v -0.01375505 0.05805904 0.00532474
v -0.02028156 0.05502849 0.00802118
v -0.00035241 0.04216494 0.03153316
v 0.00532990 0.04376924 0.02969059
v -0.05899635 -0.01696556 0.00000000
v -0.04474670 -0.00916609 0.04997782
v -0.00054113 -0.06014645 0.00692049
v 0.05113630 -0.03252719 0.00253574
v 0.05762241 -0.01877783 0.00253575
v -0.04111610 -0.02304116 0.04688133
v -0.03740310 -0.03002505 0.04498511
v 0.05736395 -0.00000009 0.01089636
v 0.04447382 -0.01924582 0.03222500
v 0.04282129 -0.02278959 0.03189607
v 0.03568535 -0.03306049 0.03136288
v -0.03284740 0.02885109 0.04107945
v -0.03767824 0.02264799 0.04309470
v -0.03783178 0.02299163 0.04300069
v -0.03980087 0.01949652 0.04392129
v -0.03554356 0.02627163 0.04200500
v -0.04325955 -0.00678618 0.05013115
v -0.04331388 -0.00680183 0.05013812
v -0.04334270 -0.00681397 0.05014114
v -0.04143110 0.01581823 0.04474983
v -0.04349558 -0.00689215 0.05015473
v -0.04340355 -0.00684469 0.05014662
v 0.02319164 0.03851109 0.02685990
v 0.02457732 0.03932194 0.02572813
v 0.04519267 -0.01030649 0.03367243
v 0.04223502 -0.00981774 0.03428820
v 0.04596686 -0.01054354 0.03349201
v 0.04642063 -0.01077875 0.03336929
v 0.03888210 -0.00943209 0.03495656
v 0.05966473 0.00040858 0.00532474
v 0.04365522 0.03916247 0.00802118
v 0.03542130 0.04525294 0.01072670
v 0.03882660 0.04530526 0.00532474
v 0.05332555 0.02441072 0.00802118
v 0.05031820 0.02775928 0.01072670
v 0.05285258 0.02256374 0.01072670
v 0.05201563 0.02096712 0.01343125
v 0.03380599 0.03683962 0.02166246
v 0.01632682 0.04350788 0.02639476
v 0.01142286 0.04451470 0.02750504
v 0.01510990 0.04258730 0.02757087
v 0.02083065 0.04180315 0.02568912
v 0.02081312 0.05591842 0.00532474
v 0.01305974 0.04083818 0.02891521
v 0.00227430 0.06136113 0.00000044
v 0.00223866 0.06137574 0.00000136
v 0.00220972 0.06139424 0.00000258
v -0.03612062 0.04964752 0.00000000
v -0.03515260 0.04932405 0.00264761
v -0.03497496 0.05042854 0.00000000
v -0.03300699 0.05177012 0.00000000
v -0.03262693 0.05103008 0.00264761
v -0.03982314 0.04560258 0.00257228
v -0.03819401 0.04620401 0.00452113
v -0.03911166 0.04732705 0.00000000
v -0.03946297 0.04342783 0.00794011
v -0.03764357 0.04629701 0.00524135
v -0.03551550 0.04665657 0.00802580
v -0.03615335 0.03010900 0.03883108
v -0.04193931 0.01661552 0.04438043
v -0.04224856 0.01716951 0.04399338
v -0.04038623 0.02082535 0.04325644
v -0.03856174 0.02565649 0.04130084
v -0.04025280 0.02048294 0.04347156
v -0.03995970 0.01980954 0.04380631
v -0.04273252 0.01805921 0.04294458
v -0.04062471 0.02147663 0.04274231
v -0.04051034 0.02115957 0.04301258
v -0.03831200 0.02456074 0.04222440
v -0.03840396 0.02495070 0.04194436
v -0.04251767 0.01767090 0.04351009
v -0.04072891 0.02176753 0.04244796
v -0.04489351 0.00899885 0.04530887
v -0.04515967 0.00920861 0.04491569
v -0.04525731 0.00928229 0.04469205
v -0.04464677 0.00880314 0.04555470
v -0.04560463 0.00456607 0.04586943
v -0.04503715 0.00911275 0.04512144
v -0.04447368 -0.00773295 0.05018162
v -0.04449461 -0.00777052 0.05017874
v -0.04573147 0.00461727 0.04570314
v -0.04469858 -0.00819399 0.05014060
v -0.01302041 0.05915271 0.00264761
v -0.01081782 0.05867725 0.00532474
v -0.00120300 0.04713422 0.02839442
v -0.00153947 0.04670098 0.02906537
v 0.00253650 0.04608391 0.02884020
v -0.00850494 0.04188706 0.03331738
v 0.00087281 0.06022370 0.00670282
v 0.00090032 0.06023831 0.00666275
v 0.00093004 0.06026126 0.00659961
v 0.04606598 -0.01500000 0.03268852
v 0.04258697 -0.02322786 0.03186075
v -0.04372321 -0.00704551 0.05016844
v -0.04336858 -0.00682486 0.05014385
v 0.04644534 -0.01079538 0.03336193
v 0.04628018 -0.01069615 0.03340900
v 0.05841748 -0.00000039 0.00858106
v 0.04105530 0.04329566 0.00532474
v 0.05060323 0.02964442 0.00802118
v 0.01083505 0.04400162 0.02807603
v 0.00227129 0.06136218 0.00000050
v 0.00220908 0.06139479 0.00000262
v -0.02977381 0.05369463 0.00000000
v -0.02458197 0.05535615 0.00264761
v -0.02733492 0.05404991 0.00264761
v -0.03316878 0.03267560 0.03882202
v -0.02998483 0.03573895 0.03752358
v -0.03317349 0.03303808 0.03838480
v -0.04148975 0.04292700 0.00522797
v -0.03607341 0.02963495 0.03968839
v -0.03874919 0.02637696 0.04016922
v -0.04177406 0.01633770 0.04453347
v -0.03820987 0.02415966 0.04247288
v -0.03582929 0.02761246 0.04140141
v -0.03848685 0.02531935 0.04163557
v -0.03599424 0.02892482 0.04046028
v -0.03594814 0.02850915 0.04080611
v -0.04453206 -0.00782294 0.05017620
v -0.01291593 0.05599731 0.01072670
v -0.01449693 0.04484220 0.03173985
v -0.01149141 0.05489259 0.01343125
v -0.01465093 0.05678776 0.00802118
v -0.00094901 0.06027844 0.00655240
v -0.02570708 0.05271291 0.00802118
v -0.02384909 0.05228523 0.01072670
v -0.03087351 0.04986276 0.00802118
v -0.02898196 0.04962394 0.01072670
v -0.00280443 0.04501801 0.03080373
v -0.00235734 0.04563345 0.03027265
v -0.00192997 0.04619758 0.02969232
v 0.04270359 -0.02300974 0.03187833
v -0.03589406 0.02806797 0.04112090
v -0.03315222 0.03131491 0.03996255
v -0.03316263 0.03180210 0.03961445
v -0.03316665 0.03225963 0.03923309
v -0.03006904 0.03479808 0.03838592
v -0.03309429 0.03029921 0.04054470
v -0.03575110 0.02715379 0.04164442
v -0.03313093 0.03080997 0.04027382
v -0.03014739 0.03316539 0.03940443
v -0.03013537 0.03261173 0.03965537
v -0.03010789 0.03427096 0.03876590
v -0.04367993 -0.00701782 0.05016558
v 0.03950147 0.04334898 0.00802118
v 0.04318024 0.04117662 0.00532474
v -0.02699785 0.05512414 0.00000000
v -0.03536500 0.04668200 0.00822272
v -0.02777432 0.05280780 0.00532474
v -0.02306838 0.03979207 0.03588521
v -0.02669487 0.03746981 0.03713728
v -0.02321755 0.03920745 0.03632382
v -0.03319521 0.03345546 0.03768773
v -0.03603509 0.02930381 0.04008663
v -0.03611192 0.02990707 0.03926880
v -0.03869183 0.02619548 0.04056485
v -0.01883316 0.04280937 0.03359899
v -0.01469944 0.04440210 0.03234613
v -0.01867489 0.04324392 0.03302240
v -0.01847594 0.05441634 0.01072670
v -0.00098158 0.06034956 0.00635633
v -0.00031187 0.06013752 0.00694768
v -0.01434325 0.04520082 0.03110206
v -0.02508331 0.05413768 0.00532474
v -0.00325409 0.04436068 0.03128296
v -0.01635122 0.04002528 0.03538066
v -0.01248617 0.04114572 0.03432178
v -0.01618457 0.04070731 0.03510402
v -0.01198334 0.04254814 0.03367971
v -0.02011528 0.03729844 0.03681029
v -0.02357688 0.03554674 0.03790208
v -0.02989617 0.03109607 0.04008921
v -0.02007348 0.03854364 0.03647954
v -0.03303782 0.02979454 0.04077164
v -0.03013612 0.03372260 0.03910667
v -0.02693462 0.03572873 0.03823986
v -0.03293980 0.04974945 0.00532474
v -0.03002591 0.03529154 0.03797054
v -0.02678744 0.03691001 0.03754753
v -0.02993418 0.03644600 0.03655010
v -0.02638995 0.03920910 0.03516171
v -0.03318527 0.03333517 0.03792500
v -0.01855687 0.04359805 0.03241663
v -0.01070473 0.04508151 0.03175182
v -0.01041546 0.04559377 0.03115692
v -0.01016826 0.04603546 0.03052412
v -0.00572373 0.04680650 0.02940013
v -0.00074808 0.06017837 0.00682869
v -0.00097330 0.06031606 0.00644849
v -0.01102111 0.04450976 0.03230518
v -0.00672773 0.04528623 0.03123909
v -0.01493729 0.04389225 0.03291702
v -0.01649384 0.03871003 0.03574201
v -0.03009372 0.03207402 0.03985569
v -0.02697639 0.03454930 0.03873480
v -0.02693719 0.03399182 0.03889833
v -0.02362626 0.03671248 0.03760362
v -0.03039553 0.05134363 0.00532474
v -0.02687010 0.03632544 0.03791638
v -0.02643993 0.03887449 0.03569784
v -0.02993270 0.03657460 0.03629294
v 0.00072488 0.06017301 0.00684384
v 0.00066215 0.06018265 0.00681960
v -0.02258584 0.04159774 0.03377757
v 0.00031179 0.06013750 0.00694768
v 0.00042197 0.06013919 0.00694184
v -0.00601544 0.04636699 0.03005495
v -0.00091304 0.06024680 0.00663956
v -0.00057269 0.06014954 0.00691169
v -0.00750396 0.04400499 0.03223446
v -0.01901983 0.04230665 0.03414236
v -0.02278415 0.04082656 0.03489394
v -0.02292056 0.04033595 0.03540723
v -0.01273846 0.03977081 0.03471052
v -0.03295701 0.02930786 0.04095108
v -0.02684697 0.03347265 0.03900060
v -0.03001610 0.03156466 0.04000157
v -0.02697279 0.03513248 0.03851399
v -0.02347963 0.03796617 0.03706674
v -0.02363111 0.03611235 0.03778468
v -0.03001867 0.05260690 0.00264761
v -0.02995214 0.03612790 0.03704883
v -0.02651289 0.03846467 0.03620847
v 0.00079290 0.06019070 0.00679381
v 0.00069656 0.06016790 0.00685854
v 0.00054110 0.06014648 0.00692048
v -0.02266922 0.04125134 0.03434937
v -0.00635550 0.04585681 0.03066901
v -0.00086572 0.06021912 0.00671551
v -0.00045599 0.06014067 0.00693751
v -0.00067311 0.06016308 0.00687249
v -0.00787559 0.04331487 0.03265333
v -0.00711595 0.04466553 0.03176197
v -0.01167537 0.04323201 0.03327275
v -0.01519698 0.04332438 0.03344860
v -0.01572799 0.04206150 0.03437829
v -0.01546505 0.04271022 0.03393699
v -0.01943105 0.04114560 0.03511335
v -0.02357241 0.03733461 0.03736296
v -0.02660061 0.03799223 0.03668960
v 0.00079572 0.06019175 0.00679089
v 0.00064481 0.06015857 0.00688542
v -0.00087339 0.06022361 0.00670320
v -0.00080926 0.06019605 0.00677904
v -0.00069675 0.06016790 0.00685867
v -0.01134964 0.04388957 0.03281337
v -0.01597233 0.04138996 0.03476860
v -0.01981384 0.03985865 0.03590315
v -0.01922308 0.04174798 0.03464849
v -0.01996497 0.03919853 0.03622004
v -0.01963192 0.04051175 0.03553291
v -0.02335799 0.03859463 0.03671901
v 0.07693499 -0.01117080 0.08735175
v 0.07763612 -0.01199875 0.08982394
v 0.07679131 -0.01199873 0.08650016
v 0.05809530 -0.07190094 0.13207547
v 0.06278180 -0.06759658 0.12996849
v 0.05928593 -0.06760391 0.13342488
v 0.07019515 -0.05842067 0.07552104
v 0.07121198 -0.01199866 0.07413060
v 0.07574686 -0.01117080 0.08360249
v 0.07737213 -0.00950000 0.09909949
v 0.07716470 -0.00950000 0.09561245
v 0.06820497 -0.00950248 0.07202134
v 0.06363632 -0.00950000 0.13353710
v 0.06600849 -0.00950000 0.13096181
v 0.06818732 -0.00950000 0.12821594
v 0.06388851 -0.06319486 0.13095579
v 0.06143862 -0.07189737 0.12876177
v -0.02540315 -0.01000721 0.10518160
v 0.07215670 -0.01199867 0.07574806
v 0.07273874 -0.01117080 0.07691578
v 0.07573374 -0.05843195 0.08874307
v 0.04617197 -0.06898940 0.05805678
v 0.05003495 -0.06886315 0.06029854
v 0.07571849 -0.01199871 0.08325375
v 0.07433286 -0.01117080 0.08012237
v 0.07674126 -0.00950000 0.09238458
v 0.07100620 -0.01117080 0.07398041
v 0.07091067 -0.01069652 0.07404140
v -0.04319243 -0.00676231 0.05012334
v 0.06829035 -0.00951703 0.07195845
v 0.07339142 -0.00950000 0.11920073
v 0.07189623 -0.00950000 0.12229660
v 0.07015225 -0.00950000 0.12532307
v 0.06905115 -0.00950000 0.12694417
v 0.07703719 -0.00950000 0.10588317
v 0.07732542 -0.00950000 0.10251570
v 0.07745026 -0.00950248 0.10004126
v 0.07648752 -0.00950000 0.10933717
v 0.07652658 -0.00950000 0.10909171
v 0.07376480 -0.00950000 0.11825626
v 0.07467695 -0.00950000 0.11594900
v 0.07570890 -0.00950000 0.11264913
v 0.02583740 -0.01199869 0.14872949
v 0.02468926 -0.01117080 0.14852364
v 0.02468283 -0.01199869 0.14858614
v 0.03730315 -0.00950248 0.14704749
v 0.03534590 -0.00950000 0.14724387
v 0.03731947 -0.00951703 0.14715227
v 0.03299930 -0.00951703 0.14762424
v -0.02496994 -0.05852691 0.09704171
v -0.03807916 -0.01500000 0.07665204
v -0.03928436 -0.01325860 0.07327458
v 0.07865175 -0.01117080 0.10003819
v 0.07874510 -0.01199879 0.10016245
v 0.07874060 -0.01199879 0.10003810
v 0.07861749 -0.01199878 0.09663764
v 0.07870301 -0.01199879 0.10218774
v 0.07833302 -0.01069652 0.10462472
v 0.07844587 -0.01117080 0.10463513
v 0.07853841 -0.01069652 0.10003848
v 0.07651550 -0.01069652 0.11402971
v 0.07766868 -0.01069652 0.10931063
v 0.07755003 -0.01036386 0.10928787
v 0.06026359 -0.06320281 0.13453142
v 0.05797819 -0.05864675 0.13803114
v 0.06082225 -0.05884366 0.13569775
v 0.06351502 -0.05864245 0.13322823
v 0.06586870 -0.06758184 0.12614647
v 0.05908417 -0.07582816 0.12820871
v 0.07485632 -0.01069652 0.11870708
v 0.07496106 -0.01117080 0.11875039
v -0.03974464 -0.01500000 0.07037423
v -0.02274203 -0.06440552 0.09321330
v -0.02002946 -0.06685597 0.09828549
v -0.02185284 -0.06427769 0.09786078
v -0.02629455 -0.05911425 0.06605852
v -0.02433016 -0.06206694 0.06804620
v -0.02646307 -0.05899589 0.06645840
v -0.03612156 -0.03188183 0.04442826
v -0.02591594 -0.05887725 0.06388726
v -0.00357233 -0.04968238 0.03546155
v -0.00866592 -0.05913133 0.04406916
v 0.06438480 -0.07189048 0.12509550
v -0.00706352 -0.07793953 0.10668192
v 0.02770024 -0.07781970 0.13750169
v 0.02366682 -0.07780732 0.13709997
v -0.00745892 -0.07796115 0.10332931
v 0.03576968 -0.07782711 0.13713518
v 0.03174708 -0.07782513 0.13753909
v -0.00769108 -0.07797949 0.09996187
v 0.05074563 -0.07784297 0.13133295
v 0.05404184 -0.07784460 0.12896888
v -0.00760969 -0.07799083 0.09658521
v -0.00645724 -0.06783111 0.05344058
v -0.00862526 -0.06516828 0.05071789
v -0.00236750 -0.06780191 0.05134419
v -0.01063379 -0.06517267 0.05203318
v 0.03790494 -0.06680177 0.05278283
v 0.03809404 -0.06925710 0.05442431
v 0.03356317 -0.06694517 0.05124832
v 0.02914296 -0.06708696 0.05001294
v 0.06519958 -0.06308963 0.07062650
v 0.06794205 -0.05879880 0.07223635
v 0.06518321 -0.06316831 0.07064024
v 0.06609291 -0.05879712 0.06987691
v 0.06821537 -0.05842286 0.07254095
v 0.07646747 -0.05843398 0.09225225
v 0.06823241 -0.06304458 0.07469480
v 0.05827235 -0.06364903 0.06382290
v 0.05448327 -0.06374689 0.06078498
v 0.06330487 -0.05860910 0.06673195
v 0.06182752 -0.06356536 0.06712844
v 0.04218340 -0.06912157 0.05609610
v 0.04219988 -0.07147446 0.05769315
v 0.07473657 -0.05842736 0.08530658
v 0.07347681 -0.05842264 0.08194374
v 0.06913204 -0.00950248 0.12699947
v 0.06921950 -0.00951703 0.12705944
v 0.06616222 -0.00951703 0.13104790
v 0.07538287 -0.00950000 0.11369168
v 0.03888310 -0.00950000 0.14670634
v 0.03074231 -0.01199870 0.14887115
v 0.03306839 -0.01117080 0.14871751
v 0.02952610 -0.01199870 0.14890525
v 0.02879142 -0.01069652 0.14868598
v 0.03306124 -0.01069652 0.14860439
v 0.04044632 -0.01199871 0.14777505
v 0.04397200 -0.01199872 0.14686222
v 0.04199622 -0.01117080 0.14731221
v 0.03300595 -0.00954527 0.14772937
v 0.00538375 -0.00960271 0.14113078
v 0.00778554 -0.01007816 0.14373457
v 0.00803574 -0.00958913 0.14258163
v 0.00559561 -0.00950000 0.14077818
v 0.00818192 -0.00950248 0.14229929
v 0.00556134 -0.00950518 0.14083523
v 0.00552474 -0.00951071 0.14089613
v 0.01503492 -0.00950000 0.14512099
v 0.01412726 -0.00950248 0.14487933
v 0.01848923 -0.00950000 0.14612678
v 0.02102749 -0.00950248 0.14675684
v -0.01720929 -0.05853739 0.11601623
v -0.02331795 -0.01201628 0.11182661
v -0.02616315 -0.01202458 0.10677318
v -0.01959069 -0.05847283 0.11144422
v -0.03072206 -0.01489089 0.09695353
v -0.02167949 -0.05848873 0.10673556
v -0.02961530 -0.01500000 0.09932514
v -0.01069582 -0.01132469 0.12877727
v -0.01322503 -0.01199210 0.12615585
v -0.01009395 -0.01198150 0.12967494
v 0.02082173 -0.01069652 0.14782536
v 0.02080030 -0.01117080 0.14793664
v 0.02215832 -0.01199869 0.14827266
v 0.02421311 -0.01199869 0.14852782
v 0.02088885 -0.00994975 0.14747679
v 0.01078478 -0.01045428 0.14561799
v 0.02086733 -0.01012337 0.14758858
v -0.03706409 -0.01077733 0.07965606
v -0.03732057 -0.01111078 0.07963071
v -0.03446687 -0.01075332 0.08721171
v -0.02492148 -0.05875786 0.09702655
v -0.02425185 -0.05896420 0.09911370
v 0.07724947 -0.00950248 0.10452468
v 0.07820413 -0.01036386 0.09561935
v 0.07808435 -0.01012337 0.09563065
v 0.07829728 -0.01012337 0.10003909
v 0.07784852 -0.01117080 0.09135749
v 0.07734665 -0.00951703 0.09570017
v 0.07755631 -0.00951703 0.10004099
v 0.07766164 -0.00954527 0.10004072
v 0.07724107 -0.00950248 0.09571012
v 0.07865153 -0.01199879 0.10285325
v 0.07843500 -0.01199879 0.10565206
v 0.05625581 -0.06320062 0.13768040
v 0.06085033 -0.05864634 0.13573025
v 0.06086534 -0.05844246 0.13574770
v 0.05799193 -0.05844285 0.13804965
v 0.06353121 -0.05843862 0.13324454
v 0.06507405 -0.05883642 0.13150308
v 0.06598115 -0.05843387 0.13055821
v 0.07663342 -0.01199878 0.11424599
v 0.07614788 -0.01199877 0.11586144
v 0.07481428 -0.05844001 0.11471038
v 0.07582065 -0.05832445 0.11116264
v 0.07715612 -0.01199878 0.11250691
v 0.07791915 -0.01199878 0.10909779
v 0.07786322 -0.01199878 0.10934770
v 0.07211739 -0.06312923 0.11819411
v 0.07430254 -0.05883685 0.11601527
v 0.07353459 -0.05864143 0.11811540
v 0.06984989 -0.06315599 0.12273177
v 0.06851480 -0.06756175 0.12201675
v 0.06690476 -0.07188153 0.12113690
v 0.07278897 -0.01117080 0.12331656
v 0.06522577 -0.01199875 0.13385563
v 0.06511366 -0.01199875 0.13396457
v 0.07355456 -0.05843940 0.11812325
v -0.04448240 -0.00998631 0.05087038
v -0.04437141 -0.01014700 0.05141598
v -0.04246986 -0.01500000 0.05719124
v -0.02615657 -0.05854076 0.09208981
v -0.04117464 -0.01500000 0.06405526
v -0.04268713 -0.01200753 0.05931037
v -0.02350441 -0.06157948 0.09741815
v -0.02215686 -0.06148953 0.10218688
v -0.02608405 -0.05900448 0.09170696
v -0.02733143 -0.05885666 0.07159722
v -0.03306872 -0.03573129 0.04320290
v -0.02544664 -0.04251708 0.04064167
v -0.02291276 -0.06212308 0.06329944
v -0.02195283 -0.06496518 0.06977690
v -0.02049309 -0.06504410 0.06526117
v -0.02831064 -0.01015446 0.10016245
v -0.02805175 -0.01006111 0.10016245
v -0.03419954 -0.01044129 0.08710694
v -0.03405226 -0.01030689 0.08704517
v -0.04431415 -0.00755650 0.05018416
v -0.00846946 -0.06220411 0.04699372
v -0.00935578 -0.05901507 0.04424470
v -0.01474167 -0.06221334 0.05101500
v -0.01598856 -0.05913718 0.04818311
v -0.01278176 -0.06221468 0.04948030
v -0.01409191 -0.05901958 0.04670024
v -0.01267584 -0.05913663 0.04595122
v 0.00847159 -0.06204986 0.04358325
v 0.00350763 -0.06210985 0.04384848
v -0.00617223 -0.06219255 0.04603522
v -0.01364183 -0.04821782 0.03752279
v -0.01626908 -0.05902013 0.04828469
v -0.01816905 -0.05913341 0.05014188
v 0.05541141 -0.06760202 0.13646433
v 0.05353804 -0.07722193 0.13137044
v 0.05658095 -0.07742976 0.12836306
v 0.05681315 -0.07722152 0.12860784
v 0.07236053 -0.06751390 0.11306506
v 0.06896942 -0.07187174 0.11694620
v 0.07055283 -0.07186233 0.11258133
v 0.06852023 -0.07636774 0.11075451
v 0.06864237 -0.07573836 0.11190788
v 0.06733666 -0.07608213 0.11499481
v -0.00054384 -0.07770979 0.07471525
v -0.00452467 -0.07613203 0.07346618
v -0.00517740 -0.07434896 0.06765044
v -0.00645386 -0.07611286 0.07652644
v -0.00425756 -0.07765373 0.07988419
v 0.00167087 -0.07772140 0.07227304
v -0.00244866 -0.07436151 0.06482930
v 0.00398339 -0.07772161 0.07009577
v -0.01897929 -0.06671558 0.10268806
v -0.02077223 -0.06699655 0.09384349
v -0.00032016 -0.07020291 0.05421439
v 0.02465900 -0.06722438 0.04908547
v 0.01923905 -0.06473246 0.04633248
v -0.00836775 -0.06783591 0.05472578
v -0.01251227 -0.06517082 0.05352405
v 0.01057601 -0.01199859 0.14617123
v 0.01074043 -0.01065688 0.14571090
v 0.03392076 -0.06939340 0.05304859
v 0.07291978 -0.01199868 0.07705451
v 0.07713130 -0.05837571 0.10033496
v 0.07824659 -0.01199876 0.09320896
v 0.07703152 -0.05882500 0.09806531
v 0.07693218 -0.05851383 0.09585912
v 0.06932025 -0.06748518 0.07992467
v 0.07132064 -0.06745936 0.08441796
v 0.06755810 -0.07191094 0.08091813
v 0.06517267 -0.07194901 0.07682440
v 0.07422959 -0.01069652 0.08016906
v 0.07409600 -0.05880742 0.08363625
v 0.07564029 -0.01069652 0.08364107
v 0.07411949 -0.01036386 0.08021882
v 0.07182553 -0.00951703 0.12279522
v 0.06608158 -0.00950248 0.13097903
v 0.07385072 -0.00950248 0.11829135
v 0.07394872 -0.00951703 0.11833186
v 0.07639971 -0.01036386 0.11399520
v 0.07474466 -0.01036386 0.11866092
v 0.04653109 -0.01117080 0.14591976
v 0.02879443 -0.01036386 0.14856519
v 0.02471482 -0.01036386 0.14829089
v 0.02878860 -0.01117080 0.14879927
v 0.02743993 -0.01199870 0.14880586
v 0.03320388 -0.01199870 0.14880215
v 0.03748807 -0.01117080 0.14823467
v 0.01732154 -0.00972261 0.14642867
v 0.01729422 -0.00982033 0.14652839
v 0.02092888 -0.00972261 0.14726895
v 0.06256104 -0.00950000 0.13454328
v 0.06107197 -0.00950000 0.13593665
v 0.06345438 -0.01117080 0.13548684
v 0.05059431 -0.00954527 0.14314525
v 0.04619467 -0.00954527 0.14498855
v 0.05064035 -0.00958913 0.14324135
v 0.05487578 -0.00954527 0.14081761
v 0.05540827 -0.00950000 0.14015859
v 0.05829003 -0.00950000 0.13817415
v 0.03204086 -0.00950000 0.14750220
v 0.02854170 -0.00950000 0.14752400
v 0.02523260 -0.00950000 0.14730570
v 0.03733568 -0.00954527 0.14725634
v 0.03301266 -0.00958913 0.14783570
v 0.02090933 -0.00982033 0.14737047
v 0.02470163 -0.01069652 0.14841098
v 0.02475220 -0.00982033 0.14795052
v 0.02476349 -0.00972261 0.14784773
v 0.02084458 -0.01036386 0.14770672
v 0.00866130 -0.00950000 0.14246944
v 0.01103529 -0.00950248 0.14365822
v 0.01099291 -0.00951703 0.14375544
v 0.01192844 -0.00950000 0.14396468
v 0.01745937 -0.00950248 0.14592570
v -0.01504139 -0.05845138 0.11967058
v -0.02995336 -0.01200180 0.09915022
v -0.03128004 -0.01437353 0.09581485
v 0.00724326 -0.01199854 0.14461784
v -0.00040426 -0.01079137 0.13819951
v -0.00320795 -0.01138041 0.13609838
v -0.00830106 -0.01134240 0.13133799
v -0.00580537 -0.01136096 0.13378346
v -0.00735414 -0.01196733 0.13245478
v -0.00568200 -0.01078320 0.13370445
v 0.01080100 -0.01039239 0.14557716
v 0.07809291 -0.01012337 0.10460255
v 0.07821272 -0.01036386 0.10461361
v 0.07776818 -0.00958913 0.10004044
v 0.07755759 -0.00958913 0.09568029
v 0.05681176 -0.05884356 0.13881302
v 0.05495786 -0.05844095 0.14011225
v 0.06709544 -0.06317855 0.12700412
v 0.06877040 -0.05883199 0.12679423
v 0.06759014 -0.01199875 0.13119577
v 0.06821879 -0.05843167 0.12769093
v 0.07022385 -0.05863579 0.12462940
v 0.05757865 -0.07614285 0.12941478
v 0.05741538 -0.07644218 0.12924267
v 0.05680745 -0.07583184 0.13040347
v 0.05406234 -0.07644298 0.13207091
v 0.07741944 -0.01199878 0.11133041
v 0.07662411 -0.01117080 0.11406209
v 0.07669936 -0.05829282 0.10648876
v 0.07672242 -0.05832037 0.10632148
v 0.07673486 -0.05854449 0.10615310
v 0.07801598 -0.01199878 0.10845102
v 0.07479442 -0.05864124 0.11470425
v 0.07579337 -0.05862011 0.11119238
v 0.07341031 -0.01199877 0.12233519
v 0.07489774 -0.01199877 0.11914345
v 0.07169154 -0.01199876 0.12541915
v 0.07268929 -0.01069652 0.12326261
v 0.06704892 -0.01199875 0.13180463
v 0.07503558 -0.01199877 0.11878157
v -0.02767390 -0.05871051 0.07677161
v -0.02691298 -0.05891373 0.08704571
v -0.02453953 -0.06166987 0.09258194
v -0.02702690 -0.05855195 0.08706532
v -0.02762329 -0.05883745 0.07677074
v -0.02750618 -0.05906831 0.07808881
v -0.04387813 -0.01221310 0.05217239
v -0.04341140 -0.01500000 0.05138230
v -0.04319090 -0.01193241 0.05664937
v -0.04126891 -0.01200011 0.06607155
v -0.02738849 -0.05872700 0.07159303
v -0.02718303 -0.05909697 0.07150068
v -0.02653406 -0.05887096 0.06644525
v -0.03761390 -0.02967401 0.04508475
v -0.02887905 -0.03980533 0.04173439
v -0.02122163 -0.04514795 0.03942128
v -0.02513875 -0.05888222 0.06137738
v -0.02418675 -0.05888525 0.05892404
v -0.02304043 -0.05888562 0.05653453
v -0.03477439 -0.01127132 0.08732383
v -0.03742721 -0.01127966 0.07960792
v -0.03751686 -0.01144548 0.07957811
v -0.02550849 -0.01004791 0.10522856
v -0.03165792 -0.01108972 0.09477561
v -0.03468660 -0.01109713 0.08729228
v -0.03484523 -0.01144187 0.08734974
v -0.03489743 -0.01160491 0.08737013
v -0.03758759 -0.01160486 0.07954108
v -0.03123410 -0.01042119 0.09444372
v -0.01178275 -0.05901874 0.04536074
v -0.01068118 -0.06221157 0.04813937
v 0.04605515 -0.01500000 0.03269045
v -0.00381212 -0.06217711 0.04525316
v -0.00431948 -0.06514155 0.04861383
v -0.00140374 -0.06215803 0.04463592
v -0.00176324 -0.05887174 0.04206424
v -0.01827114 -0.05901631 0.05010728
v -0.02004407 -0.05901170 0.05210751
v 0.05438025 -0.07190017 0.13498497
v 0.05119107 -0.06759168 0.13905975
v 0.02959204 -0.07716925 0.13923077
v 0.02958700 -0.07691763 0.13955306
v 0.02529261 -0.07715762 0.13893358
v 0.03389943 -0.07693459 0.13935587
v 0.02533755 -0.07738285 0.13858961
v 0.04210138 -0.07741863 0.13692556
v 0.04431148 -0.07769636 0.13549817
v 0.04604262 -0.07742476 0.13538937
v 0.04199040 -0.07759982 0.13658606
v 0.03792785 -0.07759415 0.13768673
v 0.03386821 -0.07718235 0.13903645
v 0.03813752 -0.07695112 0.13868521
v 0.03800168 -0.07741038 0.13803832
v 0.03543911 -0.07768884 0.13789879
v 0.03383482 -0.07740100 0.13869476
v 0.06641930 -0.07577823 0.11759106
v 0.06040199 -0.07643645 0.12607917
v 0.06058336 -0.07613614 0.12623195
v 0.05988194 -0.07582545 0.12730558
v 0.05947388 -0.07742759 0.12529738
v 0.05973227 -0.07721856 0.12551503
v 0.05442236 -0.07772437 0.12942496
v 0.05633708 -0.07760745 0.12810600
v 0.05660688 -0.07772197 0.12745501
v 0.05723241 -0.07672432 0.12904979
v 0.05390303 -0.07672498 0.13185808
v 0.05372773 -0.07698584 0.13162388
v 0.05011791 -0.07698308 0.13401981
v 0.06365794 -0.07769606 0.11806694
v 0.06389209 -0.07759913 0.11811788
v 0.06217126 -0.07770072 0.12061632
v 0.06496356 -0.07769306 0.11536316
v 0.06464794 -0.07776546 0.11552638
v 0.06119790 -0.07582097 0.12581581
v 0.06323557 -0.07612357 0.12272558
v 0.07068828 -0.06753840 0.11763729
v 0.06711684 -0.07639030 0.11490788
v 0.06600937 -0.07769088 0.11268871
v 0.06942422 -0.07571757 0.10895632
v 0.07164155 -0.07185455 0.10809117
v 0.06945394 -0.07634560 0.10647135
v 0.05727391 -0.06863868 0.06559515
v -0.00751524 -0.07432356 0.07075961
v -0.01332086 -0.06781057 0.05948346
v -0.01590669 -0.06776364 0.06324970
v -0.01580584 -0.06514936 0.05699025
v -0.00612497 -0.07796957 0.08693586
v -0.00710991 -0.07796310 0.09015414
v -0.00637161 -0.07793135 0.08685181
v -0.00616319 -0.07799968 0.08861379
v -0.00563383 -0.07799995 0.08710328
v -0.00552841 -0.07800000 0.08680247
v -0.00583108 -0.07760549 0.08267896
v -0.00248258 -0.07768790 0.07721286
v -0.00511823 -0.07239880 0.06182843
v 0.00459344 -0.07784194 0.07007059
v 0.00730327 -0.07783395 0.06797424
v 0.00752909 -0.07792605 0.06830280
v 0.00065390 -0.07435986 0.06237334
v 0.00635545 -0.07614247 0.06354530
v 0.00404519 -0.07434391 0.06032683
v -0.00181112 -0.07239652 0.05927835
v 0.00206921 -0.07777052 0.12541828
v -0.00007164 -0.07780731 0.12252718
v 0.00226189 -0.07779368 0.12524229
v -0.00291644 -0.07784049 0.11800080
v -0.00312148 -0.07782394 0.11811444
v -0.00432972 -0.07784510 0.11571407
v 0.01354725 -0.07777720 0.13374114
v 0.00478295 -0.07778056 0.12777336
v 0.03175830 -0.07780689 0.13778478
v 0.03985259 -0.07776402 0.13676105
v 0.03979133 -0.07781053 0.13653310
v 0.04374283 -0.07776715 0.13548476
v -0.00785229 -0.07797867 0.09996427
v -0.00789049 -0.07798105 0.09732711
v -0.00885586 -0.07777680 0.09670524
v -0.00860860 -0.07784709 0.10010789
v -0.00898681 -0.07772762 0.10012703
v -0.00767967 -0.07795962 0.10335282
v -0.00838385 -0.07781631 0.10352916
v 0.04618127 -0.07721472 0.13569811
v 0.04631129 -0.07697650 0.13598765
v 0.00377302 -0.07015304 0.05265767
v -0.00418369 -0.07023039 0.05629741
v 0.03023440 -0.07181422 0.05406337
v 0.03468001 -0.07386933 0.05699017
v 0.03082544 -0.07394906 0.05625668
v -0.01015915 -0.06783391 0.05616791
v -0.02087825 -0.06216737 0.05877946
v -0.01423803 -0.06516294 0.05518297
v 0.01069576 -0.01065644 0.14569606
v 0.01052913 -0.01199846 0.14615594
v 0.01072135 -0.01065669 0.14570457
v 0.01178123 -0.05842750 0.14364605
v 0.00862302 -0.05842736 0.14218897
v 0.00217029 -0.07193241 0.13187920
v -0.00106258 -0.07197525 0.12882961
v 0.00282683 -0.07563215 0.12988642
v 0.00801423 -0.06300298 0.14049874
v 0.00873957 -0.06745794 0.13893867
v 0.01310651 -0.06745174 0.14103629
v 0.01256521 -0.06300627 0.14264415
v 0.00862930 -0.05861873 0.14217748
v 0.01111144 -0.05880736 0.14331084
v 0.02322418 -0.04292671 0.03185457
v 0.02619454 -0.04112456 0.03164046
v 0.07118466 -0.05879899 0.07731092
v 0.07195327 -0.05842017 0.07866049
v 0.07442514 -0.01199870 0.08010025
v 0.07700559 -0.05863552 0.10328156
v 0.07702400 -0.05843717 0.10328253
v 0.07386674 -0.06310039 0.11344677
v 0.07575226 -0.05883434 0.11118277
v 0.07843726 -0.01117080 0.09559738
v 0.07773705 -0.01069652 0.09137800
v 0.07832442 -0.01069652 0.09560802
v 0.07854556 -0.01199878 0.09597268
v 0.07595598 -0.05881839 0.08990575
v 0.06683965 -0.06752655 0.07566961
v 0.04288599 -0.02265034 0.03190904
v 0.07263917 -0.01069652 0.07696994
v 0.07080884 -0.01036386 0.07410643
v 0.07281820 -0.06744700 0.08908655
v 0.07440125 -0.06299776 0.08853240
v 0.07540321 -0.06300578 0.09348638
v 0.07552668 -0.01036386 0.08368219
v 0.04581659 -0.01048841 0.03352864
v 0.07012290 -0.01117080 0.12767901
v 0.07173227 -0.00950248 0.12274475
v 0.07660004 -0.00950248 0.10910555
v 0.07547271 -0.00950248 0.11371884
v 0.07597248 -0.00972261 0.11386783
v 0.07711221 -0.00972261 0.10920385
v 0.07587064 -0.00964413 0.11383747
v 0.05105693 -0.01199873 0.14411162
v 0.05073939 -0.01199873 0.14427552
v 0.05176864 -0.05843914 0.14193514
v 0.05394611 -0.01199873 0.14262031
v 0.04172612 -0.00951703 0.14625058
v 0.04188075 -0.00994975 0.14685836
v 0.03743352 -0.01012337 0.14788441
v 0.04190882 -0.01012337 0.14696868
v 0.03304603 -0.01012337 0.14836374
v 0.03745203 -0.01036386 0.14800330
v 0.04193848 -0.01036386 0.14708528
v 0.04740898 -0.01199872 0.14569280
v 0.04649258 -0.01069652 0.14581317
v 0.04196827 -0.01069652 0.14720236
v 0.04645153 -0.01036386 0.14569953
v 0.05092096 -0.01036386 0.14382699
v 0.03409998 -0.01199870 0.14870918
v 0.03747063 -0.01069652 0.14812267
v 0.01081237 -0.01027684 0.14547490
v 0.01079257 -0.01033151 0.14552400
v 0.06291374 -0.00964413 0.13491598
v 0.05908495 -0.00964413 0.13817807
v 0.05914953 -0.00972261 0.13826248
v 0.06270113 -0.00951703 0.13469148
v 0.06284682 -0.00958913 0.13484532
v 0.06277356 -0.00954527 0.13476795
v 0.05896107 -0.00954527 0.13801615
v 0.05701290 -0.01199874 0.14073816
v 0.04909947 -0.00950000 0.14352645
v 0.05045970 -0.00950000 0.14286476
v 0.05233009 -0.00950000 0.14195490
v 0.05471916 -0.00950000 0.14056073
v 0.05877991 -0.00950000 0.13778014
v 0.05889707 -0.00951703 0.13793251
v 0.02881851 -0.00950248 0.14759816
v 0.02173033 -0.00950000 0.14681911
v 0.03301880 -0.00964413 0.14793283
v 0.02880817 -0.00964413 0.14801328
v 0.02881060 -0.00958913 0.14791599
v 0.02881325 -0.00954527 0.14780948
v 0.02478571 -0.00958913 0.14764535
v 0.03302550 -0.00972261 0.14803889
v 0.03736706 -0.00964413 0.14745778
v 0.03303885 -0.00994975 0.14825015
v 0.02879743 -0.01012337 0.14844492
v 0.02880026 -0.00994975 0.14833112
v 0.03305362 -0.01036386 0.14848381
v 0.01075827 -0.01058668 0.14568578
v 0.00543202 -0.00956229 0.14105044
v 0.00545228 -0.00954532 0.14101672
v 0.00813316 -0.00951703 0.14239347
v 0.01090822 -0.00958913 0.14394964
v 0.01093275 -0.01007176 0.14518058
v 0.02100744 -0.00951703 0.14686097
v 0.02480884 -0.00951703 0.14743474
v 0.02098753 -0.00954527 0.14696440
v -0.02300418 -0.01123303 0.11181320
v -0.01915562 -0.01078389 0.11745080
v -0.02286981 -0.01078934 0.11157980
v -0.01031132 -0.06319302 0.12407681
v -0.01386056 -0.06099709 0.12026114
v -0.01303346 -0.06327838 0.12001688
v -0.00647138 -0.07209580 0.12208867
v -0.00854354 -0.06770904 0.12317046
v -0.01101477 -0.06780899 0.11931829
v -0.03492931 -0.01175656 0.08738516
v -0.03181972 -0.01160630 0.09496558
v -0.02946436 -0.01203735 0.10016244
v -0.03432978 -0.01200094 0.08898360
v -0.03199628 -0.01500000 0.09400700
v -0.03207048 -0.01200130 0.09450439
v -0.00426926 -0.01193627 0.13527797
v -0.00033327 -0.01049649 0.13813882
v -0.00273708 -0.00986425 0.13570914
v -0.00238097 -0.00958332 0.13536951
v -0.00515738 -0.00972083 0.13321894
v 0.00007413 -0.00966042 0.13769326
v -0.00840178 -0.01197275 0.13139184
v -0.00817337 -0.01078094 0.13123696
v -0.01056646 -0.01077977 0.12864839
v -0.01596834 -0.01199915 0.12274435
v -0.01009392 -0.05843751 0.12659109
v -0.00847440 -0.05880951 0.12845826
v -0.01728250 -0.01127615 0.12055632
v -0.01936658 -0.01172250 0.11789053
v -0.01876714 -0.01200681 0.11891513
v 0.01081913 -0.01033367 0.14553186
v 0.07745996 -0.00954527 0.10454411
v 0.07756605 -0.00958913 0.10455391
v 0.07786550 -0.00964413 0.10004020
v 0.07787175 -0.00982033 0.10458213
v 0.07776879 -0.00972261 0.10457262
v 0.07807518 -0.00982033 0.10003966
v 0.07797178 -0.00972261 0.10003992
v 0.07797956 -0.00994975 0.10459208
v 0.07818345 -0.00994975 0.10003939
v 0.07841759 -0.01036386 0.10003878
v 0.07761823 -0.01036386 0.09139987
v 0.07745151 -0.00954527 0.09569029
v 0.07687476 -0.00954527 0.09153668
v 0.07797103 -0.00994975 0.09564132
v 0.06974864 -0.01199876 0.12837824
v 0.07024316 -0.05843261 0.12464081
v 0.07581937 -0.05853790 0.11112679
v 0.07777999 -0.01117080 0.10933200
v 0.07578959 -0.05863981 0.11119150
v 0.06992979 -0.01036386 0.12754658
v 0.07247721 -0.01012337 0.12314786
v 0.06983057 -0.01012337 0.12747853
v 0.06973670 -0.00994975 0.12741415
v 0.07237710 -0.00994975 0.12309369
v -0.04285296 -0.01500000 0.05485594
v -0.02609835 -0.05877887 0.09207552
v -0.02748076 -0.05881714 0.08195081
v -0.02742928 -0.05893632 0.08194602
v -0.02714159 -0.05903674 0.08468904
v -0.03802151 -0.01200040 0.07826556
v -0.03620036 -0.01500000 0.08276752
v -0.02347632 -0.05850923 0.10192313
v -0.02164751 -0.05870555 0.10672113
v -0.02699615 -0.05867626 0.08705977
v -0.04313283 -0.01183347 0.05705295
v -0.04352420 -0.01171161 0.05495760
v -0.04187708 -0.01270405 0.06275787
v -0.02726646 -0.05898006 0.07160223
v -0.02011392 -0.05888482 0.05205257
v -0.02167976 -0.05888406 0.05422390
v -0.02160598 -0.05901084 0.05427047
v -0.04436239 -0.00759218 0.05018651
v -0.03980318 -0.01145160 0.07166229
v -0.02569629 -0.01015298 0.10532655
v -0.02855084 -0.01029014 0.10016245
v -0.02585759 -0.01028728 0.10542486
v -0.02629546 -0.01099263 0.10577212
v -0.03096159 -0.01017163 0.09423886
v -0.02843926 -0.01022711 0.10016245
v -0.03110156 -0.01028559 0.09434475
v -0.03147049 -0.01073877 0.09462191
v -0.04443040 -0.00767866 0.05018344
v 0.04610354 -0.01060800 0.03345617
v 0.04692211 -0.01181834 0.03309620
v 0.00493843 -0.06502529 0.04626797
v 0.00801352 -0.07008336 0.05157733
v 0.00966111 -0.07227504 0.05443768
v 0.00104451 -0.05910305 0.04183709
v -0.00411908 -0.05912148 0.04268896
v 0.04291056 -0.07579287 0.13840601
v 0.04582842 -0.07580860 0.13729411
v 0.04597089 -0.07188813 0.13949479
v 0.05165918 -0.07582825 0.13425794
v 0.05039980 -0.07643884 0.13450204
v 0.04880000 -0.07582068 0.13589379
v 0.04654030 -0.07642898 0.13649763
v 0.05031640 -0.07189550 0.13746858
v 0.05420450 -0.07614378 0.13226086
v 0.02538497 -0.07757524 0.13822667
v 0.02667177 -0.07767223 0.13814843
v 0.02525070 -0.07690257 0.13925435
v 0.02109212 -0.07714856 0.13815454
v 0.03176919 -0.07775947 0.13802275
v 0.02979846 -0.07768176 0.13829048
v 0.02766887 -0.07775195 0.13799235
v 0.03177879 -0.07768511 0.13822564
v 0.02960313 -0.07758112 0.13852167
v 0.02959744 -0.07739139 0.13888559
v 0.04589694 -0.07760403 0.13506496
v 0.04128928 -0.07769246 0.13657771
v 0.03379965 -0.07758772 0.13833489
v 0.03787765 -0.07769022 0.13744546
v 0.03580728 -0.07780909 0.13737676
v 0.03807184 -0.07719512 0.13837245
v 0.04230583 -0.07696569 0.13755105
v 0.06339441 -0.07580817 0.12283271
v 0.06483085 -0.07579648 0.12057839
v 0.06303885 -0.07642572 0.12259346
v 0.06257465 -0.07697432 0.12228168
v 0.06019860 -0.07671957 0.12590784
v 0.05997469 -0.07698149 0.12571923
v 0.06173436 -0.07760318 0.12171730
v 0.06151197 -0.07770345 0.12156746
v 0.06266215 -0.07776941 0.11939040
v 0.06024867 -0.07777679 0.12299992
v 0.06246087 -0.07781485 0.11927222
v 0.06443276 -0.07781168 0.11543110
v 0.06006504 -0.07782076 0.12286182
v 0.05728521 -0.07782763 0.12614357
v 0.05987588 -0.07783764 0.12271962
v 0.06421077 -0.07782945 0.11533282
v 0.06571919 -0.07782765 0.11131893
v 0.05423503 -0.07780711 0.12920044
v 0.05711696 -0.07784384 0.12598395
v 0.06047929 -0.07770774 0.12305726
v 0.05703105 -0.07698531 0.12883754
v 0.06202984 -0.07742353 0.12191576
v 0.06314137 -0.07581023 0.12322982
v 0.06072529 -0.07582258 0.12635083
v 0.06765895 -0.07575867 0.11473743
v 0.06919054 -0.07664404 0.10643034
v 0.06889834 -0.07692077 0.10638485
v 0.06933518 -0.07690810 0.10211133
v 0.06858011 -0.07717168 0.10633530
v 0.06797849 -0.07693557 0.11060675
v 0.06766894 -0.07718311 0.11052231
v 0.06598071 -0.07741012 0.11445854
v 0.06733783 -0.07740157 0.11043201
v 0.06595223 -0.07780968 0.11139156
v 0.06874786 -0.07605574 0.11081660
v 0.06699930 -0.07780660 0.10720295
v 0.06675745 -0.07782487 0.10715724
v 0.06730904 -0.07781922 0.10289998
v 0.02065280 -0.07799973 0.06340619
v 0.05283046 -0.07347605 0.06518670
v 0.04942594 -0.07354923 0.06296699
v 0.03828089 -0.07158811 0.05618044
v 0.03848441 -0.07378805 0.05803239
v 0.03872350 -0.07585016 0.05996129
v 0.03428740 -0.07170206 0.05496875
v 0.05374557 -0.06874538 0.06281345
v 0.06057734 -0.06854562 0.06864358
v 0.00074640 -0.07800000 0.07564881
v -0.00109307 -0.07800000 0.07809833
v 0.00043897 -0.07798178 0.07538581
v -0.00121653 -0.07800000 0.07829469
v -0.00157242 -0.07798026 0.07805339
v 0.00273850 -0.07800000 0.07341114
v -0.00810275 -0.07789788 0.09338143
v -0.00841259 -0.07781822 0.09333814
v -0.00766472 -0.07785177 0.09002196
v -0.00946669 -0.07428664 0.07407916
v -0.01521715 -0.07010329 0.06947595
v -0.01394897 -0.07222483 0.07547334
v -0.01674400 -0.07002217 0.07348752
v -0.01511961 -0.07214545 0.07932400
v -0.01792250 -0.06769577 0.06732001
v -0.01322017 -0.07016712 0.06564855
v -0.00274129 -0.07800000 0.08071978
v -0.00528543 -0.07800000 0.08613758
v -0.00816115 -0.07794455 0.09673602
v -0.00778886 -0.07795479 0.09342528
v -0.00753871 -0.07799193 0.09437148
v -0.01105116 -0.07423957 0.07755011
v -0.01229047 -0.07418372 0.08112253
v -0.00738878 -0.07791671 0.09008770
v -0.00685726 -0.07780931 0.08668633
v -0.00661613 -0.07787786 0.08676849
v -0.00709376 -0.07772612 0.08660574
v -0.00820095 -0.07766788 0.08989421
v -0.00732448 -0.07762881 0.08652712
v -0.00806881 -0.07608835 0.07972079
v -0.00572663 -0.07776920 0.08346131
v -0.00359195 -0.07766654 0.07888245
v 0.01138424 -0.07427453 0.05741547
v 0.01318457 -0.07610632 0.06049595
v 0.00764156 -0.07431499 0.05868119
v 0.01677336 -0.07607993 0.05946184
v 0.01335675 -0.07790913 0.06493447
v 0.01037694 -0.07791930 0.06649070
v 0.01017385 -0.07781882 0.06612810
v -0.00047424 -0.07771015 0.07463850
v -0.00017936 -0.07783606 0.07487963
v 0.00012725 -0.07792699 0.07513063
v -0.00191923 -0.07792085 0.07781786
v 0.00907714 -0.07768954 0.06632524
v 0.00650883 -0.07771057 0.06807156
v 0.00969767 -0.07612741 0.06185532
v 0.01204082 -0.07765424 0.06463147
v 0.01165577 -0.07765883 0.06485153
v 0.01317680 -0.07779606 0.06453341
v -0.00174790 -0.07780568 0.12042419
v -0.00332076 -0.07778078 0.11822469
v 0.00460554 -0.07775481 0.12796901
v -0.00154094 -0.07782403 0.12028991
v -0.00413091 -0.07785960 0.11562114
v -0.00626422 -0.07791092 0.10996511
v 0.02768427 -0.07780086 0.13775106
v 0.04365804 -0.07781304 0.13526610
v 0.03972814 -0.07782841 0.13629791
v 0.04725480 -0.07783592 0.13338113
v 0.04357061 -0.07783067 0.13504060
v 0.00240181 -0.07689263 0.12811767
v -0.00072223 -0.07664917 0.12515086
v -0.00049594 -0.07692489 0.12496078
v -0.00326409 -0.07671549 0.12167387
v -0.01762781 -0.06657798 0.10703774
v -0.02065318 -0.06415028 0.10245454
v -0.02331209 -0.06453130 0.08852682
v -0.02120153 -0.06713466 0.08937550
v -0.02355050 -0.06465261 0.08381694
v -0.01642249 -0.07174382 0.09517080
v -0.01380802 -0.07382014 0.09965379
v -0.01597910 -0.07163231 0.09916185
v -0.01865683 -0.06944273 0.09449012
v -0.01806223 -0.06930922 0.09871247
v -0.01523720 -0.07152034 0.10314249
v -0.01596644 -0.06904416 0.10707039
v -0.01447087 -0.06891751 0.11118009
v -0.01117841 -0.07358346 0.11089071
v -0.01419763 -0.07140987 0.10710222
v -0.01235140 -0.07366073 0.10715767
v -0.00842756 -0.07624444 0.11251869
v -0.01716428 -0.06917555 0.10290989
v -0.01379758 -0.07405107 0.08844896
v -0.01320107 -0.07412043 0.08476385
v -0.01111253 -0.07598968 0.08977900
v -0.02291295 -0.06487199 0.07440932
v -0.01154812 -0.07595067 0.09322590
v -0.00851129 -0.07787465 0.09672051
v -0.00822285 -0.07793243 0.10008837
v -0.00734319 -0.07791659 0.10673710
v -0.00790298 -0.07793573 0.10325449
v -0.00964288 -0.07359757 0.11457450
v -0.00918422 -0.07748976 0.10364508
v -0.00879188 -0.07767268 0.10358825
v -0.00827649 -0.07761651 0.10700106
v -0.00757886 -0.07790050 0.10611369
v -0.00745496 -0.07789093 0.10675914
v 0.04220693 -0.07720637 0.13724847
v 0.04747001 -0.07777442 0.13379771
v 0.04995803 -0.07721979 0.13374630
v 0.04978763 -0.07742849 0.13345478
v 0.05099890 -0.07778417 0.13171533
v 0.04985471 -0.07771281 0.13270271
v 0.00566631 -0.07233263 0.05561083
v 0.01522226 -0.07422394 0.05651021
v -0.01181167 -0.06782535 0.05775953
v -0.00769143 -0.07023308 0.05893867
v -0.01846403 -0.06510631 0.06095906
v 0.01055322 -0.01199853 0.14616381
v 0.00085121 -0.06750876 0.13350864
v 0.00464411 -0.06747626 0.13640600
v -0.00024957 -0.06303207 0.13488328
v 0.02517775 -0.07631843 0.13981274
v 0.02190456 -0.07564753 0.13969822
v 0.02087903 -0.07630093 0.13901663
v 0.01376472 -0.07186273 0.13912599
v 0.01813208 -0.07185509 0.14072004
v 0.02592438 -0.04129515 0.03165875
v 0.07079216 -0.06301507 0.07907660
v 0.07414465 -0.01199869 0.07953274
v 0.07671911 -0.05863636 0.10615119
v 0.07668582 -0.05883039 0.10614716
v 0.07707480 -0.05882632 0.10039938
v 0.07696829 -0.05882817 0.10327931
v 0.07574390 -0.06304476 0.10355006
v 0.07507991 -0.06307153 0.10854657
v 0.07711606 -0.05860259 0.10033521
v 0.07645120 -0.05862992 0.09225520
v 0.07688180 -0.05882348 0.09583985
v 0.05606142 -0.07340846 0.06767707
v 0.07253304 -0.01036386 0.07702766
v 0.07034352 -0.00964413 0.07440353
v 0.07472208 -0.05862166 0.08531143
v 0.07285684 -0.06300016 0.08370917
v 0.07070743 -0.01012337 0.07417117
v 0.06930637 -0.00954527 0.12711902
v 0.07191817 -0.00954527 0.12284534
v 0.07228187 -0.00982033 0.12304216
v 0.07219094 -0.00972261 0.12299295
v 0.06956214 -0.00972261 0.12729444
v 0.07209747 -0.00964413 0.12294237
v 0.07700784 -0.00964413 0.10918381
v 0.07628442 -0.01012337 0.11396082
v 0.07732008 -0.00994975 0.10924374
v 0.07617533 -0.00994975 0.11392830
v 0.05494556 -0.05864485 0.14009278
v 0.04169997 -0.00950248 0.14614782
v 0.04615888 -0.00951703 0.14488949
v 0.04612285 -0.00950248 0.14478976
v 0.04175209 -0.00954527 0.14635266
v 0.04609700 -0.00950000 0.14471900
v 0.04584876 -0.00950000 0.14481759
v 0.03741600 -0.00994975 0.14777194
v 0.04185405 -0.00982033 0.14675343
v 0.03739933 -0.00982033 0.14766495
v 0.05102213 -0.01117080 0.14403817
v 0.04626394 -0.00964413 0.14518030
v 0.05068240 -0.00964413 0.14332910
v 0.04182856 -0.00972261 0.14665323
v 0.04180235 -0.00964413 0.14655024
v 0.04630005 -0.00972261 0.14528024
v 0.04641065 -0.01012337 0.14558639
v 0.03685054 -0.01199871 0.14842378
v -0.00486919 -0.00959878 0.13299613
v -0.00225308 -0.00956433 0.13529101
v 0.00037140 -0.00953959 0.13742152
v 0.00282316 -0.00963335 0.13961187
v 0.00275592 -0.00971146 0.13970307
v 0.00550689 -0.00951924 0.14092584
v 0.01085651 -0.01018060 0.14536628
v 0.01083369 -0.01022654 0.14542232
v 0.01076872 -0.01032703 0.14551125
v 0.00765610 -0.01025550 0.14398076
v 0.05902582 -0.00958913 0.13810077
v 0.06298682 -0.00972261 0.13499314
v 0.06305792 -0.00982033 0.13506821
v 0.05949384 -0.01069652 0.13871251
v 0.05956271 -0.01117080 0.13880251
v 0.06262821 -0.00950248 0.13461448
v 0.06266651 -0.01199874 0.13634233
v 0.05054880 -0.00951703 0.14305027
v 0.05482081 -0.00951703 0.14072777
v 0.05883263 -0.00950248 0.13784827
v 0.03299261 -0.00950248 0.14751841
v 0.02482041 -0.00950248 0.14732933
v 0.02880553 -0.00972261 0.14811952
v 0.02477509 -0.00964413 0.14774209
v 0.02094898 -0.00964413 0.14716458
v 0.02881587 -0.00951703 0.14770417
v 0.02479734 -0.00954527 0.14753944
v 0.03738342 -0.00972261 0.14756279
v 0.03735208 -0.00958913 0.14736162
v 0.02472796 -0.01012337 0.14817129
v 0.01073142 -0.01058558 0.14567837
v 0.01074374 -0.01051767 0.14564671
v 0.01095081 -0.00954527 0.14385198
v 0.01737535 -0.00958913 0.14623232
v 0.01740351 -0.00954527 0.14612956
v 0.01734963 -0.00964413 0.14632618
v 0.01088085 -0.01013913 0.14530678
v 0.02096738 -0.00958913 0.14706902
v -0.01939745 -0.01200792 0.11799436
v -0.01914065 -0.01200745 0.11837516
v -0.01928298 -0.01126130 0.11768389
v -0.02034772 -0.01200970 0.11658107
v -0.01102141 -0.06093822 0.12441230
v -0.01304242 -0.05883250 0.12258227
v -0.01502564 -0.05865080 0.11965940
v -0.01715789 -0.05886114 0.11598541
v -0.01718942 -0.05866252 0.11600432
v -0.00394086 -0.07202983 0.12555245
v -0.00339225 -0.07579271 0.12276177
v -0.00727698 -0.06312232 0.12793304
v -0.03183543 -0.01182924 0.09504448
v -0.03178375 -0.01144105 0.09490725
v -0.02913626 -0.01095800 0.10016245
v -0.01822149 -0.05887137 0.11401205
v -0.01856696 -0.06131799 0.11145806
v -0.01956542 -0.05868302 0.11143067
v -0.02162201 -0.05891387 0.10663112
v -0.01535460 -0.06358969 0.11577364
v -0.01735507 -0.06390647 0.11142091
v 0.01678937 -0.07659688 0.13749701
v 0.01291056 -0.07687769 0.13552214
v 0.01689152 -0.07688281 0.13721783
v 0.01015619 -0.07768371 0.13246810
v 0.00806671 -0.07759200 0.13137993
v 0.00719547 -0.07768475 0.13045059
v 0.00759821 -0.01032948 0.14403242
v 0.00749557 -0.01058619 0.14416412
v -0.00024540 -0.01021483 0.13805345
v -0.00301518 -0.01050050 0.13597324
v 0.00750129 -0.01065644 0.14420342
v 0.00728258 -0.01199846 0.14464206
v 0.00752777 -0.01065644 0.14421879
v -0.00544522 -0.01011741 0.13350348
v -0.00286577 -0.01009852 0.13583896
v -0.00280532 -0.00997704 0.13577963
v 0.00000200 -0.00973720 0.13777627
v -0.00309246 -0.01078666 0.13603233
v -0.00292100 -0.01022770 0.13589126
v -0.00019326 -0.01008134 0.13799857
v -0.01715517 -0.01078178 0.12034155
v -0.02247998 -0.01014883 0.11110854
v 0.07735507 -0.00951703 0.10453443
v 0.07749990 -0.01012337 0.09142164
v 0.07603965 -0.00950000 0.08895665
v 0.07514180 -0.00950000 0.08575957
v 0.07765448 -0.00964413 0.09567115
v 0.07776029 -0.00972261 0.09566119
v 0.07707526 -0.00964413 0.09149978
v 0.07541355 -0.01012337 0.08372314
v 0.07659303 -0.01012337 0.08744508
v 0.07530653 -0.00994975 0.08376189
v 0.07728147 -0.00982033 0.09146184
v 0.07786323 -0.00982033 0.09565149
v 0.07203127 -0.05843627 0.12143435
v 0.07580699 -0.05857730 0.11115973
v 0.07463348 -0.01012337 0.11861496
v 0.07258303 -0.01036386 0.12320512
v -0.02752495 -0.05869319 0.08195513
v -0.03412219 -0.01500000 0.08867088
v -0.02343659 -0.05873303 0.10190811
v -0.02695802 -0.05879706 0.08705322
v -0.04416022 -0.01075824 0.05210376
v -0.04274897 -0.01189264 0.05907099
v -0.04355140 -0.01167864 0.05482971
v -0.04384524 -0.01132238 0.05344779
v -0.04193090 -0.01188648 0.06313710
v -0.02506352 -0.05900823 0.06140163
v -0.02490120 -0.05912606 0.06120140
v -0.03989025 -0.01160611 0.07155651
v -0.03995559 -0.01175275 0.07144047
v -0.03763751 -0.01175445 0.07949664
v -0.02560577 -0.01009644 0.10527698
v -0.02648089 -0.01167993 0.10600512
v -0.02599445 -0.01044128 0.10551734
v -0.02875653 -0.01045595 0.10016245
v -0.02611099 -0.01061096 0.10560544
v -0.02621054 -0.01079543 0.10569016
v 0.00970244 -0.06494090 0.04587168
v 0.00023688 -0.06509303 0.04715677
v 0.00643984 -0.06767495 0.04884917
v 0.01911461 -0.07416468 0.05595242
v 0.01374402 -0.07220315 0.05365953
v 0.01787220 -0.07211904 0.05325210
v -0.00685325 -0.05901060 0.04334549
v 0.04255331 -0.07610843 0.13830815
v 0.04247975 -0.07641278 0.13808310
v 0.03819800 -0.07668178 0.13897325
v 0.05051950 -0.07613893 0.13470681
v 0.05026561 -0.07672154 0.13427249
v 0.04663740 -0.07612739 0.13671388
v 0.04239705 -0.07669991 0.13783011
v 0.05313504 -0.07583027 0.13324490
v 0.05670526 -0.07583185 0.13048694
v 0.05434654 -0.07583192 0.13241330
v 0.01669773 -0.07628895 0.13774744
v 0.01643934 -0.07761604 0.13581800
v 0.01655468 -0.07761673 0.13585681
v 0.01724986 -0.07756755 0.13623859
v 0.01712315 -0.07737164 0.13658485
v 0.02101428 -0.07689084 0.13846946
v 0.02360889 -0.07776080 0.13743089
v 0.02521230 -0.07662143 0.13954835
v 0.02765561 -0.07767523 0.13819313
v 0.03847011 -0.07769056 0.13733532
v 0.03265456 -0.07768659 0.13819696
v 0.03584372 -0.07776222 0.13761085
v 0.06281800 -0.07671065 0.12244512
v 0.06479109 -0.07696393 0.11859091
v 0.06225333 -0.07783231 0.11915041
v 0.05087405 -0.07782666 0.13152689
v 0.05744874 -0.07778537 0.12629877
v 0.05920245 -0.07760596 0.12506874
v 0.06270318 -0.07581265 0.12381288
v 0.06901241 -0.07716189 0.10209764
v 0.06963118 -0.07662830 0.10212389
v 0.06928662 -0.07689868 0.09779185
v 0.06564657 -0.07759397 0.11432639
v 0.06826314 -0.07666245 0.11068439
v 0.06420841 -0.07741763 0.11828432
v 0.06659546 -0.07695067 0.11470167
v 0.06564800 -0.07578709 0.11904163
v 0.06528655 -0.07641014 0.11885161
v 0.06691761 -0.07768837 0.10968596
v 0.06698911 -0.07758810 0.11033689
v 0.06788015 -0.07758233 0.10622633
v 0.06617806 -0.07776296 0.11146195
v 0.06968661 -0.07602988 0.10650758
v 0.06891903 -0.07573100 0.11086348
v 0.06684648 -0.07777021 0.09239535
v 0.06761070 -0.07772615 0.09544849
v 0.06736293 -0.07777995 0.09548029
v 0.06709240 -0.07771432 0.09234285
v 0.06762030 -0.07778291 0.09859799
v 0.06744418 -0.07780732 0.09860584
v 0.06710605 -0.07780155 0.09551334
v 0.03744785 -0.07795290 0.06311037
v 0.05009902 -0.07771672 0.06777516
v 0.04924576 -0.07769316 0.06714901
v 0.04952222 -0.07745230 0.06671052
v 0.04625528 -0.07771729 0.06549714
v 0.04666877 -0.07782784 0.06612520
v 0.04452440 -0.07781408 0.06495791
v 0.04222365 -0.07370666 0.05937983
v 0.04858403 -0.07602692 0.06431624
v 0.04708279 -0.07650501 0.06392147
v 0.04575326 -0.07576361 0.06261835
v 0.04690583 -0.07688155 0.06425842
v 0.05001367 -0.07678732 0.06593107
v 0.04978018 -0.07714767 0.06630140
v 0.05135389 -0.07590140 0.06592646
v 0.04588015 -0.07362658 0.06102784
v 0.02967847 -0.06952789 0.05197601
v 0.02538208 -0.06965802 0.05121361
v 0.04648791 -0.07749553 0.06505418
v 0.04348773 -0.07729453 0.06324513
v 0.04331123 -0.07754701 0.06366050
v 0.04014643 -0.07738426 0.06214812
v 0.06348003 -0.06885305 0.07206937
v -0.00871598 -0.07771634 0.09329576
v -0.00901061 -0.07759310 0.09325460
v -0.01239317 -0.07229185 0.07172900
v -0.00334748 -0.07797783 0.08088602
v -0.00373539 -0.07791108 0.08067006
v -0.00416227 -0.07800000 0.08345993
v -0.00730617 -0.07799411 0.09321477
v -0.00691717 -0.07799774 0.09127974
v -0.00780053 -0.07798384 0.09657128
v -0.00922884 -0.07734730 0.09168819
v -0.00845796 -0.07755030 0.08983298
v -0.00937929 -0.07605919 0.08301117
v -0.00718887 -0.07754081 0.08557478
v -0.00530109 -0.07789713 0.08365110
v -0.00411556 -0.07780042 0.08045841
v 0.01849310 -0.07753279 0.06191917
v 0.00775870 -0.07798155 0.06863689
v 0.00725668 -0.07800000 0.06948982
v 0.00509800 -0.07798244 0.07067194
v 0.00266016 -0.07798251 0.07292412
v 0.00488793 -0.07800000 0.07137372
v 0.00210203 -0.07784259 0.07237433
v 0.00571153 -0.07771406 0.06871062
v 0.00859694 -0.07769348 0.06665175
v 0.01631678 -0.07776412 0.06318209
v 0.01521911 -0.07760264 0.06314151
v 0.01617922 -0.07758216 0.06278306
v 0.01647088 -0.07789485 0.06362688
v -0.00460414 -0.07746795 0.11748193
v -0.00430107 -0.07763369 0.11731871
v -0.00301231 -0.07770152 0.11922736
v -0.00449523 -0.07774072 0.11636063
v -0.00034004 -0.07776079 0.12272923
v -0.00247872 -0.07742573 0.12114219
v -0.00489378 -0.07727357 0.11763792
v -0.00619329 -0.07780872 0.11201684
v -0.00572809 -0.07778656 0.11337608
v -0.00602100 -0.07765679 0.11349860
v -0.00544334 -0.07785822 0.11326646
v -0.00784527 -0.07778489 0.10689916
v 0.01042950 -0.07777228 0.13202393
v 0.01343014 -0.07775079 0.13397875
v 0.00541988 -0.07561497 0.13204476
v 0.00184806 -0.07598083 0.12869230
v 0.00072668 -0.07566163 0.12784682
v -0.00348435 -0.07643155 0.12182298
v -0.00586349 -0.07626162 0.11816017
v -0.00506805 -0.07589068 0.12008175
v -0.00866753 -0.07217149 0.11847708
v -0.01293865 -0.06833602 0.11527606
v -0.02525100 -0.06175894 0.08769396
v -0.02756503 -0.05895890 0.07676997
v -0.02562399 -0.06192611 0.07783464
v -0.01019455 -0.07673216 0.10390004
v -0.01116311 -0.07582491 0.10372965
v -0.01023577 -0.07675204 0.10355899
v -0.00985592 -0.07656882 0.10670210
v -0.01894458 -0.06957363 0.09025487
v -0.01045780 -0.07578234 0.10726112
v -0.00930761 -0.07641372 0.10941558
v -0.01039187 -0.07602607 0.08637091
v -0.01941803 -0.06760960 0.07158969
v -0.02521206 -0.06200070 0.07291152
v -0.00919156 -0.07765181 0.09669036
v -0.00951524 -0.07750098 0.09667601
v -0.00982404 -0.07732609 0.09666233
v -0.01021037 -0.07708091 0.09760856
v -0.00801073 -0.07796380 0.10017671
v -0.00720375 -0.07793316 0.10670963
v -0.00643109 -0.07790153 0.11001355
v -0.00565372 -0.07654347 0.11804719
v -0.00542099 -0.07680836 0.11792185
v -0.00654730 -0.07601196 0.11724090
v -0.01050031 -0.07222871 0.11475702
v -0.00892428 -0.07633998 0.11076725
v -0.00689190 -0.07715077 0.11386289
v -0.00676765 -0.07723255 0.11381091
v -0.00827284 -0.07702793 0.11061589
v -0.00788067 -0.07731850 0.11048788
v -0.00907342 -0.07714665 0.10718939
v -0.00516695 -0.07705279 0.11778504
v -0.00796595 -0.07791893 0.10346863
v 0.04700714 -0.07770313 0.13428023
v 0.04960865 -0.07760659 0.13314860
v 0.05225293 -0.07772128 0.13110733
v 0.05312362 -0.07760766 0.13081677
v 0.05333591 -0.07743005 0.13110039
v 0.00181870 -0.07237381 0.05721257
v 0.02042495 -0.07604893 0.05875134
v 0.02410456 -0.07601406 0.05836307
v 0.01448113 -0.06484243 0.04590989
v 0.01556259 -0.06747504 0.04821412
v 0.01233425 -0.06999645 0.05092566
v 0.01669057 -0.06989487 0.05066710
v 0.02201030 -0.07202478 0.05319443
v 0.02613687 -0.07192248 0.05346957
v 0.02693569 -0.07402581 0.05583540
v 0.02012649 -0.06735467 0.04847778
v -0.01071341 -0.07021120 0.06209488
v -0.02303562 -0.05912966 0.05690544
v -0.02296464 -0.05901224 0.05657297
v -0.02411062 -0.05901162 0.05895502
v -0.01815676 -0.06219804 0.05462072
v -0.02075674 -0.05912794 0.05320275
v -0.01960478 -0.06218452 0.05664385
v -0.01653534 -0.06220772 0.05273585
v -0.00115581 -0.01187988 0.13782287
v -0.00438321 -0.05842283 0.13281953
v -0.00261784 -0.06755748 0.13030493
v 0.02082278 -0.07597773 0.13924418
v 0.07160061 -0.05879947 0.07808039
v 0.07693260 -0.05882845 0.10364165
v 0.07351577 -0.06749032 0.10835303
v 0.07712492 -0.05851207 0.10039924
v 0.07707516 -0.05882628 0.10033534
v 0.07707543 -0.05882625 0.10027130
v 0.07585251 -0.06302214 0.09851171
v 0.07423607 -0.06745427 0.09870841
v 0.07692623 -0.05855696 0.09583551
v 0.05404905 -0.07580143 0.06778697
v 0.05907964 -0.07334789 0.07043096
v 0.05241615 -0.07741822 0.06862327
v 0.07400987 -0.01012337 0.08026838
v 0.07043309 -0.00972261 0.07434634
v 0.06837516 -0.00954527 0.07189598
v 0.07323804 -0.00950248 0.08061727
v 0.07263487 -0.00950000 0.07948674
v 0.07569441 -0.05881708 0.08879313
v 0.06632333 -0.00958913 0.13118552
v 0.06639733 -0.00964413 0.13124871
v 0.06939423 -0.00958913 0.12717928
v 0.06313237 -0.00994975 0.13514683
v 0.06663910 -0.00994975 0.13145520
v 0.06655677 -0.00982033 0.13138488
v 0.06681715 -0.01036386 0.13160726
v 0.06690902 -0.01069652 0.13168573
v 0.06699520 -0.01117080 0.13175935
v 0.07002943 -0.01069652 0.12761490
v 0.06964741 -0.00982033 0.12735291
v 0.07201187 -0.00958913 0.12289605
v 0.07433268 -0.00972261 0.11849060
v 0.07442822 -0.00982033 0.11853010
v 0.06947449 -0.00964413 0.12723432
v 0.07691226 -0.00958913 0.10916547
v 0.07567527 -0.00954527 0.11377922
v 0.07680763 -0.00954527 0.10914539
v 0.07766296 -0.00964413 0.10456286
v 0.07557433 -0.00951703 0.11374913
v 0.07414452 -0.00958913 0.11841281
v 0.07607158 -0.00982033 0.11389737
v 0.07743187 -0.01012337 0.10926519
v 0.05175807 -0.05864291 0.14191480
v 0.05161419 -0.05884008 0.14194128
v 0.05190760 -0.06318907 0.14037032
v 0.04233588 -0.00950000 0.14591223
v 0.04759394 -0.01199872 0.14561409
v 0.05097316 -0.01069652 0.14393595
v 0.04623087 -0.00958913 0.14508876
v 0.04637197 -0.00994975 0.14547932
v 0.05081978 -0.00994975 0.14361584
v 0.05077300 -0.00982033 0.14351819
v -0.00508166 -0.00966933 0.13314934
v -0.00500890 -0.00963494 0.13308886
v -0.00493901 -0.00961265 0.13303880
v 0.00307788 -0.00951750 0.13930947
v 0.01090636 -0.01010272 0.14524464
v 0.01086601 -0.01012293 0.14527236
v 0.00771749 -0.01015541 0.14386444
v 0.01081395 -0.01021435 0.14539962
v 0.01077435 -0.01039049 0.14556944
v 0.05927815 -0.00994975 0.13843060
v 0.06321064 -0.01012337 0.13522947
v 0.06337645 -0.01069652 0.13540454
v 0.05086897 -0.01012337 0.14371850
v 0.05533339 -0.01069652 0.14156550
v 0.05992447 -0.01199874 0.13864116
v 0.05050298 -0.00950248 0.14295463
v 0.05476546 -0.00950248 0.14063731
v 0.03303203 -0.00982033 0.14814208
v 0.02474038 -0.00994975 0.14805813
v 0.01077053 -0.01051904 0.14565420
v 0.01070299 -0.01060524 0.14567715
v 0.00808473 -0.00954527 0.14248700
v 0.01405655 -0.00954527 0.14507852
v 0.01743135 -0.00951703 0.14602798
v -0.01905646 -0.01200730 0.11849687
v -0.01267005 -0.05844472 0.12319873
v -0.02309456 -0.01170028 0.11202910
v -0.02024198 -0.01200947 0.11674203
v -0.00146549 -0.07571623 0.12535548
v -0.00110674 -0.07603709 0.12547384
v -0.03182942 -0.01189480 0.09506853
v -0.03183563 -0.01175896 0.09501931
v -0.02791354 -0.01119287 0.10286139
v -0.02910210 -0.01140239 0.10062326
v -0.02810873 -0.01203165 0.10298117
v -0.02764526 -0.01202993 0.10391504
v -0.01597943 -0.06644583 0.11131958
v -0.02050808 -0.06140178 0.10687239
v -0.01525273 -0.06378983 0.11575266
v 0.01305413 -0.07713839 0.13523015
v 0.01277931 -0.07659052 0.13578908
v 0.00971756 -0.07756446 0.13254701
v 0.00952070 -0.07736714 0.13286002
v 0.00753077 -0.01045292 0.14409964
v 0.00757488 -0.01038875 0.14407602
v 0.00755183 -0.01039066 0.14406058
v 0.00755911 -0.01051373 0.14416187
v 0.00760269 -0.01037637 0.14408106
v 0.00751201 -0.01051810 0.14413415
v 0.00750198 -0.01065644 0.14420383
v -0.00986865 -0.00970192 0.12796259
v -0.00007063 -0.00983948 0.13786165
v -0.00560066 -0.01050596 0.13364093
v -0.00550242 -0.01024220 0.13355626
v -0.01518567 -0.01129161 0.12337135
v -0.01907153 -0.01056233 0.11732233
v -0.02213365 -0.00993001 0.11080729
v -0.01835320 -0.00982321 0.11653888
v 0.07670418 -0.00951703 0.10912554
v 0.07738795 -0.00994975 0.09144224
v 0.07677116 -0.00951703 0.09155574
v 0.07577591 -0.00950248 0.08766811
v 0.07627902 -0.00972261 0.08753079
v 0.07717977 -0.00972261 0.09148055
v 0.07697954 -0.00958913 0.09151740
v 0.07648322 -0.00994975 0.08747505
v 0.07682566 -0.01069652 0.08738159
v 0.07201144 -0.05863896 0.12142479
v 0.07452828 -0.00994975 0.11857147
v -0.03765421 -0.01182452 0.07947163
v -0.03607228 -0.01384943 0.08360431
v -0.03493909 -0.01189295 0.08739490
v -0.04414177 -0.01079128 0.05218247
v -0.04393899 -0.01104726 0.05316013
v -0.03944595 -0.01200033 0.07328296
v -0.03972392 -0.01200031 0.07231062
v -0.03999803 -0.01188884 0.07131389
v -0.04190921 -0.01181976 0.06323873
v -0.02636784 -0.01120602 0.10585190
v -0.02691373 -0.01202717 0.10534893
v -0.02267716 -0.01039814 0.11132371
v -0.01884870 -0.01016577 0.11703085
v -0.01897050 -0.01035504 0.11718337
v -0.02895923 -0.01068185 0.10016245
v 0.04682708 -0.01116405 0.03322858
v 0.04694439 -0.01163090 0.03312526
v 0.01098853 -0.06758273 0.04832443
v 0.00196284 -0.06774893 0.04983517
v -0.00431770 -0.05900461 0.04265016
v 0.03825273 -0.07639097 0.13923390
v 0.05060875 -0.07582547 0.13485894
v 0.04643133 -0.07671335 0.13625498
v 0.05432812 -0.07583189 0.13242595
v 0.01672740 -0.07776165 0.13540284
v 0.01700321 -0.07714235 0.13691263
v 0.02094302 -0.07660686 0.13875774
v 0.02541610 -0.07766657 0.13798775
v 0.02117566 -0.07737620 0.13781655
v 0.02355331 -0.07765818 0.13774936
v 0.02960711 -0.07768118 0.13828179
v 0.04736399 -0.07781886 0.13359253
v 0.05867571 -0.07771544 0.12527509
v 0.06866644 -0.07738598 0.10208296
v 0.06861714 -0.07738064 0.09783856
v 0.06789448 -0.07764541 0.09584589
v 0.06825146 -0.07757373 0.09786407
v 0.07186683 -0.07185328 0.09428919
v 0.07230221 -0.07184879 0.09890709
v 0.07031201 -0.07565915 0.09817565
v 0.06231100 -0.07721303 0.12210460
v 0.06629825 -0.07719477 0.11458413
v 0.06549605 -0.07610535 0.11896184
v 0.06505099 -0.07669771 0.11872766
v 0.06968012 -0.07570894 0.10767655
v 0.06978286 -0.07570547 0.10716271
v 0.07019469 -0.07568698 0.10413170
v 0.06763318 -0.07768282 0.10618827
v 0.06798294 -0.07767641 0.10351384
v 0.06757574 -0.07768387 0.10662750
v 0.06780013 -0.07775129 0.10293494
v 0.06743432 -0.07768484 0.10728472
v 0.06948196 -0.07188312 0.08523677
v 0.06522470 -0.07563777 0.08061130
v 0.06777981 -0.07776080 0.09859088
v 0.06723355 -0.07775910 0.10724726
v 0.06659124 -0.07779343 0.09244993
v 0.06583083 -0.07778699 0.08946257
v 0.06756604 -0.07763554 0.09370952
v 0.06742669 -0.07763135 0.09280309
v 0.06773186 -0.07757135 0.09368016
v 0.06804951 -0.07765492 0.09787828
v 0.06810277 -0.07765818 0.09857663
v 0.06782915 -0.07764345 0.09542093
v 0.06755864 -0.07780033 0.10291772
v 0.04858622 -0.07785308 0.06766730
v 0.04870439 -0.07783954 0.06746658
v 0.05062277 -0.07783484 0.06895503
v 0.05450798 -0.07780733 0.07181136
v 0.04437103 -0.07788711 0.06529851
v 0.04657245 -0.07786255 0.06631495
v 0.04647481 -0.07787416 0.06650683
v 0.05076105 -0.07781962 0.06875007
v 0.05089704 -0.07777398 0.06854813
v 0.04882077 -0.07779898 0.06726848
v 0.04444761 -0.07785863 0.06512135
v 0.04216939 -0.07788909 0.06426208
v 0.02781788 -0.07799356 0.06242254
v 0.01048006 -0.07795463 0.06667482
v 0.01068771 -0.07799498 0.06704557
v 0.00984818 -0.07800000 0.06777791
v 0.01257590 -0.07800000 0.06629475
v 0.01363284 -0.07799435 0.06554978
v 0.02228410 -0.07799865 0.06298701
v 0.01990022 -0.07799228 0.06334096
v -0.00663137 -0.07799847 0.09026919
v 0.04227536 -0.07580667 0.06113714
v 0.04558023 -0.07618470 0.06287843
v 0.04908113 -0.07600439 0.06460522
v 0.04670631 -0.07721468 0.06463833
v 0.04365070 -0.07699408 0.06286158
v 0.04001365 -0.07760480 0.06255503
v 0.03656329 -0.07781176 0.06217403
v 0.03646778 -0.07791694 0.06259052
v 0.03319795 -0.07784387 0.06167953
v 0.03553912 -0.07794362 0.06254381
v 0.03265319 -0.07797989 0.06240645
v 0.03276594 -0.07796624 0.06225428
v 0.03506135 -0.07796829 0.06268069
v 0.02976918 -0.07794368 0.06185585
v 0.03314650 -0.07793102 0.06206631
v 0.06359714 -0.06846218 0.07197110
v -0.00793601 -0.07776864 0.08995733
v -0.01041838 -0.07234450 0.06815279
v -0.00721293 -0.07799686 0.09322987
v -0.00611656 -0.07759190 0.08328781
v -0.00486548 -0.07797436 0.08384538
v -0.00225988 -0.07782230 0.07758652
v 0.02763298 -0.07722096 0.06002125
v 0.02631713 -0.07744285 0.06043731
v 0.02981897 -0.07749312 0.06049164
v 0.02779084 -0.07597603 0.05829316
v 0.02151697 -0.07745065 0.06105027
v 0.02288550 -0.07754365 0.06099723
v 0.01815408 -0.07754003 0.06204574
v 0.02978206 -0.07787267 0.06150290
v 0.02979474 -0.07777327 0.06115565
v 0.02636989 -0.07781594 0.06133076
v 0.01958692 -0.07772058 0.06208198
v 0.00536664 -0.07800000 0.07099300
v 0.00237889 -0.07792990 0.07264705
v 0.01301617 -0.07763841 0.06417423
v 0.01662870 -0.07797379 0.06408244
v 0.01983645 -0.07796896 0.06308470
v -0.00194841 -0.07775798 0.12055408
v -0.00131836 -0.07766930 0.12191611
v 0.00116554 -0.07763559 0.12513043
v 0.00041740 -0.07764518 0.12419441
v -0.00275881 -0.07721604 0.12133180
v -0.00218444 -0.07760469 0.12094297
v -0.00659658 -0.07787710 0.11006146
v -0.00512930 -0.07788108 0.11314506
v -0.00469218 -0.07774805 0.11588384
v -0.00452362 -0.07780720 0.11580450
v 0.00286827 -0.07737721 0.12763360
v 0.00001414 -0.07739551 0.12453233
v 0.00750845 -0.07777300 0.13003381
v 0.00530276 -0.07628150 0.13140504
v 0.00515871 -0.07595504 0.13158931
v 0.00573911 -0.07190018 0.13465099
v 0.00201076 -0.07630359 0.12852347
v -0.00368066 -0.07613040 0.12195589
v -0.00942686 -0.07685425 0.10727291
v -0.00935304 -0.07757524 0.10014556
v -0.01409591 -0.07389957 0.09590314
v -0.01170377 -0.07590976 0.09670477
v -0.01034445 -0.07691225 0.10075689
v -0.02562333 -0.06184494 0.08277107
v -0.02130779 -0.06726765 0.08489568
v -0.01891893 -0.06969947 0.08601928
v -0.01322712 -0.07374007 0.10340825
v -0.00828327 -0.07746000 0.08845053
v -0.02045104 -0.06750776 0.07597336
v -0.00929433 -0.07744969 0.09321496
v -0.00800655 -0.07796440 0.10007776
v -0.00781651 -0.07615519 0.11424964
v -0.00633316 -0.07751848 0.11362917
v -0.00745727 -0.07756245 0.11034967
v -0.00739047 -0.07669255 0.11407144
v -0.00868808 -0.07740247 0.10709833
v -0.00955547 -0.07727041 0.10369885
v -0.00788932 -0.07793424 0.10337497
v 0.04947228 -0.07771152 0.13291457
v 0.05294115 -0.07772226 0.13057363
v 0.02450206 -0.07734971 0.06042712
v 0.02302624 -0.07409816 0.05573095
v 0.02104698 -0.06978121 0.05077090
v -0.00799506 -0.07238082 0.06481903
v 0.00571805 -0.05849887 0.14058219
v 0.00212269 -0.05842165 0.13822803
v 0.00169310 -0.05879390 0.13786921
v -0.00122976 -0.05860718 0.13562474
v -0.00123674 -0.05841905 0.13563292
v -0.00392399 -0.06306857 0.13154839
v -0.00589308 -0.01195262 0.13379191
v -0.00733227 -0.05842973 0.12980254
v -0.00574786 -0.06762438 0.12684540
v 0.07576045 -0.05883432 0.11114892
v 0.07576862 -0.05883430 0.11111505
v 0.07414283 -0.06746975 0.10355207
v 0.07712550 -0.05851204 0.10027102
v 0.07688399 -0.05882350 0.09586383
v 0.07703915 -0.05882522 0.09844876
v 0.07379301 -0.06744599 0.09386880
v 0.07092410 -0.07186431 0.08971478
v 0.06879125 -0.07563889 0.08925650
v 0.05658625 -0.07572906 0.06984785
v 0.05209812 -0.07767416 0.06904955
v 0.05971752 -0.07728648 0.07521757
v 0.05770690 -0.07737758 0.07319072
v 0.05807110 -0.07703196 0.07284101
v 0.07242735 -0.01012337 0.07708515
v 0.07214142 -0.00972261 0.07724068
v 0.07571831 -0.05862711 0.08874704
v 0.06624231 -0.00954527 0.13111632
v 0.06647815 -0.00972261 0.13131773
v 0.06672566 -0.01012337 0.13152914
v 0.07577737 -0.00958913 0.11380967
v 0.07404606 -0.00954527 0.11837211
v 0.07423446 -0.00964413 0.11844999
v 0.07721375 -0.00982033 0.10922333
v 0.03208366 -0.05851419 0.14723524
v 0.03217873 -0.05851426 0.14723082
v 0.04177836 -0.00958913 0.14645591
v 0.05072832 -0.00972261 0.14342494
v 0.05503765 -0.00972261 0.14108217
v 0.04633518 -0.00982033 0.14537749
v 0.00014219 -0.00960878 0.13761872
v 0.00020508 -0.00957610 0.13755482
v 0.00294143 -0.00955014 0.13945903
v 0.00774046 -0.01010033 0.14376298
v 0.00765018 -0.01022413 0.14393459
v 0.05934732 -0.01012337 0.13852099
v 0.05942042 -0.01036386 0.13861655
v 0.06329338 -0.01036386 0.13531682
v 0.05498218 -0.00964413 0.14099151
v 0.05509162 -0.00982033 0.14117037
v 0.05514812 -0.00994975 0.14126272
v 0.05527033 -0.01036386 0.14146245
v 0.05539254 -0.01117080 0.14166218
v 0.06260267 -0.01199874 0.13639586
v 0.02880296 -0.00982033 0.14822288
v 0.01409178 -0.00951703 0.14497925
v 0.01402091 -0.00958913 0.14517893
v -0.02286937 -0.01201529 0.11254464
v -0.02931069 -0.01136261 0.10016245
v -0.02804583 -0.01167049 0.10294714
v -0.01915170 -0.06402572 0.10697988
v 0.01320838 -0.07736874 0.13491644
v 0.01266164 -0.07628132 0.13602838
v 0.00900269 -0.07658704 0.13368371
v 0.01661728 -0.07596375 0.13796727
v 0.01255844 -0.07595484 0.13623828
v 0.01331765 -0.07769081 0.13420711
v 0.01060919 -0.07759336 0.13301967
v 0.00606590 -0.07736880 0.13042887
v 0.00585060 -0.07713848 0.13070427
v 0.00933443 -0.07713623 0.13315620
v 0.00565020 -0.07687780 0.13096060
v 0.00262681 -0.07714994 0.12788416
v 0.00755377 -0.01045128 0.14411522
v 0.00751850 -0.01058509 0.14417993
v -0.01435432 -0.00977493 0.12239806
v -0.01443795 -0.00981195 0.12247237
v -0.01002757 -0.00978877 0.12810239
v -0.00779633 -0.00991933 0.13088475
v -0.00970773 -0.00966129 0.12785387
v -0.00013591 -0.00995589 0.13793613
v -0.01299043 -0.01130777 0.12611660
v -0.01286116 -0.01077960 0.12595733
v -0.01505737 -0.01078031 0.12318234
v -0.01048187 -0.01052080 0.12856397
v -0.00531270 -0.00989092 0.13337469
v -0.00786737 -0.01002462 0.13095562
v -0.01025766 -0.01005071 0.12833719
v -0.01018633 -0.00994928 0.12826355
v -0.01697034 -0.01033402 0.12008666
v -0.01474962 -0.01010650 0.12280473
v -0.01487183 -0.01031364 0.12294739
v -0.02231738 -0.01001841 0.11095371
v -0.01853516 -0.00988993 0.11669067
v -0.01861972 -0.00993964 0.11677367
v 0.07666687 -0.00950248 0.09157494
v 0.07461712 -0.00950248 0.08401145
v 0.07510749 -0.00972261 0.08383393
v 0.07500757 -0.00964413 0.08387011
v 0.07617649 -0.00964413 0.08755878
v 0.07670910 -0.01036386 0.08741340
v 0.07190280 -0.05883515 0.12154592
v 0.07626314 -0.05883257 0.10880929
v 0.07669787 -0.05832028 0.10648859
v 0.07668158 -0.05861972 0.10648677
v 0.07670989 -0.05857325 0.10632017
v -0.03766523 -0.01189088 0.07944475
v -0.03493708 -0.01182691 0.08739068
v -0.03620981 -0.01200058 0.08383629
v -0.04352487 -0.01158751 0.05506638
v -0.03997971 -0.01182228 0.07137851
v -0.02640173 -0.01202540 0.10632046
v -0.02278197 -0.01058648 0.11145522
v -0.02255181 -0.01022667 0.11118323
v 0.01592455 -0.07562423 0.13792259
v 0.01308234 -0.07561690 0.13671212
v 0.01891945 -0.07563436 0.13893780
v 0.01663752 -0.07770395 0.13563918
v 0.02019861 -0.07779808 0.13625090
v 0.02126388 -0.07757068 0.13745967
v 0.02218909 -0.07765054 0.13749219
v 0.02359382 -0.07773298 0.13751724
v 0.06042076 -0.07770799 0.12312923
v 0.06823934 -0.07739317 0.10628225
v 0.06896361 -0.07715461 0.09781439
v 0.06843576 -0.07714990 0.09355252
v 0.06809336 -0.07737719 0.09361461
v 0.06989758 -0.07632668 0.10213519
v 0.06450924 -0.07720501 0.11844261
v 0.06686918 -0.07668121 0.11480992
v 0.06986799 -0.07570165 0.10653619
v 0.06289943 -0.07598078 0.07723026
v 0.06364175 -0.07564323 0.07797512
v 0.06813320 -0.07766560 0.10034596
v 0.06632431 -0.07770497 0.08931419
v 0.06675300 -0.07762024 0.08994796
v 0.06507780 -0.07775833 0.08646517
v 0.06531378 -0.07769992 0.08637287
v 0.06608229 -0.07776250 0.08938693
v 0.05888959 -0.07776329 0.07590793
v 0.05863993 -0.07779692 0.07611688
v 0.05681751 -0.07778022 0.07372895
v 0.04211138 -0.07791141 0.06442305
v 0.03761710 -0.07791183 0.06284691
v 0.06212280 -0.07778712 0.08101922
v 0.06359737 -0.07778367 0.08374550
v 0.05257528 -0.07782044 0.07036407
v 0.05273248 -0.07780389 0.07015947
v 0.04730770 -0.07776383 0.06621924
v 0.03263864 -0.07797995 0.06256957
v 0.03266720 -0.07796677 0.06225161
v 0.02964238 -0.07798293 0.06216976
v 0.02781389 -0.07799353 0.06232980
v 0.01539869 -0.07800000 0.06505284
v 0.01832367 -0.07800000 0.06404550
v 0.01948310 -0.07799993 0.06370696
v 0.01058377 -0.07797987 0.06685999
v 0.01354046 -0.07797734 0.06534389
v 0.04386397 -0.07646954 0.06235964
v 0.04038385 -0.07682018 0.06142048
v 0.04379739 -0.07665286 0.06251635
v 0.04027045 -0.07712089 0.06176803
v 0.03683059 -0.07725244 0.06100843
v 0.05021808 -0.07638165 0.06560685
v 0.03963291 -0.07654204 0.06089247
v 0.04043611 -0.07665782 0.06126033
v 0.03081284 -0.07706600 0.05987022
v 0.03674601 -0.07747710 0.06137725
v 0.03665649 -0.07766454 0.06176762
v 0.03689579 -0.07671345 0.06033977
v 0.04312458 -0.07774603 0.06409980
v 0.03987433 -0.07777834 0.06298202
v 0.03311694 -0.07796338 0.06229093
v -0.00650410 -0.07799941 0.08992547
v 0.02635173 -0.07771277 0.06102321
v 0.02980708 -0.07764630 0.06081749
v 0.01970991 -0.07787538 0.06257620
v 0.00484371 -0.07792962 0.07036887
v 0.01485217 -0.07760860 0.06331353
v 0.01654950 -0.07794090 0.06385382
v -0.00302151 -0.07697821 0.12150965
v -0.00701953 -0.07785725 0.10902763
v -0.00536656 -0.07786381 0.11323678
v -0.00059848 -0.07765819 0.12292343
v 0.00734881 -0.07774577 0.13024642
v 0.00443489 -0.07769567 0.12815705
v 0.00219580 -0.07660908 0.12833144
v -0.00092634 -0.07635177 0.12532231
v -0.00972615 -0.07653212 0.10734429
v -0.00990093 -0.07701842 0.10374888
v -0.00862736 -0.07669745 0.11073162
v -0.00970309 -0.07739191 0.10016327
v -0.01157693 -0.07586761 0.10020844
v -0.01656652 -0.07185286 0.09117982
v -0.02342921 -0.06476699 0.07910299
v -0.02106752 -0.06739290 0.08042109
v -0.01593142 -0.07205566 0.08324253
v -0.00984638 -0.07722134 0.09469697
v -0.00715635 -0.07690772 0.11397351
v 0.00573905 -0.05880174 0.14054887
v -0.00353043 -0.05879351 0.13356836
v -0.00564708 -0.01195014 0.13401704
v 0.07222634 -0.07184964 0.10352053
v 0.07036740 -0.07567140 0.10112546
v 0.07003325 -0.07565003 0.09521095
v 0.06903395 -0.07564037 0.09023824
v 0.06953043 -0.07564341 0.09224656
v 0.06179699 -0.07326505 0.07348161
v 0.06088396 -0.07565849 0.07424773
v 0.06449388 -0.07688852 0.08135737
v 0.06634596 -0.07688766 0.08526379
v 0.06604570 -0.07714610 0.08538722
v 0.06776940 -0.07688913 0.08931951
v 0.06475525 -0.07660396 0.08121620
v 0.06662073 -0.07660291 0.08515083
v 0.07061150 -0.00994975 0.07423243
v 0.07520472 -0.00982033 0.08379874
v 0.07380748 -0.00982033 0.08035987
v 0.06999353 -0.00950248 0.07462700
v 0.06930462 -0.00950000 0.07369809
v 0.07491606 -0.00958913 0.08390324
v 0.07343065 -0.00954527 0.08053020
v 0.07481587 -0.00954527 0.08393950
v 0.07471683 -0.00951703 0.08397535
v 0.07168328 -0.00950248 0.07748988
v 0.07177644 -0.00951703 0.07743920
v 0.02957821 -0.07634093 0.14011542
v 0.02266531 -0.07185322 0.14183399
v 0.01769359 -0.06745560 0.14265865
v 0.02244464 -0.06746747 0.14377435
v 0.03968724 -0.07577153 0.13935426
v 0.03830132 -0.07608292 0.13946524
v 0.00288543 -0.00958180 0.13952975
v 0.00026230 -0.00955636 0.13750312
v 0.00299037 -0.00953183 0.13940139
v 0.00770897 -0.01013663 0.14382303
v 0.00767873 -0.01017810 0.14388050
v 0.00762334 -0.01027459 0.14398523
v 0.05493139 -0.00958913 0.14090849
v 0.05921236 -0.00982033 0.13834460
v 0.05520754 -0.01012337 0.14135982
v -0.02312408 -0.01201585 0.11213693
v 0.01337138 -0.07756556 0.13458495
v 0.00629340 -0.07756560 0.13013785
v 0.00916110 -0.07687489 0.13343181
v 0.00546700 -0.07659066 0.13119495
v -0.00024958 -0.07717486 0.12475385
v 0.01073116 -0.01045926 0.14560521
v 0.00753497 -0.01051672 0.14414985
v -0.00523537 -0.00979461 0.13329580
v -0.01010787 -0.00985925 0.12818213
v -0.01460098 -0.00992935 0.12263790
v -0.01452014 -0.00986236 0.12255272
v -0.01870114 -0.01000306 0.11686027
v -0.00994773 -0.00973772 0.12802871
v -0.00978964 -0.00967739 0.12790516
v -0.01497307 -0.01053997 0.12307188
v -0.01267490 -0.01029409 0.12574629
v -0.00798921 -0.01025821 0.13107255
v -0.01038036 -0.01027556 0.12846196
v -0.00538278 -0.00999999 0.13344425
v -0.01277649 -0.01052991 0.12585972
v -0.01032165 -0.01015976 0.12840226
v -0.01255223 -0.01007807 0.12561242
v -0.01467881 -0.01001291 0.12272441
v -0.01684858 -0.01013582 0.11993721
v -0.02240136 -0.01007832 0.11103079
v -0.02222844 -0.00996937 0.11087901
v 0.07399839 -0.00950000 0.08257365
v 0.07637877 -0.00982033 0.08750356
v 0.07664129 -0.05883067 0.10648157
v 0.01729748 -0.07762112 0.13610673
v 0.02006288 -0.07772110 0.13674289
v 0.01682089 -0.07778628 0.13515729
v 0.06677083 -0.07757001 0.08961276
v 0.06712379 -0.07737523 0.08950911
v 0.06958254 -0.07661659 0.09777121
v 0.06984856 -0.07631262 0.09775265
v 0.06904694 -0.07660902 0.09344169
v 0.07013240 -0.07600778 0.10214515
v 0.06872024 -0.07563870 0.08904055
v 0.06779543 -0.07563624 0.08622813
v 0.06805439 -0.07660474 0.08923582
v 0.06674218 -0.07563568 0.08365604
v 0.06830150 -0.07757740 0.10206748
v 0.06786738 -0.07773298 0.09858701
v 0.06483249 -0.07778350 0.08656114
v 0.06730737 -0.07762938 0.09229740
v 0.06584930 -0.07761297 0.08712045
v 0.06538295 -0.07756944 0.08565968
v 0.06572337 -0.07737439 0.08551973
v 0.05663266 -0.07780177 0.07391027
v 0.04205282 -0.07791891 0.06458519
v 0.03979928 -0.07793377 0.06369190
v 0.06043361 -0.07779237 0.07843259
v 0.05288692 -0.07775424 0.06995816
v 0.02793989 -0.07798897 0.06223155
v 0.01670814 -0.07799347 0.06431173
v 0.01938886 -0.07799991 0.06371582
v 0.02301126 -0.07799881 0.06288091
v 0.02515427 -0.07799530 0.06249623
v 0.02638844 -0.07789660 0.06164494
v 0.02301020 -0.07784956 0.06180845
v 0.02314153 -0.07799069 0.06266288
v 0.02309747 -0.07796255 0.06237625
v 0.04258766 -0.07635903 0.06174084
v 0.02983031 -0.07731558 0.06018103
v 0.03146631 -0.07593556 0.05853759
v 0.03329715 -0.07756629 0.06093369
v 0.03698011 -0.07670818 0.06035679
v 0.03690913 -0.07699454 0.06066593
v 0.03984059 -0.07791709 0.06354972
v 0.04153570 -0.07786551 0.06388984
v 0.02633410 -0.07758801 0.06072465
v 0.02292589 -0.07766294 0.06125995
v 0.02296753 -0.07776519 0.06153090
v 0.02305360 -0.07791547 0.06209083
v 0.01344831 -0.07794891 0.06513853
v 0.01977290 -0.07792996 0.06282932
v -0.00701044 -0.07775466 0.11020381
v 0.00312320 -0.07757138 0.12736906
v 0.00188349 -0.07771470 0.12558770
v 0.00329961 -0.07761436 0.12740797
v 0.00029206 -0.07758394 0.12429889
v 0.01029007 -0.07774492 0.13225050
v 0.00672090 -0.07561255 0.13296792
v 0.00794902 -0.07561027 0.13383934
v 0.01033844 -0.07561201 0.13529494
v 0.00886072 -0.07627714 0.13390943
v -0.01003322 -0.07718024 0.10017998
v -0.01640762 -0.07195748 0.08719971
v -0.01784653 -0.06992619 0.07760960
v 0.00373488 -0.06301089 0.13788682
v 0.00212925 -0.05861046 0.13821891
v -0.00787739 -0.06088990 0.12834866
v 0.06875481 -0.07689258 0.09349467
v 0.05825541 -0.07569519 0.07142846
v 0.05877571 -0.07568464 0.07192115
v 0.05867243 -0.07617030 0.07226360
v 0.05889346 -0.07568318 0.07205110
v 0.05603994 -0.07621507 0.06979097
v 0.05549052 -0.07705656 0.07041535
v 0.05578602 -0.07665953 0.07007954
v 0.05515977 -0.07739347 0.07079121
v 0.05839530 -0.07662509 0.07252971
v 0.05297669 -0.07671323 0.06787195
v 0.06175339 -0.07565297 0.07532630
v 0.05931396 -0.07756519 0.07555318
v 0.05921249 -0.07763525 0.07563756
v 0.06256586 -0.07770515 0.08075620
v 0.06085166 -0.07771279 0.07813536
v 0.06195923 -0.07762239 0.07933683
v 0.06138568 -0.07757136 0.07827217
v 0.06224206 -0.07689259 0.07768273
v 0.06420830 -0.07714675 0.08151161
v 0.06248662 -0.07660904 0.07751440
v 0.06270628 -0.07630355 0.07736320
v 0.06383410 -0.07775852 0.08363005
v 0.07052024 -0.00982033 0.07429069
v 0.07232736 -0.00994975 0.07713954
v 0.07371326 -0.00972261 0.08040246
v 0.07361642 -0.00964413 0.08044624
v 0.07333467 -0.00951703 0.08057360
v 0.07352774 -0.00958913 0.08048632
v 0.07109112 -0.00950000 0.07656708
v 0.07204805 -0.00964413 0.07729146
v 0.07196257 -0.00958913 0.07733797
v 0.07026149 -0.00958913 0.07445590
v 0.02958237 -0.07664015 0.13984886
v 0.03693378 -0.07575137 0.13994236
v 0.03395405 -0.07636625 0.13991480
v 0.03104008 -0.07570641 0.14054278
v 0.03713221 -0.06753057 0.14386529
v 0.03221845 -0.06750701 0.14438820
v 0.03674965 -0.07187016 0.14203490
v 0.02514733 -0.07599815 0.14004560
v 0.02731194 -0.07185591 0.14243495
v 0.03238689 -0.06309033 0.14595312
v 0.02730554 -0.06306279 0.14595687
v 0.03745364 -0.06311879 0.14538223
v -0.02891956 -0.01192099 0.10126963
v -0.02855485 -0.01176986 0.10196107
v 0.01321675 -0.07760116 0.13441283
v 0.01342496 -0.07760178 0.13452406
v 0.00570008 -0.07759856 0.12957354
v 0.01075806 -0.01045264 0.14561039
v -0.01426797 -0.00974835 0.12233070
v -0.00808974 -0.01051277 0.13116443
v -0.00793091 -0.01013788 0.13101704
v -0.01261620 -0.01018287 0.12568177
v -0.01877837 -0.01008008 0.11694788
v 0.07587821 -0.00951703 0.08764019
v 0.07597982 -0.00954527 0.08761246
v 0.07608261 -0.00958913 0.08758440
v 0.07666385 -0.05883053 0.10631441
v 0.07667825 -0.05863718 0.10648634
v 0.02012945 -0.07777580 0.13650139
v 0.01914709 -0.07763208 0.13672902
v 0.06745803 -0.07714724 0.08941095
v 0.07008269 -0.07599137 0.09773631
v 0.06930933 -0.07630353 0.09339412
v 0.06954004 -0.07598075 0.09335229
v 0.07030841 -0.07567672 0.10215222
v 0.06519604 -0.07597367 0.08097812
v 0.06583315 -0.07563693 0.08183212
v 0.04429355 -0.07789665 0.06547729
v 0.05254770 -0.07768254 0.06941596
v 0.05472359 -0.07776274 0.07156403
v 0.02301818 -0.07799881 0.06292017
v 0.02642613 -0.07798863 0.06228325
v 0.03511550 -0.07589336 0.05909421
v 0.03324836 -0.07772187 0.06130047
v 0.03334373 -0.07737916 0.06058347
v 0.03848382 -0.07791024 0.06307804
v 0.04221586 -0.07785381 0.06413291
v 0.00319436 -0.07761541 0.12729564
v 0.00961674 -0.07187736 0.13708852
v 0.00873627 -0.07594997 0.13410734
v -0.01409261 -0.07397700 0.09216520
v -0.01856091 -0.06981780 0.08179794
v 0.06992849 -0.07564865 0.09459332
v 0.05320647 -0.07628497 0.06756397
v 0.05271142 -0.07709488 0.06822751
v 0.06063617 -0.07614397 0.07445373
v 0.05959524 -0.07737093 0.07531927
v 0.06234859 -0.07776265 0.08088522
v 0.06004541 -0.07763196 0.07666352
v 0.05912865 -0.07767843 0.07570778
v 0.06168831 -0.07737719 0.07806387
v 0.07223225 -0.00982033 0.07719128
v 0.07390614 -0.00994975 0.08031527
v 0.07186897 -0.00954527 0.07738888
v 0.03397699 -0.07605401 0.14014958
v 0.03392813 -0.07666122 0.13964957
v 0.02957453 -0.07602442 0.14035076
v 0.02730406 -0.06748530 0.14435546
v 0.02226927 -0.06303824 0.14539775
v 0.03202375 -0.07186196 0.14250535
v 0.03408737 -0.07572966 0.14034344
v 0.04728043 -0.06317021 0.14257076
v 0.04142275 -0.07187928 0.14102736
v 0.03217798 -0.05863649 0.14721054
v 0.03266968 -0.05883151 0.14714918
v 0.03428786 -0.05832318 0.14709045
v 0.03433760 -0.05853925 0.14707617
v -0.02864529 -0.01183295 0.10180317
v -0.02883835 -0.01189493 0.10142759
v -0.02858294 -0.01179480 0.10191485
v -0.02871686 -0.01152637 0.10149815
v 0.00429748 -0.07760780 0.12830819
v 0.07032707 -0.07566249 0.09897797
v 0.06831025 -0.07629839 0.08916068
v 0.06686737 -0.07629619 0.08504944
v 0.06708406 -0.07597218 0.08496036
v 0.06498988 -0.07629746 0.08108947
v 0.05903043 -0.07771330 0.07579001
v 0.05699578 -0.07772648 0.07355400
v 0.02640723 -0.07795423 0.06196327
v 0.03338760 -0.07716324 0.06025364
v 0.00863982 -0.07561077 0.13426018
v 0.06055630 -0.07630044 0.07452013
v 0.06064657 -0.07776894 0.07828122
v 0.06339955 -0.07761519 0.08173171
v 0.06357799 -0.07756978 0.08185204
v 0.06472316 -0.07761139 0.08436415
v 0.06197495 -0.07714991 0.07786658
v 0.06390174 -0.07737488 0.08167719
v 0.07017168 -0.00954527 0.07451324
v 0.03399663 -0.07572897 0.14034939
v 0.03621618 -0.07574590 0.14004348
v 0.02817486 -0.07568560 0.14051226
v 0.02516618 -0.05863158 0.14702791
v 0.02268348 -0.05882023 0.14667259
v 0.01733636 -0.06301871 0.14428586
v 0.01680088 -0.05881229 0.14536558
v 0.01838313 -0.05842986 0.14584658
v 0.01504599 -0.05842794 0.14486927
v 0.04668938 -0.06757496 0.14118014
v 0.04244038 -0.06314609 0.14425056
v 0.04844050 -0.05864256 0.14348425
v 0.04605412 -0.05883961 0.14438201
v 0.04029815 -0.05883820 0.14607407
v 0.03217678 -0.05883097 0.14717826
v 0.03320572 -0.05883209 0.14711753
v 0.03423300 -0.05883309 0.14703426
v -0.02852986 -0.01171208 0.10198463
v 0.06853510 -0.07597476 0.08909465
v 0.06724858 -0.07563595 0.08489269
v 0.05494156 -0.07765817 0.07131368
v 0.05465308 -0.07766111 0.07108499
v 0.05716347 -0.07764379 0.07338922
v 0.05478674 -0.07773244 0.07149149
v 0.03393701 -0.07689226 0.05998391
v 0.06017094 -0.07683495 0.07484055
v 0.06406181 -0.07770015 0.08351897
v 0.07008291 -0.00951703 0.07456993
v 0.03169174 -0.07571138 0.14050016
v 0.02490378 -0.07566395 0.14021754
v 0.02870123 -0.05882683 0.14721659
v 0.03208181 -0.05883086 0.14718273
v 0.02175606 -0.05843251 0.14657098
v 0.04197906 -0.06755390 0.14279181
v 0.04844919 -0.05843911 0.14350517
v 0.04155580 -0.05844108 0.14583641
v 0.03798052 -0.05864123 0.14657763
v 0.03212929 -0.05883092 0.14718053
v 0.03208294 -0.05863641 0.14721498
v 0.03423641 -0.05861980 0.14707588
v -0.02851822 -0.01165120 0.10197449
v 0.06768417 -0.07563618 0.08595641
v 0.05301693 -0.07767776 0.06978794
v 0.05716353 -0.07764379 0.07338928
v 0.06034039 -0.07659993 0.07469966
v 0.06011201 -0.07689364 0.07488955
v 0.06348515 -0.07761495 0.08190197
v 0.04504456 -0.05844032 0.14480484
v 0.03798372 -0.05844009 0.14659809
v 0.03428707 -0.05857604 0.14707686
v 0.03433334 -0.05883318 0.14702490
v -0.02853347 -0.01174238 0.10199169
v -0.02854221 -0.01175510 0.10197996
v -0.02854725 -0.01176099 0.10197242
v -0.02851596 -0.01166435 0.10198653
v 0.02860625 -0.05843609 0.14726950
v 0.03428318 -0.05883313 0.14702961
v -0.02851514 -0.01167600 0.10199468
v 0.02860712 -0.05863424 0.14725125
v 0.02516408 -0.05843455 0.14704518
v -0.02851573 -0.01166768 0.10198886
f 1 2 3
f 3 4 1
f 5 4 3
f 1 6 2
f 7 8 9
f 10 8 7
f 11 12 7
f 13 14 7
f 15 16 7
f 17 18 19
f 20 18 17
f 21 22 7
f 7 22 23
f 5 24 4
f 4 24 1
f 6 1 24
f 21 7 24
f 21 24 25
f 12 26 7
f 27 28 7
f 7 29 11
f 30 29 7
f 31 30 7
f 32 33 7
f 7 34 15
f 35 34 7
f 36 37 7
f 18 38 19
f 39 40 41
f 21 42 20
f 18 20 42
f 20 43 21
f 43 20 17
f 44 45 46
f 46 45 47
f 6 45 2
f 47 45 6
f 48 24 5
f 24 48 49
f 5 3 48
f 49 48 3
f 50 24 49
f 50 49 51
f 24 52 53
f 24 54 55
f 54 24 53
f 44 46 56
f 24 57 58
f 24 59 60
f 3 61 49
f 62 63 24
f 64 65 66
f 67 65 68
f 69 65 67
f 24 70 6
f 47 6 70
f 68 71 72
f 71 73 72
f 74 73 68
f 68 73 71
f 69 75 76
f 75 69 67
f 34 35 77
f 28 78 7
f 7 78 31
f 79 80 81
f 82 80 79
f 27 83 28
f 84 83 27
f 85 83 84
f 86 87 88
f 89 87 86
f 90 91 92
f 93 94 7
f 33 93 7
f 94 95 7
f 7 95 96
f 97 35 7
f 96 97 7
f 98 13 7
f 37 98 7
f 99 100 7
f 100 101 7
f 7 102 36
f 101 102 7
f 16 103 7
f 7 103 104
f 105 106 107
f 108 107 109
f 105 107 108
f 110 111 25
f 112 111 110
f 112 113 111
f 114 41 115
f 114 111 113
f 111 114 116
f 25 117 21
f 118 119 21
f 119 120 21
f 21 121 118
f 122 112 110
f 112 122 113
f 123 124 125
f 126 127 128
f 110 128 127
f 126 128 25
f 25 128 110
f 52 129 53
f 130 131 132
f 133 131 134
f 135 136 137
f 24 138 139
f 50 138 24
f 50 51 138
f 24 140 141
f 141 140 142
f 24 143 144
f 141 143 24
f 45 44 145
f 45 145 2
f 24 146 59
f 60 147 24
f 24 147 134
f 133 134 147
f 131 133 147
f 148 149 74
f 150 151 152
f 153 154 152
f 155 154 153
f 156 24 157
f 61 3 158
f 66 159 64
f 160 159 66
f 24 161 62
f 162 161 24
f 159 163 64
f 65 164 68
f 164 74 68
f 152 165 150
f 150 165 166
f 166 165 167
f 168 169 170
f 171 172 173
f 174 175 176
f 175 174 86
f 88 175 86
f 174 177 86
f 178 179 180
f 179 181 182
f 34 183 15
f 77 183 34
f 12 184 26
f 8 10 185
f 186 187 180
f 188 79 189
f 84 190 14
f 84 27 190
f 14 190 7
f 7 190 27
f 191 14 13
f 14 191 84
f 31 192 30
f 29 30 193
f 192 193 30
f 192 194 193
f 29 195 11
f 193 195 29
f 196 99 7
f 104 196 7
f 175 197 176
f 90 198 7
f 7 198 32
f 199 32 198
f 200 201 7
f 7 202 90
f 90 202 91
f 200 202 201
f 103 203 104
f 16 203 103
f 17 19 204
f 76 205 206
f 108 109 207
f 108 207 208
f 204 19 209
f 106 210 38
f 38 210 19
f 210 209 19
f 41 211 115
f 212 211 41
f 211 212 213
f 211 213 117
f 108 213 40
f 208 213 108
f 41 40 213
f 212 41 213
f 109 214 21
f 21 214 215
f 107 214 109
f 215 214 107
f 21 216 42
f 215 216 21
f 107 106 217
f 215 107 217
f 216 215 217
f 216 217 42
f 38 217 106
f 38 18 217
f 42 217 18
f 21 218 219
f 220 218 21
f 120 221 21
f 21 221 220
f 43 222 21
f 21 222 121
f 121 223 118
f 224 225 24
f 125 25 225
f 24 225 25
f 226 125 225
f 227 225 224
f 126 228 127
f 124 123 228
f 228 126 25
f 113 229 114
f 230 200 7
f 231 230 7
f 232 233 7
f 7 233 231
f 234 235 91
f 93 235 94
f 235 95 94
f 93 33 235
f 95 235 96
f 234 96 235
f 92 91 235
f 33 32 235
f 92 235 32
f 236 237 238
f 239 240 241
f 236 240 239
f 242 97 96
f 97 242 35
f 242 77 35
f 224 243 227
f 243 224 24
f 226 244 125
f 244 123 125
f 244 228 123
f 228 244 127
f 49 245 51
f 61 245 49
f 246 245 61
f 245 246 247
f 248 245 247
f 65 249 66
f 245 249 129
f 54 249 55
f 65 69 249
f 53 249 54
f 129 249 53
f 69 76 249
f 52 250 129
f 138 51 250
f 138 250 139
f 251 60 59
f 131 252 134
f 252 131 130
f 24 55 253
f 24 253 140
f 254 145 44
f 2 255 3
f 145 255 2
f 254 255 145
f 24 255 70
f 144 256 257
f 143 256 144
f 257 256 258
f 142 256 141
f 256 143 141
f 249 256 142
f 257 259 144
f 257 260 259
f 259 24 144
f 24 259 260
f 257 261 260
f 257 258 261
f 58 262 24
f 24 262 146
f 147 60 263
f 264 263 60
f 265 266 267
f 268 266 137
f 153 266 155
f 137 266 135
f 151 24 266
f 269 266 270
f 271 266 173
f 271 270 266
f 171 173 266
f 272 171 266
f 272 266 273
f 274 273 266
f 274 266 275
f 7 9 266
f 24 7 266
f 276 266 9
f 148 277 267
f 277 265 267
f 151 150 278
f 24 278 157
f 151 278 24
f 153 152 279
f 151 279 152
f 266 153 279
f 266 279 151
f 280 154 155
f 277 281 280
f 277 280 155
f 282 283 284
f 284 283 24
f 63 285 24
f 285 284 24
f 61 286 246
f 158 286 61
f 246 286 247
f 287 247 286
f 286 158 288
f 286 288 287
f 289 290 66
f 290 160 66
f 290 291 160
f 65 64 292
f 163 292 64
f 293 65 292
f 160 294 159
f 163 294 160
f 159 294 163
f 295 161 162
f 296 295 162
f 296 163 295
f 161 295 62
f 163 160 295
f 291 297 287
f 290 297 291
f 298 297 299
f 287 297 247
f 247 297 298
f 291 287 300
f 62 300 288
f 288 300 287
f 291 300 160
f 295 300 62
f 300 295 160
f 301 302 74
f 277 302 281
f 281 302 303
f 65 304 164
f 305 304 65
f 306 307 304
f 303 167 308
f 154 308 152
f 308 165 152
f 165 308 167
f 70 309 47
f 47 309 46
f 310 311 312
f 310 313 311
f 314 313 310
f 311 313 315
f 316 317 315
f 318 319 149
f 318 266 320
f 266 318 149
f 321 72 322
f 168 321 322
f 323 324 75
f 325 75 326
f 325 323 75
f 197 327 176
f 328 75 67
f 178 329 330
f 331 329 332
f 331 333 329
f 334 178 330
f 178 334 179
f 179 334 181
f 335 336 67
f 310 335 67
f 80 335 81
f 80 82 335
f 336 337 67
f 337 336 338
f 337 339 67
f 339 337 181
f 182 181 337
f 338 340 186
f 336 340 338
f 341 340 187
f 67 342 181
f 339 342 67
f 339 181 342
f 186 343 182
f 182 343 179
f 180 343 186
f 179 343 180
f 344 184 12
f 184 344 345
f 11 344 12
f 184 345 346
f 347 346 345
f 348 349 350
f 8 349 9
f 349 351 350
f 185 351 8
f 8 351 349
f 193 194 352
f 195 193 352
f 82 79 353
f 187 186 354
f 187 354 341
f 340 354 186
f 354 340 341
f 187 355 82
f 348 350 356
f 310 357 358
f 358 357 189
f 356 350 359
f 357 310 360
f 189 360 188
f 357 360 189
f 361 359 350
f 84 362 85
f 191 362 84
f 78 363 31
f 31 363 192
f 363 78 28
f 83 363 28
f 329 364 332
f 364 329 178
f 181 365 67
f 366 367 183
f 15 367 16
f 183 367 15
f 367 366 368
f 203 16 367
f 203 367 368
f 332 369 331
f 331 370 333
f 333 370 371
f 100 372 101
f 100 99 372
f 373 374 375
f 376 377 378
f 366 379 368
f 197 380 327
f 90 381 382
f 198 383 384
f 383 198 90
f 382 383 90
f 385 7 386
f 201 386 7
f 202 385 386
f 202 386 201
f 385 387 7
f 7 387 202
f 202 387 385
f 202 388 91
f 91 388 234
f 389 202 200
f 202 389 388
f 390 43 17
f 204 390 17
f 205 391 206
f 392 206 391
f 209 393 204
f 393 390 204
f 394 393 209
f 395 210 106
f 105 395 106
f 39 395 40
f 40 395 108
f 108 395 105
f 117 25 396
f 111 396 25
f 397 396 111
f 111 116 398
f 111 398 397
f 115 398 114
f 114 398 116
f 211 398 115
f 397 398 211
f 208 399 213
f 213 399 117
f 400 221 120
f 221 400 220
f 401 400 402
f 229 403 114
f 122 403 113
f 229 113 403
f 240 236 404
f 405 406 241
f 240 405 241
f 407 408 409
f 408 407 410
f 411 412 413
f 414 411 413
f 414 242 96
f 234 414 96
f 237 415 416
f 237 236 415
f 239 415 236
f 242 417 77
f 416 418 413
f 417 418 416
f 242 418 417
f 413 418 414
f 414 418 242
f 243 419 227
f 420 419 243
f 134 419 420
f 252 419 134
f 252 130 419
f 130 132 421
f 244 421 132
f 227 421 225
f 422 244 76
f 122 422 403
f 127 422 110
f 422 122 110
f 245 423 51
f 129 423 245
f 250 51 423
f 250 423 129
f 249 424 66
f 245 424 249
f 248 424 245
f 249 425 55
f 249 142 425
f 253 55 425
f 140 425 142
f 253 425 140
f 250 426 139
f 426 250 52
f 24 139 426
f 24 426 52
f 266 427 135
f 266 269 427
f 172 428 173
f 429 311 315
f 429 315 430
f 429 430 431
f 432 433 434
f 435 433 432
f 433 435 436
f 56 437 44
f 437 254 44
f 262 438 146
f 58 438 262
f 256 439 258
f 256 249 439
f 249 76 439
f 244 439 76
f 131 439 132
f 132 439 244
f 57 440 261
f 261 440 260
f 24 440 57
f 260 440 24
f 264 131 441
f 263 264 441
f 147 441 131
f 263 441 147
f 148 442 149
f 442 266 149
f 148 267 442
f 266 442 267
f 266 443 155
f 443 266 265
f 277 155 443
f 277 443 265
f 298 299 444
f 297 445 299
f 297 446 445
f 285 63 447
f 158 3 447
f 288 158 447
f 63 62 447
f 288 447 62
f 285 447 284
f 284 447 282
f 255 447 3
f 283 282 447
f 447 255 24
f 283 447 24
f 289 66 448
f 166 449 293
f 162 450 296
f 296 450 156
f 450 162 24
f 156 450 24
f 156 451 296
f 451 150 166
f 157 451 156
f 278 451 157
f 451 278 150
f 296 452 163
f 163 452 292
f 292 452 293
f 293 452 166
f 451 166 452
f 451 452 296
f 297 453 446
f 290 289 454
f 302 455 74
f 277 455 302
f 302 456 307
f 301 456 302
f 74 456 301
f 164 456 74
f 457 302 307
f 302 457 303
f 303 458 167
f 458 304 305
f 304 458 306
f 459 304 307
f 304 459 164
f 456 459 307
f 164 459 456
f 460 308 154
f 308 460 303
f 303 460 281
f 280 281 460
f 280 460 154
f 437 56 461
f 56 46 461
f 309 461 46
f 255 461 70
f 70 461 309
f 255 254 461
f 437 461 254
f 312 462 310
f 312 311 462
f 429 462 311
f 463 316 315
f 313 463 315
f 313 314 463
f 273 464 272
f 272 464 171
f 464 172 171
f 464 317 172
f 465 466 319
f 465 318 467
f 318 465 319
f 136 468 469
f 466 470 319
f 73 74 470
f 149 470 74
f 319 470 149
f 322 470 471
f 320 472 318
f 318 472 467
f 266 472 320
f 472 266 467
f 322 473 168
f 473 322 471
f 169 168 473
f 473 469 468
f 470 473 471
f 469 473 466
f 470 466 473
f 75 474 76
f 324 474 75
f 326 475 325
f 476 477 327
f 478 479 480
f 481 482 483
f 67 484 328
f 177 484 86
f 89 86 484
f 177 174 485
f 327 486 176
f 176 486 328
f 365 487 67
f 329 488 330
f 329 333 488
f 330 488 371
f 371 488 333
f 87 489 88
f 371 490 330
f 334 490 181
f 490 334 330
f 181 490 365
f 491 337 338
f 337 491 182
f 338 186 491
f 182 491 186
f 492 493 347
f 493 346 347
f 184 494 26
f 346 494 184
f 26 494 495
f 495 494 10
f 494 185 10
f 351 496 350
f 361 496 497
f 350 496 361
f 352 498 195
f 187 499 180
f 82 499 187
f 353 499 82
f 335 500 336
f 355 187 500
f 500 340 336
f 340 500 187
f 501 335 310
f 358 501 310
f 335 501 81
f 79 81 501
f 189 79 501
f 358 189 501
f 436 502 503
f 276 502 436
f 504 502 505
f 506 359 9
f 359 506 356
f 356 506 348
f 349 506 9
f 349 348 506
f 36 507 37
f 102 507 36
f 507 102 101
f 508 191 13
f 83 85 509
f 83 509 363
f 364 510 332
f 180 511 178
f 511 364 178
f 499 511 180
f 369 512 331
f 513 512 514
f 203 368 515
f 379 515 368
f 373 516 374
f 514 375 517
f 513 518 519
f 520 521 522
f 406 523 241
f 373 523 406
f 514 524 375
f 379 525 376
f 415 239 525
f 526 383 382
f 383 526 384
f 389 527 388
f 388 527 234
f 222 528 121
f 393 528 390
f 222 43 528
f 390 528 43
f 121 528 223
f 529 530 23
f 232 530 529
f 23 530 7
f 530 232 7
f 389 531 527
f 527 531 411
f 532 533 534
f 205 535 391
f 391 535 392
f 394 536 393
f 394 537 536
f 223 536 537
f 528 536 223
f 528 393 536
f 538 539 540
f 541 542 540
f 543 544 545
f 546 547 548
f 396 549 117
f 396 397 549
f 117 549 211
f 397 211 549
f 402 550 401
f 551 21 219
f 551 400 401
f 218 551 219
f 220 551 218
f 400 551 220
f 552 553 537
f 553 119 118
f 223 553 118
f 553 223 537
f 119 554 120
f 552 402 554
f 553 554 119
f 553 552 554
f 554 400 120
f 400 554 402
f 555 556 557
f 555 114 556
f 558 543 545
f 392 558 206
f 559 560 561
f 233 560 231
f 560 233 232
f 529 560 232
f 529 561 560
f 562 230 231
f 560 562 231
f 562 560 559
f 230 562 200
f 404 236 563
f 564 405 240
f 409 565 566
f 516 565 409
f 516 405 565
f 564 566 565
f 564 565 405
f 567 568 569
f 570 568 567
f 569 571 410
f 571 408 410
f 237 416 572
f 413 573 416
f 412 573 413
f 572 416 573
f 572 573 412
f 420 574 134
f 24 134 574
f 419 130 575
f 421 575 130
f 419 575 227
f 575 421 227
f 421 576 225
f 225 576 226
f 244 226 576
f 558 577 206
f 578 579 546
f 546 579 547
f 580 547 579
f 244 581 127
f 422 127 581
f 422 581 244
f 424 582 66
f 448 66 582
f 448 582 583
f 453 583 582
f 582 424 248
f 453 582 446
f 248 247 582
f 298 582 247
f 445 446 582
f 445 582 299
f 444 299 582
f 584 585 586
f 586 585 428
f 271 585 270
f 173 585 271
f 428 585 173
f 584 586 587
f 473 587 169
f 169 587 170
f 586 316 587
f 584 587 468
f 587 473 468
f 317 588 172
f 428 172 588
f 316 588 317
f 586 588 316
f 428 588 586
f 589 590 275
f 434 590 589
f 430 590 431
f 433 590 434
f 433 431 590
f 429 431 591
f 433 591 431
f 462 591 503
f 462 429 591
f 503 591 436
f 436 591 433
f 436 592 276
f 436 435 592
f 60 593 264
f 439 131 594
f 146 594 59
f 438 594 146
f 58 595 438
f 595 594 438
f 594 595 439
f 305 65 596
f 449 596 65
f 305 596 167
f 167 596 166
f 166 596 449
f 293 597 65
f 597 449 65
f 449 597 293
f 297 598 453
f 454 289 598
f 448 598 289
f 290 598 297
f 454 598 290
f 583 598 448
f 453 598 583
f 74 599 148
f 455 599 74
f 599 277 148
f 277 599 455
f 306 600 307
f 600 457 307
f 458 600 306
f 457 600 303
f 600 458 303
f 167 601 305
f 458 601 167
f 305 601 458
f 462 602 310
f 603 602 462
f 360 310 602
f 462 604 603
f 604 502 504
f 462 503 604
f 502 604 503
f 463 605 316
f 430 315 606
f 317 606 315
f 464 606 317
f 607 608 609
f 610 608 316
f 609 608 610
f 608 587 316
f 465 467 611
f 465 611 268
f 266 611 467
f 611 266 268
f 465 268 612
f 465 612 466
f 469 466 612
f 268 137 612
f 136 612 137
f 469 612 136
f 613 470 322
f 73 613 72
f 470 613 73
f 475 614 325
f 615 614 616
f 325 614 615
f 325 617 323
f 618 617 325
f 617 474 324
f 88 619 175
f 175 619 197
f 481 620 482
f 489 620 88
f 620 619 88
f 619 620 481
f 482 620 371
f 489 371 620
f 481 483 621
f 484 622 328
f 485 622 177
f 176 622 174
f 485 174 622
f 67 623 484
f 624 87 623
f 477 625 327
f 327 625 486
f 476 625 477
f 478 625 476
f 486 625 328
f 328 625 75
f 625 626 75
f 489 627 371
f 371 627 490
f 624 627 87
f 87 627 489
f 490 627 365
f 493 497 628
f 628 351 185
f 496 628 497
f 351 628 496
f 493 629 346
f 494 629 185
f 494 346 629
f 629 628 185
f 628 629 493
f 353 630 492
f 493 492 630
f 353 79 630
f 493 630 497
f 188 630 79
f 630 188 497
f 631 347 345
f 344 631 345
f 195 632 11
f 498 632 195
f 631 632 498
f 344 11 632
f 631 344 632
f 335 82 633
f 633 500 335
f 355 633 82
f 500 633 355
f 634 276 9
f 9 635 634
f 359 635 9
f 636 635 359
f 505 635 504
f 634 635 505
f 636 603 637
f 604 637 603
f 637 604 504
f 635 637 504
f 635 636 637
f 188 638 497
f 638 361 497
f 360 638 188
f 276 639 502
f 502 639 505
f 634 639 276
f 634 505 639
f 101 640 507
f 507 640 522
f 522 640 520
f 372 640 101
f 372 520 640
f 641 642 643
f 509 85 643
f 644 641 645
f 644 645 646
f 507 647 37
f 647 98 37
f 98 647 13
f 13 647 508
f 363 648 192
f 509 648 363
f 192 648 194
f 643 648 509
f 641 649 642
f 642 649 510
f 510 649 332
f 644 649 641
f 332 649 369
f 369 649 644
f 510 364 650
f 511 650 364
f 369 651 512
f 644 646 651
f 644 651 369
f 524 651 646
f 512 651 514
f 524 514 651
f 482 652 483
f 652 519 483
f 370 652 371
f 371 652 482
f 203 653 104
f 515 653 203
f 196 104 653
f 196 653 99
f 372 99 653
f 372 654 520
f 653 654 372
f 515 654 653
f 379 376 655
f 515 379 655
f 378 655 376
f 655 654 515
f 521 655 378
f 521 520 655
f 654 655 520
f 406 656 373
f 656 516 373
f 405 656 406
f 516 656 405
f 657 658 659
f 517 660 514
f 518 660 517
f 514 660 513
f 513 660 518
f 239 241 661
f 523 661 241
f 525 239 661
f 661 523 377
f 377 376 661
f 525 661 376
f 377 662 378
f 662 524 646
f 524 663 375
f 523 663 377
f 662 377 663
f 662 663 524
f 373 375 663
f 373 663 523
f 379 366 664
f 664 525 379
f 525 664 415
f 415 664 416
f 664 417 416
f 380 665 666
f 658 665 621
f 667 666 668
f 479 667 480
f 380 669 327
f 666 669 380
f 479 669 667
f 667 669 666
f 526 670 384
f 381 671 382
f 527 672 234
f 672 527 411
f 414 234 672
f 414 672 411
f 529 673 561
f 76 674 205
f 535 674 76
f 674 535 205
f 543 675 542
f 533 676 534
f 394 209 677
f 678 677 679
f 680 681 682
f 539 683 540
f 684 685 681
f 686 685 684
f 687 688 686
f 542 541 689
f 547 689 541
f 580 689 547
f 555 557 690
f 691 690 557
f 555 690 114
f 114 690 41
f 688 690 691
f 546 692 578
f 403 693 114
f 556 114 693
f 422 693 403
f 691 557 694
f 556 694 557
f 693 694 556
f 694 693 579
f 695 562 559
f 561 696 559
f 673 696 561
f 697 478 480
f 568 697 480
f 568 570 697
f 571 569 698
f 698 568 480
f 568 698 569
f 667 698 480
f 571 698 668
f 698 667 668
f 420 243 699
f 574 420 699
f 24 699 243
f 574 699 24
f 421 244 700
f 576 700 244
f 700 576 421
f 444 701 298
f 701 582 298
f 582 701 444
f 269 270 702
f 585 702 270
f 427 269 702
f 427 702 135
f 585 584 702
f 468 702 584
f 136 702 468
f 136 135 702
f 590 703 275
f 590 430 703
f 275 703 274
f 274 703 273
f 606 703 430
f 703 464 273
f 703 606 464
f 264 704 131
f 704 594 131
f 593 704 264
f 594 704 59
f 704 251 59
f 251 704 60
f 60 704 593
f 705 595 58
f 595 705 439
f 58 57 705
f 439 705 258
f 261 705 57
f 261 258 705
f 602 706 360
f 638 360 706
f 610 316 707
f 605 707 316
f 707 609 610
f 605 463 707
f 608 607 708
f 608 708 587
f 607 609 708
f 707 708 609
f 322 72 709
f 613 709 72
f 709 613 322
f 614 710 616
f 475 710 614
f 615 616 711
f 712 711 616
f 615 711 325
f 618 325 711
f 618 711 713
f 713 711 712
f 714 532 534
f 712 714 534
f 616 714 712
f 715 324 323
f 617 715 323
f 324 715 617
f 617 716 717
f 617 618 716
f 718 535 76
f 535 718 713
f 718 618 713
f 617 717 719
f 720 719 717
f 617 719 474
f 619 481 721
f 621 721 481
f 619 721 197
f 665 721 621
f 721 380 197
f 380 721 665
f 621 483 722
f 519 722 483
f 518 722 519
f 659 722 518
f 621 722 658
f 659 658 722
f 484 177 723
f 622 723 177
f 484 723 622
f 328 724 176
f 724 622 176
f 622 724 328
f 623 725 484
f 484 725 89
f 623 87 725
f 87 89 725
f 627 624 726
f 626 727 75
f 625 727 626
f 75 727 326
f 638 728 361
f 361 728 359
f 636 359 728
f 636 728 603
f 643 729 641
f 645 641 729
f 362 729 85
f 643 85 729
f 645 730 646
f 646 730 662
f 730 521 378
f 662 730 378
f 522 731 507
f 647 507 731
f 521 731 522
f 732 498 352
f 631 732 347
f 498 732 631
f 510 733 642
f 650 733 510
f 492 347 734
f 732 734 347
f 650 734 733
f 733 734 732
f 511 499 735
f 650 511 735
f 735 734 650
f 499 353 735
f 353 492 735
f 734 735 492
f 652 736 519
f 519 736 513
f 652 370 736
f 736 512 513
f 370 331 736
f 512 736 331
f 516 737 374
f 659 737 657
f 738 737 516
f 737 738 657
f 408 738 409
f 409 738 516
f 666 739 668
f 665 739 666
f 657 739 658
f 739 665 658
f 374 740 375
f 737 740 374
f 659 740 737
f 517 375 740
f 518 517 740
f 659 518 740
f 183 741 366
f 664 366 741
f 664 741 417
f 741 183 77
f 417 741 77
f 669 742 327
f 669 479 742
f 327 742 476
f 742 478 476
f 478 742 479
f 743 198 384
f 198 743 199
f 526 382 744
f 671 744 382
f 526 744 670
f 744 671 670
f 381 745 671
f 746 747 748
f 749 748 747
f 746 748 21
f 21 748 749
f 747 750 749
f 751 752 753
f 746 753 747
f 752 747 753
f 753 746 21
f 751 753 21
f 752 754 755
f 756 755 754
f 752 755 747
f 747 755 756
f 550 757 401
f 558 758 543
f 543 758 675
f 542 759 540
f 675 759 542
f 538 540 759
f 759 675 760
f 679 761 678
f 676 533 762
f 675 762 760
f 758 762 675
f 676 762 758
f 676 763 534
f 712 763 713
f 712 534 763
f 535 713 763
f 764 677 209
f 684 679 764
f 677 764 679
f 210 764 209
f 687 764 210
f 684 764 686
f 687 686 764
f 765 538 766
f 759 766 538
f 766 759 760
f 767 766 760
f 765 766 768
f 766 767 768
f 765 769 538
f 769 539 538
f 769 680 539
f 769 684 681
f 680 769 681
f 684 770 679
f 679 770 761
f 769 770 684
f 769 765 770
f 547 771 548
f 541 771 547
f 541 540 771
f 683 771 540
f 688 691 772
f 681 772 682
f 685 772 681
f 772 685 686
f 688 772 686
f 41 773 39
f 395 39 773
f 690 773 41
f 690 688 773
f 688 687 773
f 395 773 210
f 210 773 687
f 689 774 542
f 542 774 543
f 774 544 543
f 689 580 774
f 546 548 775
f 546 775 692
f 692 775 683
f 771 775 548
f 683 775 771
f 776 692 683
f 680 682 776
f 680 776 539
f 683 539 776
f 544 777 545
f 545 777 558
f 777 577 558
f 693 778 579
f 76 778 422
f 778 693 422
f 76 206 778
f 577 778 206
f 777 778 577
f 694 779 691
f 692 779 578
f 779 694 578
f 772 779 682
f 772 691 779
f 776 682 779
f 776 779 692
f 578 780 579
f 694 780 578
f 694 579 780
f 562 781 200
f 695 781 562
f 782 781 695
f 531 781 782
f 389 200 781
f 531 389 781
f 564 783 566
f 784 566 783
f 404 783 240
f 564 240 783
f 563 783 404
f 784 785 566
f 566 785 409
f 785 407 409
f 786 570 567
f 237 787 238
f 788 787 237
f 572 789 237
f 788 237 789
f 463 314 790
f 707 463 790
f 587 791 170
f 168 170 791
f 168 791 321
f 72 791 68
f 321 791 72
f 314 310 791
f 790 314 791
f 790 791 707
f 68 791 67
f 310 67 791
f 718 76 792
f 792 719 718
f 718 793 618
f 719 793 718
f 793 719 720
f 720 717 793
f 716 793 717
f 716 618 793
f 623 67 794
f 487 794 67
f 487 365 794
f 627 794 365
f 726 794 627
f 623 795 624
f 726 624 795
f 794 795 623
f 794 726 795
f 728 638 796
f 706 796 638
f 602 603 796
f 728 796 603
f 602 796 706
f 647 797 508
f 731 797 647
f 733 798 642
f 643 642 798
f 648 643 798
f 648 798 194
f 798 733 732
f 352 194 798
f 732 352 798
f 738 799 657
f 739 657 799
f 739 799 668
f 799 738 408
f 571 668 799
f 571 799 408
f 743 800 199
f 199 800 32
f 800 670 32
f 670 800 384
f 800 743 384
f 801 745 381
f 92 801 90
f 90 801 381
f 32 801 92
f 670 801 32
f 671 801 670
f 745 801 671
f 749 802 21
f 23 803 529
f 803 673 529
f 22 803 23
f 804 803 22
f 805 806 807
f 757 754 808
f 757 808 401
f 808 551 401
f 551 808 21
f 21 808 751
f 752 808 754
f 751 808 752
f 807 809 805
f 552 810 402
f 810 550 402
f 552 537 810
f 394 810 537
f 758 558 811
f 535 811 392
f 558 392 811
f 758 811 676
f 763 811 535
f 763 676 811
f 760 812 767
f 762 812 760
f 762 533 812
f 767 812 813
f 770 814 761
f 761 814 815
f 765 768 814
f 770 765 814
f 815 814 816
f 816 814 768
f 579 817 580
f 778 817 579
f 778 777 817
f 777 544 817
f 774 817 544
f 774 580 817
f 818 819 820
f 821 695 559
f 696 821 559
f 821 818 822
f 823 696 673
f 823 824 696
f 823 825 826
f 407 827 410
f 828 827 407
f 785 784 829
f 785 829 407
f 828 407 829
f 708 830 587
f 587 830 791
f 708 707 830
f 791 830 707
f 767 831 768
f 768 831 816
f 813 831 767
f 816 831 832
f 816 833 815
f 815 833 834
f 816 832 833
f 833 835 834
f 836 813 837
f 837 533 532
f 812 837 813
f 837 812 533
f 836 838 813
f 831 813 838
f 831 838 832
f 836 839 838
f 836 840 839
f 833 832 841
f 833 841 835
f 792 76 842
f 792 842 719
f 474 842 76
f 719 842 474
f 797 731 843
f 730 645 843
f 729 843 645
f 730 843 521
f 731 521 843
f 191 844 362
f 362 844 729
f 508 844 191
f 797 844 508
f 729 844 843
f 843 844 797
f 22 845 804
f 802 804 845
f 845 22 21
f 802 845 21
f 756 846 747
f 846 756 754
f 823 847 825
f 848 849 850
f 757 851 754
f 846 754 851
f 761 852 678
f 852 809 678
f 761 815 852
f 809 852 805
f 834 805 852
f 834 852 815
f 807 853 809
f 550 853 757
f 810 853 550
f 677 854 394
f 810 394 854
f 678 854 677
f 853 810 854
f 809 854 678
f 853 854 809
f 855 856 857
f 856 819 857
f 821 696 858
f 821 858 818
f 412 859 860
f 782 859 531
f 411 859 412
f 531 859 411
f 819 861 820
f 803 862 673
f 673 862 823
f 823 862 847
f 804 862 803
f 847 862 804
f 569 410 863
f 827 863 410
f 569 863 567
f 864 865 866
f 866 865 867
f 868 869 727
f 475 326 870
f 871 868 864
f 864 866 871
f 872 840 836
f 837 532 872
f 837 872 836
f 838 839 873
f 874 873 839
f 838 873 832
f 841 832 873
f 846 875 747
f 825 875 846
f 750 747 875
f 849 876 835
f 835 876 834
f 805 876 806
f 834 876 805
f 841 877 835
f 877 849 835
f 849 877 850
f 851 878 846
f 823 879 824
f 826 879 823
f 825 879 826
f 880 853 807
f 878 851 880
f 851 757 880
f 853 880 757
f 858 881 818
f 819 881 857
f 818 881 819
f 856 882 883
f 856 883 819
f 883 884 819
f 783 885 784
f 884 886 819
f 859 887 822
f 821 887 695
f 822 887 821
f 695 887 782
f 887 859 782
f 888 889 882
f 889 827 828
f 856 890 882
f 888 882 890
f 856 855 890
f 865 864 891
f 868 891 864
f 727 891 868
f 840 892 893
f 872 892 840
f 894 895 893
f 847 896 825
f 825 896 875
f 875 896 750
f 873 897 841
f 897 877 841
f 874 897 873
f 898 879 878
f 899 879 825
f 879 899 878
f 846 899 825
f 878 899 846
f 563 236 900
f 572 412 901
f 572 901 789
f 789 901 788
f 879 902 824
f 881 902 857
f 902 881 858
f 824 902 696
f 858 696 902
f 885 903 860
f 904 903 885
f 860 903 412
f 903 901 412
f 883 905 884
f 884 905 885
f 905 829 784
f 885 905 784
f 822 818 906
f 906 907 822
f 859 822 907
f 827 908 863
f 890 855 909
f 910 909 855
f 911 909 910
f 865 912 786
f 891 912 865
f 786 912 570
f 697 570 912
f 697 912 478
f 625 478 912
f 727 625 912
f 727 912 891
f 892 913 710
f 892 872 913
f 710 913 616
f 714 616 913
f 714 913 532
f 872 532 913
f 870 326 914
f 894 870 914
f 727 914 326
f 869 914 727
f 894 915 870
f 915 892 710
f 892 915 893
f 894 893 915
f 475 915 710
f 870 915 475
f 895 916 893
f 893 916 840
f 840 916 839
f 874 839 916
f 917 897 874
f 895 894 918
f 918 914 869
f 914 918 894
f 895 918 871
f 868 918 869
f 871 918 868
f 896 919 750
f 750 919 749
f 749 919 802
f 919 896 847
f 802 919 804
f 919 847 804
f 878 920 898
f 920 807 806
f 920 880 807
f 880 920 878
f 806 921 920
f 920 921 898
f 921 911 910
f 898 921 910
f 900 236 922
f 900 923 563
f 900 238 923
f 885 924 904
f 903 904 924
f 903 924 901
f 885 783 924
f 783 563 924
f 898 910 925
f 902 925 857
f 898 925 879
f 925 902 879
f 855 857 925
f 910 855 925
f 883 882 926
f 905 883 926
f 889 926 882
f 905 926 829
f 829 926 828
f 828 926 889
f 820 927 818
f 907 884 928
f 885 860 928
f 885 928 884
f 859 928 860
f 907 928 859
f 907 929 884
f 929 907 906
f 863 930 567
f 908 930 863
f 930 908 867
f 786 567 930
f 786 930 865
f 865 930 867
f 889 888 931
f 889 931 827
f 931 908 827
f 908 932 867
f 890 933 888
f 909 933 890
f 932 934 867
f 934 932 935
f 850 936 848
f 934 935 936
f 937 916 895
f 916 937 874
f 917 874 937
f 876 938 806
f 921 806 938
f 849 938 876
f 921 938 911
f 848 938 849
f 911 938 848
f 238 939 236
f 922 236 939
f 900 939 238
f 922 939 900
f 924 940 901
f 923 940 563
f 901 940 788
f 924 563 940
f 787 788 940
f 787 940 238
f 923 238 940
f 906 818 941
f 927 941 818
f 929 906 941
f 929 941 927
f 861 942 820
f 942 927 820
f 861 819 942
f 886 942 819
f 927 942 886
f 886 884 943
f 929 943 884
f 927 886 943
f 943 929 927
f 931 944 908
f 908 944 932
f 931 888 944
f 932 944 935
f 933 944 888
f 935 944 933
f 867 945 866
f 934 945 867
f 946 866 945
f 933 947 935
f 947 936 935
f 933 909 947
f 936 947 848
f 911 848 947
f 909 911 947
f 871 866 948
f 946 948 866
f 871 948 895
f 948 937 895
f 937 948 917
f 917 948 946
f 936 949 934
f 934 949 945
f 945 949 946
f 850 949 936
f 950 949 850
f 917 950 897
f 946 950 917
f 949 950 946
f 877 950 850
f 897 950 877
f 208 207 21
f 21 207 109
f 125 228 25
f 124 228 125
f 434 266 432
f 435 432 266
f 589 266 434
f 589 275 266
f 26 495 7
f 7 495 10
f 208 21 399
f 117 399 21
f 266 592 435
f 592 266 276
f 951 952 953
f 954 955 956
f 957 311 958
f 953 959 951
f 960 961 325
f 326 962 727
f 963 964 325
f 965 325 964
f 955 966 956
f 955 954 967
f 617 968 325
f 716 617 325
f 248 51 250
f 969 958 970
f 958 969 957
f 952 971 953
f 972 613 973
f 959 953 974
f 959 974 975
f 961 976 325
f 970 977 978
f 958 977 970
f 325 979 716
f 326 979 325
f 716 979 326
f 716 486 441
f 326 486 716
f 980 486 962
f 328 486 980
f 981 325 982
f 983 982 325
f 965 984 325
f 984 983 325
f 985 986 325
f 960 986 987
f 325 986 960
f 988 989 325
f 989 985 325
f 981 990 325
f 990 991 325
f 988 325 992
f 993 994 995
f 996 997 998
f 999 998 997
f 325 997 996
f 1000 1001 1002
f 1003 1004 1005
f 1003 1005 1006
f 1003 1007 1004
f 1008 1009 1003
f 1003 1009 1007
f 1008 1003 1010
f 1011 1012 1013
f 1012 1008 1013
f 966 1014 956
f 1015 1014 1016
f 1014 1017 1016
f 966 1017 1014
f 967 1018 955
f 1019 967 954
f 1020 1021 1011
f 1002 1022 1000
f 1023 1024 1025
f 1026 1027 1028
f 1029 261 705
f 261 1030 705
f 1028 1030 1026
f 1026 1030 1027
f 289 583 1031
f 582 1031 583
f 1031 582 248
f 486 64 248
f 289 448 583
f 245 248 1032
f 1033 1018 967
f 1034 1035 1036
f 1034 1037 1035
f 1038 1039 1040
f 1037 1039 1035
f 1040 1039 1037
f 1040 1041 1038
f 1042 1041 1043
f 1040 1043 1041
f 1044 1045 1046
f 1047 1045 1044
f 456 1048 1049
f 1049 307 456
f 458 1050 1051
f 1052 1053 1054
f 1053 1052 1055
f 957 1056 311
f 1053 1056 957
f 952 1057 971
f 1053 1058 1054
f 1053 957 1058
f 168 1059 1060
f 1052 1061 1055
f 605 1055 1061
f 605 1061 707
f 1062 1061 1054
f 1061 1052 1054
f 456 1063 1048
f 1049 1063 1064
f 1048 1063 1049
f 456 322 613
f 1060 322 168
f 613 322 973
f 1063 68 972
f 974 1065 1066
f 971 1065 953
f 974 953 1065
f 727 625 326
f 625 486 326
f 962 625 727
f 486 625 962
f 984 1067 983
f 1067 1068 983
f 984 965 1067
f 1068 1067 965
f 1069 1068 965
f 991 1070 325
f 992 325 1070
f 1071 996 998
f 996 1071 325
f 1072 1073 1074
f 1075 1073 1076
f 1077 1078 1079
f 999 1080 998
f 1081 1082 1083
f 1084 1085 325
f 1086 1085 1084
f 1087 1085 1086
f 1088 325 1089
f 325 1090 1091
f 1092 1093 1094
f 1095 1096 1097
f 1095 1098 1096
f 1099 1100 1101
f 1102 1103 994
f 1104 994 1103
f 994 1105 995
f 1104 1105 994
f 1106 1107 1108
f 1109 1110 1111
f 1112 1113 1000
f 986 985 1114
f 1115 1116 1117
f 951 1118 952
f 1119 1120 1121
f 986 1120 987
f 960 987 1122
f 1120 1122 987
f 1122 1120 1119
f 960 1122 961
f 976 961 1122
f 1123 1009 1124
f 1009 1123 1007
f 1014 1125 956
f 1014 1015 1125
f 1017 1126 1016
f 1126 1017 1127
f 1015 1016 1126
f 1015 1126 1128
f 1127 1128 1126
f 1017 1129 1127
f 1017 966 1130
f 1129 1130 1131
f 1017 1130 1129
f 1132 1133 1134
f 1135 1136 1134
f 1132 1134 1136
f 1137 1138 1135
f 1139 1140 1141
f 1142 1143 1139
f 1018 1143 1142
f 1033 1144 1143
f 1033 1143 1018
f 1145 1021 1020
f 1129 1131 1146
f 1129 1146 1147
f 1133 1148 1134
f 1140 1148 1141
f 1140 1134 1148
f 244 1149 1150
f 1151 1152 1153
f 1152 1022 1153
f 1022 1152 1000
f 1112 1000 1152
f 1151 1153 1154
f 1113 1155 1156
f 1112 1155 1113
f 1112 1157 1155
f 594 1158 704
f 1158 594 438
f 256 1159 142
f 1160 129 249
f 1030 1161 1027
f 1027 1161 1162
f 1162 1161 1163
f 1164 1165 716
f 76 1166 1167
f 1167 792 76
f 441 792 716
f 1168 792 441
f 1169 1170 1032
f 1032 1170 245
f 1171 1172 1173
f 1171 1173 1047
f 1173 1045 1047
f 51 1174 250
f 1175 1174 51
f 1172 250 1174
f 1173 1172 1174
f 64 610 456
f 610 64 486
f 456 610 322
f 322 610 168
f 707 610 605
f 1061 610 707
f 290 1176 1177
f 1169 1032 1178
f 248 1179 51
f 245 1179 248
f 51 1179 245
f 1171 1180 1172
f 1181 1180 1171
f 1172 1180 250
f 250 1180 129
f 956 1182 954
f 1125 1182 956
f 1183 1184 1185
f 1186 1187 1188
f 1189 1190 1191
f 1192 1193 1194
f 1195 1193 1196
f 1197 1198 1199
f 1198 1197 1194
f 1200 1025 1024
f 1023 1201 1024
f 1046 1202 1044
f 596 1203 1204
f 1044 1205 1047
f 1206 1171 1047
f 1205 1206 1047
f 1103 1207 1104
f 1103 1102 1207
f 1208 1207 1102
f 597 449 1204
f 449 596 1204
f 596 449 597
f 1050 1209 1051
f 1049 1209 1050
f 1049 457 307
f 1050 457 1049
f 969 1210 957
f 970 1210 969
f 975 1210 970
f 1007 1211 1004
f 1212 1057 952
f 1118 1212 952
f 1213 1214 1006
f 1212 1214 1057
f 1215 1216 1217
f 1218 1215 1217
f 1059 168 170
f 68 71 972
f 613 71 456
f 456 71 68
f 456 164 1063
f 68 164 456
f 68 1063 164
f 1219 975 970
f 975 1219 959
f 1065 1220 1066
f 1219 1221 959
f 1221 1219 1222
f 724 486 328
f 724 328 980
f 622 724 980
f 977 958 310
f 1068 1223 983
f 964 1224 965
f 965 1224 1069
f 963 1224 964
f 1069 1224 963
f 990 1225 991
f 1226 991 1225
f 990 981 1225
f 1226 1225 1223
f 1227 1011 1013
f 1020 1227 1228
f 1011 1227 1020
f 1078 1229 1079
f 1230 1231 1075
f 1232 994 993
f 1232 1075 994
f 1233 1232 993
f 1074 1232 1233
f 1073 1232 1074
f 1232 1073 1075
f 1072 1234 1073
f 1073 1235 1076
f 1077 1079 1235
f 1236 1237 1238
f 325 1239 963
f 1240 1239 325
f 1146 1241 1147
f 1242 1243 1244
f 1242 1244 1245
f 1246 1247 325
f 325 1248 997
f 1249 1248 325
f 1249 325 1250
f 1080 1251 998
f 1251 1080 1252
f 1237 1253 1238
f 1075 1254 994
f 1231 1254 1075
f 994 1254 1102
f 1231 1102 1254
f 1253 1106 1255
f 1255 1256 1238
f 1253 1255 1238
f 1231 1257 1102
f 1108 1257 1231
f 1208 1102 1257
f 325 1258 1259
f 1085 1258 325
f 1085 1259 1258
f 1085 1260 1259
f 1260 1089 1259
f 1259 1261 325
f 1261 1089 325
f 1089 1261 1259
f 1088 1262 325
f 325 1262 1090
f 1089 1262 1088
f 1090 1262 1091
f 1263 1093 1092
f 1096 1098 1264
f 1096 1265 1097
f 1266 1267 1268
f 1101 1269 1099
f 1270 1269 1271
f 1272 1269 1270
f 1273 1107 1106
f 1274 1275 1117
f 1010 1275 1008
f 1008 1275 1013
f 1274 1013 1275
f 1276 1277 1121
f 1278 1125 1015
f 1279 1278 1128
f 1278 1015 1128
f 1142 1280 1018
f 1281 1280 1142
f 966 955 1280
f 1018 1280 955
f 1130 1280 1131
f 1130 966 1280
f 1282 1131 1283
f 1280 1283 1131
f 1280 1281 1283
f 1281 1142 1284
f 1019 1285 1286
f 954 1287 1019
f 1287 1285 1019
f 1286 1287 1288
f 1285 1287 1286
f 1138 1289 1135
f 1289 1136 1135
f 1136 1290 1132
f 1132 1290 1133
f 1021 1290 1011
f 1133 1290 1021
f 1291 1292 1124
f 1124 1292 1293
f 1294 1291 1124
f 1291 1294 1137
f 1140 1295 1134
f 1295 1296 1134
f 1145 1297 1021
f 1021 1297 1298
f 1145 1299 1297
f 1020 1300 1145
f 1282 1301 1131
f 1146 1131 1301
f 1148 1302 1298
f 1133 1302 1148
f 1298 1302 1021
f 1133 1021 1302
f 441 264 1303
f 1304 1305 1157
f 1305 1155 1157
f 1025 1305 1023
f 1155 1305 1025
f 1152 1151 1306
f 1307 1308 1303
f 1309 1149 421
f 441 419 581
f 1309 419 1310
f 1154 1311 1151
f 1022 1312 1153
f 704 1313 1307
f 1307 1313 1158
f 1158 1313 704
f 1314 1315 1028
f 438 1315 1158
f 1030 1315 705
f 1315 1030 1028
f 1029 593 441
f 438 593 1029
f 441 593 264
f 704 593 594
f 438 594 593
f 264 593 1303
f 704 1307 593
f 1303 593 1307
f 1316 1029 705
f 1029 1316 438
f 261 1317 1159
f 1160 1317 261
f 1159 1317 142
f 1160 249 1317
f 1160 261 1318
f 1029 1318 261
f 129 1318 250
f 1160 1318 129
f 248 250 1318
f 1029 441 1318
f 486 1318 441
f 1318 486 248
f 1159 257 261
f 256 257 1159
f 261 1319 1030
f 257 1319 261
f 1320 1319 257
f 1321 256 142
f 1321 257 256
f 257 1321 1320
f 693 403 1312
f 1322 1323 1324
f 1165 1325 716
f 617 1325 968
f 1325 617 716
f 1325 1165 1164
f 1326 1327 1322
f 1110 1327 1111
f 1323 1327 1110
f 1323 1322 1327
f 1328 1322 1324
f 1329 1328 1330
f 1328 1324 1330
f 1331 1166 1111
f 1166 206 1111
f 206 1109 1111
f 719 792 1167
f 245 1332 51
f 1170 1332 245
f 1332 1175 51
f 1170 1169 1332
f 1332 1169 1333
f 1332 1333 1175
f 1045 1333 1169
f 1173 1333 1045
f 1333 1174 1175
f 1174 1333 1173
f 1177 289 454
f 290 1177 454
f 64 454 248
f 454 1031 248
f 1031 454 289
f 486 491 610
f 610 491 1334
f 610 1334 463
f 610 463 605
f 605 463 1055
f 463 1053 1055
f 1061 1062 607
f 708 607 1062
f 597 292 64
f 65 292 597
f 1176 290 66
f 1335 1336 1178
f 1178 1336 1169
f 1045 1336 1046
f 1169 1336 1045
f 1337 1338 1177
f 448 1338 583
f 448 289 1338
f 1180 1339 129
f 1180 1181 1339
f 129 1339 249
f 249 1339 1340
f 1340 1339 1181
f 1341 1182 1342
f 1182 1341 954
f 1343 1344 1345
f 1346 1344 1343
f 1345 1347 1343
f 1348 1349 1350
f 1351 1348 1352
f 1351 1349 1348
f 1343 1353 1346
f 1353 1354 1346
f 1348 1355 1352
f 1352 1355 1356
f 1356 1355 1357
f 1358 1187 1144
f 1286 1359 1019
f 1359 1360 1019
f 1019 1361 967
f 1360 1361 1019
f 1185 1184 1362
f 1185 1362 1363
f 1364 1365 1184
f 1365 1364 1366
f 1288 1367 1286
f 1368 1367 1288
f 1185 1369 1183
f 1369 1368 1370
f 1371 1372 1373
f 1374 1372 1371
f 1371 1375 1374
f 1376 1033 967
f 1377 1376 1360
f 1143 1378 1139
f 1378 1187 1186
f 1143 1144 1378
f 1187 1378 1144
f 1189 1191 1379
f 1358 1379 1191
f 1375 1380 1374
f 1188 1381 1382
f 1383 1381 1189
f 1059 1384 1060
f 1193 1385 1194
f 1195 1385 1193
f 1386 1387 1388
f 1389 1390 1391
f 1390 1389 1392
f 1392 1389 1393
f 1393 1389 1394
f 1196 1395 1195
f 1193 1192 1396
f 1198 1194 1397
f 1398 1399 1400
f 1198 1401 1199
f 1402 1401 1403
f 1403 1401 1404
f 1397 1401 1198
f 1401 1397 1404
f 1405 1406 1407
f 1408 1409 1410
f 1411 1412 1407
f 1407 1412 1405
f 1039 1413 1035
f 1414 1415 1416
f 1037 1417 1040
f 1040 1417 1043
f 1417 1418 1043
f 1419 1420 1421
f 1422 1037 1034
f 1422 1417 1037
f 1420 1423 1421
f 1348 1350 1424
f 1425 1424 1370
f 1202 1046 1426
f 1202 1427 1044
f 1044 1427 1205
f 458 1051 601
f 1203 601 1051
f 1428 1429 1430
f 1205 1431 1206
f 1161 1432 1163
f 1388 1433 1386
f 1431 1433 1206
f 1434 1435 1436
f 1436 1435 1208
f 1437 1435 1438
f 1439 1440 1441
f 1442 1443 1444
f 1445 1442 1444
f 1438 1446 1447
f 1438 1447 1437
f 1442 1447 1446
f 1447 1442 1445
f 1050 458 600
f 600 457 1050
f 600 458 1448
f 600 1448 457
f 596 597 1448
f 601 1448 458
f 1448 601 596
f 456 1448 64
f 64 1448 597
f 307 1449 456
f 457 1449 307
f 1210 1450 957
f 1451 1450 1210
f 1058 957 1450
f 1451 1452 1066
f 1066 1452 974
f 974 1452 975
f 1293 1453 1454
f 1293 1454 1124
f 1123 1454 1007
f 1454 1123 1124
f 1295 1455 1456
f 1295 1140 1455
f 1140 1139 1455
f 1455 1378 1186
f 1378 1455 1139
f 1118 1457 1212
f 1458 1459 1457
f 1458 1457 1118
f 1003 1006 1457
f 1010 1003 1457
f 1010 1457 1459
f 1214 1460 1006
f 1212 1460 1214
f 1460 1457 1006
f 1457 1460 1212
f 1057 1461 971
f 1058 1462 1054
f 1218 1462 1215
f 1056 313 311
f 313 1056 1053
f 463 311 313
f 463 313 1053
f 170 791 1059
f 708 791 170
f 1059 791 1062
f 170 1463 708
f 1463 607 708
f 607 1463 610
f 610 1463 168
f 170 168 1463
f 613 972 72
f 71 72 972
f 72 71 613
f 1464 1219 970
f 978 1464 970
f 1465 1464 978
f 1466 1216 1467
f 1468 1467 1461
f 1469 1221 1222
f 725 1470 484
f 1465 978 501
f 1145 1471 1299
f 983 1472 982
f 1223 1472 983
f 982 1472 981
f 1225 981 1472
f 1225 1472 1223
f 989 1473 985
f 1114 985 1473
f 989 988 1473
f 992 1473 988
f 1070 1474 992
f 991 1474 1070
f 1474 1473 992
f 1475 1476 1477
f 1478 1479 1480
f 1480 1481 1478
f 1481 1480 1279
f 1482 1071 998
f 1483 1484 1485
f 1486 1487 1484
f 1488 1484 1487
f 1485 1484 1488
f 1229 1078 1489
f 1079 1490 1491
f 1229 1490 1079
f 1491 1490 1488
f 1492 1488 1490
f 1492 1490 1493
f 1234 1494 1073
f 1076 1495 1487
f 1235 1495 1076
f 1488 1487 1495
f 1491 1488 1495
f 1491 1495 1079
f 1495 1235 1079
f 1236 1496 1237
f 1253 1496 1497
f 1237 1496 1253
f 1498 1499 1500
f 1501 1069 963
f 1502 1503 1504
f 1498 1502 1499
f 1128 1505 1279
f 1505 1481 1279
f 1506 1507 325
f 325 1507 1508
f 1509 1246 325
f 1508 1509 325
f 325 1510 1240
f 1247 1510 325
f 1504 1511 1245
f 1501 1240 1511
f 1503 1511 1504
f 1501 1511 1503
f 1248 1249 1512
f 1250 1512 1249
f 1091 1513 325
f 1514 1252 1515
f 1516 1515 1252
f 1080 1517 1252
f 1517 1516 1252
f 1080 999 1517
f 1517 1518 1516
f 1519 1520 1514
f 1484 1521 1486
f 1230 1522 1231
f 1523 1522 1521
f 1521 1522 1486
f 1524 1075 1076
f 1524 1230 1075
f 1487 1524 1076
f 1486 1524 1487
f 1524 1522 1230
f 1522 1524 1486
f 1257 1525 1208
f 1526 1081 1083
f 1527 1526 1083
f 1528 1260 1085
f 1528 1085 1087
f 1529 1082 1530
f 1082 1529 1083
f 1091 1531 1532
f 1531 1533 1532
f 1534 1535 1536
f 1537 1538 1539
f 1540 1541 1542
f 1542 1541 1539
f 1541 1537 1539
f 1543 1544 1329
f 1545 1264 1098
f 1546 1547 1548
f 1548 1547 1265
f 1265 1547 1097
f 1270 1549 1268
f 1267 1266 1550
f 1551 1552 1553
f 1552 1551 1554
f 1555 1269 1101
f 1269 1555 1271
f 1556 1557 1099
f 1269 1556 1099
f 1269 1272 1556
f 1558 1559 1100
f 1100 1559 1560
f 1561 1562 1563
f 1558 1561 1563
f 1273 1564 1497
f 1106 1564 1273
f 1497 1564 1253
f 1253 1564 1106
f 1121 1565 1276
f 1565 1566 1276
f 1120 1565 1121
f 1277 1276 1567
f 1568 1569 1476
f 1570 1569 1568
f 1571 1569 1570
f 1567 1569 1571
f 1117 1572 1274
f 1573 1572 1117
f 1572 1570 1568
f 1570 1572 1573
f 1275 1574 1117
f 1574 1275 1010
f 1115 1117 1574
f 1459 1574 1010
f 1115 1574 1459
f 1115 1459 1575
f 1458 1575 1459
f 1115 1575 1116
f 1576 1119 1121
f 1277 1576 1121
f 1577 1576 1277
f 1576 1577 1119
f 1116 1578 1117
f 1578 1573 1117
f 1573 1578 1570
f 1283 1579 1282
f 1282 1579 1471
f 1471 1579 1299
f 1283 1281 1580
f 1284 1580 1281
f 1579 1283 1580
f 1579 1580 1299
f 1134 1581 1135
f 1289 1582 1136
f 1290 1136 1582
f 1289 1138 1582
f 1012 1011 1582
f 1290 1582 1011
f 1137 1582 1138
f 1294 1582 1137
f 1582 1294 1124
f 1009 1582 1124
f 1009 1008 1582
f 1012 1582 1008
f 1456 1583 1295
f 1295 1583 1296
f 1584 1585 1586
f 1587 1585 1588
f 1587 1586 1585
f 1306 1589 1310
f 1306 1151 1589
f 1310 1589 1309
f 1309 1589 1151
f 1306 1590 1152
f 1112 1590 1157
f 1152 1590 1112
f 1308 1591 1303
f 1592 1591 1308
f 1593 1591 1592
f 1001 1594 1002
f 1595 1594 1001
f 1113 1596 1000
f 1596 1597 1097
f 1000 1596 1001
f 1001 1596 1595
f 581 576 244
f 1149 244 576
f 421 1149 576
f 419 576 581
f 131 252 441
f 441 252 419
f 1598 419 1593
f 1306 1310 1598
f 419 1598 1310
f 1590 1306 1598
f 1311 1154 1599
f 1599 244 1150
f 1600 1309 1151
f 1311 1600 1151
f 1154 1153 1601
f 1312 1601 1153
f 1315 1602 1158
f 1315 1314 1602
f 1315 438 595
f 1316 595 438
f 1315 595 705
f 595 1316 705
f 1340 1603 249
f 1317 425 142
f 425 1317 249
f 1603 425 249
f 1321 142 1604
f 425 1604 142
f 1604 425 1605
f 1323 1110 817
f 556 1168 441
f 1168 556 546
f 581 556 441
f 693 556 403
f 546 1606 1168
f 1324 1607 1330
f 1608 1609 1610
f 1534 1536 1611
f 1612 1613 1164
f 1609 1613 1612
f 1164 1613 1608
f 1608 1613 1609
f 1612 1614 1609
f 1331 1609 1614
f 719 1614 1612
f 1167 1614 719
f 1166 1614 1167
f 1331 1614 1166
f 1111 1615 1331
f 1327 1615 1111
f 1326 1615 1327
f 206 577 1109
f 1109 577 1110
f 577 1606 1616
f 1606 577 206
f 792 793 716
f 719 793 792
f 719 1612 793
f 716 793 1164
f 1164 793 1612
f 724 485 486
f 724 622 485
f 622 980 485
f 1617 1470 725
f 623 795 1617
f 623 1617 725
f 491 338 340
f 463 1618 311
f 491 357 1334
f 463 1334 357
f 1618 463 357
f 310 357 977
f 1618 357 311
f 1061 609 610
f 607 609 1061
f 607 610 609
f 66 290 159
f 159 454 64
f 454 159 290
f 1176 159 64
f 66 159 1176
f 1619 1337 1177
f 1426 1620 1621
f 1177 1622 289
f 1622 1338 289
f 1338 1622 1177
f 1337 1335 1623
f 1337 1623 1338
f 1623 582 583
f 1338 1623 583
f 1624 1625 1626
f 1627 1628 1288
f 1629 1630 1628
f 1341 1631 1627
f 1631 1341 1342
f 1629 1631 1625
f 1626 1625 1631
f 1627 1288 1632
f 1287 1632 1288
f 1347 1633 1634
f 1344 1635 1345
f 1636 1345 1635
f 1637 1638 1639
f 1638 1637 1640
f 1641 1638 1640
f 1343 1642 1353
f 1353 1642 1357
f 1347 1642 1343
f 1347 1634 1642
f 1641 1642 1634
f 1349 1643 1350
f 1644 1351 1352
f 1416 1644 1414
f 1349 1644 1416
f 1351 1644 1349
f 1356 1357 1645
f 1356 1646 1352
f 1415 1647 1038
f 1415 1414 1647
f 1647 1039 1038
f 1039 1647 1413
f 1354 1648 1649
f 1353 1648 1354
f 1353 1357 1648
f 1355 1648 1357
f 1650 1377 1651
f 1650 1651 1144
f 1651 1377 1652
f 1360 1652 1377
f 1359 1652 1360
f 1653 1654 1655
f 1654 1367 1655
f 1654 1359 1286
f 1367 1654 1286
f 1656 1657 1373
f 1658 1659 1660
f 1659 1658 1373
f 1373 1658 1371
f 1375 1371 1658
f 1661 1658 1660
f 1375 1658 1661
f 1659 1662 1660
f 1663 1664 1662
f 1661 1665 1666
f 1665 1661 1660
f 1364 1667 1366
f 1663 1667 1042
f 1042 1668 1663
f 1663 1668 1664
f 1657 1656 1669
f 1373 1669 1659
f 1657 1669 1373
f 1369 1185 1670
f 1367 1670 1655
f 1367 1368 1670
f 1369 1670 1368
f 1655 1670 1363
f 1185 1363 1670
f 1373 1671 1656
f 1362 1671 1363
f 1669 1656 1671
f 1669 1671 1362
f 1033 1672 1144
f 1144 1672 1650
f 1650 1672 1377
f 1361 1673 967
f 967 1673 1376
f 1361 1360 1673
f 1376 1673 1360
f 1188 1674 1190
f 1187 1674 1188
f 1190 1674 1191
f 1358 1674 1187
f 1191 1674 1358
f 1189 1675 1383
f 1675 1676 1677
f 1678 1679 1680
f 1676 1679 1678
f 1681 1380 1682
f 1375 1661 1683
f 1666 1683 1661
f 1190 1189 1684
f 1381 1684 1189
f 1685 1686 1687
f 1666 1686 1683
f 1683 1686 1685
f 1393 1688 1392
f 1393 1394 1688
f 1689 1690 973
f 972 973 1690
f 1049 1691 1209
f 1691 1049 1064
f 1692 1693 1429
f 1694 1692 1429
f 1428 1694 1429
f 1691 1694 1209
f 1694 1691 1692
f 1384 1695 1060
f 322 1060 1695
f 322 1695 973
f 1689 973 1695
f 1062 1696 1059
f 1696 1384 1059
f 1062 1054 1696
f 1697 1698 1699
f 1698 1700 1701
f 1699 1698 1701
f 1702 1697 1699
f 1703 1704 1705
f 1706 1385 1195
f 1707 1708 1709
f 1708 1710 1709
f 1711 1387 1707
f 1711 1707 1709
f 1387 1712 1707
f 1712 1387 1386
f 1700 1713 1701
f 1389 1714 1394
f 1715 1716 1418
f 1716 1715 1703
f 1717 1716 1390
f 1718 1719 1708
f 1708 1719 1710
f 1390 1720 1391
f 1705 1720 1703
f 1703 1720 1716
f 1716 1720 1390
f 1705 1721 1722
f 1720 1722 1391
f 1722 1720 1705
f 1723 1724 1725
f 1706 1726 1718
f 1395 1726 1195
f 1706 1195 1726
f 1723 1727 1721
f 1193 1728 1196
f 1396 1728 1193
f 1729 1730 1731
f 1732 1730 1729
f 1733 1734 1735
f 1399 1734 1400
f 1399 1735 1734
f 1192 1736 1737
f 1737 1736 1197
f 1194 1736 1192
f 1197 1736 1194
f 1737 1738 1739
f 1699 1701 1738
f 1739 1738 1701
f 1399 1740 1735
f 1402 1741 1401
f 1399 1398 1741
f 1742 1743 1402
f 1742 1402 1403
f 1731 1742 1403
f 1730 1742 1731
f 1743 1735 1744
f 1740 1744 1735
f 1743 1744 1402
f 1402 1744 1740
f 1735 1745 1733
f 1743 1745 1735
f 1409 1746 1747
f 1412 1748 1405
f 1406 1749 1407
f 1746 1749 1406
f 1409 1749 1746
f 1409 1408 1749
f 1750 1408 1410
f 1750 1749 1408
f 1749 1750 1751
f 1639 1752 1637
f 1752 1413 1637
f 1413 1752 1035
f 1036 1035 1752
f 1415 1753 1416
f 1415 1038 1754
f 1755 1756 1754
f 1753 1754 1756
f 1753 1415 1754
f 1041 1754 1038
f 1755 1754 1041
f 1757 1758 1759
f 1759 1758 1760
f 1761 1762 1200
f 1200 1762 1025
f 1155 1762 1156
f 1762 1155 1025
f 1201 1023 1763
f 1763 1764 1201
f 1765 1764 1763
f 1766 1767 1768
f 1768 1769 1766
f 1764 1769 1201
f 1201 1770 1024
f 1768 1771 1770
f 1769 1770 1201
f 1769 1768 1770
f 1761 1772 1773
f 1773 1772 1774
f 1774 1772 1775
f 1761 1200 1772
f 1774 1776 1777
f 1775 1776 1774
f 1776 1775 1771
f 1775 1778 1771
f 1024 1778 1200
f 1778 1772 1200
f 1772 1778 1775
f 1770 1778 1024
f 1778 1770 1771
f 1779 1780 1781
f 1719 1780 1710
f 1162 1782 1027
f 1783 1779 1781
f 1420 1419 1784
f 1715 1784 1703
f 1784 1704 1703
f 1704 1784 1419
f 1785 1784 1715
f 1784 1785 1420
f 1422 1786 1787
f 1774 1788 1773
f 1789 1790 1791
f 1423 1790 1421
f 1792 1786 1793
f 1424 1794 1348
f 1648 1794 1649
f 1649 1794 1425
f 1794 1424 1425
f 1355 1348 1794
f 1648 1355 1794
f 1753 1795 1416
f 1424 1350 1796
f 1797 1796 1350
f 1424 1796 1370
f 1797 1183 1796
f 1370 1796 1369
f 1369 1796 1183
f 1795 1798 1799
f 1426 1800 1202
f 1800 1426 1621
f 1729 1800 1621
f 1729 1731 1800
f 1621 1801 1729
f 1729 1801 1732
f 596 305 1203
f 601 305 596
f 1203 305 601
f 1433 1802 1386
f 1802 1433 1431
f 1397 1803 1404
f 1803 1427 1404
f 1803 1802 1431
f 1427 1803 1205
f 1803 1431 1205
f 1387 1804 1388
f 1432 1804 1163
f 1163 1804 1711
f 1711 1804 1387
f 1805 1207 1208
f 1435 1805 1208
f 1806 1807 1808
f 1809 1810 1811
f 1812 1813 1444
f 1443 1812 1444
f 1814 1448 456
f 1448 1814 457
f 1449 1814 456
f 1449 457 1814
f 1450 1815 1058
f 1462 1058 1815
f 1462 1815 1215
f 1210 1816 1451
f 1816 1452 1451
f 1210 975 1816
f 1452 1816 975
f 1293 1817 1453
f 1817 1818 1453
f 1819 1453 1820
f 1819 1820 1821
f 1455 1822 1456
f 1455 1186 1822
f 1819 1823 1453
f 1057 1824 1461
f 1468 1461 1824
f 1825 1468 1824
f 1695 1826 1689
f 1695 1384 1826
f 708 1062 830
f 791 830 1062
f 708 830 791
f 1827 1464 1465
f 1219 1827 1222
f 1464 1827 1219
f 623 1828 795
f 1065 1829 1220
f 971 1829 1065
f 1467 1216 1830
f 1829 1830 1220
f 1829 1467 1830
f 1215 1830 1216
f 1815 1830 1215
f 1220 1830 1066
f 1815 1066 1830
f 1831 1465 335
f 1068 1832 1223
f 1223 1832 1833
f 1834 1835 1836
f 1835 1837 1836
f 1477 1476 1838
f 1569 1838 1476
f 1839 1227 1013
f 1840 1841 1839
f 1842 1278 1279
f 1278 1842 1125
f 1482 1843 1071
f 1843 1844 1845
f 1843 1482 1844
f 1845 1844 1506
f 1844 1846 1243
f 1846 1844 1482
f 1251 1846 998
f 1846 1482 998
f 1847 1506 325
f 1848 1847 325
f 1506 1847 1845
f 1848 1845 1847
f 1483 1849 1484
f 1850 1849 1483
f 1851 1849 1850
f 1849 1521 1484
f 1489 1852 1229
f 1478 1852 1479
f 1229 1852 1490
f 1481 1852 1478
f 1244 1853 1854
f 1850 1855 1851
f 1855 1853 1856
f 1853 1855 1857
f 1520 1855 1856
f 1485 1488 1858
f 1492 1858 1488
f 1485 1858 1483
f 1493 1858 1492
f 1235 1073 1859
f 1494 1859 1073
f 1235 1859 1077
f 1860 1861 325
f 1552 1861 1860
f 1861 1862 325
f 1863 1554 1864
f 1087 1865 1528
f 1528 1865 1527
f 1866 1867 1236
f 1496 1236 1867
f 1868 1496 1869
f 1496 1868 1497
f 1245 1870 1504
f 1502 1504 1870
f 1502 1870 1499
f 1500 1871 1498
f 1872 1871 1500
f 1241 1873 1874
f 1239 1240 1875
f 1501 1875 1240
f 1239 1875 963
f 1875 1501 963
f 1241 1874 1876
f 1241 1876 1147
f 1129 1876 1127
f 1876 1129 1147
f 1242 1245 1877
f 1844 1877 1506
f 1242 1877 1243
f 1877 1844 1243
f 1877 1245 1878
f 1877 1878 1508
f 1511 1878 1245
f 1247 1879 1510
f 1247 1246 1879
f 1510 1879 1240
f 1879 1511 1240
f 1512 1880 1248
f 997 1880 999
f 1248 1880 997
f 1513 1091 1881
f 1091 1532 1881
f 1250 325 1881
f 1513 1881 325
f 1512 1881 1532
f 1881 1512 1250
f 1514 1882 1519
f 1515 1882 1514
f 1255 1882 1256
f 1515 1516 1883
f 1518 1883 1516
f 1882 1883 1256
f 1883 1882 1515
f 1256 1883 1238
f 1884 1238 1883
f 1517 999 1885
f 1880 1885 999
f 1885 1880 1512
f 1512 1532 1885
f 1517 1885 1532
f 1532 1886 1517
f 1517 1886 1518
f 1533 1886 1532
f 1518 1886 1533
f 1519 1887 1520
f 1855 1887 1851
f 1887 1855 1520
f 1888 1520 1856
f 1888 1846 1251
f 1252 1888 1251
f 1514 1888 1252
f 1520 1888 1514
f 1522 1889 1231
f 1231 1889 1108
f 1889 1522 1523
f 1436 1208 1890
f 1525 1890 1208
f 1436 1890 1434
f 1891 1890 1525
f 1529 1892 1083
f 1893 1533 1894
f 1895 1896 1866
f 1895 1893 1896
f 1866 1236 1895
f 1238 1895 1236
f 1884 1895 1238
f 1893 1897 1533
f 1518 1533 1897
f 1895 1884 1897
f 1895 1897 1893
f 1883 1897 1884
f 1897 1883 1518
f 1898 1899 1562
f 1900 1535 1534
f 1901 1562 1900
f 1561 1900 1562
f 1538 1902 1903
f 1902 1538 1537
f 1559 1903 1902
f 1559 1902 1560
f 1538 1904 1905
f 1904 1906 1905
f 1263 1904 1903
f 1538 1903 1904
f 1092 1904 1263
f 1906 1904 1092
f 1540 1907 1541
f 1908 1907 1540
f 1902 1537 1909
f 1546 1548 1910
f 1328 1329 1911
f 1544 1911 1329
f 1322 1911 1326
f 1328 1911 1322
f 1326 1911 1912
f 1906 1913 1905
f 1906 1092 1913
f 1914 1915 1916
f 1916 1915 1597
f 1913 1095 1915
f 1913 1915 1914
f 1097 1915 1095
f 1597 1915 1097
f 1538 1917 1539
f 1538 1905 1917
f 1918 1917 1914
f 1913 1917 1905
f 1914 1917 1913
f 1542 1539 1917
f 1919 1920 1921
f 1922 1923 1924
f 1868 1869 1925
f 1550 1926 1927
f 1927 1928 1550
f 1929 1550 1266
f 1550 1929 1926
f 1435 1930 1438
f 1266 1930 1929
f 1930 1435 1434
f 1931 1930 1434
f 1932 1933 1934
f 1551 1935 1554
f 1864 1554 1935
f 1272 1936 1928
f 1270 1268 1936
f 1270 1936 1272
f 1267 1936 1268
f 1550 1936 1267
f 1928 1936 1550
f 1927 1937 1928
f 1933 1937 1938
f 1938 1937 1927
f 1900 1939 1535
f 1900 1561 1939
f 1940 1608 1610
f 1941 1565 1120
f 1114 1941 986
f 1120 986 1941
f 1473 1941 1114
f 1575 1942 1116
f 976 1943 325
f 325 1943 1944
f 1567 1945 1277
f 1946 1945 1571
f 1571 1945 1567
f 1945 1946 1947
f 1945 1947 1277
f 1469 1948 1949
f 1950 1949 1948
f 1575 1949 1942
f 1951 1946 1952
f 1951 1952 1578
f 1578 1952 1570
f 1570 1952 1571
f 1571 1952 1946
f 1297 1299 1953
f 1580 1953 1299
f 1953 1148 1298
f 1297 1953 1298
f 1148 1953 1141
f 1296 1954 1134
f 1954 1581 1134
f 1227 1955 1228
f 1839 1955 1227
f 1839 1841 1955
f 1300 1956 1584
f 1956 1585 1584
f 1228 1956 1020
f 1956 1300 1020
f 1955 1956 1228
f 1956 1955 1585
f 1303 1957 441
f 1591 1957 1303
f 131 441 1957
f 252 131 1957
f 252 1957 419
f 419 1957 1593
f 1593 1957 1591
f 1596 1097 1958
f 1547 1958 1097
f 1546 1958 1547
f 1959 1113 1156
f 1113 1959 1596
f 1597 1959 1916
f 1596 1959 1597
f 576 575 421
f 419 575 576
f 421 575 1309
f 419 1309 575
f 1593 1304 1960
f 1960 1598 1593
f 1304 1157 1960
f 1590 1960 1157
f 1598 1960 1590
f 1309 1961 1149
f 1149 1961 1150
f 1599 1962 244
f 1599 1154 1962
f 244 1962 581
f 581 1962 422
f 1963 1964 1309
f 1600 1963 1309
f 1601 1312 1965
f 1601 1965 1154
f 1962 1154 1965
f 1962 1965 422
f 1966 1319 1320
f 1319 1966 1030
f 1161 1030 1966
f 1967 1161 1966
f 1616 580 817
f 817 580 1323
f 1323 580 1324
f 556 581 122
f 556 122 403
f 581 422 122
f 1606 547 1616
f 1606 546 547
f 1616 547 580
f 580 547 1324
f 1607 1324 547
f 1607 547 546
f 674 792 1168
f 1606 674 1168
f 792 674 76
f 1166 76 674
f 556 578 546
f 546 1968 1607
f 1968 578 1969
f 578 1968 546
f 1607 1968 1330
f 1330 1968 1970
f 1970 1968 1969
f 1325 1164 1971
f 1608 1971 1164
f 1093 1972 1094
f 1973 1974 1975
f 1615 1974 1331
f 1610 1974 1973
f 1331 1974 1609
f 1609 1974 1610
f 1611 1536 1976
f 817 777 1616
f 777 577 1616
f 817 1110 777
f 577 777 1110
f 486 487 491
f 485 487 486
f 339 491 487
f 1617 177 1470
f 1470 177 484
f 177 485 980
f 177 487 485
f 487 177 1617
f 335 633 1831
f 357 310 312
f 958 311 312
f 310 958 312
f 1176 1977 1177
f 1177 1977 1619
f 1619 1978 1337
f 1337 1978 1335
f 1336 1335 1978
f 1619 1979 1978
f 1980 1981 1982
f 1620 1981 1621
f 1621 1981 1801
f 1801 1981 1980
f 1623 1335 1983
f 1178 1032 1983
f 1178 1983 1335
f 248 1983 1032
f 582 1983 248
f 1624 1984 1625
f 1625 1984 1985
f 1354 1986 1346
f 1628 1627 1987
f 1628 1987 1629
f 1288 1988 1368
f 1628 1988 1288
f 1368 1988 1370
f 1988 1425 1370
f 1629 1625 1989
f 1629 1989 1630
f 1985 1989 1625
f 1630 1989 1985
f 1630 1985 1990
f 1986 1990 1985
f 1354 1649 1990
f 1986 1354 1990
f 1991 1341 1627
f 1632 1991 1627
f 1287 954 1992
f 1992 1632 1287
f 1341 1993 954
f 1992 954 1993
f 1992 1993 1632
f 1811 1994 1919
f 1995 1996 1997
f 1998 1995 1997
f 1635 1999 1636
f 1639 1634 2000
f 1752 2000 1036
f 2000 1752 1639
f 1635 2001 1999
f 1641 1634 2002
f 1639 2002 1634
f 1352 2003 1644
f 1644 2003 1414
f 1646 2003 1352
f 1645 1357 2004
f 1642 2004 1357
f 1642 1641 2004
f 1641 1640 2004
f 1637 2004 1640
f 1645 2004 1356
f 1646 1356 2005
f 2003 1646 2005
f 1637 2005 2004
f 2004 2005 1356
f 1413 2005 1637
f 1647 2005 1413
f 1647 1414 2005
f 2003 2005 1414
f 1654 1653 2006
f 2007 2006 1653
f 1652 1359 2006
f 1654 2006 1359
f 1665 1660 2008
f 1665 2008 1664
f 1662 2008 1660
f 2008 1662 1664
f 1667 1798 2009
f 2009 1755 1041
f 1042 2009 1041
f 1667 2009 1042
f 1659 2010 1662
f 1662 2010 1663
f 1667 2010 1366
f 1663 2010 1667
f 2011 1669 1362
f 1362 1184 2011
f 1365 2011 1184
f 1365 1366 2011
f 1376 2012 1033
f 2012 1672 1033
f 1376 1377 2012
f 1672 2012 1377
f 1676 1678 2013
f 2013 1677 1676
f 1675 2014 1383
f 1677 2014 1675
f 2015 2014 1677
f 1380 2016 1374
f 1374 2016 1681
f 1681 2016 1380
f 1379 2017 1189
f 1189 2017 1675
f 1675 2017 1676
f 1679 1676 2017
f 1372 2018 1373
f 1671 1373 2018
f 1374 2018 1372
f 1681 2018 1374
f 1679 2019 1680
f 1144 2020 1358
f 1651 2020 1144
f 1652 2021 1651
f 2021 1379 1358
f 2022 2023 1380
f 1682 1380 2023
f 2024 2023 2022
f 1682 2023 2024
f 1380 1375 2025
f 1683 2025 1375
f 1380 2025 2022
f 2025 1683 1685
f 1383 2026 1381
f 1684 2027 1190
f 1381 2027 1684
f 1190 2027 1188
f 1381 1188 2027
f 2028 2029 2030
f 2031 2029 2028
f 2032 2033 2030
f 2033 2034 2030
f 2033 1687 2035
f 2034 2033 2035
f 2036 2037 2038
f 2039 2040 2041
f 1691 1064 2042
f 1691 2042 1692
f 2043 2044 2045
f 2046 2047 2048
f 2044 2047 2046
f 1689 2049 1690
f 2042 1064 2050
f 2042 2050 2045
f 1690 2050 972
f 2045 2050 2043
f 2050 1690 2043
f 1063 2050 1064
f 1063 972 2050
f 1694 1428 2051
f 1203 1051 2051
f 1209 2051 1051
f 1694 2051 1209
f 2051 2052 1203
f 2052 2051 1428
f 2037 2053 2038
f 2054 2055 2056
f 2053 2055 2054
f 2053 2039 2055
f 1462 1218 2057
f 2058 1704 1419
f 1724 2058 2059
f 1706 1718 2060
f 1708 2060 1718
f 1708 1707 2060
f 1712 2060 1707
f 1713 2061 1701
f 1739 1701 2061
f 1739 2061 2062
f 1713 2063 2061
f 2064 1717 1390
f 2065 2064 1390
f 1716 2066 1418
f 2066 1716 1717
f 1418 2066 1043
f 1043 2066 1717
f 2067 2068 2059
f 2068 1724 2059
f 1726 2069 1718
f 1719 1718 2069
f 2069 2070 1725
f 2070 2069 1726
f 1723 1725 2070
f 1727 1723 2070
f 2071 1722 1721
f 1727 2071 1721
f 1722 2071 1391
f 1196 2072 1395
f 1395 2072 1727
f 2071 2072 2062
f 1727 2072 2071
f 1730 1732 2073
f 2074 2075 2076
f 1702 1699 2077
f 1702 2077 2078
f 2077 2076 2078
f 2079 1737 1197
f 2079 1738 1737
f 1199 2079 1197
f 1398 2079 1199
f 1401 2080 1199
f 1741 2080 1401
f 1398 1199 2080
f 1741 1398 2080
f 1740 1399 2081
f 1741 2081 1399
f 1740 2081 1402
f 2081 1741 1402
f 2082 2083 2084
f 1745 2083 2082
f 2083 1730 2084
f 2083 1742 1730
f 1745 2085 1733
f 1745 2082 2085
f 2086 2087 2088
f 2088 2087 1747
f 1747 2087 2089
f 1406 2090 1746
f 1405 2090 1406
f 2086 2091 2092
f 2086 2088 2091
f 2093 2094 2095
f 2096 2094 2093
f 1793 2097 1792
f 1792 2097 1423
f 1790 2097 1791
f 2097 1790 1423
f 1411 2098 1412
f 2099 2098 1411
f 1441 2100 1439
f 1440 2101 1441
f 2102 2101 1440
f 1758 2103 1760
f 2104 2103 2105
f 2105 2106 2104
f 2107 2106 1542
f 1542 2106 1540
f 2105 1540 2106
f 1305 2108 1023
f 1763 1023 2108
f 1305 1304 2108
f 1593 2108 1304
f 1308 1307 2109
f 1308 2109 2110
f 1158 2109 1307
f 1602 2109 1158
f 1602 1314 2109
f 2110 2109 1314
f 2111 2112 2113
f 2112 1767 2113
f 2114 2112 2111
f 1769 2115 1766
f 2115 1769 1764
f 2116 2117 1776
f 1780 1719 2118
f 2068 2067 2118
f 1781 2118 2067
f 1780 2118 1781
f 2069 2118 1719
f 2119 1711 1709
f 1163 2119 1162
f 1711 2119 1163
f 2120 2110 1314
f 1782 2120 1027
f 2120 1028 1027
f 2120 1314 1028
f 1419 1421 2121
f 2121 2122 2059
f 2058 2121 2059
f 1419 2121 2058
f 1783 2123 2124
f 1785 2125 1787
f 1787 2125 1422
f 1422 2125 1417
f 1785 1715 2125
f 1786 2126 2127
f 1751 2126 1034
f 2127 2126 1751
f 1422 1034 2126
f 1422 2126 1786
f 2103 2104 2128
f 2128 2129 1760
f 2103 2128 1760
f 2128 2104 2130
f 2106 2130 2104
f 2130 2106 1788
f 2107 1773 2131
f 1788 2131 1773
f 2107 2131 2106
f 2106 2131 1788
f 1776 2132 1777
f 2117 2132 1776
f 2133 2134 2092
f 2135 2136 2133
f 2137 2136 2135
f 2134 2133 2136
f 2133 2092 2138
f 2133 2138 2129
f 1792 1423 2139
f 1423 1420 2139
f 2139 1785 1787
f 1785 2139 1420
f 1643 1349 2140
f 1416 2140 1349
f 1795 2140 1416
f 2140 2141 1797
f 1350 2140 1797
f 1643 2140 1350
f 1667 2142 1798
f 2142 1799 1798
f 2141 2142 2143
f 1799 2142 2141
f 2144 1364 1184
f 1364 2144 2143
f 1183 2144 1184
f 1797 2144 1183
f 2141 2144 1797
f 2143 2144 2141
f 1800 2145 1202
f 1404 2145 1403
f 1731 1403 2145
f 1800 1731 2145
f 1427 2145 1404
f 2145 1427 1202
f 1801 2146 1732
f 2147 2146 1980
f 2146 1801 1980
f 1977 2148 2149
f 1204 2148 597
f 65 597 2148
f 292 65 2148
f 1977 1176 2148
f 292 2148 64
f 64 2148 1176
f 1979 2150 1620
f 1981 2150 1982
f 2150 1981 1620
f 2151 2152 1982
f 2150 2151 1982
f 2153 1428 1430
f 2153 2052 1428
f 2154 2153 1430
f 2154 2152 2153
f 1203 2155 1204
f 2052 2155 1203
f 2155 2148 1204
f 2148 2155 2149
f 1712 1386 2156
f 1802 2156 1386
f 1803 2156 1802
f 2157 2158 1605
f 2158 1604 1605
f 1604 2158 1321
f 1432 2159 2157
f 1161 2159 1432
f 2157 2159 2158
f 1967 2159 1161
f 1321 2159 1320
f 2158 2159 1321
f 2159 1966 1320
f 1966 2159 1967
f 2160 2161 1340
f 1603 1340 2161
f 425 2161 1605
f 425 1603 2161
f 1605 2162 2157
f 2157 2162 1432
f 2161 2162 1605
f 2161 2160 2162
f 1804 1432 2162
f 1804 2162 1388
f 2160 1388 2162
f 1388 2163 1433
f 2160 2163 1388
f 1206 2163 1171
f 1433 2163 1206
f 1171 2163 1181
f 1181 2163 1340
f 1340 2163 2160
f 2164 1266 1268
f 1549 2164 1268
f 1555 2165 1271
f 2165 1555 1101
f 1439 2166 1440
f 1806 2166 1439
f 1810 2167 1811
f 1450 2168 1815
f 1451 2168 1450
f 1815 2168 1066
f 2168 1451 1066
f 1821 2169 1818
f 1820 2169 1821
f 1818 2169 1453
f 1820 1453 2169
f 1822 2170 1821
f 1822 1186 2170
f 1382 2170 1188
f 1188 2170 1186
f 2171 1454 1453
f 1823 2171 1453
f 2171 1211 1007
f 1454 2171 1007
f 1823 1819 2172
f 2172 2173 1823
f 1468 2174 2175
f 2172 2174 2173
f 1819 1821 2174
f 2172 1819 2174
f 1824 2176 1825
f 1214 2176 1057
f 1057 2176 1824
f 1214 1213 2176
f 1826 2177 1689
f 2177 2049 1689
f 2057 2178 1696
f 1696 2178 1384
f 1826 1384 2178
f 2048 2179 2038
f 2038 2179 2036
f 1948 2180 1950
f 1469 1222 2180
f 1469 2180 1948
f 2181 487 1828
f 177 980 2182
f 177 2182 484
f 2183 2184 325
f 1467 2185 1461
f 1829 2185 1467
f 2186 1502 1498
f 2187 2186 1498
f 1832 2186 2188
f 2189 2190 2191
f 2189 2191 1872
f 1587 2191 2190
f 2192 2193 1584
f 1301 2194 1146
f 1241 1146 2194
f 1282 2194 1301
f 1471 2194 1282
f 2193 2195 1584
f 1584 2195 1300
f 2194 1471 2195
f 2194 2195 2193
f 1300 2195 1145
f 1471 1145 2195
f 1836 2196 1834
f 2191 2196 1836
f 1587 2196 2191
f 2196 1587 1588
f 1834 2196 1588
f 1837 2197 2188
f 1832 2197 1833
f 2188 2197 1832
f 2198 1837 1835
f 1834 2198 1835
f 2199 2198 1834
f 1477 2198 1475
f 1837 2200 1836
f 2200 1837 2188
f 2187 1836 2200
f 2186 2200 2188
f 2186 2187 2200
f 1838 2201 1477
f 2202 2201 2203
f 2203 2201 1565
f 1565 2201 1566
f 1569 2204 1838
f 1569 1567 2204
f 2201 2204 1566
f 1838 2204 2201
f 1566 2204 1276
f 1567 1276 2204
f 1226 2205 991
f 2205 1474 991
f 2197 1837 2206
f 1840 2207 1841
f 1475 2207 1476
f 2198 2207 1475
f 2198 2199 2207
f 1013 2208 1839
f 1839 2208 1840
f 1274 2208 1013
f 1572 2208 1274
f 1840 2208 1572
f 2209 2210 1842
f 1480 2209 1279
f 2209 1842 1279
f 2210 2211 1842
f 1842 2211 1125
f 1182 2211 1342
f 2211 1182 1125
f 1848 2212 1845
f 2212 1843 1845
f 325 2212 1848
f 1071 2212 325
f 1843 2212 1071
f 1852 2213 1479
f 1489 2213 1852
f 1490 2214 1493
f 1852 2214 1490
f 1244 1243 2215
f 1853 1244 2215
f 1846 2215 1243
f 1853 2215 1856
f 2216 1858 2217
f 2218 2216 2217
f 1858 2216 1483
f 1552 2219 1553
f 2220 2219 1552
f 1552 1860 2221
f 1552 2221 2220
f 1086 2222 1087
f 1862 2222 325
f 1086 1084 2222
f 325 2222 1084
f 1082 2223 1530
f 1896 2224 1866
f 2225 1866 2224
f 1893 2224 1896
f 2223 2224 1893
f 1082 2224 2223
f 2225 2226 1866
f 1866 2226 1867
f 1496 2226 1869
f 1867 2226 1496
f 1273 1497 2227
f 1868 2227 1497
f 1273 2227 1107
f 1872 2228 2189
f 2189 2228 2229
f 1873 1241 2230
f 2194 2230 1241
f 2230 2194 2193
f 1858 1493 2231
f 1858 2231 2217
f 2214 1852 2232
f 1505 2233 1874
f 1505 1128 2233
f 1127 2233 1128
f 1507 2234 1508
f 1508 2234 1877
f 2234 1507 1506
f 1877 2234 1506
f 1509 1508 2235
f 1878 2235 1508
f 1509 2235 1246
f 1879 1246 2235
f 1511 2235 1878
f 1879 2235 1511
f 1882 2236 1519
f 1887 2236 1851
f 2236 1887 1519
f 1849 1851 2236
f 1849 2236 1521
f 1255 2237 1523
f 2237 1889 1523
f 1255 1106 2237
f 1106 1108 2237
f 1889 2237 1108
f 2238 1891 1525
f 2238 1257 1108
f 1257 2238 1525
f 1107 2238 1108
f 1890 2239 1434
f 1931 1434 2239
f 2239 1890 1891
f 1892 2240 1083
f 1527 1083 2240
f 1528 1527 2240
f 1528 2240 1260
f 2240 1892 1260
f 1892 2241 1260
f 1894 2241 1893
f 1531 2242 1533
f 1894 1533 2242
f 1262 2242 1091
f 1531 1091 2242
f 2242 1262 1089
f 2241 1894 2242
f 1562 2243 1563
f 1899 2243 1562
f 1898 2244 1899
f 1903 2244 1263
f 2244 2243 1899
f 1559 2244 1903
f 2243 2244 1563
f 2244 1559 1558
f 2244 1558 1563
f 2245 1972 1093
f 1900 1534 2245
f 1900 2245 1901
f 1562 2246 1898
f 1901 2246 1562
f 2244 1898 2246
f 1263 2246 1901
f 2244 2246 1263
f 2102 1440 2247
f 1907 2247 1440
f 2102 2247 2248
f 2248 2247 1908
f 2247 1907 1908
f 1910 1548 2249
f 1910 2249 1264
f 1264 2249 1096
f 1265 2249 1548
f 1265 1096 2249
f 1910 1264 2250
f 2250 1544 1543
f 2250 1543 1546
f 1910 2250 1546
f 1976 2251 1611
f 2252 2251 1912
f 1545 2253 1264
f 2253 1545 1098
f 1095 2253 1098
f 2254 2253 1095
f 2255 1761 1773
f 2107 2255 1773
f 1918 2255 2107
f 1914 1916 2256
f 1918 1914 2256
f 2256 1959 1156
f 1959 2256 1916
f 2107 1542 2257
f 1917 2257 1542
f 1918 2107 2257
f 2257 1917 1918
f 1920 2258 1921
f 2259 1920 1919
f 1994 2259 1919
f 1923 2260 2261
f 1923 1922 2260
f 2262 2263 2264
f 2239 1891 2265
f 2263 2266 1925
f 1925 2266 1868
f 1868 2266 2227
f 1927 1926 2267
f 1938 2267 2262
f 1927 2267 1938
f 1930 1931 2268
f 1930 2268 1929
f 2221 2269 2220
f 1934 2270 1551
f 1551 2270 1935
f 1556 1272 2271
f 1928 2271 1272
f 1937 2271 1928
f 1932 2272 1933
f 2272 1937 1933
f 1937 2272 2271
f 1561 1558 2273
f 1535 2274 1536
f 1939 2274 1535
f 325 2275 2276
f 968 2275 325
f 1565 2277 2203
f 1941 2277 1565
f 1941 1473 2277
f 2277 2202 2203
f 2202 2277 2205
f 1474 2277 1473
f 2205 2277 1474
f 1578 1116 2278
f 1942 2278 1116
f 1578 2278 1951
f 1949 2278 1942
f 1577 2279 1119
f 1943 2280 1944
f 2281 2282 1951
f 1947 2282 2281
f 1951 2282 1946
f 1947 1946 2282
f 2283 1577 1277
f 1947 2283 1277
f 1949 1950 2284
f 2278 1949 2284
f 959 2285 951
f 1221 2285 959
f 1118 951 2285
f 1458 1118 2285
f 1458 2285 1575
f 1284 2286 1580
f 2286 1953 1580
f 1953 2286 1141
f 1585 2287 1588
f 1955 2287 1585
f 1834 1588 2287
f 1834 2287 2199
f 2287 1955 1841
f 2207 2199 2287
f 2207 2287 1841
f 1594 2288 1969
f 2288 1970 1969
f 1596 2289 1595
f 1958 2289 1596
f 1546 2290 1958
f 1964 2291 1309
f 2291 1961 1309
f 1963 1600 2292
f 1963 2292 1964
f 2291 1964 2292
f 1961 2292 1150
f 2291 2292 1961
f 1594 2293 1002
f 2293 2294 1002
f 2295 1312 1022
f 1002 2295 1022
f 2294 2295 1002
f 1965 1312 2296
f 403 2296 1312
f 122 2296 403
f 1965 2296 422
f 122 422 2296
f 1606 206 205
f 205 674 1606
f 206 1166 205
f 674 205 1166
f 556 1969 694
f 578 694 1969
f 556 694 578
f 1611 2297 1534
f 2245 1534 2297
f 2245 2297 1972
f 2251 2297 1611
f 2251 1972 2297
f 2298 2254 1095
f 1913 2298 1095
f 1913 1092 2298
f 2299 1973 1975
f 2300 2299 2301
f 1974 2302 1975
f 1976 1975 2302
f 1615 2302 1974
f 2251 1976 2302
f 2302 1615 1326
f 2251 2302 1912
f 1912 2302 1326
f 1617 795 726
f 487 1617 726
f 1828 726 795
f 357 491 2303
f 633 357 2303
f 340 2303 491
f 633 2303 340
f 633 358 357
f 357 358 977
f 977 358 978
f 501 978 358
f 500 633 340
f 633 500 1831
f 357 2304 311
f 312 311 2304
f 312 2304 357
f 1619 2305 1979
f 1977 2305 1619
f 2150 1979 2305
f 2149 2305 1977
f 2151 2305 2149
f 2151 2150 2305
f 1978 1979 2306
f 1620 2306 1979
f 1620 1426 2306
f 1426 1046 2306
f 1336 2306 1046
f 1978 2306 1336
f 1623 2307 582
f 2307 1983 582
f 1983 2307 1623
f 1985 2308 1986
f 1987 1627 2309
f 1987 2309 1629
f 1631 2309 1627
f 2309 1631 1629
f 1990 2310 1630
f 1988 2310 1425
f 1425 2310 1649
f 1990 1649 2310
f 1630 2310 1628
f 1988 1628 2310
f 1991 2311 1341
f 1341 2311 1993
f 1991 1632 2311
f 1993 2311 1632
f 2312 2099 1411
f 1998 1636 2313
f 2313 1999 1921
f 1999 2313 1636
f 2258 2313 1921
f 1921 2314 1919
f 1999 2314 1921
f 1919 2314 1811
f 2001 2314 1999
f 1811 2314 1809
f 2001 1809 2314
f 1633 2315 1634
f 2316 1347 1345
f 1636 2316 1345
f 1998 2316 1636
f 1347 2317 1633
f 2316 2317 1347
f 2317 2315 1633
f 1638 1641 2318
f 2002 2318 1641
f 1638 2318 1639
f 1639 2318 2002
f 1795 2319 1798
f 2319 2009 1798
f 2009 2319 1755
f 1753 2319 1795
f 1755 2319 1756
f 1756 2319 1753
f 2011 1366 2320
f 2010 2320 1366
f 2320 2010 1659
f 2013 1678 2321
f 2321 2322 2013
f 2323 2322 2324
f 2325 2326 2327
f 2018 2328 1671
f 1671 2328 1363
f 2328 1653 1655
f 1363 2328 1655
f 2019 2007 2329
f 2019 2329 1680
f 1680 2329 1682
f 1682 2329 1681
f 2020 1651 2330
f 2021 2330 1651
f 2020 2330 1358
f 1358 2330 2021
f 2007 2331 2006
f 2019 2331 2007
f 2006 2331 1652
f 2331 2021 1652
f 2026 2332 1381
f 2026 2333 2332
f 1381 2332 1382
f 2333 1382 2332
f 2334 2026 1383
f 2024 2335 2336
f 2337 2335 2024
f 2335 2338 2336
f 2338 2335 2337
f 2024 2022 2339
f 2024 2339 2337
f 1216 2340 1217
f 1217 2341 1218
f 2032 2030 2342
f 2029 2342 2030
f 2343 2338 2337
f 2339 2343 2337
f 2339 2022 2343
f 2025 2343 2022
f 2025 1685 2343
f 2034 2344 2030
f 2030 2344 2028
f 2344 2345 2028
f 2346 2347 2348
f 2031 2347 2029
f 2029 2347 2346
f 2349 2029 2323
f 2029 2349 2350
f 2324 2349 2323
f 2350 2349 2324
f 2029 2351 2323
f 2351 2029 2346
f 2323 2351 2348
f 2346 2348 2351
f 2033 2032 2352
f 2342 2352 2032
f 2352 2342 2338
f 2033 2352 1687
f 1685 1687 2352
f 2343 1685 2352
f 2343 2352 2338
f 2353 2354 2355
f 2356 2353 2355
f 2357 2358 2359
f 2354 2358 2040
f 2353 2358 2354
f 2353 2359 2358
f 2354 2360 2355
f 2361 2362 2036
f 2040 2362 2354
f 2360 2354 2362
f 2360 2362 2361
f 2362 2037 2036
f 2040 2363 2041
f 2364 2363 2357
f 2041 2363 2364
f 2357 2363 2358
f 2358 2363 2040
f 2365 1668 1042
f 2074 1400 2366
f 1734 2366 1400
f 2075 2367 2368
f 2075 2074 2367
f 2369 2368 2367
f 2369 2367 2370
f 2371 1688 2372
f 1392 2373 1390
f 2065 1390 2373
f 2042 2374 1692
f 2044 2375 2045
f 2045 2375 2042
f 1690 2376 2043
f 2049 2376 1690
f 2053 2054 2377
f 2046 2377 2378
f 2378 2377 2054
f 2377 2046 2048
f 2038 2377 2048
f 2053 2377 2038
f 2055 2379 2056
f 2380 2381 2382
f 2382 2381 2383
f 2384 2385 2386
f 2386 2383 2035
f 1687 2386 2035
f 2384 2386 1686
f 1686 2386 1687
f 2387 2388 2385
f 2383 2388 2382
f 1462 2389 1054
f 2057 2389 1462
f 1696 1054 2389
f 2057 1696 2389
f 2058 1724 2390
f 1724 1723 2390
f 1704 2390 1705
f 2058 2390 1704
f 1723 1721 2390
f 1705 2390 1721
f 1712 2391 2060
f 2156 2391 1712
f 1706 2391 1385
f 2060 2391 1706
f 2064 2065 2392
f 1717 2392 1043
f 2064 2392 1717
f 1043 2392 1042
f 2365 1042 2392
f 1726 1395 2393
f 2393 2070 1726
f 1727 2393 1395
f 2070 2393 1727
f 1391 2394 1389
f 2071 2394 1391
f 2394 2061 2063
f 2061 2394 2062
f 2394 2071 2062
f 1714 2394 2063
f 1389 2394 1714
f 2395 1728 1396
f 1728 2395 1196
f 2072 1196 2395
f 1737 1739 2395
f 2062 2395 1739
f 2072 2395 2062
f 1396 1192 2395
f 1737 2395 1192
f 2147 2396 2397
f 2397 2396 2398
f 2399 2396 2147
f 2073 1732 2400
f 2146 2400 1732
f 2400 2146 2401
f 1730 2402 2084
f 2073 2402 1730
f 2082 2084 2402
f 2082 2402 2073
f 2382 2403 2404
f 2403 2388 2387
f 2388 2403 2382
f 2403 2405 2404
f 2400 2406 2073
f 2073 2406 2082
f 2076 2407 2078
f 2075 2407 2076
f 2079 2408 1738
f 1738 2408 1699
f 2077 1699 2408
f 2077 2408 2076
f 1743 2409 1745
f 1742 2409 1743
f 2372 2410 2411
f 2090 2412 1746
f 2413 2412 2090
f 2412 1747 1746
f 1747 2412 2088
f 2414 2415 2090
f 2091 2416 2092
f 2416 2138 2092
f 2091 2417 2413
f 2412 2413 2417
f 2417 2091 2088
f 2412 2417 2088
f 2096 2418 2127
f 2096 2093 2418
f 2127 2418 1786
f 1751 2419 2127
f 1750 2419 1751
f 1750 1410 2419
f 2095 2420 2089
f 2094 2420 2095
f 2096 1410 2421
f 2094 2096 2421
f 2420 2094 2421
f 2420 2421 2089
f 2421 1747 2089
f 1409 2421 1410
f 1747 2421 1409
f 2422 2423 2414
f 2416 2091 2423
f 1412 2424 1748
f 2098 2424 1412
f 2425 2426 1441
f 1441 2426 2100
f 2100 2427 1439
f 1806 1439 2427
f 1807 1806 2427
f 2425 1441 2428
f 2101 2428 1441
f 2102 2248 2428
f 2101 2102 2428
f 2103 2429 2105
f 2429 1908 1540
f 2105 2429 1540
f 2137 2135 2430
f 1790 2431 1421
f 1789 2431 1790
f 2121 1421 2431
f 2121 2431 2122
f 1767 1766 2432
f 2432 2433 2434
f 1593 1592 2435
f 1593 2435 2108
f 2110 1765 2435
f 1763 2435 1765
f 2108 2435 1763
f 1308 2435 1592
f 2110 2435 1308
f 2436 1764 1765
f 2436 2115 1764
f 2115 2436 2437
f 2112 2114 2438
f 1768 2438 1771
f 1767 2438 1768
f 2112 2438 1767
f 2116 2438 2114
f 1771 2438 1776
f 1776 2438 2116
f 2439 2118 2069
f 2069 1725 2439
f 2118 2439 2068
f 1724 2439 1725
f 2068 2439 1724
f 1162 2440 1782
f 2119 2440 1162
f 2441 2067 2059
f 2122 2441 2059
f 2067 2441 1781
f 1417 2442 1418
f 2125 2442 1417
f 1418 2442 1715
f 2442 2125 1715
f 2130 1788 2443
f 1774 1777 2443
f 1788 1774 2443
f 2093 2095 2444
f 2445 2093 2444
f 2444 2136 2445
f 2136 2444 2134
f 2087 2086 2444
f 2086 2092 2444
f 2134 2444 2092
f 2089 2444 2095
f 2087 2444 2089
f 2128 2446 2129
f 2130 2446 2128
f 2443 2446 2130
f 2443 1777 2446
f 2136 2137 2447
f 1791 2447 1789
f 2445 2447 1791
f 2136 2447 2445
f 2448 1789 2447
f 2137 2448 2447
f 2449 2139 1787
f 2139 2449 1792
f 1786 2449 1787
f 1792 2449 1786
f 2141 2450 1799
f 2140 2450 2141
f 1799 2450 1795
f 1795 2450 2140
f 2143 2451 1364
f 2142 2451 2143
f 1667 1364 2451
f 2451 2142 1667
f 2146 2452 2401
f 2397 2452 2147
f 2452 2146 2147
f 2399 2147 2453
f 1980 2453 2147
f 1982 2453 1980
f 2152 2453 1982
f 2154 2453 2152
f 2399 2453 2154
f 2153 2454 2052
f 2454 2155 2052
f 2153 2152 2454
f 2151 2454 2152
f 2151 2149 2454
f 2155 2454 2149
f 1803 1397 2455
f 2156 1803 2455
f 1397 1194 2455
f 2455 2391 2156
f 1385 2455 1194
f 2391 2455 1385
f 2456 1930 1266
f 2457 2456 1266
f 1930 2456 1438
f 1438 2456 1446
f 1808 2458 2459
f 2457 2459 2458
f 2164 1549 2460
f 2164 2460 1266
f 1266 2460 2457
f 2457 2460 2459
f 2166 2461 1909
f 1806 1808 2461
f 2166 1806 2461
f 2165 2462 1271
f 1271 2462 1270
f 2165 1101 2463
f 1100 2463 1101
f 1560 2463 1100
f 2464 1907 1440
f 2166 2464 1440
f 1907 2464 1541
f 2166 1909 2464
f 1541 2464 1537
f 1909 1537 2464
f 1822 2465 1456
f 2466 2465 1822
f 1583 1456 2465
f 1583 2465 1296
f 1296 2465 2466
f 2170 2467 1821
f 2467 2174 1821
f 2174 2467 2175
f 1382 2467 2170
f 1213 2468 1823
f 2171 1823 2468
f 2171 2468 1211
f 2468 1213 1006
f 1005 2468 1006
f 1005 1004 2468
f 1211 2468 1004
f 1825 2469 1468
f 1468 2469 2174
f 2174 2469 1213
f 2469 2176 1213
f 2176 2469 1825
f 2470 2174 1213
f 2174 2470 2173
f 1823 2470 1213
f 2173 2470 1823
f 2175 2471 1468
f 2325 1466 2471
f 2326 2471 2175
f 2325 2471 2326
f 1467 2471 1466
f 1467 1468 2471
f 2325 2472 1466
f 2340 2472 2473
f 1466 2472 1216
f 1216 2472 2340
f 2177 1826 2474
f 2178 2474 1826
f 2361 2036 2475
f 2179 2475 2036
f 2476 2477 2478
f 1827 2479 1222
f 2479 2180 1222
f 1831 2479 1465
f 2479 1827 1465
f 2181 1828 2480
f 339 337 491
f 487 342 339
f 2181 339 342
f 1829 971 2481
f 1829 2481 2185
f 1461 2481 971
f 2185 2481 1461
f 1832 2482 2186
f 1069 2482 1068
f 2482 1832 1068
f 1501 2482 1069
f 1501 1503 2482
f 1502 2482 1503
f 2186 2482 1502
f 2187 1498 2483
f 1871 2483 1498
f 2187 2483 1836
f 2483 2191 1836
f 1871 1872 2483
f 2191 2483 1872
f 2192 2484 2229
f 2229 2484 2189
f 2189 2484 2190
f 1587 2484 1586
f 2484 1587 2190
f 2484 1584 1586
f 1584 2484 2192
f 2201 2485 1477
f 2485 2201 2202
f 2205 1226 2486
f 2205 2486 2202
f 2485 2202 2486
f 2485 2486 2206
f 1223 1833 2486
f 1223 2486 1226
f 2197 2486 1833
f 2206 2486 2197
f 2198 2487 1837
f 2206 1837 2487
f 2198 1477 2487
f 2485 2487 1477
f 2487 2485 2206
f 2207 2488 1476
f 2207 1840 2488
f 1476 2488 1568
f 2488 1572 1568
f 1572 2488 1840
f 2489 1234 1072
f 2489 2490 1234
f 1074 2489 1072
f 2215 2491 1856
f 2215 1846 2491
f 1856 2491 1888
f 1888 2491 1846
f 2218 2492 1857
f 1853 2492 1854
f 1853 1857 2492
f 1854 2492 2493
f 2493 2492 2218
f 1857 2494 2218
f 2494 2216 2218
f 2494 1855 1850
f 1855 2494 1857
f 2494 1850 1483
f 2216 2494 1483
f 1863 2495 1554
f 2495 1552 1554
f 2495 2496 1552
f 1865 2497 1527
f 1865 1087 2497
f 1082 2498 2224
f 1081 2498 1082
f 2226 2499 1869
f 1935 2499 1864
f 2229 2500 2501
f 2228 2500 2229
f 2192 2502 2193
f 2502 2230 2193
f 2192 2229 2502
f 2501 2502 2229
f 1873 2502 2501
f 2230 2502 1873
f 1870 2503 1499
f 2493 2503 1854
f 1499 2503 1500
f 2493 1500 2503
f 1244 1854 2503
f 2493 2504 1500
f 2228 2504 2505
f 2493 2218 2504
f 2505 2504 2217
f 2218 2217 2504
f 2501 2506 1873
f 1873 2506 2232
f 2231 1493 2506
f 2214 2506 1493
f 2232 2506 2214
f 1873 2507 1874
f 2232 2507 1873
f 1874 2507 1505
f 1505 2507 1481
f 1852 1481 2507
f 2232 1852 2507
f 1876 1874 2508
f 2233 2508 1874
f 1876 2508 1127
f 1127 2508 2233
f 2509 2236 1882
f 1255 1523 2509
f 1882 1255 2509
f 1521 2509 1523
f 2236 2509 1521
f 1260 2510 1089
f 2241 2510 1260
f 2510 2242 1089
f 2242 2510 2241
f 2241 2511 1893
f 2223 1893 2511
f 2223 2511 1530
f 2511 1529 1530
f 1529 2511 1892
f 2241 1892 2511
f 2245 2512 1901
f 1901 2512 1263
f 2250 1264 2513
f 2252 2513 1264
f 2250 2513 1544
f 2513 1911 1544
f 1911 2513 1912
f 2252 1912 2513
f 2253 2254 2514
f 2251 2514 1972
f 2298 2514 2254
f 2298 1972 2514
f 2256 2515 1918
f 2255 2515 1761
f 2255 1918 2515
f 1762 1761 2515
f 1762 2515 1156
f 2515 2256 1156
f 2258 2261 2516
f 1998 2516 1995
f 2313 2516 1998
f 2516 2313 2258
f 2259 2517 2518
f 2259 1994 2517
f 2519 2520 2517
f 2519 2517 1994
f 1922 2521 2522
f 2260 1922 2522
f 2260 2522 2261
f 2516 2261 2522
f 2523 1923 2261
f 2524 2523 2261
f 2524 2261 2525
f 2258 2525 2261
f 2525 2258 1920
f 2525 2526 2524
f 2524 2526 1757
f 1757 2527 2524
f 1757 1759 2527
f 2523 2527 2422
f 2527 2523 2524
f 2262 2528 2263
f 2528 2266 2263
f 2267 2528 2262
f 2268 1931 2529
f 2239 2529 1931
f 2265 2529 2239
f 1929 2529 1926
f 2268 2529 1929
f 2530 2531 2269
f 1553 2532 2533
f 2219 2532 1553
f 325 2534 1860
f 2535 2270 1934
f 1933 1938 2535
f 1934 1933 2535
f 2264 2263 2535
f 1925 2535 2263
f 2270 2535 1925
f 2262 2535 1938
f 2264 2535 2262
f 2273 2536 2537
f 2537 2536 1557
f 1558 1100 2536
f 2273 1558 2536
f 1099 2536 1100
f 1557 2536 1099
f 1939 1561 2538
f 2273 2538 1561
f 2273 2537 2538
f 2537 1557 2539
f 2540 2533 2541
f 2542 2533 2543
f 2542 2541 2533
f 2274 1939 2544
f 2274 2544 2301
f 2545 2544 2546
f 1971 2547 1325
f 2276 2548 2530
f 2548 2531 2530
f 2531 2548 2549
f 2275 2548 2276
f 2548 2547 2549
f 1943 976 2550
f 1122 2550 976
f 2280 1943 2550
f 2550 1122 1119
f 2279 2550 1119
f 1944 2551 325
f 2280 2551 1944
f 2552 2553 2281
f 2553 2554 2281
f 2281 2554 1947
f 2555 1949 1575
f 2285 2555 1575
f 1949 2555 1469
f 1469 2555 1221
f 2285 1221 2555
f 1284 1142 2556
f 2556 2286 1284
f 1139 2556 1142
f 1139 1141 2556
f 2286 2556 1141
f 2466 1822 2557
f 2466 2557 1296
f 1954 1296 2557
f 1954 2557 1581
f 2558 2557 2559
f 1291 2557 2558
f 1581 2557 1135
f 2557 1137 1135
f 1137 2557 1291
f 2559 2560 2558
f 2558 2560 1291
f 1817 1293 2560
f 2560 1292 1291
f 1292 2560 1293
f 1817 2560 1818
f 2559 1818 2560
f 2561 2288 1594
f 2561 1594 1595
f 2289 2561 1595
f 1543 2562 1546
f 2562 2290 1546
f 1958 2563 2289
f 2290 2563 1958
f 2563 2561 2289
f 2562 2563 2290
f 2561 2563 2288
f 2563 2562 1543
f 2288 2563 1970
f 1970 2563 1330
f 1330 2563 1329
f 1329 2563 1543
f 2292 1600 2564
f 1599 2564 1311
f 1600 1311 2564
f 1150 2564 1599
f 2292 2564 1150
f 2295 2294 2565
f 2293 2565 2294
f 2295 2565 1312
f 1594 1969 2565
f 2293 1594 2565
f 1312 2565 693
f 2565 556 693
f 556 2565 1969
f 1972 2566 1094
f 2298 2566 1972
f 1094 2566 1092
f 2298 1092 2566
f 1975 2567 2299
f 1976 1536 2567
f 1976 2567 1975
f 2274 2567 1536
f 2301 2567 2274
f 2299 2567 2301
f 2299 2300 2568
f 2568 1940 1610
f 1973 2568 1610
f 2299 2568 1973
f 487 794 1828
f 726 1828 794
f 726 794 487
f 633 335 81
f 81 358 633
f 358 81 501
f 501 81 1465
f 335 1465 81
f 2519 2569 2520
f 2570 2520 2569
f 2570 2569 1812
f 1812 2569 1813
f 1994 2571 2519
f 2571 1994 1811
f 2167 2571 1811
f 2569 2571 1813
f 2569 2519 2571
f 1810 1813 2571
f 2167 1810 2571
f 1995 2572 1996
f 2521 2572 1995
f 2099 2572 2521
f 2312 2572 2099
f 1036 2573 1034
f 1034 2573 1751
f 2574 2575 2316
f 2317 2316 2575
f 2317 2576 2315
f 2000 1634 2576
f 2315 2576 1634
f 2576 2575 2000
f 2575 2576 2317
f 2011 2577 1669
f 2320 2577 2011
f 1669 2577 1659
f 2577 2320 1659
f 2336 2578 2024
f 2321 2578 2336
f 2321 1678 2578
f 2024 2578 1682
f 1680 2578 1678
f 1682 2578 1680
f 2322 2579 2013
f 2015 1677 2579
f 2013 2579 1677
f 2580 2015 2579
f 2581 2323 2348
f 2581 2322 2323
f 2347 2581 2348
f 2579 2581 2580
f 2322 2581 2579
f 2014 2582 1383
f 2582 2334 1383
f 2328 2018 2583
f 2583 2329 2007
f 2007 1653 2583
f 2328 2583 1653
f 2018 1681 2583
f 2329 2583 1681
f 2331 2019 2584
f 2584 2017 1379
f 2021 2584 1379
f 2331 2584 2021
f 2017 2584 1679
f 2019 1679 2584
f 2026 2585 2333
f 2334 2585 2026
f 2333 2585 1382
f 2585 2334 1382
f 2586 1218 2587
f 2341 2587 1218
f 2321 2588 2322
f 2350 2324 2588
f 2322 2588 2324
f 2342 2588 2338
f 2338 2588 2336
f 2589 2590 2031
f 2589 2591 2592
f 2345 2593 2028
f 2028 2593 2031
f 2593 2589 2031
f 2589 2593 2591
f 2594 2595 2596
f 2597 2364 2357
f 2381 2380 2598
f 2383 2598 2035
f 2381 2598 2383
f 2344 2599 2345
f 2599 2600 2345
f 2601 2356 2355
f 2360 2601 2355
f 2361 2602 2360
f 2601 2602 2356
f 2601 2360 2602
f 2362 2603 2037
f 2053 2603 2039
f 2603 2053 2037
f 2040 2039 2603
f 2362 2040 2603
f 2365 2604 1668
f 2365 2384 2604
f 1668 2604 1664
f 1665 1664 2604
f 1665 2604 1666
f 2604 1686 1666
f 1686 2604 2384
f 2384 2605 2385
f 2606 2605 2384
f 2385 2605 2387
f 2387 2605 2606
f 2365 2607 2384
f 2384 2607 2606
f 2369 2370 2608
f 2609 2610 1394
f 2610 1688 1394
f 2366 2611 2074
f 2367 2074 2611
f 2612 2611 2366
f 2367 2611 2370
f 2612 2370 2611
f 2613 2374 2042
f 2375 2613 2042
f 2378 2614 2615
f 2378 2615 2046
f 2615 2044 2046
f 2044 2615 2375
f 2613 2375 2615
f 2378 2616 2614
f 2617 2616 2056
f 2054 2056 2616
f 2054 2616 2378
f 2376 2049 2618
f 2376 2618 2043
f 2043 2618 2044
f 2044 2618 2047
f 2619 2620 2614
f 2615 2614 2620
f 2619 1693 2620
f 1693 1692 2620
f 2374 2620 1692
f 2154 2621 2399
f 2056 2622 2617
f 2379 2622 2056
f 2622 2379 2623
f 1693 2624 1429
f 2055 2625 2379
f 2041 2625 2039
f 2055 2039 2625
f 2623 2626 2380
f 2379 2626 2623
f 2625 2626 2379
f 2388 2627 2385
f 2383 2627 2388
f 2386 2385 2627
f 2386 2627 2383
f 1688 2628 1392
f 1392 2628 2373
f 2373 2628 2065
f 2628 2392 2065
f 2404 2629 2630
f 2405 2629 2404
f 2085 2082 2631
f 2406 2631 2082
f 2408 2632 2076
f 2632 1398 1400
f 2632 2079 1398
f 2632 2408 2079
f 2074 2632 1400
f 2076 2632 2074
f 2083 1745 2633
f 2409 2633 1745
f 2083 2633 1742
f 2633 2409 1742
f 2085 2634 1733
f 2410 2634 2411
f 1760 2635 1759
f 2416 2635 2138
f 2129 2635 1760
f 2138 2635 2129
f 2418 2636 1786
f 1786 2636 1793
f 2636 2097 1793
f 2637 2096 2127
f 2419 2637 2127
f 2096 2637 1410
f 2419 1410 2637
f 2091 2413 2638
f 2423 2091 2638
f 2090 2638 2413
f 2415 2638 2090
f 2424 2639 1748
f 2640 2639 1924
f 1748 2639 2640
f 2424 2098 2639
f 1758 1757 2641
f 2526 2641 1757
f 2428 2248 2642
f 2103 1758 2642
f 2641 2642 1758
f 2642 2641 2428
f 2429 2103 2642
f 1908 2642 2248
f 2429 2642 1908
f 2430 2643 2114
f 2643 2430 2117
f 2116 2114 2643
f 2116 2643 2117
f 2111 2644 2114
f 2430 2114 2644
f 2111 2113 2644
f 2430 2644 2137
f 2137 2644 2448
f 2434 2644 2113
f 2430 2135 2645
f 2430 2645 2117
f 2117 2645 2132
f 2132 2645 1777
f 2446 1777 2645
f 2446 2645 2135
f 2448 2646 1789
f 2646 2431 1789
f 2123 2646 2124
f 2646 2123 2122
f 2431 2646 2122
f 2432 2647 1767
f 2647 2432 2434
f 1767 2647 2113
f 2113 2647 2434
f 2648 2115 2437
f 2115 2648 1766
f 2432 1766 2648
f 1765 2649 2436
f 2110 2649 1765
f 2120 2649 2110
f 2120 1782 2649
f 2436 2650 2437
f 2649 2650 2436
f 2440 2650 1782
f 2650 2649 1782
f 1780 1779 2651
f 1780 2651 1710
f 2123 2652 2122
f 2441 2122 2652
f 2652 2123 1783
f 1783 1781 2652
f 2441 2652 1781
f 2133 2129 2653
f 2446 2653 2129
f 2133 2653 2135
f 2653 2446 2135
f 2654 1442 1446
f 2456 2654 1446
f 2460 2655 2459
f 2165 2655 1549
f 2460 1549 2655
f 2463 2655 2165
f 2459 2655 1808
f 2461 1808 2655
f 2656 2165 1549
f 2165 2656 2462
f 1549 1270 2656
f 2462 2656 1270
f 2657 2326 2175
f 2467 2657 2175
f 2326 2657 2658
f 2334 2657 1382
f 1382 2657 2467
f 2327 2659 2325
f 2472 2660 2473
f 2325 2661 2472
f 2472 2661 2660
f 2057 2662 2178
f 2178 2662 2663
f 2664 2665 2666
f 2666 2665 2667
f 2665 2668 2669
f 2668 2665 2664
f 2670 2479 1831
f 338 2670 340
f 2670 338 491
f 2670 500 340
f 500 2670 1831
f 2671 2672 2552
f 1950 2672 2671
f 2181 67 487
f 487 67 342
f 342 67 2181
f 2673 2674 325
f 962 2674 2673
f 326 325 2674
f 962 326 2674
f 2675 2676 2677
f 2677 2676 2678
f 2183 2679 2184
f 2680 2679 2183
f 2184 2679 325
f 2001 2681 1809
f 1810 2682 1813
f 1813 2683 1444
f 1445 1444 2683
f 2682 2683 1813
f 2684 2683 2682
f 2685 1984 1624
f 2308 2685 2686
f 1984 2685 1985
f 2685 2308 1985
f 2495 2687 2496
f 2497 2496 2687
f 2495 1863 2687
f 2687 2498 1081
f 2498 2687 1863
f 1526 2687 1081
f 1526 1527 2687
f 2497 2687 1527
f 2497 2688 2496
f 2496 2688 1552
f 2688 1861 1552
f 1861 2688 1862
f 2222 2689 1087
f 2497 1087 2689
f 2688 2497 2689
f 2689 2222 1862
f 2688 2689 1862
f 2224 2690 2225
f 2498 2690 2224
f 2225 2690 1863
f 2498 1863 2690
f 2691 2226 2225
f 2691 2499 2226
f 2499 2691 1864
f 1864 2691 1863
f 1863 2691 2225
f 2270 2692 1935
f 1935 2692 2499
f 2499 2692 1869
f 1925 1869 2692
f 2270 1925 2692
f 1870 1245 2693
f 2693 2503 1870
f 1244 2693 1245
f 2503 2693 1244
f 2504 2694 1500
f 2228 2694 2504
f 1872 1500 2694
f 2694 2228 1872
f 2500 2695 2501
f 2695 2506 2501
f 2228 2505 2695
f 2500 2228 2695
f 2506 2695 2231
f 2505 2217 2695
f 2231 2695 2217
f 2245 1093 2696
f 2245 2696 2512
f 1263 2696 1093
f 2512 2696 1263
f 2522 2697 2516
f 2516 2697 1995
f 1923 2698 1924
f 2523 2698 1923
f 2525 1920 2699
f 2259 2518 2699
f 2259 2699 1920
f 2525 2699 2526
f 2425 2700 2518
f 2699 2518 2700
f 2699 2700 2526
f 2526 2700 2641
f 2428 2700 2425
f 2641 2700 2428
f 2422 2701 2423
f 2527 2701 2422
f 2701 2527 1759
f 2423 2701 2416
f 2635 2701 1759
f 2701 2635 2416
f 2266 2702 2227
f 2528 2702 2266
f 2265 1891 2702
f 2528 2265 2702
f 2265 2703 2529
f 2528 2703 2265
f 2267 2703 2528
f 2703 2267 1926
f 2529 2703 1926
f 2533 2704 1553
f 2540 2704 2533
f 2704 1551 1553
f 1551 2704 2540
f 2705 2532 2706
f 2533 2705 2543
f 2532 2705 2533
f 2532 2707 2706
f 2531 2549 2707
f 2706 2707 2708
f 2708 2707 2549
f 2532 2219 2709
f 2219 2220 2709
f 2269 2709 2220
f 2531 2709 2269
f 2707 2709 2531
f 2709 2707 2532
f 2269 2710 2530
f 2269 2221 2710
f 2221 1860 2710
f 2534 2710 1860
f 2538 2711 1939
f 2711 2544 1939
f 2544 2711 2546
f 2711 2712 2546
f 2539 2713 2714
f 2272 1932 2713
f 2541 2715 2540
f 1934 2715 1932
f 2715 1934 1551
f 2540 2715 1551
f 2716 2539 2714
f 2712 2716 2714
f 2539 2716 2537
f 2711 2716 2712
f 2538 2537 2716
f 2711 2538 2716
f 2712 2714 2717
f 2542 2717 2541
f 2546 2718 2545
f 2719 2545 2718
f 2542 2543 2718
f 2705 2718 2543
f 2719 2718 2706
f 2718 2705 2706
f 2301 2720 2300
f 2544 2720 2301
f 2719 2720 2545
f 2720 2544 2545
f 2706 2720 2719
f 2708 2720 2706
f 2549 2721 2708
f 2547 2721 2549
f 2708 2721 1940
f 1940 2721 1608
f 1971 1608 2721
f 2547 1971 2721
f 2275 2722 2548
f 2548 2722 2547
f 2547 2722 1325
f 1325 2722 968
f 2722 2275 968
f 2723 2183 325
f 2551 2723 325
f 2183 2723 2551
f 2284 1950 2724
f 2671 2724 1950
f 2281 1951 2724
f 2552 2281 2724
f 2671 2552 2724
f 2278 2724 1951
f 2284 2724 2278
f 2557 1822 2725
f 1996 2726 1997
f 2572 2726 1996
f 2572 2312 2727
f 2575 2727 2000
f 2574 2727 2575
f 2728 2312 1411
f 1411 1407 2728
f 1749 2728 1407
f 1751 2728 1749
f 2573 2728 1751
f 2347 2729 2730
f 2347 2730 2581
f 2581 2730 2580
f 2014 2015 2731
f 2582 2014 2731
f 2582 2732 2658
f 2731 2732 2582
f 2731 2733 2732
f 2658 2734 2582
f 2582 2734 2334
f 2473 2735 2340
f 2735 2736 2340
f 2737 2665 2669
f 2665 2737 2667
f 2733 2667 2737
f 2340 2738 1217
f 2321 2336 2739
f 2588 2739 2336
f 2739 2588 2321
f 2588 2740 2350
f 2740 2588 2342
f 2029 2350 2740
f 2029 2740 2342
f 2600 2741 2345
f 2593 2741 2591
f 2593 2345 2741
f 2347 2742 2729
f 2729 2742 2590
f 2031 2742 2347
f 2590 2742 2031
f 2592 2743 2589
f 2744 2743 2592
f 2590 2743 2729
f 2590 2589 2743
f 2730 2729 2743
f 2745 2743 2744
f 2730 2743 2745
f 2353 2746 2359
f 2359 2746 2595
f 2356 2746 2353
f 2596 2746 2356
f 2595 2746 2596
f 2597 2747 2748
f 2599 2747 2749
f 2599 2344 2747
f 2749 2747 2595
f 2344 2034 2747
f 2035 2747 2034
f 2748 2747 2035
f 2602 2361 2750
f 2607 2751 2606
f 2608 2370 2752
f 2612 2752 2370
f 2752 2612 2410
f 2372 2752 2410
f 2608 2752 2609
f 2610 2609 2753
f 2752 2753 2609
f 2753 2752 2372
f 2372 1688 2753
f 2610 2753 1688
f 2754 2607 2365
f 2371 2754 1688
f 2754 2755 2607
f 2405 2756 2757
f 2387 2756 2403
f 2403 2756 2405
f 2758 2372 2411
f 2759 2758 2411
f 2372 2758 2371
f 2754 2371 2758
f 2754 2758 2755
f 2615 2760 2613
f 2613 2760 2374
f 2620 2760 2615
f 2620 2374 2760
f 2396 2761 2398
f 2396 2399 2761
f 2621 2761 2399
f 2154 2762 2621
f 2154 1430 2762
f 2623 2763 2622
f 2630 2398 2763
f 2619 2764 1693
f 2764 2624 1693
f 2616 2617 2765
f 2616 2765 2614
f 2764 2765 2624
f 2614 2765 2619
f 2765 2764 2619
f 2597 2766 2364
f 2597 2748 2766
f 2748 2035 2766
f 2626 2625 2767
f 2766 2767 2364
f 2767 2766 2626
f 2452 2768 2401
f 2768 2452 2397
f 2629 2768 2630
f 2768 2397 2398
f 2630 2768 2398
f 2768 2769 2401
f 2768 2629 2769
f 2400 2401 2769
f 2400 2769 2406
f 2405 2757 2770
f 2629 2405 2770
f 2769 2629 2770
f 2769 2770 2406
f 2631 2770 2757
f 2406 2770 2631
f 2631 2757 2771
f 2756 2771 2757
f 2612 2772 2410
f 2634 2410 2772
f 2634 2772 1733
f 2772 2612 2366
f 1733 2772 1734
f 1734 2772 2366
f 2631 2773 2085
f 2634 2085 2773
f 2634 2773 2411
f 2771 2773 2631
f 2759 2411 2773
f 2771 2759 2773
f 2636 2418 2774
f 2418 2093 2774
f 2445 2774 2093
f 2636 2774 2097
f 2774 2445 1791
f 2097 2774 1791
f 2414 2775 2422
f 2776 2090 1405
f 2090 2776 2414
f 2777 2776 2640
f 1748 2776 1405
f 2640 2776 1748
f 2415 2778 2638
f 2638 2778 2423
f 2414 2778 2415
f 2423 2778 2414
f 2639 2098 2779
f 2098 2099 2779
f 1922 1924 2779
f 2639 2779 1924
f 2521 2779 2099
f 1922 2779 2521
f 2100 2780 2427
f 2780 2781 2427
f 2426 2780 2100
f 2781 2780 2426
f 2782 2517 2520
f 2570 2782 2520
f 2783 2426 2425
f 2518 2783 2425
f 2517 2783 2518
f 2782 2783 2517
f 2646 2448 2784
f 2644 2784 2448
f 2784 2644 2434
f 2433 2784 2434
f 2646 2784 2124
f 2124 2784 2433
f 2648 2437 2785
f 2651 1779 2785
f 2651 2786 1710
f 1710 2786 1709
f 2119 1709 2786
f 2786 2440 2119
f 2654 2787 1442
f 1808 2787 2458
f 1807 2787 1808
f 1442 2787 1443
f 1443 2787 1807
f 2458 2788 2457
f 2456 2457 2788
f 2654 2456 2788
f 2787 2788 2458
f 2787 2654 2788
f 2655 2789 2461
f 2789 2655 2463
f 2463 1560 2789
f 2461 2789 1909
f 1902 2789 1560
f 1909 2789 1902
f 2733 2790 2667
f 2580 2790 2015
f 2790 2731 2015
f 2731 2790 2733
f 2178 2791 2474
f 2792 2791 2178
f 2474 2791 2793
f 2791 2792 2793
f 2663 2794 2178
f 2792 2178 2794
f 2793 2794 2663
f 2792 2794 2793
f 2474 2795 2177
f 2795 2474 2793
f 2796 2797 2478
f 2798 2796 2477
f 2477 2796 2478
f 2797 2799 2478
f 2795 2793 2799
f 2795 2799 2797
f 2618 2800 2047
f 2796 2800 2797
f 2662 2801 2663
f 2801 2057 1218
f 2801 2662 2057
f 2586 2801 1218
f 2477 2802 2803
f 2804 2805 2806
f 2805 2807 2806
f 2808 2664 2809
f 2664 2666 2809
f 2745 2809 2666
f 2808 2810 2664
f 2664 2810 2668
f 2668 2810 2811
f 2741 2812 2591
f 2741 2600 2812
f 2480 2813 2181
f 2813 2670 491
f 337 2813 491
f 2181 2813 339
f 337 339 2813
f 2670 2814 2479
f 2479 2814 2180
f 2672 2480 2815
f 2672 2815 2552
f 2553 2815 2816
f 2815 2553 2552
f 2680 2183 2817
f 2680 2817 2676
f 2676 2817 2678
f 2551 2817 2183
f 2678 2817 2551
f 2676 2675 2818
f 2818 2553 2816
f 2553 2818 2675
f 2673 325 2819
f 2679 2819 325
f 2673 2819 2679
f 2480 1828 2820
f 2821 2820 1828
f 2815 2820 2816
f 2815 2480 2820
f 2818 2816 2820
f 2818 2820 2821
f 2822 2821 1828
f 623 725 2822
f 2822 1828 623
f 2001 2823 2681
f 1344 2823 1635
f 2823 2001 1635
f 2824 2308 2686
f 2685 2824 2686
f 2681 2825 2826
f 2823 2825 2681
f 2824 2825 2308
f 2827 2828 2829
f 2824 2685 2829
f 1810 1809 2830
f 2682 2831 2684
f 2828 2832 2833
f 2827 2832 2828
f 2834 2832 2827
f 2253 2835 1264
f 2514 2836 2253
f 2522 2521 2837
f 2697 2522 2837
f 1995 2838 2521
f 2697 2838 1995
f 2837 2521 2838
f 2837 2838 2697
f 2640 1924 2839
f 2698 2839 1924
f 2775 2839 2422
f 2523 2422 2839
f 2839 2698 2523
f 2227 2840 1107
f 2702 2840 2227
f 2702 1891 2840
f 2238 1107 2840
f 2238 2840 1891
f 2710 2841 2530
f 2276 2841 325
f 2276 2530 2841
f 325 2841 2534
f 2534 2841 2710
f 2713 2539 2842
f 1556 2842 1557
f 2539 1557 2842
f 2271 2842 1556
f 2272 2842 2271
f 2713 2842 2272
f 2717 2843 2541
f 2713 1932 2843
f 2713 2843 2714
f 2717 2714 2843
f 2715 2843 1932
f 2843 2715 2541
f 2712 2844 2546
f 2844 2718 2546
f 2718 2844 2542
f 2542 2844 2717
f 2717 2844 2712
f 2720 2845 2300
f 2708 2845 2720
f 1940 2845 2708
f 2568 2300 2845
f 2568 2845 1940
f 2677 2678 2846
f 2677 2846 2847
f 2551 2846 2678
f 2551 2280 2846
f 2846 2550 2279
f 2550 2846 2280
f 2846 2279 1577
f 2847 2846 1577
f 2677 2848 2675
f 2847 2848 2677
f 2553 2675 2848
f 2848 2554 2553
f 2283 1947 2848
f 2554 2848 1947
f 2283 2848 1577
f 2847 1577 2848
f 2559 2849 1818
f 2725 1822 2849
f 1818 2849 1821
f 1821 2849 1822
f 2557 2850 2559
f 2725 2850 2557
f 2850 2849 2559
f 2849 2850 2725
f 2727 2851 2000
f 2000 2851 1036
f 2573 1036 2851
f 2727 2312 2851
f 2728 2851 2312
f 2728 2573 2851
f 2726 2572 2852
f 2727 2852 2572
f 2726 2852 1997
f 2852 2727 2574
f 2316 2852 2574
f 1998 1997 2852
f 2316 1998 2852
f 2730 2853 2580
f 2790 2580 2853
f 2790 2853 2667
f 2667 2853 2666
f 2666 2853 2745
f 2745 2853 2730
f 2732 2854 2658
f 2327 2854 2659
f 2854 2732 2659
f 2732 2733 2855
f 2737 2855 2733
f 2659 2855 2856
f 2732 2855 2659
f 2855 2661 2856
f 2658 2857 2734
f 2734 2857 2334
f 2657 2857 2658
f 2657 2334 2857
f 2341 2858 2587
f 1217 2859 2341
f 2738 2859 1217
f 2859 2858 2341
f 2858 2859 2738
f 2595 2860 2359
f 2747 2860 2595
f 2359 2860 2357
f 2597 2357 2860
f 2860 2747 2597
f 2475 2861 2361
f 2750 2361 2861
f 2798 2861 2179
f 2179 2861 2475
f 2750 2862 2602
f 2596 2356 2862
f 2602 2862 2356
f 2392 2863 2365
f 2365 2863 2754
f 2628 2863 2392
f 2628 1688 2863
f 2754 2863 1688
f 2755 2864 2607
f 2758 2759 2864
f 2758 2864 2755
f 2864 2751 2607
f 1429 2865 1430
f 2624 2865 1429
f 2630 2866 2404
f 2763 2866 2630
f 2382 2404 2866
f 2866 2763 2623
f 2380 2866 2623
f 2382 2866 2380
f 2622 2867 2617
f 2763 2867 2622
f 2621 2867 2761
f 2761 2867 2398
f 2763 2398 2867
f 2766 2868 2626
f 2598 2380 2868
f 2626 2868 2380
f 2598 2868 2035
f 2766 2035 2868
f 2625 2041 2869
f 2869 2767 2625
f 2364 2869 2041
f 2767 2869 2364
f 2870 2775 2414
f 2775 2870 2777
f 2776 2870 2414
f 2776 2777 2870
f 2781 2871 2427
f 1807 2871 1443
f 2427 2871 1807
f 1812 1443 2871
f 1812 2871 2570
f 2782 2570 2871
f 2872 2781 2426
f 2783 2872 2426
f 2783 2782 2872
f 2785 2873 2648
f 2432 2873 2433
f 2648 2873 2432
f 1783 2124 2873
f 2433 2873 2124
f 1783 2873 1779
f 2785 1779 2873
f 2786 2651 2874
f 2650 2874 2437
f 2650 2440 2874
f 2786 2874 2440
f 2874 2785 2437
f 2785 2874 2651
f 2661 2875 2856
f 2659 2856 2875
f 2875 2661 2325
f 2659 2875 2325
f 2177 2876 2049
f 2618 2049 2876
f 2800 2618 2876
f 2795 2876 2177
f 2876 2795 2797
f 2800 2876 2797
f 2047 2877 2048
f 2800 2877 2047
f 2048 2877 2179
f 2796 2877 2800
f 2179 2877 2798
f 2798 2877 2796
f 2801 2878 2663
f 2663 2878 2793
f 2477 2476 2879
f 2477 2879 2802
f 2804 2880 2805
f 2812 2880 2804
f 2599 2880 2600
f 2812 2600 2880
f 2802 2881 2803
f 2807 2805 2881
f 2879 2881 2802
f 2803 2881 2882
f 2882 2881 2805
f 2881 2879 2476
f 2807 2883 2806
f 2881 2476 2883
f 2881 2883 2807
f 2672 2884 2480
f 2814 2884 2672
f 2813 2480 2884
f 2813 2884 2670
f 2814 2670 2884
f 2814 2885 2180
f 2885 2814 2672
f 2180 2885 1950
f 2672 1950 2885
f 2822 2886 2821
f 2676 2886 2680
f 2818 2886 2676
f 2886 2818 2821
f 2825 2887 2826
f 2824 2887 2825
f 2823 2888 2825
f 1346 2888 1344
f 2888 2823 1344
f 1986 2888 1346
f 2308 2888 1986
f 2825 2888 2308
f 2681 2826 2889
f 2831 2890 2684
f 2891 2684 2890
f 2891 2890 2833
f 2833 2890 2828
f 2829 2828 2892
f 2890 2892 2828
f 2831 2892 2890
f 2829 2892 2893
f 2894 2211 2210
f 2211 2894 1342
f 2829 2895 2827
f 2829 2685 2895
f 1626 2895 1624
f 1624 2895 2685
f 2896 2897 2490
f 1859 1494 2898
f 1859 2898 2899
f 1494 1234 2898
f 2490 2898 1234
f 2899 2898 2490
f 2900 2901 2253
f 2901 2835 2253
f 1264 2901 2900
f 2835 2901 1264
f 2900 2253 2902
f 2836 2902 2253
f 2900 2902 1264
f 2251 2903 2514
f 2903 2251 2252
f 1264 2903 2252
f 2777 2640 2904
f 2839 2904 2640
f 2775 2777 2904
f 2904 2839 2775
f 2854 2905 2658
f 2854 2327 2905
f 2905 2326 2658
f 2326 2905 2327
f 2855 2906 2661
f 2906 2855 2737
f 2907 2736 2906
f 2669 2906 2737
f 2907 2906 2669
f 2907 2908 2736
f 2738 2908 2907
f 2858 2909 2587
f 2587 2909 2586
f 2811 2586 2909
f 2811 2909 2668
f 2668 2909 2669
f 2907 2669 2909
f 2907 2909 2738
f 2858 2738 2909
f 2805 2594 2910
f 2805 2910 2882
f 2862 2911 2596
f 2910 2911 2882
f 2596 2911 2594
f 2910 2594 2911
f 2864 2912 2751
f 2756 2387 2912
f 2864 2759 2912
f 2606 2912 2387
f 2751 2912 2606
f 2771 2912 2759
f 2912 2771 2756
f 2913 2765 2617
f 2867 2913 2617
f 2762 2913 2621
f 2621 2913 2867
f 2872 2914 2781
f 2872 2782 2914
f 2914 2871 2781
f 2871 2914 2782
f 2915 2799 2793
f 2878 2915 2793
f 2810 2915 2811
f 2915 2878 2801
f 2801 2586 2915
f 2811 2915 2586
f 2880 2916 2805
f 2805 2916 2594
f 2599 2749 2916
f 2880 2599 2916
f 2595 2594 2916
f 2595 2916 2749
f 2806 2917 2804
f 2918 2917 2806
f 2919 2745 2744
f 2592 2919 2744
f 2809 2920 2808
f 2883 2476 2920
f 2919 2918 2921
f 2921 2920 2809
f 2920 2921 2883
f 2918 2806 2921
f 2883 2921 2806
f 2809 2745 2921
f 2919 2921 2745
f 2886 2822 2922
f 2182 2922 484
f 725 484 2922
f 2822 725 2922
f 2887 2893 2923
f 2892 2923 2893
f 2887 2924 2893
f 2887 2824 2924
f 2893 2924 2829
f 2829 2924 2824
f 2925 2892 2831
f 2889 2826 2925
f 2892 2925 2826
f 2830 1809 2925
f 2681 2925 1809
f 2889 2925 2681
f 2833 2926 2891
f 2926 2927 2891
f 2928 2683 2684
f 2891 2928 2684
f 2683 2928 1445
f 2929 1445 2928
f 2927 2930 2891
f 2930 2928 2891
f 2928 2930 2929
f 2929 2930 1207
f 2929 2931 1445
f 2931 1447 1445
f 1447 2931 1437
f 1435 1437 2931
f 1805 1435 2931
f 1805 2931 1207
f 1207 2931 2929
f 2894 2932 1342
f 2932 1631 1342
f 1631 2932 1626
f 2933 2932 2894
f 2209 2934 2210
f 2894 2210 2934
f 2209 1480 2934
f 2894 2935 2933
f 2934 2935 2894
f 2933 2936 2834
f 2897 2937 2832
f 2937 2897 2896
f 2832 2938 2897
f 2939 2938 2832
f 2897 2938 2490
f 2903 1264 2940
f 2902 2940 1264
f 2836 2940 2902
f 2661 2941 2660
f 2906 2941 2661
f 2660 2941 2473
f 2735 2473 2941
f 2735 2941 2736
f 2906 2736 2941
f 2942 2908 2738
f 2340 2942 2738
f 2943 2944 2798
f 2943 2750 2944
f 2943 2945 2911
f 2477 2945 2798
f 2798 2945 2943
f 2946 2862 2750
f 2943 2946 2750
f 2862 2946 2911
f 2911 2946 2943
f 2765 2947 2624
f 2913 2947 2765
f 2947 2865 2624
f 2913 2762 2947
f 2762 1430 2947
f 2865 2947 1430
f 2799 2948 2478
f 2920 2948 2808
f 2810 2808 2948
f 2812 2804 2949
f 2917 2949 2804
f 2919 2592 2949
f 2592 2591 2949
f 2812 2949 2591
f 2886 2950 2680
f 2922 2950 2886
f 2679 2950 2673
f 2679 2680 2950
f 962 2950 980
f 2673 2950 962
f 2182 980 2950
f 2922 2182 2950
f 2887 2951 2826
f 2923 2951 2887
f 2892 2826 2951
f 2892 2951 2923
f 2831 2682 2952
f 2952 2925 2831
f 2682 1810 2952
f 2925 2952 2830
f 2830 2952 1810
f 2926 2833 2953
f 2953 2832 2954
f 2832 2953 2833
f 2955 2930 2927
f 2930 2955 1207
f 1207 2955 1104
f 2956 2932 2933
f 2895 2956 2827
f 2895 1626 2956
f 2932 2956 1626
f 2834 2827 2956
f 2933 2834 2956
f 1480 1479 2957
f 2934 1480 2957
f 2213 2957 1479
f 2213 1489 2957
f 2957 2935 2934
f 2933 2958 2936
f 1078 1077 2958
f 2936 2959 2834
f 2832 2960 2954
f 2937 2960 2832
f 2960 2937 2896
f 2490 2960 2896
f 2954 2960 2961
f 2489 2960 2490
f 2961 2960 2489
f 2938 2939 2962
f 2938 2962 2490
f 2903 2963 2514
f 2908 2964 2736
f 2942 2964 2908
f 2736 2964 2340
f 2942 2340 2964
f 2861 2965 2750
f 2944 2750 2965
f 2965 2861 2798
f 2944 2965 2798
f 2911 2966 2882
f 2945 2966 2911
f 2882 2966 2803
f 2803 2966 2477
f 2966 2945 2477
f 2915 2967 2799
f 2799 2967 2948
f 2915 2810 2967
f 2948 2967 2810
f 2478 2968 2476
f 2948 2968 2478
f 2920 2476 2968
f 2968 2948 2920
f 2917 2969 2949
f 2949 2969 2919
f 2969 2917 2918
f 2919 2969 2918
f 2957 2970 2935
f 2958 2970 1078
f 2935 2970 2933
f 2970 2958 2933
f 2957 1489 2970
f 1489 1078 2970
f 2899 2971 1859
f 2959 2971 2899
f 1859 2971 1077
f 2958 1077 2971
f 2958 2971 2936
f 2936 2971 2959
f 2959 2899 2972
f 2972 2962 2959
f 2899 2490 2972
f 2962 2972 2490
f 2962 2973 2959
f 2959 2973 2834
f 2832 2834 2973
f 2940 2974 2514
f 2975 2514 2974
f 2975 2974 2940
f 2976 2940 2836
f 2976 2975 2940
f 2514 2976 2836
f 2975 2976 2514
f 2940 2977 2903
f 2963 2903 2977
f 2963 2977 2514
f 2978 2489 1074
f 1233 993 2978
f 1233 2978 1074
f 2962 2939 2979
f 2979 2973 2962
f 2939 2832 2979
f 2973 2979 2832
f 2940 2514 2980
f 2953 2981 2926
f 2978 2926 2981
f 2978 2981 2489
f 2961 2489 2981
f 2961 2981 2954
f 2981 2953 2954
f 2978 2982 2926
f 2978 993 2982
f 2926 2982 2927
f 2982 2955 2927
f 2955 2982 1104
f 993 995 2982
f 1105 1104 2982
f 1105 2982 995
f 2940 2983 2977
f 2980 2983 2940
f 2977 2983 2514
f 2980 2514 2983
f 1714 2063 2608
f 1698 1697 2608
f 2608 2075 2368
f 2075 2608 2407
f 1713 2608 2063
f 1702 2608 1697
f 1698 2608 1700
f 1702 2078 2608
f 1713 1700 2608
f 1714 2608 1394
f 2369 2608 2368
f 2608 2609 1394
f 2407 2608 2078

