# https://github.com/mikedh/trimesh
v -0.03368449 -0.01850709 0.00797165
v -0.04347113 -0.02029966 -0.01456714
v -0.04089957 -0.02508114 -0.01457445
v 0.04643147 0.03843031 -0.05725678
v 0.04333744 0.03586654 -0.06056930
v 0.04444752 0.03864424 -0.05840255
v 0.06185433 0.05922472 -0.03243777
v 0.06380818 0.05850796 -0.03046848
v 0.05316666 0.03326139 -0.05413974
v 0.06256668 0.05896162 -0.03171491
v 0.06512183 0.05795839 -0.02895856
v 0.06093763 0.05952996 -0.03327640
v -0.00292325 -0.03832247 0.00797165
v -0.00747582 -0.03769973 0.00797165
v -0.00578687 -0.04763205 -0.01452582
v -0.02594019 -0.04036213 -0.01456644
v -0.02042051 -0.03256010 0.00797165
v -0.02427067 -0.02980087 0.00797165
v -0.03029339 -0.03720555 -0.01457287
v 0.02252627 -0.03281330 -0.06327456
v 0.02576735 -0.03033143 -0.06328537
v 0.02728383 -0.03196455 -0.06002987
v 0.00746372 -0.04685784 -0.03435980
v 0.00862841 -0.04740664 -0.01577241
v 0.00499166 -0.04792624 -0.01577183
v 0.01049594 -0.04627310 -0.03435980
v 0.04463832 -0.02377640 -0.01414480
v 0.04477281 -0.02388696 -0.01454174
v 0.04871274 -0.01856983 -0.01412657
v -0.04808069 -0.00316389 -0.01579501
v -0.04703845 -0.00622486 -0.03435980
v -0.04793655 -0.00476345 -0.01538188
v -0.03614876 -0.03154575 -0.01457802
v -0.02960780 -0.02450583 0.00797165
v -0.03785380 -0.02947800 -0.01457785
v -0.03245251 -0.02059107 0.00797165
v -0.04454885 -0.01781039 -0.01456202
v -0.03480021 -0.01631266 0.00797165
v -0.04566362 -0.01534124 -0.01540877
v -0.04614174 -0.01387848 -0.01582242
v -0.04498335 -0.01509514 -0.03435980
v -0.04786769 -0.00475781 -0.01494862
v -0.00515417 0.05395720 -0.01796538
v -0.02052251 0.04234033 -0.04706634
v -0.00667719 0.05327627 -0.01609455
v 0.04336951 0.04577801 0.00450675
v 0.03298729 0.01543288 0.01100000
v 0.03322909 0.01527592 0.01095579
v 0.06974816 0.05523726 -0.02148230
v 0.07273238 0.05209544 -0.01285022
v 0.07091558 0.05427196 -0.01883018
v 0.06945290 0.05549781 -0.02219818
v 0.07266616 0.05157926 -0.01290280
v 0.07234213 0.05035328 -0.01376184
v 0.03984844 0.03295998 -0.06386687
v 0.04468544 0.03409840 -0.06056666
v 0.04080724 0.03837681 -0.06056716
v 0.03904497 0.03970865 -0.06056356
v 0.04370464 0.04109540 -0.05725552
v 0.04180580 0.04249888 -0.05725313
v 0.05102190 0.06170975 -0.03926533
v 0.04981352 0.06188554 -0.03974830
v 0.05295647 0.06141920 -0.03846705
v 0.06152295 0.05933506 -0.03274094
v -0.02899748 -0.02565061 -0.06472469
v -0.02527529 -0.02730767 -0.06655388
v -0.02702390 -0.02917116 -0.06327457
v -0.00962431 -0.04721379 -0.01579366
v -0.00580091 -0.04775480 -0.01494249
v -0.01112066 -0.04680220 -0.01495325
v -0.01113532 -0.04686841 -0.01538299
v -0.01299572 -0.03719836 -0.06327400
v -0.00899969 -0.03831610 -0.06327379
v -0.00955760 -0.04048214 -0.06001914
v -0.01211549 -0.03484808 -0.06655337
v 0.03396866 -0.03308038 -0.04238572
v 0.03733291 -0.02930870 -0.04620624
v 0.03831270 -0.02882951 -0.04210885
v 0.04228668 -0.02422254 -0.04186686
v 0.04588834 -0.01931060 -0.04166495
v 0.04456448 -0.02268133 -0.03294426
v 0.02905875 -0.03362327 -0.05541204
v 0.02854598 -0.03319497 -0.05689895
v 0.03264938 -0.03038693 -0.05541884
v 0.02483857 -0.03600722 -0.05689231
v 0.00922888 -0.03020453 -0.07277538
v 0.01083142 -0.03549816 -0.06655239
v 0.00606505 -0.03095792 -0.07277544
v 0.01443939 -0.03427475 -0.06655230
v 0.01227658 -0.02913448 -0.07277534
v 0.01786123 -0.03267612 -0.06655225
v 0.01517311 -0.02775861 -0.07277532
v 0.02106442 -0.03071108 -0.06655388
v 0.01789058 -0.02609206 -0.07277609
v -0.00836927 -0.03589265 -0.06655319
v -0.00700727 -0.03068684 -0.07277577
v 0.00324348 -0.03680015 -0.06655265
v 0.00751650 -0.03883246 -0.06327303
v 0.00340571 -0.03931158 -0.06327320
v 0.00783937 -0.04103652 -0.06001844
v 0.00349810 -0.04154229 -0.06001859
v -0.00075002 -0.03938149 -0.06327339
v 0.01209223 -0.04009113 -0.06001831
v 0.01620415 -0.03870513 -0.06001822
v 0.01245123 -0.04183112 -0.05689128
v 0.05833244 -0.00188659 -0.01373780
v 0.03252627 -0.01792779 0.01050754
v 0.05547492 -0.00739815 -0.01368992
v 0.05685359 0.01329551 -0.04990690
v 0.07050722 0.04036640 -0.01643204
v 0.05674174 0.01217089 -0.04982340
v 0.06927360 0.04038206 -0.02038697
v 0.01035156 -0.04704864 -0.01536106
v 0.01223253 -0.04660674 -0.01577715
v 0.01337164 -0.04552542 -0.03435980
v 0.01572887 -0.04554552 -0.01578689
v 0.04674460 -0.02099482 -0.02383311
v 0.04552707 -0.02328359 -0.01581838
v 0.04200307 -0.02671836 -0.02392417
v 0.05237910 -0.01313818 -0.01410201
v 0.03131161 -0.01997366 0.01050754
v 0.03007277 -0.02196460 0.01027375
v 0.03081618 -0.02287479 0.00808412
v 0.03125213 -0.01993571 0.01061172
v -0.04641231 -0.00020126 -0.04988052
v -0.04625237 0.00385506 -0.04988103
v -0.04474517 0.00125967 -0.05417739
v -0.04773595 -0.00655833 -0.01580391
v -0.04797632 0.00038895 -0.01451501
v -0.04774216 -0.00474651 -0.01452837
v -0.03795248 -0.02955476 -0.01499665
v -0.03108307 -0.02260531 0.00797165
v -0.03363592 -0.01848040 0.00808395
v -0.04466577 -0.01785625 -0.01498164
v -0.04491703 -0.01743860 -0.01583012
v -0.04472999 -0.01788102 -0.01541422
v -0.04420004 -0.01483228 -0.04831378
v -0.04457501 -0.01495811 -0.04276596
v -0.04506209 -0.01196031 -0.04831378
v -0.04544436 -0.01206177 -0.04276596
v -0.02275174 0.04070977 -0.04982716
v -0.02115856 0.04287697 -0.03707539
v -0.02155277 0.04328823 -0.02987348
v -0.03666069 0.03077287 -0.01430981
v -0.03382128 0.03413251 -0.01458002
v -0.03676354 0.03082446 -0.01457814
v -0.02831082 0.02599336 0.00797165
v 0.01534967 0.03302609 0.01100000
v 0.04109488 0.04564351 0.00487631
v 0.01461951 0.03352307 0.01095579
v 0.03178636 0.04603753 0.00379374
v 0.00076291 0.05080344 -0.00930048
v 0.00091211 0.05077926 -0.00923407
v 0.00001497 0.05098354 -0.00979532
v 0.03327831 0.04587886 0.00422969
v -0.00621423 0.05219404 -0.01312112
v -0.00523819 0.03675697 0.01044197
v -0.02420099 0.02782549 0.01071628
v -0.02719041 0.02491240 0.01071628
v -0.02578448 0.02571956 0.01100000
v -0.02726100 0.02497708 0.01063466
v -0.03013251 0.02142542 0.01063466
v -0.03266506 0.01764958 0.01044197
v -0.03025895 0.02151533 0.01044197
v -0.03243521 0.02024058 0.00827865
v -0.02741823 0.02512113 0.01033368
v -0.02737539 0.02508189 0.01044197
v -0.02436564 0.02801480 0.01044197
v -0.00679837 0.05322136 -0.01594366
v -0.02124901 0.04403745 -0.02298621
v -0.00710755 0.05302233 -0.01539684
v -0.00715978 0.05297104 -0.01525593
v -0.00719152 0.05293557 -0.01515847
v 0.01991493 0.01634819 -0.07816725
v -0.02343401 -0.00970806 -0.07785685
v 0.01819725 0.01823980 -0.07816157
v -0.01960190 -0.01608932 -0.07785808
v -0.02108568 -0.01409041 -0.07785778
v 0.01202893 0.05949578 -0.03318251
v 0.00744750 0.05835919 -0.03005974
v 0.00012575 0.05605354 -0.02372503
v 0.03391493 -0.01337083 0.01098415
v 0.03518979 -0.00938155 0.01100000
v 0.03302609 -0.01534967 0.01100000
v 0.06766624 0.05666994 -0.02541858
v 0.06559029 0.05774857 -0.02838209
v 0.06772099 0.05663612 -0.02532566
v 0.06768083 0.05666192 -0.02539654
v 0.07272030 0.05211871 -0.01291418
v 0.07238559 0.05257941 -0.01417993
v 0.07208256 0.05298615 -0.01529744
v 0.07038235 0.04865890 -0.01936783
v 0.04138795 0.01752213 -0.06702659
v 0.04182795 0.01361948 -0.06699544
v 0.03370753 0.01020879 -0.07298498
v 0.03725387 0.02830496 -0.06708268
v 0.02931464 0.02207681 -0.07302625
v 0.03465996 0.03013459 -0.06763263
v 0.03751475 0.03531317 -0.06386408
v 0.04025959 0.03500310 -0.06269318
v 0.04787793 0.03654527 -0.05725503
v 0.05596275 0.06082883 -0.03684502
v 0.04912671 0.03451097 -0.05725180
v 0.05064944 0.03790567 -0.05428356
v 0.05190602 0.03588626 -0.05421524
v 0.05874753 0.06016037 -0.03500845
v 0.05363821 0.06129000 -0.03811209
v -0.00082420 -0.03843668 0.00794233
v -0.00035343 -0.04798175 -0.01451773
v 0.00153118 -0.03839986 0.00797974
v -0.03731146 -0.02795524 -0.04831378
v -0.03575006 -0.03053866 -0.04276596
v -0.03762799 -0.02819239 -0.04276596
v -0.03547572 -0.02557477 -0.05689163
v -0.03601474 -0.02591824 -0.05540788
v -0.03842747 -0.02213426 -0.05540786
v -0.03287829 -0.02911395 -0.05651950
v -0.03529521 -0.03013965 -0.04987761
v -0.04358510 -0.02035214 -0.01498659
v -0.01109301 -0.04668149 -0.01453618
v -0.01628585 -0.04526396 -0.01496457
v -0.00375317 -0.03125032 -0.07277568
v -0.00544157 -0.02663078 -0.07707937
v 0.01960079 -0.01611353 -0.07787097
v 0.02430406 -0.00743559 -0.07793701
v 0.02345104 -0.00976957 -0.07791492
v 0.02563548 0.00244585 -0.07804532
v 0.02527706 0.00495198 -0.07807689
v 0.02558824 0.00500836 -0.07805549
v 0.01408954 -0.02108588 -0.07785813
v 0.02562204 -0.00260199 -0.07797772
v 0.02592128 -0.00008312 -0.07799714
v 0.02593181 -0.00263783 -0.07793663
v 0.02040529 0.01675092 -0.07813291
v 0.02143489 0.01429757 -0.07816303
v -0.01608686 -0.01960692 -0.07785750
v 0.02274179 0.01210998 -0.07815029
v -0.00488707 -0.02458081 -0.07785743
v 0.04511856 -0.00593263 -0.06026671
v 0.04664329 -0.00152574 -0.06031161
v 0.04947569 -0.00121987 -0.05708584
v 0.03397714 0.00702614 -0.07296812
v 0.03396189 0.00382995 -0.07294960
v 0.03367737 0.00064393 -0.07292992
v 0.02729361 -0.00245375 -0.07738291
v 0.04160026 0.00572338 -0.06692065
v 0.05505721 0.02537977 -0.05427774
v 0.05546913 0.02195994 -0.05413613
v 0.05254852 0.02299844 -0.05721655
v 0.04916029 0.02139720 -0.06050866
v 0.04947259 0.01680257 -0.06047645
v 0.05170383 0.02778196 -0.05723412
v 0.06190485 0.00688379 -0.02037795
v 0.06050091 0.00473934 -0.02435917
v 0.06267535 0.01160241 -0.02482816
v 0.06443258 0.01280172 -0.01690769
v 0.05968904 0.00701608 -0.03291190
v 0.05654284 0.00260211 -0.04139899
v 0.05821060 0.00849703 -0.04151619
v 0.05756062 0.00070444 -0.03270769
v 0.04848337 -0.01719847 -0.03276017
v 0.05095478 -0.01492235 -0.02381171
v 0.05651841 -0.00661797 -0.01578145
v 0.05595114 -0.00763494 -0.01578343
v 0.05464408 -0.00857090 -0.02387798
v 0.05398434 -0.01116085 -0.01579028
v 0.05195386 -0.01144193 -0.03264986
v 0.05497946 -0.00546042 -0.03262684
v 0.05782338 -0.00199997 -0.02405219
v 0.05197706 -0.00874171 -0.04140722
v 0.05284584 -0.00507265 -0.04573657
v -0.01572310 -0.03345062 -0.06655354
v -0.01684236 -0.03570790 -0.06327418
v -0.01325478 -0.02859817 -0.07277593
v -0.01914751 -0.03171543 -0.06655368
v -0.02049280 -0.03386039 -0.06327435
v -0.02851559 -0.03080745 -0.06001986
v -0.02522200 -0.03345683 -0.06001977
v -0.02621320 -0.03491630 -0.05689225
v 0.03537138 -0.03259203 -0.03348754
v 0.03572244 -0.03337644 -0.01583837
v 0.03672993 -0.03201672 -0.02406972
v 0.04019276 -0.02783334 -0.03319008
v 0.04029644 -0.02880108 -0.01455338
v 0.04016982 -0.02867866 -0.01415749
v 0.03911399 -0.03025998 -0.01583267
v 0.03790463 -0.02798566 -0.04978790
v 0.03684068 -0.02914194 -0.04983658
v 0.03323721 -0.03330792 -0.04636922
v 0.02926304 -0.03691971 -0.04269294
v 0.04110083 -0.02497374 -0.04606222
v 0.02523659 -0.03650827 -0.05540827
v 0.02795766 -0.03708385 -0.04988390
v 0.03031713 -0.03525868 -0.04988387
v 0.03169049 -0.03413792 -0.04978558
v 0.01710705 -0.02111324 -0.07710145
v 0.02042559 -0.02416495 -0.07278067
v 0.01153320 -0.03794098 -0.06327289
v -0.00046377 -0.03148392 -0.07277559
v 0.00282170 -0.03138590 -0.07277551
v 0.00708375 -0.03634112 -0.06655250
v 0.00205392 -0.04472259 -0.05416907
v 0.00060634 -0.04481462 -0.05399862
v -0.00104769 -0.04346278 -0.05689158
v -0.00525007 -0.04125755 -0.06001895
v -0.00556560 -0.04309576 -0.05689171
v -0.00064315 -0.03687599 -0.06655283
v -0.00088157 -0.04161366 -0.06001877
v 0.00344441 -0.04411549 -0.05540779
v 0.02012237 -0.03687899 -0.06001817
v 0.02380841 -0.03461841 -0.06001985
v 0.01908097 -0.03492680 -0.06327274
v 0.01677039 -0.04035651 -0.05689122
v 0.05607729 0.00826713 -0.04981389
v 0.05941753 0.01450355 -0.04173562
v 0.05423389 0.00771745 -0.05405886
v 0.06134476 0.01343940 -0.03326454
v 0.07022605 0.03664277 -0.01510212
v 0.07021424 0.03665113 -0.01535852
v 0.07279134 0.05184812 -0.01217072
v 0.06830396 0.03154201 -0.01967558
v 0.03246449 -0.01789373 0.01061172
v 0.03353321 -0.01580038 0.01061172
v 0.03345921 -0.01576551 0.01070493
v 0.06047988 0.00207180 -0.01444267
v 0.05863071 -0.00201930 -0.01446832
v 0.05871123 -0.00205430 -0.01474509
v 0.03359703 -0.01583045 0.01050754
v 0.05855991 -0.00198853 -0.01422499
v 0.06385087 0.01044708 -0.01532428
v 0.06381505 0.01045435 -0.01486049
v 0.06230970 0.00619895 -0.01532875
v 0.06371524 0.01048360 -0.01439710
v 0.06503988 0.01478932 -0.01414339
v 0.06355158 0.01053492 -0.01394890
v 0.06517257 0.01475373 -0.01461163
v -0.00090170 -0.03640772 0.01099005
v 0.00321984 -0.03627627 0.01100000
v -0.00312838 -0.03628427 0.01100000
v 0.00012158 -0.03645528 0.01098415
v 0.00012363 -0.03706903 0.01061172
v 0.00012336 -0.03698723 0.01070493
v -0.00092934 -0.03702914 0.01064682
v -0.00093545 -0.03713153 0.01050152
v 0.00012386 -0.03713958 0.01050754
v -0.00092347 -0.03691696 0.01075964
v -0.00091744 -0.03679033 0.01085196
v 0.00012305 -0.03689467 0.01078719
v -0.01626928 -0.03475932 0.00808395
v -0.02039106 -0.03251315 0.00808395
v -0.02677508 -0.02520362 0.01078577
v -0.02571956 -0.02578448 0.01100000
v -0.02980625 -0.02092660 0.01100000
v 0.02052924 -0.04336699 -0.01454877
v 0.01333218 -0.03604368 0.00797974
v 0.01553093 -0.04539949 -0.01452746
v 0.01761256 -0.03415944 0.00797227
v 0.01757125 -0.03412265 0.00807930
v 0.00503053 -0.04791065 -0.01535877
v 0.00502337 -0.04784362 -0.01493014
v 0.00145620 -0.04815930 -0.01577413
v 0.00134497 -0.04816663 -0.01577420
v 0.00501039 -0.04772117 -0.01451408
v -0.00307462 -0.04800776 -0.01493787
v -0.00035373 -0.04810505 -0.01493402
v -0.00035361 -0.04817256 -0.01536291
v 0.00454506 -0.03678955 0.01061172
v 0.01105148 -0.03680705 0.00797974
v 0.01294850 -0.04620297 -0.01452075
v 0.05715042 0.01628525 -0.04987463
v 0.05726558 0.01929279 -0.04988355
v -0.00306750 -0.04788455 -0.01452140
v 0.01033763 -0.04698269 -0.01493246
v 0.01031171 -0.04686232 -0.01451642
v 0.01631293 -0.04455617 -0.03435980
v 0.01616484 -0.04415172 -0.04276596
v 0.01325026 -0.04511216 -0.04276596
v 0.01906172 -0.04345130 -0.03435980
v 0.01888868 -0.04305686 -0.04276596
v 0.02166563 -0.04172861 -0.04276596
v 0.01872979 -0.04269468 -0.04831378
v 0.01602887 -0.04378031 -0.04831378
v 0.05214766 -0.01367691 -0.01948481
v 0.05130631 -0.01544629 -0.01579993
v 0.05267586 -0.01331250 -0.01535830
v 0.04780630 -0.02005911 -0.01940583
v 0.04849296 -0.01947639 -0.01580968
v 0.05218964 -0.01302309 -0.01372571
v 0.04885354 -0.01866852 -0.01452556
v 0.04900270 -0.01876968 -0.01537363
v 0.05592203 -0.00762810 -0.01490497
v 0.05262436 -0.01328416 -0.01492553
v 0.04895080 -0.01873555 -0.01494364
v -0.04654005 0.00276845 -0.04831378
v -0.04693486 0.00279194 -0.04276596
v -0.04626332 0.00577460 -0.04831378
v -0.04662200 -0.00017250 -0.04831378
v -0.04580829 0.00867414 -0.04831378
v -0.04553204 0.01172643 -0.04276596
v -0.04514903 0.01162779 -0.04831378
v -0.04191650 -0.01992880 -0.04987799
v -0.04047869 -0.01925245 -0.05400068
v -0.04451169 -0.00475177 -0.05417472
v -0.04409289 -0.00803401 -0.05399837
v -0.04601773 -0.00623907 -0.04977908
v -0.04481693 -0.00022013 -0.05399942
v -0.04108326 0.02286574 -0.04276596
v -0.04145961 0.02307521 -0.03435980
v -0.03993876 0.02561757 -0.03435980
v -0.04212996 0.01996766 -0.04831378
v -0.04329715 0.01729155 -0.04831378
v -0.04248736 0.02013705 -0.04276596
v -0.03008991 0.02605875 -0.06327091
v -0.03253946 0.02288809 -0.06327080
v -0.03437202 0.02412889 -0.06001686
v -0.03043996 0.02142831 -0.06654971
v -0.02530056 -0.02239721 -0.07050944
v -0.02141977 -0.02326384 -0.07277609
v -0.04511584 0.01469439 -0.03435980
v -0.04513377 0.01687589 -0.01576836
v -0.04406445 0.01759798 -0.03435980
v -0.04594915 0.01183385 -0.03435980
v -0.04620718 0.01366584 -0.01576663
v -0.04810239 0.00039104 -0.01493533
v -0.04763418 0.00573666 -0.01450382
v -0.04470630 0.01456100 -0.04276596
v -0.02702724 0.02476290 0.01084167
v -0.02985891 0.02085140 0.01100000
v -0.03271616 0.01767719 0.01033368
v -0.03374603 0.01827856 0.00808395
v -0.03379476 0.01830496 0.00797165
v -0.04525581 0.01630940 -0.01491892
v -0.04513749 0.01626720 -0.01449926
v -0.04304182 0.02120005 -0.01451150
v -0.03720326 0.00964753 0.00797165
v -0.04668151 0.01108184 -0.01449764
v -0.03607756 -0.03081841 -0.03435980
v -0.03746995 -0.03029191 -0.01584440
v -0.03797268 -0.02845065 -0.03435980
v -0.03037172 -0.03730252 -0.01499116
v -0.02600691 -0.04046724 -0.01498449
v -0.03041445 -0.03735579 -0.01542225
v -0.03248077 -0.03557363 -0.01542478
v -0.03234861 -0.03570963 -0.01584017
v -0.03629417 -0.03167334 -0.01542837
v -0.03501031 -0.03310408 -0.01584259
v -0.03799510 -0.02958843 -0.01584417
v -0.03235119 -0.03543053 -0.01457519
v -0.02776537 -0.02657521 0.00797165
v -0.03431768 -0.03352913 -0.01457672
v -0.03454739 -0.03355723 -0.01584217
v -0.03445552 -0.03366443 -0.01542649
v -0.04565847 -0.00833367 -0.04987936
v -0.04572932 -0.00908129 -0.04831378
v -0.04475603 -0.01229007 -0.04987877
v -0.04348537 -0.01065646 -0.05416641
v -0.04480169 -0.01222216 -0.04977781
v -0.04350999 -0.01615640 -0.04987844
v -0.04586066 -0.01217226 -0.03435980
v -0.04653688 -0.01235197 -0.01581867
v -0.04708242 -0.01024440 -0.01581349
v -0.04611725 -0.00915833 -0.04276596
v -0.04661145 -0.00616835 -0.04276596
v -0.04752011 -0.00746803 -0.01495585
v -0.04709024 -0.01015230 -0.01539606
v -0.04702254 -0.01013889 -0.01496300
v -0.04559801 -0.01532020 -0.01497601
v -0.04547856 -0.01528104 -0.01455622
v -0.03803735 0.02659504 -0.04988365
v -0.04023420 0.02313750 -0.04988356
v -0.04024496 0.02316919 -0.04978532
v -0.03924330 0.02517149 -0.04831378
v -0.03590052 0.03011894 -0.04530992
v -0.03783033 0.02792029 -0.04276596
v -0.03628198 0.03043897 -0.03625875
v -0.03408416 0.03288111 -0.03655007
v -0.03375798 0.03262502 -0.04394557
v -0.04234769 0.02298854 -0.01578471
v -0.04068652 0.02581381 -0.01580014
v -0.04053725 0.02602576 -0.01538703
v -0.03817688 0.02817606 -0.03435980
v -0.02627310 0.03901182 -0.04391344
v -0.02667981 0.03934476 -0.03683899
v -0.02705485 0.03967983 -0.02923680
v -0.03139455 0.03491488 -0.04392593
v -0.03346737 0.03455721 -0.02033359
v -0.03207278 0.03544961 -0.02862389
v -0.00191388 0.05525751 -0.02153795
v -0.01775096 0.04354273 -0.04977085
v -0.00402922 0.05442877 -0.01926101
v 0.00473757 0.05757543 -0.02790638
v -0.02142511 0.04152327 -0.04977446
v -0.04037180 0.02592577 -0.01453712
v -0.03129967 0.02230443 0.00797165
v -0.03884213 0.02816540 -0.01455558
v -0.03891889 0.02840770 -0.01582010
v 0.00557320 0.03625972 0.01091327
v 0.00164288 0.03668308 0.01089717
v 0.04556221 0.04600034 0.00389591
v 0.01870869 0.03128877 0.01098415
v 0.02085139 0.02985891 0.01100000
v 0.02258056 0.02876881 0.01095579
v 0.02571956 0.02578448 0.01100000
v 0.03110812 0.01923046 0.01095579
v 0.02980625 0.02092660 0.01100000
v 0.02849949 0.02291954 0.01095579
v 0.03205081 0.04600034 0.00389591
v 0.03425227 0.04577801 0.00450675
v 0.01457285 0.03341607 0.01098415
v 0.01237461 0.03429097 0.01098415
v 0.01241424 0.03440077 0.01095579
v -0.00684866 0.05239581 -0.01367550
v 0.00062214 0.05082913 -0.00937108
v -0.00763705 0.03633440 0.01044197
v -0.00762234 0.03626440 0.01054305
v -0.00520280 0.03650859 0.01071628
v -0.00760514 0.03618257 0.01063466
v -0.00758545 0.03608888 0.01071628
v -0.02732266 0.02503357 0.01054305
v -0.02426382 0.02789774 0.01063466
v -0.02521576 0.02893209 0.00808395
v -0.02827000 0.02595587 0.00808395
v -0.02525217 0.02897387 0.00797165
v -0.03125454 0.02227227 0.00808395
v -0.02206867 0.04401832 -0.01591261
v -0.01711043 0.04702340 -0.01596326
v -0.00694048 0.05313990 -0.01571987
v -0.00673200 0.05325143 -0.01602630
v -0.02192330 0.04361426 -0.02284941
v -0.02463395 0.04191303 -0.02229945
v -0.02516283 0.04153247 -0.02218691
v -0.02363357 0.04275515 -0.01460541
v -0.02721748 0.04015256 -0.01459231
v -0.02353192 0.04260569 -0.01419811
v -0.01620365 0.04713466 -0.01421818
v -0.00722242 0.05288690 -0.01502474
v -0.01635468 0.04739796 -0.01508101
v -0.00725749 0.05276580 -0.01469203
v -0.00683869 0.05319741 -0.01587786
v -0.02397925 -0.00727463 -0.07785814
v 0.01842163 0.01846715 -0.07815640
v -0.01608209 0.01958933 -0.07785873
v -0.01792171 0.01791948 -0.07785865
v -0.01813592 0.01813371 -0.07782754
v 0.00977750 0.02382459 -0.07806598
v -0.02107438 0.01407736 -0.07785843
v 0.01425705 0.02145631 -0.07812447
v -0.02235423 0.01194527 -0.07785793
v -0.02132636 0.01424558 -0.07782724
v 0.01207419 0.02275231 -0.07809715
v -0.02236690 -0.01195704 -0.07785733
v -0.01680681 -0.02135070 -0.07709529
v -0.01722257 -0.02099224 -0.07709599
v -0.01711708 -0.02086298 -0.07725154
v -0.01499111 -0.02244278 -0.07724791
v -0.02874607 0.03059294 -0.06002326
v -0.02538493 0.03337273 -0.06003832
v -0.02727474 0.02893893 -0.06327771
v -0.03239554 0.01821071 -0.06654978
v -0.00959349 0.04713795 -0.04976843
v 0.01048637 0.05913205 -0.03218316
v 0.03589308 0.03657263 -0.06386019
v 0.03233939 0.03867372 -0.06384535
v 0.02445734 0.04143501 -0.06379154
v 0.03100729 0.04353420 -0.06052820
v 0.02849370 0.04027281 -0.06382207
v 0.02663693 0.04468485 -0.06049988
v 0.03660045 0.00249692 0.01091327
v 0.03627627 0.00321984 0.01100000
v 0.03648739 0.00248921 0.01095579
v 0.03483946 0.01112377 0.01095579
v 0.06606966 0.04867903 -0.00346373
v 0.03516603 0.00947023 0.01100000
v 0.06927317 0.05563031 -0.02256221
v 0.06927420 0.05562956 -0.02256014
v 0.06709087 0.02353479 -0.01340955
v 0.07118364 0.05063649 -0.00884180
v 0.07095190 0.05052310 -0.00853026
v 0.07001463 0.05008611 -0.00732964
v 0.07278974 0.05182865 -0.01211722
v 0.06947362 0.03222829 -0.01510119
v 0.07165657 0.04865023 -0.01562580
v 0.07276532 0.05202620 -0.01266001
v 0.07277049 0.05200894 -0.01261257
v 0.05017534 0.03235491 -0.05724718
v 0.05408078 0.03019131 -0.05428101
v 0.03096236 0.01934394 -0.07302084
v 0.03915357 0.02496037 -0.06707123
v 0.03222729 0.01641146 -0.07301183
v 0.02306991 0.01506695 -0.07776964
v 0.02546326 0.01047629 -0.07769883
v 0.03313268 0.01334951 -0.07299972
v 0.02695178 0.00543998 -0.07758433
v 0.04051555 0.02132845 -0.06705219
v 0.04454054 0.02370377 -0.06383003
v 0.04312803 0.02767222 -0.06385125
v 0.02196401 0.01464733 -0.07812691
v 0.02782075 0.02418834 -0.07294021
v 0.02144347 0.01730756 -0.07778149
v 0.04322339 0.06245442 -0.04131129
v 0.04827597 0.06204920 -0.04019795
v 0.04655886 0.06223039 -0.04069579
v 0.03984460 0.06255963 -0.04160035
v 0.03311510 0.06244540 -0.04128652
v 0.02982441 0.06224116 -0.04072537
v 0.03325036 0.06244781 -0.04129315
v 0.02356017 0.06157893 -0.03890590
v 0.02660351 0.06194427 -0.03990968
v 0.02029663 0.04221345 -0.06375495
v 0.05920453 0.06002813 -0.03464513
v 0.05039864 0.03838340 -0.05421461
v 0.05254253 0.03445260 -0.05428316
v -0.00093010 -0.03704260 0.01063060
v -0.00286181 -0.03701788 0.01044197
v 0.00012406 -0.03719691 0.01039436
v 0.00152895 -0.03834403 0.00809065
v -0.00580817 -0.04782207 -0.01537179
v -0.00598025 -0.04781245 -0.01578584
v -0.01918926 -0.04339512 -0.03435980
v -0.01901507 -0.04300120 -0.04276596
v -0.01640133 -0.04452371 -0.03435980
v -0.02193913 -0.04207183 -0.03435980
v -0.02173997 -0.04168992 -0.04276596
v -0.04004965 -0.02350787 -0.04977623
v -0.03779742 -0.02693522 -0.04987757
v -0.03901784 -0.02551958 -0.04831378
v -0.03934883 -0.02573607 -0.04276596
v -0.04091563 -0.02316435 -0.04276596
v -0.04129045 -0.02337655 -0.03435980
v -0.04230655 -0.02051420 -0.04276596
v -0.04353535 -0.01775808 -0.04276596
v -0.04269410 -0.02070212 -0.03435980
v -0.04000498 -0.02353192 -0.04987781
v -0.04100650 -0.02514629 -0.01499354
v -0.02977680 -0.02634187 -0.06323705
v -0.03403503 -0.03306027 -0.03435980
v -0.02134108 -0.04318697 -0.01540604
v -0.02131172 -0.04312553 -0.01497550
v -0.02338680 -0.04212741 -0.01582527
v 0.02645312 -0.00009153 -0.07789396
v -0.01793036 -0.01793431 -0.07785796
v -0.00591739 -0.02651159 -0.07707968
v 0.02460258 -0.00753136 -0.07791608
v 0.01608564 -0.01960861 -0.07785976
v 0.01627858 -0.01984454 -0.07782687
v 0.01195611 -0.02236441 -0.07785777
v 0.02467127 0.00741423 -0.07810578
v 0.00970631 -0.02343038 -0.07785747
v 0.02594910 0.00247110 -0.07801807
v 0.02589262 0.00506410 -0.07800688
v 0.02527576 0.00758788 -0.07804695
v 0.02530690 -0.00256483 -0.07798898
v 0.02492515 -0.00502672 -0.07796197
v -0.00245467 -0.02494120 -0.07785740
v -0.01408877 -0.02109148 -0.07785688
v -0.01195474 -0.02237295 -0.07785618
v -0.01425806 -0.02134505 -0.07782310
v -0.00727227 -0.02398279 -0.07785758
v 0.02497653 0.00750166 -0.07808980
v 0.00736345 -0.02427100 -0.07785683
v 0.00745186 -0.02456270 -0.07782313
v 0.00494940 -0.02487840 -0.07785611
v 0.00982281 -0.02371180 -0.07782417
v 0.05229839 0.00086820 -0.05424688
v 0.05274649 0.00218869 -0.05418846
v 0.04778285 -0.00584711 -0.05705605
v 0.04331666 -0.01021982 -0.06022244
v 0.04580315 -0.01034439 -0.05702669
v 0.05085950 0.00351556 -0.05711536
v 0.05411730 0.00771597 -0.05425847
v 0.04530307 0.00666767 -0.06368341
v 0.04572323 0.01097199 -0.06372703
v 0.03131251 -0.00864366 -0.07286877
v 0.03004730 -0.01158313 -0.07284930
v 0.02529298 -0.01024774 -0.07721151
v 0.02611046 -0.00800319 -0.07725520
v 0.03753653 -0.00958221 -0.06674980
v 0.02621964 -0.00770343 -0.07726104
v 0.03234379 -0.00561280 -0.07288902
v 0.04100308 0.00179783 -0.06687906
v 0.04877558 0.00755299 -0.06039912
v 0.04454926 0.00239677 -0.06363704
v 0.03895512 -0.00587786 -0.06679260
v 0.05527070 0.02483911 -0.05406035
v 0.05473473 0.02767044 -0.05421165
v 0.05410668 0.03049323 -0.05413918
v 0.04831319 0.02588868 -0.06053513
v 0.04539786 0.01954180 -0.06380149
v 0.06120262 0.00927519 -0.02880865
v 0.05905219 0.00268761 -0.02847929
v 0.05445648 -0.00315269 -0.04136703
v 0.05244599 -0.00397531 -0.04984403
v 0.05237040 -0.00420139 -0.04979694
v 0.04870064 -0.00839973 -0.05417137
v 0.04623168 -0.01320073 -0.05421285
v 0.05567122 -0.00750060 -0.01407124
v 0.05597205 -0.00765088 -0.01534248
v 0.06089253 0.00278310 -0.01606958
v 0.04911903 -0.01413798 -0.04150939
v -0.01001391 -0.04228745 -0.05689183
v -0.01018724 -0.02979949 -0.07277585
v -0.01617277 -0.02709651 -0.07277600
v -0.01233330 -0.02421693 -0.07708723
v -0.02390125 -0.03167398 -0.06327448
v -0.02163434 -0.03576945 -0.06001965
v -0.03154188 -0.02790753 -0.05986769
v -0.03404984 -0.02459964 -0.06001856
v 0.03035195 -0.03753837 -0.01498177
v 0.03039332 -0.03759457 -0.01540985
v 0.03219151 -0.03626576 -0.01584201
v 0.03555148 -0.03341728 -0.01497727
v 0.02853510 -0.03891814 -0.01584336
v 0.02444569 -0.02965687 0.00797274
v 0.03546933 -0.03332386 -0.01456202
v 0.03535238 -0.03319009 -0.01416662
v 0.03027793 -0.03743716 -0.01456656
v 0.03559732 -0.03346863 -0.01540525
v 0.03093828 -0.03681130 -0.02425604
v 0.04486647 -0.02396303 -0.01495806
v 0.04238679 -0.02689374 -0.01582593
v 0.03682946 -0.02913149 -0.04988513
v 0.03224549 -0.03145459 -0.05407382
v 0.03484425 -0.03121752 -0.04978655
v 0.04453895 -0.02034844 -0.04593982
v 0.04362218 -0.02067310 -0.04979001
v 0.04422107 -0.01977143 -0.04983873
v 0.04085362 -0.02444588 -0.04978864
v 0.04617746 -0.01671844 -0.04979112
v 0.02391146 -0.03978775 -0.04986206
v 0.02549342 -0.03878858 -0.04988381
v 0.02844481 -0.03675406 -0.04978560
v 0.03032668 -0.03527040 -0.04983494
v 0.02785553 -0.03899530 -0.02436002
v 0.02417326 -0.04022336 -0.04425778
v 0.02420395 -0.04027443 -0.04302521
v 0.01697243 -0.02069187 -0.07741431
v 0.01711608 -0.02086700 -0.07725672
v 0.01486605 -0.02224863 -0.07741229
v 0.01534441 -0.02240218 -0.07710044
v 0.01509185 -0.02258687 -0.07710029
v 0.02406990 -0.02841052 -0.06656357
v -0.00012883 -0.02717939 -0.07708106
v -0.00452975 -0.03657170 -0.06655300
v 0.00800822 -0.04283797 -0.05689136
v 0.00802110 -0.04355168 -0.05540773
v 0.00349262 -0.04337959 -0.05689147
v 0.01540490 -0.03663820 -0.06327280
v 0.02091382 -0.03841285 -0.05689119
v 0.01694527 -0.04098917 -0.05540765
v 0.06523637 0.01474442 -0.01555462
v 0.06524477 0.01473932 -0.01532276
v 0.05439583 0.00166357 -0.04984860
v 0.06285607 0.01595949 -0.02931264
v 0.06775373 0.02733612 -0.01887636
v 0.06433226 0.01854637 -0.02549686
v 0.06946620 0.03223192 -0.01535639
v 0.06944005 0.03223892 -0.01560555
v 0.07278871 0.05193719 -0.01241546
v 0.07088365 0.04105188 -0.01522039
v 0.06976178 0.03435963 -0.01585508
v 0.06863420 0.03555194 -0.02056557
v 0.06248872 0.01993546 -0.03379821
v 0.02801795 -0.02332373 0.01098415
v 0.02985891 -0.02085139 0.01100000
v 0.02578448 -0.02571956 0.01100000
v 0.03092863 -0.01972935 0.01091327
v 0.02819475 -0.02347091 0.01091327
v 0.02827786 -0.02354010 0.01085689
v 0.02835565 -0.02360485 0.01078719
v 0.03110513 -0.01984194 0.01078719
v 0.03073469 -0.01960564 0.01098415
v 0.03222314 -0.01776071 0.01085689
v 0.03318610 -0.01563682 0.01091327
v 0.03308359 -0.01558852 0.01095579
v 0.03412895 -0.01345520 0.01091327
v 0.03448592 -0.01359594 0.01061172
v 0.06179129 0.00637839 -0.01357107
v 0.06152460 0.00647645 -0.01320177
v 0.06494858 0.01481486 -0.01391695
v 0.06471948 0.01488047 -0.01348889
v 0.06958882 0.04989591 -0.00680708
v 0.06881160 0.04957376 -0.00592199
v 0.06854885 0.04946365 -0.00561946
v 0.06752464 0.04910060 -0.00462198
v 0.06443586 0.01496328 -0.01310484
v 0.03528316 -0.01136779 0.01061172
v 0.06369508 0.01007758 -0.01577313
v 0.06511468 0.01476891 -0.01437560
v 0.00227668 -0.03638432 0.01098415
v 0.00012197 -0.03657200 0.01095579
v 0.00012235 -0.03668532 0.01091327
v -0.00090441 -0.03647900 0.01097726
v -0.00284247 -0.03676773 0.01071628
v -0.01629278 -0.03480952 0.00797165
v -0.01436203 -0.03543241 0.00827865
v -0.01950923 -0.03103326 0.01084167
v -0.01534967 -0.03302609 0.01100000
v -0.02085140 -0.02985891 0.01100000
v -0.01957051 -0.03113073 0.01078577
v -0.01562323 -0.03328726 0.01078577
v -0.01962701 -0.03122061 0.01071628
v -0.02331877 -0.02856888 0.01071628
v 0.01543287 -0.03298729 0.01100000
v 0.00947023 -0.03516603 0.01100000
v 0.01300740 -0.03405598 0.01098415
v 0.02252112 -0.03114356 0.00797274
v 0.02078825 -0.03230396 0.00801429
v 0.02078213 -0.03232914 0.00797227
v 0.02480482 -0.04130758 -0.01584443
v 0.02482059 -0.04129797 -0.01561097
v 0.02242487 -0.04264723 -0.01582516
v 0.02481953 -0.04129873 -0.01584452
v 0.02474522 -0.04119682 -0.01481996
v 0.01760523 -0.03418315 0.00792928
v 0.01759310 -0.03412487 0.00805584
v 0.01738669 -0.03281870 0.01050754
v 0.01556949 -0.04551672 -0.01494390
v 0.02057974 -0.04348025 -0.01496606
v 0.00401359 -0.03822022 0.00797974
v 0.00400775 -0.03816465 0.00809065
v 0.00455371 -0.03685956 0.01050754
v 0.00895163 -0.03604487 0.01050754
v 0.01327202 -0.03474880 0.01039436
v 0.01331279 -0.03599128 0.00809065
v 0.01325156 -0.03469525 0.01050754
v 0.01103541 -0.03675354 0.00809065
v -0.00152576 -0.03839154 0.00799910
v 0.01299797 -0.04638712 -0.01536567
v 0.01558993 -0.04558114 -0.01537296
v 0.01313880 -0.04473267 -0.04831378
v 0.01040066 -0.04585305 -0.04276596
v 0.01031317 -0.04546734 -0.04831378
v 0.00739597 -0.04643248 -0.04276596
v 0.00733376 -0.04604190 -0.04831378
v 0.02186410 -0.04211087 -0.03435980
v 0.01655688 -0.04522394 -0.01579043
v 0.02148338 -0.04137759 -0.04831378
v 0.02398806 -0.03991520 -0.04830903
v 0.02031467 -0.04173069 -0.04988365
v 0.01849789 -0.04259456 -0.04978546
v 0.04868586 -0.01920006 -0.01580901
v 0.05252482 -0.01322568 -0.01450432
v -0.04643807 -0.00020134 -0.04978051
v -0.04651358 -0.00318234 -0.04831378
v -0.04733788 -0.00323874 -0.03435980
v -0.04662009 0.00882787 -0.03435980
v -0.04195067 -0.02034163 -0.04831378
v -0.04281377 -0.01798794 -0.04977688
v -0.03782557 -0.02186337 -0.05689159
v -0.04203458 -0.01390931 -0.05540777
v -0.04320035 -0.00955233 -0.05540770
v -0.04073767 0.02267339 -0.04831378
v -0.04293018 0.01770542 -0.04978444
v -0.04606525 0.00587456 -0.04978187
v -0.04488178 0.01192154 -0.04978321
v -0.03175621 0.02751291 -0.06001696
v -0.02815680 0.02438064 -0.06654982
v -0.02171443 0.02299271 -0.07277492
v -0.02391841 0.02071205 -0.07277203
v -0.02567390 -0.01848500 -0.07277276
v -0.03018193 -0.02180749 -0.06655136
v -0.02028498 -0.01664994 -0.07766939
v -0.01855517 -0.01855940 -0.07766898
v -0.02049123 -0.01681922 -0.07755189
v -0.04705523 0.01037586 -0.01576814
v -0.04384232 0.01999213 -0.01577422
v -0.04817821 0.00039366 -0.01578603
v -0.04736482 0.00281752 -0.03435980
v -0.04818437 0.00024056 -0.01578637
v -0.04804728 0.00364385 -0.01577870
v -0.04775922 0.00575253 -0.01492408
v -0.04433024 0.01443852 -0.04831378
v -0.04366445 0.01743823 -0.04276596
v -0.03665468 0.00032783 0.01084167
v -0.03627627 -0.00321984 0.01100000
v -0.03628427 0.00312838 0.01100000
v -0.03676981 0.00032886 0.01078577
v -0.02711213 0.02484068 0.01078577
v -0.03224963 0.01742511 0.01084167
v -0.03302609 0.01534967 0.01100000
v -0.03235092 0.01747985 0.01078577
v -0.03005448 0.02136994 0.01071628
v -0.04680393 0.01111121 -0.01491769
v -0.04532072 0.01633234 -0.01535154
v -0.04315479 0.02125416 -0.01493062
v -0.04321698 0.02128322 -0.01536264
v -0.03809045 0.00512588 0.00797165
v -0.03576842 0.01406333 0.00797165
v -0.03252856 0.01757583 0.01063466
v -0.03969504 -0.02731124 -0.01584340
v -0.03800656 -0.02959678 -0.01542832
v -0.03624275 -0.03162812 -0.01499677
v -0.02560468 -0.02839233 0.00827865
v -0.03243500 -0.03552290 -0.01499358
v -0.03298729 -0.01543287 0.01100000
v -0.03210793 -0.01768485 0.01084167
v -0.03220878 -0.01774040 0.01078577
v -0.03230177 -0.01779162 0.01071628
v -0.03409559 -0.01345971 0.01084167
v -0.03516603 -0.00947023 0.01100000
v -0.03420268 -0.01350199 0.01078577
v -0.03252153 -0.01791266 0.01044197
v -0.02994661 -0.02182677 0.01054305
v -0.03245888 -0.01787815 0.01054305
v -0.03000441 -0.02186890 0.01044197
v -0.03365410 -0.01581872 0.01033368
v -0.03360153 -0.01579400 0.01044197
v -0.03453480 -0.01363310 0.01044197
v -0.03576395 -0.01407469 0.00797165
v -0.04621936 -0.00611646 -0.04831378
v -0.04653972 -0.00924222 -0.03435980
v -0.04758850 -0.00747757 -0.01538903
v -0.03751210 0.02768543 -0.04831378
v -0.03681822 0.02829989 -0.04978566
v -0.03957621 0.02538503 -0.04276596
v -0.03357892 0.03249301 -0.04712724
v -0.03681129 0.03089387 -0.01482010
v -0.03619554 0.03160008 -0.01968927
v -0.03691288 0.03096827 -0.01584456
v -0.03400033 0.03424032 -0.01584621
v -0.03716610 0.03066397 -0.01584368
v -0.02605397 0.03886724 -0.04707956
v -0.02480619 0.03938925 -0.04977799
v -0.03175027 0.03518832 -0.03663269
v -0.03062158 0.03727382 -0.02099365
v -0.02025169 0.04216823 -0.04977331
v -0.01785537 0.03806135 -0.06009031
v -0.02071806 0.03385327 -0.06331843
v -0.02173824 0.03585950 -0.06006104
v -0.02274405 0.04069737 -0.04987813
v -0.02052914 0.04013197 -0.05415900
v -0.04047825 0.02599105 -0.01495566
v -0.03900939 0.02827490 -0.01581908
v -0.03894493 0.02823598 -0.01497384
v 0.00789151 0.03582669 0.01091327
v 0.00786714 0.03571602 0.01095579
v 0.00555598 0.03614771 0.01095579
v 0.03917567 0.04560618 0.00497885
v 0.03877977 0.04559848 0.00500000
v 0.03648946 0.04564351 0.00487631
v -0.00285970 0.03694630 0.01054305
v -0.00285325 0.03686293 0.01063466
v 0.01666337 0.03242428 0.01098415
v 0.02250849 0.02867699 0.01098415
v 0.04124674 0.04565234 0.00485202
v 0.03100884 0.01916909 0.01098415
v 0.02840853 0.02284638 0.01098415
v -0.00522810 0.03668616 0.01054305
v 0.01019150 0.03512349 0.01095579
v 0.00312838 0.03628427 0.01100000
v -0.00990116 0.03562280 0.01063466
v -0.00708246 0.05252022 -0.01401731
v -0.00718891 0.05260376 -0.01424684
v -0.00714534 0.05256173 -0.01413136
v -0.00698833 0.05245260 -0.01383153
v -0.01444201 0.03420441 0.01044197
v -0.01224272 0.03505181 0.01044197
v -0.01660658 0.03320745 0.01044197
v -0.00065877 0.05118142 -0.01033899
v 0.00052746 0.05084852 -0.00942435
v -0.00666125 0.05231513 -0.01345384
v -0.00284586 0.03676747 0.01071628
v -0.00283767 0.03666162 0.01078577
v 0.00164660 0.03683692 0.01080333
v -0.00518782 0.03640348 0.01078577
v -0.00756361 0.03598498 0.01078577
v -0.02052644 0.03063676 0.01071628
v -0.02413132 0.02774539 0.01078577
v -0.02405576 0.02765851 0.01084167
v -0.03020066 0.02147388 0.01054305
v -0.02431870 0.02796083 0.01054305
v -0.02062628 0.03078577 0.01054305
v -0.02440376 0.02805864 0.01033368
v -0.01935749 0.03320308 0.00797165
v -0.02142570 0.03190763 0.00797165
v -0.03030629 0.02154899 0.01033368
v -0.01637311 0.04743066 -0.01530728
v -0.02370364 0.04285784 -0.01503334
v -0.01629429 0.04729222 -0.01463905
v -0.00725033 0.05272120 -0.01456949
v -0.02488130 -0.00495001 -0.07785521
v -0.02456704 -0.00745270 -0.07782174
v -0.02518082 -0.00500951 -0.07782053
v -0.02342021 0.00969772 -0.07785746
v -0.02523228 0.00248327 -0.07785589
v -0.02494032 -0.00245869 -0.07785751
v -0.02027239 0.01663398 -0.07767652
v -0.02005396 0.01645475 -0.07776624
v -0.02157164 0.01440935 -0.07776562
v -0.01972293 0.01868574 -0.07709928
v -0.01959181 0.01607557 -0.07785875
v -0.01389323 0.02842289 -0.07280561
v -0.01258554 0.03513454 -0.06665433
v -0.01098886 0.02975533 -0.07282151
v -0.01573601 0.02215560 -0.07709778
v -0.01661008 0.02146453 -0.07709767
v -0.01928550 0.02504009 -0.07278182
v -0.03380150 -0.01527842 -0.06655119
v -0.02883359 -0.01287594 -0.07277269
v -0.03215454 -0.01865942 -0.06655130
v -0.03609905 -0.01635586 -0.06327245
v -0.03510575 -0.01170755 -0.06655106
v -0.02997168 -0.00982761 -0.07277262
v -0.02324839 -0.01406184 -0.07709725
v -0.02739508 -0.01577322 -0.07277273
v -0.02537064 -0.00973983 -0.07708994
v -0.02180663 0.01456626 -0.07767573
v -0.02313128 0.01236032 -0.07767406
v -0.02202828 0.01471427 -0.07756047
v -0.01486566 -0.02225498 -0.07740647
v -0.01472826 -0.02204925 -0.07754694
v -0.01249753 -0.02338929 -0.07754418
v -0.01681681 -0.02049694 -0.07754949
v -0.01458005 -0.02182730 -0.07766549
v -0.02554282 0.02706077 -0.06655591
v -0.02263128 0.02947385 -0.06657048
v -0.02413100 0.03153560 -0.06329394
v -0.01947444 0.03162174 -0.06659245
v -0.01708182 0.03589758 -0.06334998
v -0.01377934 0.03998536 -0.06012502
v 0.01363968 0.05984567 -0.03414381
v 0.01100250 0.05924711 -0.03249928
v 0.00835160 0.05860147 -0.03072539
v 0.00919338 0.04814923 -0.05710584
v 0.00437915 0.04747436 -0.05707577
v 0.03518174 0.04190172 -0.06054979
v 0.03639881 -0.00203188 0.01098415
v 0.03628427 -0.00312838 0.01100000
v 0.03472826 0.01108826 0.01098415
v 0.06742761 0.04906216 -0.00451638
v 0.03520530 -0.01134271 0.01070493
v 0.06731717 0.04902681 -0.00441924
v 0.03603825 0.00686090 0.01091327
v 0.06622717 0.04870580 -0.00353728
v 0.03662850 -0.00204470 0.01091327
v 0.03673647 -0.00205073 0.01085689
v 0.03440982 -0.01356594 0.01070493
v 0.03511720 -0.01131432 0.01078719
v 0.03337548 -0.01572606 0.01078719
v 0.03491794 -0.01125012 0.01091327
v 0.03481008 -0.01121537 0.01095579
v 0.03546948 -0.00891304 0.01095579
v 0.03557938 -0.00894066 0.01091327
v 0.03585372 -0.00659642 0.01098415
v 0.03502087 -0.01128329 0.01085689
v 0.03578242 -0.00899168 0.01078719
v 0.07052703 0.05032471 -0.00798521
v 0.07279072 0.05191872 -0.01236468
v 0.07275333 0.05170583 -0.01177980
v 0.07273489 0.05167275 -0.01168889
v 0.06942836 0.03223189 -0.01458144
v 0.06946126 0.03222822 -0.01484209
v 0.07134280 0.05071541 -0.00905864
v 0.05713934 0.01591182 -0.04983482
v 0.02733637 0.00267746 -0.07751441
v 0.04585569 0.03219262 -0.06056179
v 0.04109970 0.03131339 -0.06386402
v 0.02629006 0.00812902 -0.07764850
v 0.02207269 0.01644074 -0.07777691
v 0.02438547 0.01281237 -0.07774079
v 0.02408394 0.01281375 -0.07786483
v 0.02087185 0.01713406 -0.07799947
v 0.02129655 0.01748272 -0.07778123
v 0.02302474 0.01225768 -0.07814284
v 0.02330301 0.01240326 -0.07810903
v 0.02769944 0.02408287 -0.07302379
v 0.03646360 0.06255274 -0.04158144
v 0.02623753 0.06190370 -0.03979822
v 0.05882770 0.06013717 -0.03494471
v 0.05611603 0.06079236 -0.03674482
v 0.05669758 0.06064597 -0.03634262
v -0.00291903 -0.03826721 0.00808395
v -0.00150587 -0.03836374 0.00805530
v -0.00746504 -0.03764536 0.00808395
v -0.00725956 -0.03641171 0.01044197
v -0.00724557 -0.03634156 0.01054305
v -0.00285630 -0.03694656 0.01054305
v -0.00307816 -0.04807524 -0.01536695
v -0.00229867 -0.04813039 -0.01577914
v -0.03663370 -0.02854072 -0.04977589
v -0.04393417 -0.01792075 -0.03435980
v -0.04167597 -0.02418102 -0.01584075
v -0.04341519 -0.02089845 -0.01583641
v -0.04106517 -0.02518185 -0.01542551
v -0.02655571 -0.03549582 -0.05540824
v -0.02964724 -0.03212535 -0.05689231
v -0.03004583 -0.03263640 -0.05540827
v -0.02946869 -0.03585730 -0.04987781
v -0.02927415 -0.03390706 -0.05413219
v -0.02492823 -0.04119249 -0.01582828
v -0.02654711 -0.04021060 -0.01583144
v -0.02456608 -0.04059399 -0.03435980
v -0.03544933 -0.03028177 -0.04831378
v -0.03249899 -0.03313558 -0.04987757
v -0.03185804 -0.03516290 -0.03435980
v -0.03248351 -0.03557757 -0.01584029
v -0.02007239 -0.04380392 -0.01581816
v -0.01630788 -0.04532825 -0.01539474
v -0.01947892 -0.04404893 -0.01581676
v -0.01319320 -0.04634307 -0.01580196
v -0.01624478 -0.04514686 -0.01454712
v -0.02604316 -0.04052500 -0.01541531
v -0.02752151 -0.03951240 -0.01583307
v -0.02953694 -0.03806828 -0.01583643
v -0.02711950 -0.03893453 -0.03435980
v -0.02687332 -0.03858110 -0.04276596
v 0.02683146 0.00254577 -0.07777905
v 0.02696182 -0.00009754 -0.07770754
v 0.02655021 0.00252135 -0.07788288
v -0.01237178 -0.02315387 -0.07766329
v -0.00993549 -0.02399545 -0.07775539
v -0.01004398 -0.02425758 -0.07766128
v -0.01209848 -0.02264212 -0.07782197
v 0.01259086 -0.02407540 -0.07709929
v 0.01814365 -0.01816275 -0.07783134
v 0.01835310 -0.01837350 -0.07776815
v 0.01028274 -0.02514936 -0.07709688
v 0.00797256 -0.02597067 -0.07709256
v 0.00783481 -0.02582569 -0.07724845
v 0.02523342 -0.00509378 -0.07794559
v 0.02373718 -0.00989267 -0.07789015
v 0.02237527 -0.01200692 -0.07789639
v 0.02264668 -0.01215585 -0.07786859
v 0.01792843 -0.01794599 -0.07786381
v 0.01209962 -0.02263288 -0.07782469
v 0.01425859 -0.02133908 -0.07782511
v 0.01442299 -0.02158529 -0.07776143
v 0.01472855 -0.02204281 -0.07755176
v 0.01249850 -0.02337903 -0.07755111
v 0.00000137 -0.02537012 -0.07785496
v 0.00000141 -0.02506085 -0.07785749
v 0.00248743 -0.02524597 -0.07785546
v -0.00248500 -0.02524911 -0.07785472
v -0.00753671 -0.02485532 -0.07775426
v -0.00745061 -0.02457123 -0.07782011
v -0.01180928 -0.02210051 -0.07785816
v -0.00958708 -0.02315345 -0.07785783
v 0.02411978 0.00992599 -0.07811945
v 0.03202725 -0.03003077 -0.05691095
v 0.02879795 -0.02752691 -0.06330487
v 0.03419297 -0.02111031 -0.06336542
v 0.03182327 -0.01988309 -0.06663539
v 0.03654592 -0.01756680 -0.06340419
v 0.02945726 -0.02296182 -0.06660534
v 0.03396284 -0.01660939 -0.06667016
v 0.02683937 -0.01710565 -0.07281465
v 0.04052951 -0.00995490 -0.06349295
v 0.04125135 -0.01436372 -0.06017989
v 0.05091314 -0.00318627 -0.05418026
v 0.05190325 0.00833632 -0.05714389
v 0.05257069 0.01321523 -0.05717073
v 0.05559414 0.01907038 -0.05398183
v 0.05280861 0.01811851 -0.05719519
v 0.05542845 0.01993377 -0.05427306
v 0.04932465 0.01217257 -0.06043959
v 0.04577132 0.01527753 -0.06376678
v 0.04188547 0.00967384 -0.06695979
v 0.02593007 -0.00794862 -0.07740237
v 0.03313471 -0.00251036 -0.07290956
v 0.02690179 -0.00502693 -0.07732046
v 0.02724735 -0.00275753 -0.07737555
v 0.04787131 0.00297755 -0.06035610
v 0.04348820 -0.00181331 -0.06358907
v 0.04214272 -0.00593834 -0.06354067
v 0.04011521 -0.00207700 -0.06683603
v 0.05522900 0.02483441 -0.05413742
v 0.06769361 0.05665371 -0.02537398
v 0.05550969 0.02196171 -0.05406006
v 0.05478339 0.02767978 -0.05413842
v 0.02517225 -0.01049918 -0.07720741
v 0.02411458 -0.01270197 -0.07717144
v 0.02265810 -0.01509331 -0.07714048
v 0.02855431 -0.01441086 -0.07283110
v 0.02124086 -0.01697841 -0.07712270
v 0.02107861 -0.01719423 -0.07712065
v 0.02276819 -0.02200700 -0.07278895
v 0.01664595 -0.02029342 -0.07767125
v 0.01855373 -0.01857516 -0.07767648
v 0.01874290 -0.01876510 -0.07755929
v 0.05847643 -0.00195112 -0.01404619
v 0.06159132 0.00441529 -0.01577082
v 0.05873247 -0.00206262 -0.01490494
v 0.05877811 -0.00207501 -0.01577476
v 0.05056224 -0.00844904 -0.04979427
v 0.05041867 -0.01036984 -0.04577301
v 0.05007450 -0.00946465 -0.04984138
v 0.04764650 -0.01547020 -0.04584222
v -0.01779687 -0.03772289 -0.06001950
v -0.01022982 -0.02517969 -0.07708396
v -0.00864760 -0.02573571 -0.07708200
v -0.00788459 -0.02600385 -0.07708105
v -0.01890548 -0.02531131 -0.07277606
v -0.02234532 -0.02966036 -0.06655380
v -0.03146525 -0.02783955 -0.06001397
v 0.03011409 -0.03689389 -0.03382754
v 0.04491755 -0.02400321 -0.01538661
v 0.04043417 -0.02893204 -0.01539696
v 0.03257873 -0.03332091 -0.04988397
v 0.04321505 -0.02122791 -0.04978980
v 0.04071988 -0.02457433 -0.04988547
v 0.02392056 -0.03980288 -0.04978573
v 0.02513826 -0.03904764 -0.04978568
v 0.01499168 -0.02243666 -0.07725471
v -0.00292270 -0.02702325 -0.07707938
v 0.00784336 -0.02601660 -0.07709231
v 0.00261744 -0.02705139 -0.07708421
v 0.00452711 -0.04459097 -0.05400016
v 0.00809542 -0.04404236 -0.05415758
v 0.00674122 -0.04594615 -0.04978367
v -0.01625245 -0.04411954 -0.04276596
v -0.00331085 -0.04469524 -0.05399849
v -0.00776741 -0.04408290 -0.05417854
v -0.00155285 -0.04742313 -0.03435980
v -0.00461869 -0.04722322 -0.03435980
v -0.00490165 -0.03904734 -0.06327359
v 0.02119344 -0.03898546 -0.05540763
v 0.00875629 -0.04557921 -0.04988280
v 0.01253780 -0.04251060 -0.05540768
v 0.01273847 -0.04463036 -0.04988315
v 0.01391133 -0.04257599 -0.05414070
v 0.06560931 0.01607721 -0.01578211
v 0.06577482 0.02122574 -0.02183233
v 0.06686549 0.02240125 -0.01808492
v 0.06410635 0.01402279 -0.02099239
v 0.06761419 0.02342886 -0.01533035
v 0.06731990 0.02243001 -0.01579964
v 0.06521340 0.01474379 -0.01484945
v 0.06755657 0.02343497 -0.01458770
v 0.07120297 0.04322826 -0.01505700
v 0.07150842 0.04585601 -0.01517361
v 0.06901134 0.03213482 -0.01738093
v 0.06860349 0.03517897 -0.02048280
v 0.02650359 -0.02503121 0.01098415
v 0.02810766 -0.02339841 0.01095579
v 0.02943926 -0.02150190 0.01098415
v 0.03101980 -0.01978751 0.01085689
v 0.03239284 -0.01785425 0.01070493
v 0.03083309 -0.01966841 0.01095579
v 0.03328393 -0.01568292 0.01085689
v 0.06200882 0.00629957 -0.01398103
v 0.06032167 0.00213445 -0.01401217
v 0.06332827 0.01060704 -0.01353033
v 0.06270975 0.00755257 -0.01642600
v 0.06216978 0.00624271 -0.01441977
v -0.00091042 -0.03662904 0.01093211
v -0.00091662 -0.03677223 0.01086283
v -0.00091707 -0.03678221 0.01085684
v -0.01195507 -0.03652716 0.00797165
v -0.01574455 -0.03354574 0.01054305
v -0.01153750 -0.03512695 0.01063466
v -0.01570902 -0.03347004 0.01063466
v -0.01976054 -0.03143302 0.01044197
v -0.01972247 -0.03137246 0.01054305
v -0.01577494 -0.03361049 0.01044197
v -0.01579962 -0.03366307 0.01033368
v -0.01967797 -0.03130167 0.01063466
v -0.01566834 -0.03338337 0.01071628
v -0.02317883 -0.02839744 0.01084167
v -0.02987903 -0.02177752 0.01063466
v -0.02698299 -0.02539932 0.01054305
v -0.02659197 -0.02539673 0.01078577
v -0.02685238 -0.02527639 0.01071628
v -0.03103825 -0.02257271 0.00808395
v -0.02703507 -0.02544835 0.01044197
v -0.02689220 -0.02568346 0.01033368
v -0.02707737 -0.02548817 0.01033368
v -0.02797269 -0.02627601 0.00808395
v 0.01312806 -0.03437190 0.01085689
v 0.01316417 -0.03446645 0.01078719
v 0.01722465 -0.03251284 0.01085689
v 0.02460971 -0.04094961 -0.02672919
v 0.02479736 -0.04128965 -0.01535541
v 0.02471356 -0.04110841 -0.01454504
v 0.01537899 -0.03391610 0.01027375
v 0.01322639 -0.03462934 0.01061172
v 0.01727203 -0.03260228 0.01078719
v 0.01319720 -0.03455292 0.01070493
v 0.02109197 -0.03014801 0.01085689
v 0.01741353 -0.03286936 0.01039436
v 0.02442673 -0.02706172 0.01098415
v 0.02092660 -0.02980625 0.01100000
v 0.02450494 -0.02714837 0.01095579
v 0.02503880 -0.02681205 0.01091327
v 0.02102998 -0.03005940 0.01091327
v 0.02465333 -0.02731276 0.01085689
v 0.02624462 -0.02780186 0.00827865
v 0.00872275 -0.03742737 0.00797974
v 0.00886820 -0.03570895 0.01085689
v 0.01308948 -0.03427088 0.01091327
v 0.00453503 -0.03670836 0.01070493
v 0.00451127 -0.03651605 0.01085689
v 0.00012271 -0.03679346 0.01085689
v 0.00456074 -0.03691646 0.01039436
v -0.00083893 -0.03838382 0.00805588
v 0.01298077 -0.04632189 -0.01493692
v 0.01277626 -0.04464575 -0.04978472
v 0.01912268 -0.04422744 -0.01580138
v 0.05582111 -0.00757768 -0.01447870
v -0.04621442 -0.00428643 -0.04987983
v -0.04462510 -0.00415201 -0.05399865
v -0.04690817 -0.00320934 -0.04276596
v -0.04619690 0.00874773 -0.04276596
v -0.04767014 0.00702842 -0.01577234
v -0.04316914 -0.01760870 -0.04831378
v -0.04057145 -0.02296949 -0.04831378
v -0.04165243 -0.01644966 -0.05415419
v -0.04322087 -0.01186654 -0.05400005
v -0.03664021 -0.00417564 -0.06655072
v -0.03130111 -0.00342484 -0.07277247
v -0.03605432 -0.00799126 -0.06655090
v -0.04210370 0.01952986 -0.04988314
v -0.03881538 0.02143539 -0.05540727
v -0.04067073 0.01875773 -0.05414564
v -0.04573843 0.00788266 -0.04988170
v -0.04417254 0.00727481 -0.05417111
v -0.04486638 0.01188054 -0.04988218
v -0.04416460 0.00762978 -0.05399855
v -0.04364854 0.01577789 -0.04988280
v -0.04281665 0.01310347 -0.05416188
v -0.04233622 0.01294201 -0.05540736
v -0.04012521 0.01710447 -0.05689062
v -0.04162097 0.01283702 -0.05689072
v -0.03583054 0.02506285 -0.05689051
v -0.03819220 0.02119651 -0.05689055
v -0.03434785 -0.01995962 -0.06327257
v -0.03812939 -0.01725585 -0.06001839
v -0.01983720 -0.01628243 -0.07782510
v -0.02364115 -0.02093717 -0.07270961
v -0.02032973 -0.01802359 -0.07710012
v -0.02173230 -0.01630516 -0.07709983
v -0.02098314 -0.01722305 -0.07709999
v -0.02085734 -0.01711971 -0.07725495
v -0.01861076 -0.01979538 -0.07709830
v -0.04287657 0.02032152 -0.03435980
v -0.04817149 0.00039271 -0.01536867
v -0.04817163 -0.00017789 -0.01578744
v -0.03605155 -0.00663012 0.01084167
v -0.03616479 -0.00665095 0.01078577
v -0.03565203 -0.00900332 0.01078577
v -0.03575496 -0.00902932 0.01071628
v -0.03500500 -0.01125953 0.01078577
v -0.03626920 -0.00667015 0.01071628
v -0.03636337 -0.00668747 0.01063466
v -0.03662259 -0.00432803 0.01071628
v -0.03651716 -0.00431557 0.01078577
v -0.03584779 -0.00905276 0.01063466
v -0.03519721 -0.01132135 0.01063466
v -0.03780726 -0.00691147 0.00797165
v -0.03727391 -0.00937085 0.00797165
v -0.03722016 -0.00935734 0.00808395
v -0.03775274 -0.00690151 0.00808395
v -0.02996796 0.02130842 0.01078577
v -0.04687100 0.01112744 -0.01535073
v -0.04578991 0.01491371 -0.01576730
v -0.03644764 0.00486789 0.01078577
v -0.03655287 0.00488195 0.01071628
v -0.03570603 0.00922093 0.01071628
v -0.03594895 0.00928366 0.01044197
v -0.03680156 0.00491516 0.01044197
v -0.03587969 0.00926578 0.01054305
v -0.03714961 0.00963362 0.00808395
v -0.03456730 0.01355046 0.01044197
v -0.03244432 0.01753031 0.01071628
v -0.03442286 0.01349384 0.01063466
v -0.03412768 0.01337813 0.01084167
v -0.03518979 0.00938156 0.01100000
v -0.03423487 0.01342015 0.01078577
v -0.03970930 -0.02597183 -0.03435980
v -0.03440678 -0.03361650 -0.01499519
v -0.02772533 -0.02653689 0.00808395
v -0.03510607 -0.01129203 0.01071628
v -0.03489539 -0.01122427 0.01084167
v -0.03446826 -0.01360683 0.01054305
v -0.03534491 -0.01136886 0.01044197
v -0.03337447 -0.01568728 0.01071628
v -0.03475002 -0.01628914 0.00808395
v -0.03257242 -0.01794069 0.01033368
v -0.03571238 -0.01405440 0.00808395
v -0.02629533 0.03489435 -0.05690474
v -0.03719861 0.03030175 -0.01457827
v -0.03391130 0.03421870 -0.01499888
v -0.03072347 0.03735178 -0.01500546
v -0.03396031 0.03426599 -0.01543055
v -0.03689560 0.03095896 -0.01535554
v -0.03384032 0.03415297 -0.02024551
v -0.03681152 0.03088323 -0.01954367
v -0.02788956 0.03716071 -0.04978132
v -0.02543855 0.04173626 -0.01588448
v -0.03126012 0.03696282 -0.01585378
v -0.02729441 0.04025040 -0.01501571
v -0.02733585 0.04030276 -0.01545194
v -0.03063935 0.03726000 -0.01458507
v -0.02265736 0.03824524 -0.05542386
v -0.02659116 0.03550845 -0.05541532
v -0.02598025 0.03654373 -0.05414207
v -0.03729770 0.03037742 -0.01499647
v 0.00164337 0.03670191 0.01088765
v 0.03529936 0.04571506 0.00467972
v 0.01876859 0.03138895 0.01095579
v 0.02220793 0.02886421 0.01099005
v 0.04112105 0.04564503 0.00487212
v 0.05346643 0.04919176 -0.00487243
v 0.04299509 0.04575585 0.00456765
v -0.00521630 0.03660337 0.01063466
v 0.00938155 0.03518979 0.01100000
v -0.00321984 0.03627627 0.01100000
v -0.00517157 0.03628950 0.01084167
v -0.02092660 0.02980625 0.01100000
v -0.02046735 0.03054857 0.01078577
v -0.00994271 0.03577228 0.01044197
v -0.00753993 0.03587231 0.01084167
v -0.00947023 0.03516603 0.01100000
v -0.00723355 0.05284042 -0.01489704
v -0.00649763 0.05227201 -0.01333535
v 0.03723158 0.04562892 0.00491639
v -0.02057973 0.03071630 0.01063466
v -0.02710652 0.04001112 -0.01418927
v -0.02338229 0.03050288 0.00797165
v -0.01932957 0.03315521 0.00808395
v -0.01720129 0.03430766 0.00808395
v 0.03248147 0.03320659 -0.06707853
v -0.02427492 -0.00736419 -0.07785606
v -0.02371582 -0.00982474 -0.07782295
v -0.02457811 -0.00488980 -0.07785758
v 0.01630470 0.01994758 -0.07814657
v 0.01650419 0.02019639 -0.07813855
v -0.02426019 0.00735551 -0.07785674
v -0.01834446 0.01834227 -0.07776599
v -0.01409121 0.02107090 -0.07786041
v 0.00241358 0.02529784 -0.07797518
v -0.01919542 0.01919248 -0.07709878
v -0.02134590 0.01680744 -0.07709972
v -0.01982598 0.01626770 -0.07782770
v -0.01128217 0.02475023 -0.07711410
v -0.01611356 0.03350768 -0.06662076
v -0.01666821 0.02685069 -0.07279222
v -0.01357270 0.02355376 -0.07710274
v -0.02671273 -0.00500705 -0.07708318
v -0.02686594 -0.00264855 -0.07723751
v -0.02647536 -0.00526687 -0.07723968
v -0.02485092 -0.00753872 -0.07775655
v -0.03079629 -0.00666448 -0.07277255
v -0.02263563 -0.01210065 -0.07782386
v -0.02224824 -0.01486706 -0.07741129
v -0.02338220 -0.01249964 -0.07754884
v -0.02204248 -0.01472957 -0.07755090
v -0.02448124 0.01013689 -0.07755581
v -0.02358472 0.01260257 -0.07742069
v -0.02336639 0.01248592 -0.07755835
v -0.02483370 0.00752922 -0.07776138
v -0.02455088 0.00744355 -0.07782437
v -0.02516401 0.00500221 -0.07782333
v -0.02397355 0.00992673 -0.07776298
v -0.02370065 0.00981378 -0.07782550
v -0.02423488 0.01003490 -0.07767211
v -0.02510447 0.00761125 -0.07766999
v -0.01014606 -0.02450420 -0.07754164
v -0.00769646 -0.02538230 -0.07753976
v -0.01024063 -0.02473264 -0.07740007
v -0.01697375 -0.02068825 -0.07740957
v -0.01891881 -0.01892316 -0.07741183
v -0.00892239 0.03650444 -0.06669211
v -0.03842537 0.01654635 -0.06001703
v 0.01534483 0.06020602 -0.03513387
v 0.01713987 0.06054550 -0.03606658
v 0.01910024 0.06090635 -0.03705801
v -0.00652564 0.04819833 -0.04987505
v -0.00018482 0.04838036 -0.05399520
v -0.00561221 0.04681795 -0.05399679
v -0.00505664 0.04527637 -0.05701619
v -0.00520958 0.04864833 -0.04977209
v 0.02122493 0.06124847 -0.03799799
v 0.00593645 0.04958334 -0.05422716
v 0.00380302 0.04497609 -0.06029617
v -0.00072781 0.04413322 -0.06025075
v 0.00838148 0.04554169 -0.06034151
v 0.03637094 0.00248126 0.01098415
v 0.03651536 -0.00203839 0.01095579
v 0.03587219 -0.00901424 0.01070493
v 0.03581227 0.00681787 0.01098415
v 0.06608897 0.04868223 -0.00347252
v 0.03618632 -0.00665761 0.01085689
v 0.03607997 -0.00663805 0.01091327
v 0.03628586 -0.00667593 0.01078719
v 0.06590790 0.04865939 -0.00340976
v 0.03432371 -0.01353199 0.01078719
v 0.03402352 -0.01341364 0.01095579
v 0.03469898 -0.01117958 0.01098415
v 0.03620145 -0.00429619 0.01098415
v 0.03596852 -0.00661754 0.01095579
v 0.03568426 -0.00896702 0.01085689
v 0.07260008 0.05150564 -0.01122976
v 0.07235320 0.05130523 -0.01067916
v 0.07245707 0.05138132 -0.01088820
v 0.07146873 0.05078436 -0.00924808
v 0.07197367 0.05107278 -0.01004050
v 0.07169567 0.05091074 -0.00959530
v 0.06742445 0.02346165 -0.01409635
v 0.07275881 0.05172604 -0.01183533
v 0.07277327 0.05175973 -0.01192787
v 0.07270293 0.05161961 -0.01154291
v 0.06937457 0.03223939 -0.01432177
v 0.07264075 0.05154637 -0.01134167
v 0.02697569 0.00526822 -0.07757998
v 0.02743675 0.00008338 -0.07744739
v 0.02718719 -0.00009921 -0.07758121
v 0.04684591 0.03017362 -0.06055482
v 0.02673469 0.00522165 -0.07771674
v 0.02610824 0.00783075 -0.07777448
v 0.02246670 0.01498037 -0.07799156
v 0.02383486 0.01268250 -0.07796811
v 0.02032857 0.06110431 -0.03760190
v 0.02214454 0.04541815 -0.06046594
v 0.01758076 0.04578325 -0.06042750
v 0.01298299 0.04581634 -0.06038566
v -0.00716723 -0.03594863 0.01084167
v -0.00938156 -0.03518979 0.01100000
v -0.00718974 -0.03606154 0.01078577
v -0.00283429 -0.03666189 0.01078577
v -0.00721050 -0.03616565 0.01071628
v -0.00286629 -0.03707580 0.01033368
v -0.00284985 -0.03686320 0.01063466
v -0.00580816 -0.04782731 -0.01578553
v -0.01666765 -0.04520953 -0.01581017
v -0.04364768 -0.02038060 -0.01541897
v -0.02155710 -0.04133923 -0.04831378
v -0.02434308 -0.04022549 -0.04276596
v -0.02413831 -0.03988712 -0.04831378
v -0.03344237 -0.03248458 -0.04831378
v -0.01349897 -0.04548782 -0.03435980
v -0.01337643 -0.04507491 -0.04276596
v -0.02125742 -0.04301370 -0.01455771
v -0.02954173 -0.03713019 -0.03435980
v 0.02665035 -0.00009386 -0.07782169
v 0.02625513 0.00249637 -0.07796332
v -0.00982202 -0.02372127 -0.07782091
v -0.01223818 -0.02290372 -0.07775691
v -0.01646786 -0.02007150 -0.07776006
v -0.01628003 -0.01984248 -0.07782415
v -0.01664756 -0.02029061 -0.07766750
v 0.01302563 -0.02381842 -0.07709946
v 0.01261517 -0.02359725 -0.07741156
v 0.01014658 -0.02449371 -0.07754975
v 0.01024126 -0.02472231 -0.07740990
v 0.00993609 -0.02398541 -0.07776015
v 0.01032775 -0.02493110 -0.07725196
v 0.01237272 -0.02314374 -0.07766873
v 0.01646627 -0.02007393 -0.07776329
v 0.01681529 -0.02050014 -0.07755376
v 0.01458033 -0.02182089 -0.07766932
v -0.00736199 -0.02427882 -0.07785501
v -0.00761903 -0.02512687 -0.07765979
v 0.00500883 -0.02517761 -0.07782198
v 0.00776926 -0.02560957 -0.07740691
v 0.00000134 -0.02567561 -0.07782009
v -0.00251495 -0.02555325 -0.07781968
v 0.02382394 0.00980799 -0.07813068
v 0.03054191 -0.02896789 -0.06004797
v 0.03357316 -0.02567358 -0.06007308
v 0.03160842 -0.02444146 -0.06333194
v 0.03586951 -0.01316730 -0.06670864
v 0.05389923 0.00004708 -0.04980098
v 0.05280759 0.00216978 -0.05405763
v 0.05277924 0.00217857 -0.05412439
v 0.05513413 0.00421973 -0.04980649
v 0.03866053 -0.01383935 -0.06344708
v 0.04970067 -0.00608957 -0.05423220
v 0.05540727 0.01620501 -0.05413363
v 0.05514545 0.01420634 -0.05426689
v 0.05416449 0.00773285 -0.05419545
v 0.02454169 -0.01023545 -0.07764114
v 0.02316616 -0.01243942 -0.07772306
v 0.02428616 -0.01012714 -0.07775093
v 0.02489485 -0.00762449 -0.07786477
v 0.02544522 -0.00779804 -0.07767913
v 0.02517690 -0.00771374 -0.07778493
v 0.02582837 -0.00522121 -0.07782414
v 0.02680109 -0.00542203 -0.07731169
v 0.02637032 -0.00533477 -0.07759919
v 0.02679156 -0.00273347 -0.07765342
v 0.02704518 -0.00276043 -0.07751470
v 0.06757214 0.05672167 -0.02556070
v 0.02490847 -0.01964567 -0.07280044
v 0.01915553 -0.01928884 -0.07710749
v 0.02687075 -0.02581498 -0.06658106
v 0.02245548 -0.01505289 -0.07729341
v 0.02068724 -0.01701287 -0.07743131
v 0.02226322 -0.01492382 -0.07744924
v 0.02182860 -0.01463075 -0.07770155
v 0.02340719 -0.01257028 -0.07761022
v 0.02478073 -0.01033622 -0.07750871
v 0.02108774 -0.01412793 -0.07788172
v 0.02134231 -0.01430112 -0.07785167
v 0.02006622 -0.01649974 -0.07777710
v 0.02291157 -0.01230070 -0.07781012
v 0.04320563 -0.01837788 -0.05399705
v 0.04616849 -0.01348678 -0.05399557
v 0.06062304 0.00202046 -0.01533579
v 0.05948545 -0.00053977 -0.01577314
v 0.05878302 -0.00208243 -0.01528552
v 0.05005981 -0.00945763 -0.04988837
v -0.02249037 -0.03734791 -0.05689217
v -0.01375564 -0.03929907 -0.06001933
v -0.01032691 -0.02494102 -0.07724042
v -0.01272041 -0.02380649 -0.07724400
v -0.01261406 -0.02360743 -0.07740313
v -0.00783358 -0.02583457 -0.07723778
v -0.00773638 -0.02605594 -0.07708087
v -0.01477245 -0.02280811 -0.07709160
v 0.04359883 -0.02550035 -0.01582302
v 0.04038510 -0.02888606 -0.01496891
v 0.04073210 -0.02458395 -0.04983731
v 0.02881866 -0.03691867 -0.04654894
v -0.00030408 -0.02716960 -0.07708096
v -0.00312434 -0.02699183 -0.07707938
v 0.00000102 -0.02717334 -0.07708121
v 0.00523061 -0.02666763 -0.07708795
v -0.00758802 -0.04683787 -0.03435980
v -0.01050014 -0.04583037 -0.04276596
v -0.00751914 -0.04641270 -0.04276596
v 0.00143420 -0.04742686 -0.03435980
v -0.00153875 -0.04699264 -0.04276596
v 0.01947204 -0.04034548 -0.05412870
v 0.06715503 0.02400988 -0.01834291
v 0.06580192 0.01775134 -0.01746114
v 0.06759778 0.02343533 -0.01557093
v 0.06759428 0.02342849 -0.01483670
v 0.07225759 0.04954016 -0.01372930
v 0.07187504 0.04746383 -0.01436297
v 0.07114694 0.04349421 -0.01551788
v 0.07069117 0.04036404 -0.01572899
v 0.07059228 0.03968487 -0.01577480
v 0.06835416 0.03215152 -0.01981086
v 0.03231178 -0.01780956 0.01078719
v 0.03118316 -0.01989172 0.01070493
v 0.06010970 0.00222024 -0.01360975
v 0.06305322 0.01069738 -0.01315401
v -0.01158591 -0.03527435 0.01044197
v -0.01147449 -0.03493513 0.01078577
v -0.01979146 -0.03148220 0.01033368
v -0.02325164 -0.02848664 0.01078577
v -0.02337931 -0.02864305 0.01063466
v -0.02343219 -0.02870783 0.01054305
v -0.02351415 -0.02880825 0.01033368
v -0.02692210 -0.02534201 0.01063466
v -0.02980166 -0.02172112 0.01071628
v -0.03238564 -0.01783781 0.01063466
v -0.03240571 -0.02056138 0.00808395
v -0.02956510 -0.02447049 0.00808395
v -0.02685019 -0.02564334 0.01044197
v -0.02801309 -0.02631395 0.00797165
v 0.01706634 -0.03221400 0.01098415
v 0.01712098 -0.03231715 0.01095579
v 0.01304904 -0.03416502 0.01095579
v 0.02441067 -0.02961439 0.00808412
v 0.02076191 -0.03229500 0.00805584
v 0.01942162 -0.03177445 0.01027375
v 0.02465328 -0.04102210 -0.02446900
v 0.02441977 -0.04063354 -0.03435779
v 0.02478991 -0.04124107 -0.01506885
v 0.01735366 -0.03275635 0.01061172
v 0.02124994 -0.03037381 0.01061172
v 0.02120305 -0.03030678 0.01070493
v 0.02114999 -0.03023094 0.01078719
v 0.02488179 -0.02664392 0.01098415
v 0.02496146 -0.02672923 0.01095579
v 0.02511261 -0.02689108 0.01085689
v 0.02096502 -0.02996655 0.01095579
v 0.02458087 -0.02723249 0.01091327
v 0.01717403 -0.03241729 0.01091327
v 0.02492366 -0.02761226 0.01039436
v 0.02488525 -0.02756970 0.01050754
v 0.00871007 -0.03737295 0.00809065
v 0.00446981 -0.03618042 0.01098415
v 0.00448412 -0.03629626 0.01095579
v 0.00449801 -0.03640873 0.01091327
v 0.00452368 -0.03661650 0.01078719
v -0.00084139 -0.03842344 0.00797231
v 0.01659117 -0.04334591 -0.04988356
v 0.02060617 -0.04354286 -0.01539605
v -0.04701751 -0.00017397 -0.04276596
v -0.04708318 0.00587693 -0.03435980
v -0.04731538 0.00895968 -0.01576992
v -0.04782771 0.00576161 -0.01535736
v -0.04200660 -0.01563527 -0.05400195
v -0.03748639 -0.01254886 -0.06327230
v -0.03685683 -0.00030689 -0.06655055
v -0.03148033 -0.00014714 -0.07277238
v -0.03133001 0.00313023 -0.07277229
v -0.02717967 0.00033895 -0.07707957
v -0.04345424 -0.00053101 -0.05689107
v -0.04333055 0.01145934 -0.05400022
v -0.04080136 0.01727077 -0.05540731
v -0.03638605 0.02538730 -0.05540724
v -0.02985247 0.03193263 -0.05689475
v -0.03023622 0.03245642 -0.05540965
v -0.03224950 -0.02331427 -0.06327263
v -0.03627392 -0.02105500 -0.06001849
v -0.03978531 -0.01790720 -0.05689152
v -0.01907867 -0.01908306 -0.07725418
v -0.01874383 -0.01874813 -0.07755136
v -0.03671768 -0.00433927 0.01063466
v -0.03817297 -0.00447009 0.00797165
v -0.03811792 -0.00446364 0.00808395
v -0.04739549 -0.00744960 -0.01453568
v -0.03837649 0.00038108 0.00808395
v -0.03820932 0.00133107 0.00827865
v -0.03803553 0.00511849 0.00808395
v -0.03664778 0.00489462 0.01063466
v -0.04663395 0.01201021 -0.01576739
v -0.03633352 0.00485265 0.01084167
v -0.03560324 0.00919439 0.01078577
v -0.03685914 0.00492285 0.01033368
v -0.03712685 0.00033206 0.01044197
v -0.03600520 0.00929819 0.01033368
v -0.03739907 0.00793936 0.00827865
v -0.03450071 0.01352436 0.01054305
v -0.03462139 0.01357167 0.01033368
v -0.03433371 0.01345890 0.01071628
v -0.03430143 -0.01354097 0.01071628
v -0.03439049 -0.01357613 0.01063466
v -0.03527682 -0.01134695 0.01054305
v -0.03353680 -0.01576358 0.01054305
v -0.03458883 -0.01365443 0.01033368
v -0.03692837 0.03095093 -0.01564597
v -0.03900214 0.02827339 -0.01540491
v -0.03686273 0.03092620 -0.01769419
v -0.03119919 0.03478196 -0.04710665
v -0.02765723 0.03732863 -0.04978107
v -0.02374075 0.04291175 -0.01547412
v -0.02761577 0.03976747 -0.02166496
v -0.02841411 0.03945217 -0.01586611
v -0.03399745 0.03424319 -0.01584622
v -0.03076922 0.03740152 -0.01543866
v -0.03115936 0.03705095 -0.01585422
v -0.01756268 0.04362930 -0.04982308
v 0.00130525 0.05647785 -0.02489082
v -0.01378562 0.04542934 -0.04976810
v 0.00238466 0.05682890 -0.02585532
v 0.00659540 0.05812132 -0.02940622
v -0.01835912 0.03990561 -0.05693923
v -0.02114500 0.03979463 -0.05407960
v -0.03687987 0.03091623 -0.01510343
v 0.01015897 0.03501139 0.01098415
v 0.00784203 0.03560203 0.01098415
v 0.00163882 0.03653745 0.01095518
v -0.01219156 0.03490534 0.01063466
v -0.01215999 0.03481495 0.01071628
v -0.01208702 0.03460602 0.01084167
v -0.01543288 0.03298729 0.01100000
v -0.00984709 0.03542827 0.01078577
v -0.00992355 0.03570336 0.01054305
v -0.00698982 0.05310976 -0.01563705
v -0.00706551 0.05305551 -0.01548800
v -0.01638607 0.04745503 -0.01576489
v -0.01644688 0.03288810 0.01078577
v -0.01649436 0.03298305 0.01071628
v -0.01657459 0.03314348 0.01054305
v -0.01653719 0.03306869 0.01063466
v -0.01434442 0.03397328 0.01071628
v -0.02334858 0.03045889 0.00808395
v -0.01663256 0.03325941 0.01033368
v -0.01638358 0.04744970 -0.01553561
v 0.00243818 0.02561137 -0.07796334
v -0.00007163 0.02540253 -0.07794795
v -0.00007729 0.02571507 -0.07793098
v -0.01196821 0.02235111 -0.07786496
v 0.02207550 0.03795218 -0.06701693
v -0.02486593 0.00494302 -0.07785605
v -0.02573152 0.00511494 -0.07766814
v -0.02535966 0.00768857 -0.07755315
v -0.01854427 0.01854209 -0.07767617
v -0.02084508 0.01710388 -0.07726918
v -0.02242256 0.01497761 -0.07726787
v -0.01785425 0.02048086 -0.07709751
v 0.01221879 0.02303431 -0.07807980
v 0.00989284 0.02411818 -0.07804283
v 0.01236102 0.02331044 -0.07803552
v 0.01864273 0.01869090 -0.07812504
v 0.02079537 0.01808023 -0.07778034
v 0.01177774 0.04276973 -0.06366839
v -0.00798075 0.03084709 -0.07283939
v -0.00898714 0.02569526 -0.07713305
v -0.01282537 0.02394413 -0.07710645
v -0.01043629 0.02509854 -0.07712109
v -0.01442360 0.02300382 -0.07710079
v -0.01499562 0.02242028 -0.07726861
v -0.02706279 -0.00252103 -0.07708074
v -0.02718109 -0.00001687 -0.07707959
v -0.02553492 0.00251307 -0.07782293
v -0.02551324 -0.00000224 -0.07784279
v -0.02398975 -0.00993817 -0.07775825
v -0.02425173 -0.01004667 -0.07766502
v -0.02547184 -0.00506734 -0.07775494
v -0.02555224 -0.00251903 -0.07782000
v -0.02243620 -0.01499265 -0.07725357
v -0.02068255 -0.01697625 -0.07741247
v -0.02449835 -0.01014881 -0.07754630
v -0.02379970 -0.01272279 -0.07725061
v -0.02612945 -0.00747320 -0.07708640
v -0.02895637 0.01258143 -0.07277206
v -0.02505282 0.01052700 -0.07709047
v -0.03006085 0.00953215 -0.07277213
v -0.02262166 0.01208811 -0.07782640
v -0.01326278 0.03767350 -0.06338741
v -0.03463041 0.01943434 -0.06327087
v -0.03635143 0.01574546 -0.06327099
v -0.03659834 0.02045655 -0.06001693
v -0.00653029 0.04821217 -0.04982297
v 0.02344402 0.06156344 -0.03886334
v -0.01212013 0.04613217 -0.04982077
v -0.00037858 0.04651445 -0.05704564
v -0.00518601 0.04301902 -0.06020634
v 0.00533654 0.04953450 -0.05411306
v 0.01268492 0.03578919 -0.07005375
v 0.01047935 0.03949049 -0.06690644
v 0.01440231 0.03928067 -0.06694692
v 0.00781790 0.03266371 -0.07294084
v 0.01097800 0.03228342 -0.07296000
v 0.03592693 0.00683970 0.01095579
v 0.06624106 0.04870880 -0.00354553
v 0.03422955 -0.01349487 0.01085689
v 0.07218964 0.05119977 -0.01038940
v 0.07228006 0.05125440 -0.01053950
v 0.07255501 0.05146571 -0.01112008
v 0.06721898 0.02350623 -0.01362895
v 0.06733054 0.02348177 -0.01385856
v 0.07271253 0.05164026 -0.01159964
v 0.07267686 0.05158784 -0.01145563
v 0.06749994 0.02344602 -0.01434015
v 0.02709653 0.00256938 -0.07765450
v 0.02734953 0.00233741 -0.07750563
v 0.02743443 -0.00010103 -0.07744262
v 0.02556585 0.00767200 -0.07797872
v 0.02618694 0.00511859 -0.07793274
v 0.02584410 0.00775318 -0.07788713
v 0.02496400 0.01026533 -0.07793229
v 0.02357386 0.01254530 -0.07805020
v 0.01605824 0.04264848 -0.06371351
v 0.01404141 0.04852292 -0.05713512
v -0.00727091 -0.03646868 0.01033368
v -0.00722922 -0.03625955 0.01063466
v -0.00307610 -0.04806325 -0.01578055
v -0.04459159 -0.01818832 -0.01583148
v -0.02282188 -0.04044431 -0.04977721
v -0.02902731 -0.03648363 -0.04831378
v -0.03130329 -0.03455061 -0.04831378
v -0.02664726 -0.03825655 -0.04831378
v -0.01059633 -0.04625021 -0.03435980
v -0.02927356 -0.03679314 -0.04276596
v -0.01442263 -0.02159154 -0.07775855
v -0.01814559 -0.01814965 -0.07782491
v -0.02006602 -0.01647023 -0.07776146
v 0.01501869 -0.02264037 -0.07710025
v 0.01272176 -0.02379661 -0.07725392
v 0.01039607 -0.02509663 -0.07709700
v 0.01223917 -0.02289394 -0.07776093
v -0.00506487 -0.02547528 -0.07775366
v -0.00494740 -0.02488430 -0.07785475
v -0.00970526 -0.02343909 -0.07785552
v 0.05437950 0.00166857 -0.04989355
v 0.05094139 -0.00319741 -0.05411924
v 0.05586904 0.00741948 -0.04989878
v 0.05552217 0.01907174 -0.05413514
v 0.05547633 0.01619980 -0.05398283
v 0.05420166 0.00772462 -0.05412873
v 0.02500123 -0.01042864 -0.07735718
v 0.02553583 -0.00515889 -0.07789907
v 0.02401686 -0.01001241 -0.07783483
v 0.02569700 -0.00787654 -0.07755048
v 0.02623225 -0.00267193 -0.07786732
v 0.02610750 -0.00528003 -0.07772321
v 0.02661458 -0.00538502 -0.07745538
v 0.01749129 -0.02077104 -0.07710259
v 0.02049411 -0.01685360 -0.07756984
v 0.02086413 -0.01715845 -0.07727443
v 0.02280798 -0.01484724 -0.07714367
v 0.02363207 -0.01269189 -0.07747494
v 0.02159046 -0.01446953 -0.07779089
v 0.01983659 -0.01630935 -0.07783940
v 0.04420797 -0.01976265 -0.04988654
v 0.03527330 -0.02656174 -0.05692761
v 0.03988742 -0.02300642 -0.05409088
v 0.03893398 -0.01833928 -0.06014010
v 0.06058047 0.00203379 -0.01488831
v 0.05878243 -0.00208154 -0.01534467
v 0.04849846 -0.01262494 -0.04979229
v -0.01877508 -0.04007832 -0.05540813
v -0.01485204 -0.04228619 -0.05399834
v -0.01849131 -0.04082775 -0.05399978
v -0.01041181 -0.04544485 -0.04831378
v -0.01109648 -0.04342218 -0.05399867
v -0.01364618 -0.04263499 -0.05417330
v -0.02278575 -0.03798357 -0.05540819
v -0.02450311 -0.03748818 -0.05414958
v -0.01434699 -0.04105002 -0.05689196
v -0.00522043 -0.02625781 -0.07739662
v -0.00776818 -0.02561885 -0.07739779
v -0.00517224 -0.02601541 -0.07753878
v -0.00526437 -0.02647884 -0.07723641
v 0.00530141 -0.02664999 -0.07708807
v 0.00264650 -0.02686338 -0.07724085
v 0.00522214 -0.02625078 -0.07740353
v -0.00264429 -0.02686695 -0.07723650
v -0.00392976 -0.04459032 -0.05417652
v -0.00722474 -0.04423113 -0.05399925
v 0.00450811 -0.04723390 -0.03435980
v -0.00457676 -0.04679454 -0.04276596
v 0.00142118 -0.04699634 -0.04276596
v 0.06872256 0.02870855 -0.01582575
v 0.06523733 0.01473904 -0.01508712
v 0.07189895 0.04808378 -0.01459536
v 0.07152443 0.04536559 -0.01480062
v -0.01156359 -0.03520640 0.01054305
v -0.01160404 -0.03532955 0.01033368
v -0.01150762 -0.03503599 0.01071628
v -0.01143856 -0.03482574 0.01084167
v -0.02673799 -0.02553619 0.01063466
v -0.02423567 -0.02975790 0.00808395
v -0.02971587 -0.02165859 0.01078577
v -0.03005136 -0.02190311 0.01033368
v -0.02347742 -0.02876325 0.01044197
v 0.01505502 -0.03320163 0.01098415
v 0.02483798 -0.02751733 0.01061172
v 0.02530070 -0.02709249 0.01061172
v 0.02478316 -0.02745660 0.01070493
v 0.02248886 -0.03109894 0.00808412
v 0.02132325 -0.03047859 0.01039436
v 0.02319246 -0.02913631 0.01027375
v 0.01731537 -0.03268407 0.01070493
v 0.02472114 -0.02738789 0.01078719
v 0.02518169 -0.02696505 0.01078719
v 0.02538798 -0.02718595 0.01039436
v 0.02784601 -0.02649003 0.00797274
v 0.02780612 -0.02645208 0.00808412
v 0.00896545 -0.03610051 0.01039436
v 0.00878669 -0.03538073 0.01098415
v 0.00881483 -0.03549401 0.01095579
v 0.00884214 -0.03560399 0.01091327
v 0.00893462 -0.03597640 0.01061172
v 0.00891491 -0.03589700 0.01070493
v 0.00889260 -0.03580717 0.01078719
v -0.04744822 -0.00017556 -0.03435980
v -0.04665578 0.00582358 -0.04276596
v -0.04043937 -0.01811739 -0.05540782
v -0.02718178 -0.00000240 -0.07707958
v -0.02702424 0.00290750 -0.07708049
v -0.04341585 0.00849624 -0.05540742
v -0.04267465 0.00844336 -0.05689083
v -0.04328580 0.00397140 -0.05689095
v -0.04084467 0.00821575 -0.06001734
v -0.04159363 -0.00045986 -0.06001772
v -0.03864053 0.00785697 -0.06327132
v -0.03769075 0.01187003 -0.06327114
v -0.03616936 0.00740458 -0.06655018
v -0.03984292 0.01244923 -0.06001718
v -0.03669918 0.00356869 -0.06655036
v -0.03849698 -0.00858566 -0.06327213
v -0.04067248 -0.00908118 -0.06001808
v -0.04318133 -0.00501632 -0.05689120
v -0.04133893 -0.01375047 -0.05689143
v -0.04215746 0.01522354 -0.05400163
v -0.03783758 0.02398071 -0.05413096
v -0.03304864 0.02865325 -0.05689057
v -0.03221643 0.03340018 -0.04988359
v -0.03069464 0.03483986 -0.04978406
v -0.03323733 0.03242296 -0.04978550
v -0.02158505 -0.01442398 -0.07776084
v -0.03657309 -0.00672604 0.01033368
v -0.03651596 -0.00671553 0.01044197
v -0.03680072 -0.00434908 0.01054305
v -0.03687175 -0.00435748 0.01044197
v -0.03592887 -0.00907323 0.01054305
v -0.03599822 -0.00909075 0.01044197
v -0.03692944 -0.00436430 0.01033368
v -0.04689924 -0.01011345 -0.01454294
v -0.03718494 0.00033257 0.01033368
v -0.03843191 0.00038163 0.00797165
v -0.03673066 0.00490569 0.01054305
v -0.03579873 0.00924487 0.01063466
v -0.04686208 0.01112520 -0.01576780
v -0.03260213 0.01761558 0.01054305
v -0.03571684 0.01404305 0.00808395
v -0.03346112 -0.01572801 0.01063466
v -0.03540021 -0.01138665 0.01033368
v -0.03654733 -0.01171293 0.00808395
v -0.03660011 -0.01172984 0.00797165
v -0.03735316 0.03041740 -0.01542747
v -0.03694577 0.03092895 -0.01584632
v -0.02998881 0.03544152 -0.04983323
v -0.02577472 0.03868923 -0.04977904
v -0.02764744 0.03731618 -0.04988109
v -0.02739060 0.03992949 -0.02171288
v 0.00243618 0.05684445 -0.02589804
v -0.02244711 0.03754847 -0.05691981
v 0.00553825 0.03603234 0.01098415
v 0.00163402 0.03638221 0.01099005
v -0.01221913 0.03498428 0.01054305
v -0.01212498 0.03471472 0.01078577
v -0.00987552 0.03553055 0.01071628
v -0.01438166 0.03406148 0.01063466
v -0.02139480 0.03186161 0.00808395
v -0.02069843 0.03089346 0.01033368
v -0.02066609 0.03084520 0.01044197
v 0.00493530 0.02526013 -0.07799763
v 0.00246304 0.02591941 -0.07792185
v -0.00636885 0.02649644 -0.07716478
v -0.00489255 0.03169761 -0.07285874
v -0.00174709 0.03230607 -0.07287908
v -0.00130271 0.03847811 -0.06677596
v -0.00100079 0.02730684 -0.07726043
v 0.00143398 0.03267131 -0.07289987
v 0.02924889 0.03521426 -0.06706522
v 0.02575149 0.03677899 -0.06704433
v 0.02289653 0.03316687 -0.07012799
v 0.01959493 0.03434914 -0.07010711
v 0.01827857 0.03877556 -0.06698411
v 0.01711914 0.03073872 -0.07299314
v -0.01646187 0.02005157 -0.07776570
v -0.01473136 0.02202545 -0.07756183
v -0.01681053 0.02047611 -0.07756025
v -0.01486939 0.02223160 -0.07742434
v -0.02219296 0.01562457 -0.07709845
v -0.02755346 0.01548253 -0.07277202
v -0.01873275 0.01873057 -0.07756099
v -0.01890785 0.01890566 -0.07742387
v -0.02223417 0.01485177 -0.07742327
v -0.01906810 0.01906589 -0.07726854
v -0.01696770 0.02066753 -0.07742287
v 0.01459993 0.02198535 -0.07807343
v 0.01000618 0.02440500 -0.07799242
v 0.00747537 0.02496454 -0.07800303
v 0.00755922 0.02525861 -0.07794614
v 0.01249935 0.02357785 -0.07796584
v 0.01888165 0.02006242 -0.07776113
v 0.01449066 0.02339688 -0.07766841
v 0.02282462 0.02806157 -0.07301600
v 0.01507765 0.02271643 -0.07781357
v 0.01679507 0.02182409 -0.07772259
v -0.01027807 0.02471827 -0.07744420
v -0.01018137 0.02448682 -0.07758052
v -0.01251510 0.02336586 -0.07756805
v -0.01274065 0.02378632 -0.07727532
v -0.02701937 -0.00282938 -0.07708105
v -0.02599303 0.00516689 -0.07755086
v -0.02559646 0.00776034 -0.07741435
v -0.02623564 0.00521511 -0.07741161
v -0.02625526 -0.00000232 -0.07765131
v -0.02597095 -0.00000229 -0.07775486
v -0.02613004 -0.00257600 -0.07765961
v -0.02640888 -0.00000233 -0.07759535
v -0.02524816 -0.00248905 -0.07785493
v -0.02545397 0.00505980 -0.07775995
v -0.02565774 -0.00000226 -0.07781503
v -0.02575005 -0.00512263 -0.07766076
v -0.02601179 -0.00517467 -0.07754105
v -0.02512236 -0.00762099 -0.07766279
v -0.02360042 -0.01261628 -0.07740877
v -0.02472693 -0.01024349 -0.07740564
v -0.02493558 -0.01032992 -0.07724690
v -0.02357238 -0.01347621 -0.07709626
v -0.02584056 -0.00833614 -0.07708775
v -0.02470994 0.01023157 -0.07741756
v -0.02597374 0.00799657 -0.07708633
v -0.02659568 0.00555885 -0.07708297
v -0.03527159 0.01115424 -0.06655002
v -0.02288195 0.01222714 -0.07776438
v -0.00515247 0.03761895 -0.06673300
v 0.00320578 0.04214350 -0.06357192
v -0.01211469 0.04611903 -0.04987347
v -0.01095226 0.04487640 -0.05399755
v -0.00656026 0.04642774 -0.05419996
v -0.00963126 0.04376374 -0.05698815
v 0.00138692 0.04866880 -0.05421819
v -0.00954602 0.04163669 -0.06016406
v 0.03533908 0.00895273 0.01098415
v 0.06651530 0.04876696 -0.00370531
v 0.07200895 0.05109099 -0.01009052
v 0.02742804 -0.00020778 -0.07743991
v 0.02646841 0.00517126 -0.07783519
v 0.02522243 0.01037004 -0.07782483
v 0.02441030 0.01004232 -0.07808163
v 0.02469256 0.01015578 -0.07801863
v -0.04364133 -0.02037747 -0.01583546
v -0.02622566 -0.03829315 -0.04987799
v -0.03372607 -0.03276016 -0.04276596
v -0.03256140 -0.03311124 -0.04977590
v -0.03156884 -0.03484371 -0.04276596
v -0.01835489 -0.01835904 -0.07776116
v 0.00762004 -0.02511750 -0.07766570
v 0.01004449 -0.02424719 -0.07766768
v 0.00769747 -0.02537286 -0.07754727
v 0.00512188 -0.02574651 -0.07766349
v 0.00753781 -0.02484626 -0.07775866
v -0.00257186 -0.02613111 -0.07765903
v -0.00254405 -0.02584871 -0.07775367
v -0.00500698 -0.02518406 -0.07781969
v -0.00512019 -0.02575361 -0.07765900
v -0.00259801 -0.02639673 -0.07753883
v 0.00254630 -0.02584506 -0.07775547
v 0.00506661 -0.02546842 -0.07775700
v 0.00251728 -0.02554981 -0.07782091
v 0.05243050 -0.00396924 -0.04989025
v 0.05096580 -0.00320707 -0.05405599
v 0.05556134 0.01907102 -0.05406015
v 0.05517663 0.01335515 -0.05405952
v 0.02651981 -0.00270390 -0.07777200
v 0.02100534 -0.01727404 -0.07712016
v 0.01946059 -0.01895658 -0.07710958
v 0.01920822 -0.01923146 -0.07710785
v 0.02205367 -0.01478272 -0.07758652
v 0.02028635 -0.01668194 -0.07768626
v 0.01891857 -0.01894128 -0.07742009
v 0.02383889 -0.01280327 -0.07732086
v 0.04217096 -0.01980079 -0.05419037
v 0.03625328 -0.02737917 -0.05408021
v 0.04355186 -0.01468965 -0.05699846
v 0.06227017 0.00620918 -0.01487367
v 0.04733119 -0.01472956 -0.04983963
v -0.01921682 -0.04044082 -0.05416429
v -0.02201338 -0.03904359 -0.05400173
v -0.00745589 -0.04602228 -0.04831378
v -0.01885512 -0.04263948 -0.04831378
v -0.01611573 -0.04374841 -0.04831378
v -0.01852051 -0.03939833 -0.05689207
v 0.00526617 -0.02647212 -0.07724451
v 0.00000130 -0.02699559 -0.07723802
v 0.00000129 -0.02677018 -0.07739798
v -0.00262222 -0.02664268 -0.07739668
v 0.00446718 -0.04680513 -0.04276596
v -0.00453826 -0.04640091 -0.04831378
v 0.00140923 -0.04660102 -0.04831378
v 0.06761330 0.02342651 -0.01508496
v -0.01193784 -0.03647449 0.00808395
v -0.02666875 -0.02547006 0.01071628
v -0.02679846 -0.02559394 0.01054305
v 0.02129038 -0.03043162 0.01050754
v 0.02524487 -0.02703270 0.01070493
v 0.02707392 -0.02556986 0.01027375
v 0.02848966 -0.02371641 0.01061172
v 0.02534885 -0.02714405 0.01050754
v -0.04466192 0.00373508 -0.05399857
v -0.04142874 0.00389601 -0.06001753
v -0.03912343 -0.00451477 -0.06327192
v -0.04247364 -0.00943817 -0.05689132
v -0.03959985 -0.01324874 -0.06001825
v -0.03352119 0.02907765 -0.05540728
v -0.03222688 0.03341104 -0.04983459
v -0.02133887 -0.01425953 -0.07782465
v -0.02289690 -0.01224027 -0.07775966
v -0.02182062 -0.01458135 -0.07766858
v -0.03687597 0.00032981 0.01071628
v -0.03697171 0.00033067 0.01063466
v -0.03605454 -0.00910497 0.01033368
v -0.03644561 -0.00670259 0.01054305
v -0.03705533 0.00033142 0.01054305
v -0.03832533 -0.00201718 0.00808395
v -0.03692885 0.03094913 -0.01584646
v -0.02997907 0.03543011 -0.04988256
v -0.01430312 0.03387548 0.01078577
v -0.01441419 0.03413852 0.01054305
v 0.00739003 0.02466278 -0.07803234
v 0.00499036 0.02556668 -0.07796211
v -0.00789359 0.02584325 -0.07731252
v -0.00365723 0.02704072 -0.07720811
v 0.00462930 0.03279164 -0.07292063
v 0.00463984 0.02701159 -0.07739821
v 0.00564694 0.02680071 -0.07742582
v 0.00519604 0.02667517 -0.07756432
v 0.00257723 0.02722823 -0.07734504
v -0.01225350 0.02287974 -0.07777287
v -0.01007717 0.02423816 -0.07769468
v -0.00996658 0.02397499 -0.07778328
v 0.02603554 0.03163849 -0.07014392
v 0.01617908 0.03521569 -0.07008209
v 0.01408687 0.03164503 -0.07297760
v 0.00962226 0.02573148 -0.07753623
v 0.01207221 0.02470665 -0.07760453
v 0.02004468 0.02955058 -0.07300611
v 0.01263247 0.02383402 -0.07787281
v 0.01492526 0.02248404 -0.07792202
v 0.00771876 0.02581104 -0.07775762
v 0.01032264 0.02519621 -0.07769693
v 0.01022209 0.02494644 -0.07781710
v -0.01627455 0.01982355 -0.07782745
v -0.01442504 0.02156840 -0.07776741
v -0.01664131 0.02027004 -0.07767567
v -0.01458271 0.02180358 -0.07767732
v -0.02279538 0.01478332 -0.07709755
v -0.02378445 0.01270928 -0.07726484
v -0.02404374 0.01265712 -0.07709403
v -0.02066988 0.01696012 -0.07742441
v -0.01711149 0.02084270 -0.07726729
v 0.01442984 0.02172334 -0.07811227
v 0.01670070 0.02044093 -0.07810417
v 0.01476559 0.02223970 -0.07800939
v 0.01707719 0.02090787 -0.07796204
v 0.01011630 0.02468197 -0.07791645
v 0.02540426 0.02624768 -0.07302230
v 0.01902185 0.01991721 -0.07776254
v 0.01725393 0.02112630 -0.07785819
v -0.01036648 0.02493055 -0.07728942
v -0.01263292 0.02358531 -0.07743084
v -0.02699199 -0.00000239 -0.07722938
v -0.02681593 -0.00000237 -0.07736834
v -0.02662259 0.00262013 -0.07740999
v -0.02645732 0.00525917 -0.07725421
v -0.02639566 -0.00260219 -0.07753956
v -0.02584766 -0.00254816 -0.07775412
v -0.02537780 -0.00769844 -0.07754352
v -0.02429558 -0.01216898 -0.07709404
v -0.03085455 0.00636926 -0.07277220
v -0.02663700 0.00539690 -0.07708275
v -0.02581291 0.00782596 -0.07725737
v -0.03401054 0.01477132 -0.06654988
v -0.00929542 0.03918464 -0.06342950
v 0.00260207 0.03907974 -0.06681989
v -0.01755621 0.04361655 -0.04987520
v -0.01407528 0.04197510 -0.05696225
v -0.02277012 -0.04044341 -0.04987843
v -0.02792387 -0.03710595 -0.04977637
v 0.05544487 0.01620220 -0.05405980
v 0.05514074 0.01335970 -0.05413212
v 0.01907927 -0.01910225 -0.07726268
v 0.03827956 -0.02282600 -0.05694822
v 0.03599971 -0.02684670 -0.05542829
v 0.03777820 -0.02558716 -0.05416709
v 0.04731728 -0.01472164 -0.04988709
v -0.01145273 -0.04497756 -0.04987983
v -0.01533590 -0.04380589 -0.04987936
v -0.01147294 -0.04499912 -0.04977947
v -0.01326391 -0.04469574 -0.04831378
v -0.00746334 -0.04580875 -0.04988052
v 0.00262440 -0.02663895 -0.07740039
v 0.00260019 -0.02639292 -0.07754188
v 0.00000129 -0.02652302 -0.07753988
v 0.00517391 -0.02600824 -0.07754447
v -0.00152581 -0.04659734 -0.04831378
v 0.00442961 -0.04641141 -0.04831378
v 0.02842679 -0.02366407 0.01070493
v 0.02854388 -0.02376154 0.01050754
v -0.03919749 0.00375556 -0.06327152
v -0.04133952 -0.00480194 -0.06001790
v -0.03555668 0.02983048 -0.04988379
v -0.02314685 -0.01237385 -0.07766698
v -0.03838068 -0.00202010 0.00797165
v 0.00504458 0.02586460 -0.07789873
v -0.00782537 0.02562068 -0.07746585
v -0.00534266 0.02651607 -0.07734539
v -0.00273508 0.02694120 -0.07738826
v -0.00275440 0.02713117 -0.07722589
v -0.00973217 0.02341933 -0.07787316
v -0.00985103 0.02370072 -0.07784348
v -0.01211283 0.02261890 -0.07783417
v -0.00262043 0.02587366 -0.07785036
v -0.00265259 0.02616488 -0.07777037
v -0.00008626 0.02631772 -0.07780885
v -0.00255118 0.02526309 -0.07792339
v -0.00749544 0.02455861 -0.07785780
v -0.00506677 0.02518454 -0.07787735
v -0.00740344 0.02426581 -0.07788559
v 0.00248781 0.02621796 -0.07785228
v 0.00509729 0.02615048 -0.07780953
v 0.01052180 0.02535520 -0.07756131
v 0.01275926 0.02407687 -0.07775878
v 0.00779290 0.02606438 -0.07763107
v -0.01426040 0.02132297 -0.07782916
v -0.01238817 0.02312981 -0.07768320
v -0.02586864 0.01820334 -0.07277199
v -0.02491906 0.01031816 -0.07726112
v -0.02365917 0.01331211 -0.07709511
v -0.02047845 0.01680305 -0.07756144
v 0.01689228 0.02067880 -0.07804474
v 0.00764063 0.02554170 -0.07786354
v 0.01906672 0.01911916 -0.07798926
v -0.02684748 0.00264226 -0.07725225
v -0.02637641 0.00259590 -0.07754956
v -0.02652151 -0.00000234 -0.07753254
v -0.02664164 -0.00262644 -0.07739756
v -0.02561447 -0.00777020 -0.07740232
v 0.00748468 0.04259685 -0.06362081
v 0.00653743 0.03942003 -0.06686375
v -0.01848636 0.04067875 -0.05543487
v -0.01615457 0.04251855 -0.05408772
v -0.01427233 0.04338116 -0.05417836
v 0.05509941 0.01336489 -0.05420109
v 0.03637228 -0.02211899 -0.06010414
v 0.04104137 -0.01885907 -0.05697207
v 0.03910568 -0.02304039 -0.05543998
v -0.01725317 -0.04311493 -0.04977822
v -0.00546367 -0.04611591 -0.04978093
v 0.00000130 -0.02625613 -0.07765985
v -0.00339415 -0.04628847 -0.04988103
v 0.00471863 -0.04617222 -0.04988218
v 0.02858794 -0.02379822 0.01039436
v -0.03935877 -0.00038478 -0.06327172
v -0.03432278 0.03123923 -0.04988382
v -0.00767026 0.02511878 -0.07771284
v -0.00463545 0.02684437 -0.07719248
v -0.00258647 0.02557168 -0.07790198
v -0.00008218 0.02602150 -0.07788404
v -0.00500265 0.02488261 -0.07790239
v -0.00758480 0.02484431 -0.07779954
v 0.00514794 0.02642144 -0.07769710
v 0.00185184 0.02730442 -0.07732634
v -0.00008952 0.02660014 -0.07770780
v -0.02611101 0.00256978 -0.07766717
v -0.02674995 -0.00000237 -0.07740514
v -0.02583041 -0.00783570 -0.07724303
v -0.02625423 -0.00522288 -0.07739939
v -0.01911314 -0.04229463 -0.04987878
v 0.00257406 -0.02612733 -0.07766143
v 0.00000131 -0.02597242 -0.07775428
v 0.00066415 -0.04643347 -0.04978238
v -0.03557588 0.02984659 -0.04978573
v -0.00537866 0.02669519 -0.07718060
v 0.00253586 0.02677310 -0.07763830
v -0.00009195 0.02686578 -0.07758383
v -0.00009359 0.02711238 -0.07744020
v -0.00271015 0.02670123 -0.07753606
v 0.00812489 0.02619744 -0.07749425
v 0.00729554 0.02645552 -0.07747100
v -0.02582928 0.00254205 -0.07775928
v 0.00066845 -0.04640790 -0.04988171
v -0.03557295 0.02984413 -0.04980782
v -0.00529557 0.02628422 -0.07749643
v -0.00524396 0.02603262 -0.07762852
v -0.00775073 0.02537851 -0.07760051
v -0.00268259 0.02644172 -0.07766458
v -0.00518822 0.02576343 -0.07773808
v 0.00251218 0.02650351 -0.07775684
v 0.00255858 0.02702444 -0.07749975
v -0.00512891 0.02547954 -0.07782193
v -0.00419870 0.14670748 0.00807701
v -0.00410140 0.14660664 -0.00861426
v 0.00116912 0.05074492 -0.00913973
v -0.00602944 0.05355516 -0.01686080
v 0.00067283 0.05082002 -0.00934605
v -0.00421851 0.14078392 0.00833581
v -0.00356847 0.14535837 0.01144586
v 0.06416463 0.05835580 -0.03005043
v 0.07469358 0.05857248 -0.00466674
v 0.08467917 0.13321139 -0.00805040
v 0.07489613 0.05906773 -0.00237860
v 0.00820031 0.05856092 -0.03061401
v 0.03007220 0.06225245 -0.04075640
v 0.03093338 0.04617565 0.00341426
v 0.02804168 0.04700661 0.00113120
v 0.04975267 0.04689342 0.00144220
v 0.00106945 0.05075686 -0.00917252
v 0.01951156 0.05809013 0.02767637
v 0.02214438 0.05799459 0.02952932
v 0.02209297 0.05908215 0.03027760
v 0.01978053 0.05683978 0.02647576
v 0.01745400 0.05687990 0.02443442
v 0.01758733 0.05678282 0.02429633
v -0.00336154 0.15389726 -0.00899452
v -0.00354074 0.15293655 -0.00863505
v -0.00336229 0.15389737 -0.00899072
v 0.02524401 0.06741255 0.03659288
v 0.01857953 0.10990040 0.03866525
v 0.02197096 0.06757296 0.03464818
v 0.04583824 0.04604265 0.00377965
v 0.06574292 0.04864701 -0.00337574
v 0.02506267 0.05654867 0.02967344
v 0.02238674 0.05666915 0.02812350
v 0.02498253 0.05663645 0.02983796
v 0.06710874 0.05695979 -0.02621492
v 0.07475286 0.05897577 0.00308679
v 0.07474575 0.05856974 0.00066878
v 0.07490588 0.05898799 0.00006182
v 0.07499922 0.05952130 0.00000739
v 0.07361413 0.16457564 0.01981677
v 0.07380117 0.16461428 0.01720809
v 0.07032299 0.16461398 0.02271063
v 0.01312877 0.05972749 -0.03381911
v 0.02680908 0.06195917 -0.03995063
v 0.05620505 0.13930511 -0.04457987
v 0.03355612 0.13895464 -0.04700085
v 0.03075674 0.13909347 -0.04643717
v 0.03931937 0.13875875 -0.04756634
v 0.04799462 0.13898449 -0.04690067
v 0.00106270 0.14535876 -0.02326030
v 0.00101280 0.14096534 -0.02347782
v 0.02404538 0.05718599 0.03003424
v 0.02494913 0.05785726 0.03111019
v 0.02497310 0.05893632 0.03189633
v 0.02477776 0.05700073 0.03027229
v -0.00577919 0.05211448 -0.01290255
v -0.00224403 0.14535847 -0.01590329
v -0.00317463 0.14981936 -0.01187425
v -0.00199241 0.14981946 -0.01567754
v 0.02472932 0.06622611 0.03589522
v 0.02530179 0.06665748 0.03643033
v 0.02204420 0.06682172 0.03451462
v 0.00082849 0.05079304 -0.00927193
v 0.01989718 0.05674592 0.02632773
v -0.00408493 0.14819987 0.00835395
v -0.00332568 0.14981934 0.01128742
v -0.00359286 0.15336697 0.00805597
v -0.00407716 0.14620142 -0.00896835
v -0.00315253 0.15388577 -0.00997206
v -0.00244363 0.14535846 0.01532248
v -0.00219324 0.14981943 0.01510578
v 0.02353053 0.10397924 0.04045695
v 0.02172065 0.10586175 0.03983786
v 0.03362804 0.10068136 0.04345417
v 0.03651789 0.09999728 0.04383859
v 0.03298191 0.13898322 0.04690067
v 0.03581933 0.13885427 0.04731815
v 0.02809339 0.10164456 0.04203623
v 0.03078452 0.10104614 0.04281892
v 0.02745653 0.13923755 0.04552519
v 0.07028741 0.12615180 -0.03516208
v 0.07263772 0.12809256 -0.03291406
v 0.01098098 0.14982055 0.03474097
v 0.01383998 0.14535983 0.03790074
v 0.01409482 0.14982082 0.03723059
v 0.07400558 0.05755330 0.00362536
v 0.07357191 0.05786544 0.00722240
v 0.07320295 0.05625819 0.00355459
v 0.07421748 0.05902284 0.00704126
v 0.07415752 0.05905098 0.00735066
v 0.06849411 0.05187266 0.00650532
v 0.07078537 0.05406835 0.00679215
v 0.06781803 0.05219155 0.00969661
v 0.06508885 0.05023226 0.00866593
v 0.06427350 0.05055359 0.01163710
v 0.02228788 0.05675989 0.02828040
v 0.02219515 0.05686925 0.02842894
v 0.02483908 0.05686447 0.03013953
v 0.02490763 0.05674231 0.02999410
v 0.08422322 0.13056290 0.00892708
v 0.08321778 0.12809345 0.01205944
v 0.07386224 0.06022494 0.01036638
v 0.07438036 0.05777580 -0.00681999
v 0.07397413 0.05651023 -0.00866757
v 0.07398302 0.05662692 -0.00875848
v 0.08190610 0.15461306 0.01626607
v 0.08313935 0.15463077 0.01266951
v 0.07737802 0.16442345 0.01194055
v 0.08413869 0.15453248 0.00896399
v 0.07820040 0.16442309 0.00899158
v 0.07681613 0.16461453 -0.00928127
v 0.07780474 0.16461462 0.00365118
v 0.07787385 0.16461462 -0.00285811
v 0.07466345 0.16461435 -0.01542469
v 0.08418134 0.15453945 0.00860114
v 0.08429748 0.15437415 -0.00819422
v 0.07923941 0.16445337 0.00000000
v 0.01723373 0.06056211 -0.03611222
v 0.00452611 0.05750242 -0.02770580
v 0.02421169 0.06165636 -0.03911864
v 0.06046432 0.10827376 -0.03951190
v 0.05351995 0.13923976 -0.04552519
v 0.05880143 0.13928600 -0.04348337
v 0.03630514 0.06254593 -0.04156274
v 0.03640864 0.13883169 -0.04738063
v 0.04226462 0.13876845 -0.04754448
v 0.04225161 0.13943543 -0.04758137
v 0.02210998 0.05699536 0.02856684
v -0.00074725 0.14535861 -0.01965212
v -0.00048745 0.14981958 -0.01936550
v 0.01894647 0.06743993 0.03233957
v 0.01615993 0.06752511 0.02974727
v 0.01618704 0.06728027 0.02972344
v 0.01138454 0.12344798 0.03540737
v 0.00834064 0.12808713 0.03291406
v 0.01234083 0.12058372 0.03579754
v 0.02198444 0.06731862 0.03461976
v 0.01367329 0.11878504 0.03662540
v 0.01591290 0.11422732 0.03758019
v 0.02208976 0.06658354 0.03443912
v 0.02223526 0.06149078 0.03177416
v 0.01927926 0.05738911 0.02686775
v 0.01707446 0.05814565 0.02557972
v 0.01729166 0.05743783 0.02512606
v 0.01957024 0.05708332 0.02674467
v 0.01947977 0.05722844 0.02686147
v 0.01721373 0.05713202 0.02468380
v 0.01732877 0.05699703 0.02456430
v 0.02161385 0.05730322 0.02857272
v -0.00722500 0.05267788 -0.01445048
v 0.00809777 0.14982031 0.03198845
v 0.00546676 0.14982009 0.02899483
v 0.00782394 0.14535932 0.03252707
v 0.00519170 0.14535910 0.02946630
v 0.00772803 0.14096591 0.03288263
v 0.00510997 0.14096569 0.02977117
v -0.00097102 0.15460643 0.01616658
v -0.00219273 0.15462415 0.01257698
v -0.00105002 0.15445849 0.01619600
v -0.00155355 0.15384489 -0.01542164
v -0.00113037 0.15415110 -0.01633983
v -0.00341850 0.14535838 -0.01204141
v -0.00227265 0.15447649 0.01259875
v 0.00928846 0.16441943 -0.02305739
v 0.00448514 0.15444851 -0.02632746
v 0.00780922 0.16447651 -0.02085814
v 0.00132997 0.14981973 -0.02291050
v 0.00317444 0.14535893 -0.02670062
v 0.00086199 0.15383109 -0.02089350
v 0.00224607 0.15414082 -0.02319705
v 0.00220712 0.15398549 -0.02321983
v 0.01136066 0.13646524 -0.03659404
v 0.01718064 0.14536011 0.04016790
v 0.01485610 0.13872646 0.03933383
v 0.01716173 0.13934760 0.04084718
v 0.01628249 0.13966517 0.04028093
v 0.02008097 0.10784031 0.03924049
v 0.02217505 0.13928291 0.04348337
v 0.02234465 0.10604605 0.04015220
v 0.03882016 0.14009649 0.04754769
v 0.04017882 0.14096865 0.04747534
v 0.04018055 0.14536206 0.04679260
v 0.04253352 0.09993790 0.04400105
v 0.04165719 0.13875894 0.04756634
v 0.03950678 0.09992066 0.04404574
v 0.03872484 0.13943513 0.04758137
v 0.04164829 0.13942589 0.04760288
v 0.03069958 0.10060722 0.04274866
v 0.02595975 0.14055705 0.04502730
v 0.02430827 0.14096731 0.04436139
v 0.02476428 0.13993296 0.04461642
v 0.02427031 0.10405568 0.04078043
v 0.02561567 0.10256433 0.04118809
v 0.02797335 0.10126275 0.04194659
v 0.08451490 0.15294398 0.00863505
v 0.08505989 0.14820740 -0.00835395
v 0.08456695 0.15337442 -0.00805597
v 0.08231425 0.12809338 -0.01536008
v 0.08335652 0.12809347 -0.01146130
v 0.08096646 0.12809326 -0.01916435
v 0.08323533 0.13663605 -0.01549082
v 0.08182690 0.13663593 -0.01931455
v 0.07994081 0.14982638 -0.02238158
v 0.08049459 0.15383856 -0.02014614
v 0.08171150 0.14982653 -0.01881309
v 0.05657342 0.14536345 -0.04376291
v 0.05913993 0.15405077 -0.04076701
v 0.06026505 0.14536376 -0.04212797
v 0.06730665 0.11878957 -0.03662540
v 0.06959460 0.12345290 -0.03540737
v 0.01451229 0.16460927 -0.02704393
v 0.01022645 0.16460891 -0.02214422
v 0.01958096 0.16460970 -0.03112857
v 0.03827856 0.16447894 0.03867519
v 0.03660293 0.15450725 0.04447724
v 0.04042724 0.15450837 0.04464713
v 0.03501671 0.16441867 0.03837791
v 0.03462200 0.16447729 0.03829586
v 0.04269365 0.16447932 0.03867519
v 0.04267481 0.16447788 0.03867647
v 0.04042706 0.15422185 0.04479362
v 0.03659009 0.15422049 0.04462305
v 0.01796621 0.16460957 0.02998112
v 0.02349082 0.16461003 0.03342414
v 0.04884801 0.16461217 0.03655258
v 0.02225301 0.16457143 0.03402136
v 0.05117458 0.16457434 0.03707571
v 0.05504378 0.16461270 0.03455556
v 0.01550195 0.16457056 -0.02943401
v 0.00782581 0.16450278 -0.02084758
v 0.00993157 0.16450307 -0.02383217
v 0.00470765 0.16441783 -0.01496382
v 0.00598877 0.16448961 -0.01765464
v 0.00598054 0.16447608 -0.01765884
v 0.00612421 0.16441858 -0.01799059
v 0.00759665 0.16441907 -0.02056681
v 0.00452461 0.16460842 -0.01062000
v 0.00230291 0.16457045 -0.00551090
v 0.00324289 0.16460831 -0.00435393
v 0.00256538 0.16456690 -0.00727409
v 0.00347910 0.16457027 -0.01092876
v 0.07148071 0.16461408 -0.02110323
v 0.06736383 0.16461374 -0.02614575
v 0.04404594 0.04584773 0.00431522
v 0.07424647 0.05900260 0.00678843
v 0.07461346 0.05874627 0.00358638
v 0.06637934 0.04873953 -0.00362996
v 0.06729928 0.05095007 0.00636190
v 0.06187845 0.05129909 0.01732993
v 0.06320490 0.05090955 0.01452760
v 0.06336764 0.05096005 0.01459024
v 0.06443895 0.05060033 0.01168572
v 0.06459963 0.05066189 0.01173107
v 0.06541708 0.05033275 0.00873276
v 0.06664949 0.05125695 0.00948146
v 0.06557042 0.05055436 0.00942333
v 0.06475373 0.05073730 0.01177270
v 0.06233701 0.05150720 0.01754454
v 0.06367685 0.05110551 0.01470279
v 0.06356858 0.05127766 0.01533789
v 0.06469821 0.05089927 0.01242360
v 0.07007480 0.05440514 0.01012690
v 0.06457341 0.05197589 0.01549667
v 0.06825301 0.06201037 0.02398380
v 0.07008766 0.06152894 0.02078339
v 0.06997340 0.06193624 0.02108743
v 0.08158524 0.13663590 0.01988552
v 0.08073489 0.12809324 0.01973315
v 0.08304143 0.13663603 0.01607968
v 0.07981968 0.13663575 0.02355811
v 0.08175546 0.14097217 0.01982676
v 0.06567294 0.05293333 0.01585145
v 0.06629986 0.05560957 0.01960960
v 0.06421252 0.05334832 0.01876594
v 0.07102750 0.05729885 0.01396331
v 0.06908771 0.05477748 0.01339190
v 0.07356242 0.05933032 0.01042122
v 0.07284489 0.05821942 0.01077234
v 0.08212888 0.12809336 0.01594543
v 0.07437085 0.05927860 0.00677720
v 0.07436154 0.06028584 0.00800941
v 0.07452492 0.05985949 0.00673906
v 0.07465008 0.05831724 -0.00458379
v 0.07481220 0.05867024 -0.00230747
v 0.07483528 0.05925137 0.00306644
v 0.07480384 0.05996167 0.00463855
v 0.07489330 0.05953297 0.00304414
v 0.08418140 0.13663612 0.01216752
v 0.08321927 0.15448311 0.01269148
v 0.07649199 0.16449530 0.01431447
v 0.07650056 0.16448170 0.01431786
v 0.07634161 0.16442385 0.01477740
v 0.08417553 0.15451971 0.00878383
v 0.08424345 0.15436892 0.00878814
v 0.07853732 0.16448121 0.00729893
v 0.07300057 0.16457555 0.02075430
v 0.07185938 0.16457537 0.02249806
v 0.07637750 0.16457275 -0.01426919
v 0.07528879 0.16457596 -0.01668954
v 0.07731879 0.16457647 -0.01150603
v 0.07905447 0.16448101 -0.00365075
v 0.08412784 0.15466166 -0.00859813
v 0.07878751 0.16442272 -0.00599106
v 0.07858831 0.16457687 -0.00604987
v 0.07906146 0.16457705 0.00000000
v 0.08430810 0.15423411 0.00859526
v 0.07780100 0.14536524 0.02670062
v 0.07548551 0.14097163 0.03025890
v 0.07786942 0.14097184 0.02696419
v 0.07539818 0.13663538 0.03039479
v 0.08323546 0.14097229 0.01603833
v 0.01701442 0.06051992 -0.03599631
v 0.02530815 0.13929422 -0.04478393
v 0.02800789 0.13921638 -0.04569654
v 0.02530551 0.13992885 -0.04482214
v 0.05078149 0.13912301 -0.04630093
v 0.06379481 0.14536406 -0.04016790
v 0.06037147 0.14097036 -0.04268467
v 0.06277371 0.14008173 -0.04144998
v 0.06130574 0.13914593 -0.04224432
v 0.02289981 0.14052092 -0.04381920
v 0.02488452 0.14096737 -0.04458633
v 0.02126215 0.14536045 -0.04239805
v 0.02497595 0.14536077 -0.04398207
v 0.03524670 0.06251168 -0.04146861
v 0.04541487 0.06230536 -0.04090177
v 0.04246134 0.06247475 -0.04136716
v 0.03944190 0.06255554 -0.04158912
v 0.03932816 0.13942568 -0.04760288
v 0.04515721 0.13885505 -0.04731815
v 0.04215617 0.14009677 -0.04754769
v 0.04882279 0.14536279 -0.04599954
v 0.05274893 0.14536312 -0.04505742
v 0.05177755 0.14047909 -0.04604263
v 0.04887783 0.14096940 -0.04665933
v 0.01102281 0.05810020 0.01811646
v 0.00545001 0.13234000 0.02988642
v 0.00583450 0.12808692 0.02975069
v 0.00091368 0.14019592 0.02329517
v 0.00097293 0.14023992 0.02340167
v 0.00037112 0.14698127 0.02172821
v 0.00125061 0.14702235 0.02334492
v 0.00103388 0.14981972 0.02238158
v 0.01449040 0.13906851 0.03906850
v 0.01060741 0.14096616 0.03575387
v 0.01027478 0.12844297 0.03506220
v 0.01003603 0.13088438 0.03509055
v 0.00520229 0.13662946 0.02990228
v 0.00779295 0.13662967 0.03304661
v 0.01273305 0.12113314 0.03622753
v 0.01192342 0.12353402 0.03589896
v 0.01263088 0.12327537 0.03636720
v 0.01142130 0.12333789 0.03542237
v 0.01897357 0.06719138 0.03230539
v 0.02525397 0.06715639 0.03655615
v 0.01939084 0.05918736 0.02837817
v 0.01689119 0.05925311 0.02622691
v 0.01967097 0.05695291 0.02661548
v 0.01940447 0.05738450 0.02695919
v 0.02203351 0.05713584 0.02869219
v 0.00380255 0.14552563 0.02758523
v 0.00310638 0.14981990 0.02578427
v 0.00055083 0.15459746 0.01963708
v 0.00459947 0.16441779 0.01470127
v -0.00240618 0.15401475 -0.01273405
v 0.00040665 0.15414259 -0.01983136
v -0.00356726 0.14096496 0.01153899
v -0.00245182 0.14350751 0.01546223
v -0.00245650 0.14096506 0.01545178
v -0.00225841 0.13662882 0.01549082
v -0.00116925 0.15415147 0.01623979
v -0.00182056 0.15384863 0.01466661
v 0.00020726 0.14689770 0.02141658
v -0.00002140 0.14033642 0.02146038
v -0.00073681 0.14981957 0.01881309
v 0.00047942 0.15383181 0.02014614
v 0.00991605 0.16447689 -0.02384426
v 0.00685726 0.15445283 -0.02930657
v 0.00947110 0.15445898 -0.03206910
v 0.00941806 0.15431017 -0.03212319
v 0.01229447 0.16447717 -0.02661619
v 0.01339605 0.16442011 -0.02777106
v 0.02016013 0.14033866 -0.04251756
v 0.01770601 0.14536016 -0.04048629
v 0.01073159 0.13544816 -0.03601236
v 0.01684308 0.11386748 0.03810375
v 0.02214214 0.13988718 0.04350790
v 0.01967075 0.13914241 0.04224432
v 0.01506834 0.11724533 0.03737298
v 0.02440203 0.14536072 0.04376291
v 0.02051739 0.10827038 0.03951191
v 0.03614848 0.14536172 0.04657954
v 0.03871194 0.13876815 0.04754448
v 0.03357689 0.10020609 0.04339848
v 0.03019501 0.13912128 0.04630093
v 0.03022061 0.13978022 0.04634529
v 0.02311366 0.14052974 0.04391168
v 0.02451738 0.10317802 0.04079312
v 0.02477142 0.13930246 0.04457987
v 0.01871284 0.15388834 0.03922610
v 0.01522472 0.15417768 0.03695809
v 0.08461890 0.13290408 -0.00832156
v 0.07310703 0.05339499 -0.01167635
v 0.07354840 0.05515625 -0.01038026
v 0.08519802 0.14006568 -0.00806204
v 0.08432680 0.13663614 -0.01156481
v 0.08454345 0.14097241 -0.01153899
v 0.07135562 0.05376825 -0.01744625
v 0.05684145 0.15390764 -0.04178930
v 0.05350718 0.13988787 -0.04556791
v 0.05282598 0.14096972 -0.04569077
v 0.06506781 0.11423147 -0.03758019
v 0.06971859 0.12600037 -0.03565587
v 0.06713547 0.14536433 -0.03790074
v 0.07026180 0.14536460 -0.03534632
v 0.06724796 0.14097095 -0.03836020
v 0.07070351 0.12844808 -0.03506220
v 0.07586621 0.14097168 -0.02977117
v 0.07318397 0.13663520 -0.03304661
v 0.07324816 0.14097145 -0.03288263
v 0.01503370 0.16456708 0.02907096
v 0.01756237 0.16457079 0.03106333
v 0.01312033 0.16460915 0.02563450
v 0.00602408 0.16460855 0.01477776
v 0.00909922 0.16460881 0.02051528
v 0.04175768 0.15392773 0.04487128
v 0.03659595 0.15436560 0.04455652
v 0.03282008 0.15436260 0.04406265
v 0.06594555 0.16461362 0.02752869
v 0.03589474 0.16461107 0.03721468
v 0.04240022 0.16461162 0.03744795
v 0.02952764 0.16461053 0.03585980
v 0.02739018 0.16457218 0.03629990
v 0.03107475 0.16456923 0.03744988
v 0.05336953 0.16457438 0.03634711
v 0.03462338 0.16449107 0.03828677
v 0.03462494 0.16450420 0.03827647
v 0.03827966 0.16450526 0.03865581
v -0.00332727 0.15404876 -0.00898982
v 0.01789778 0.16456741 -0.03134520
v 0.01150348 0.16457020 -0.02550738
v 0.00783554 0.16451475 -0.02084139
v 0.00781702 0.16448998 -0.02085318
v 0.00601951 0.16452557 -0.01763897
v 0.00784610 0.16452576 -0.02083466
v 0.00360550 0.16441722 0.01197560
v 0.00329014 0.16447517 0.01086444
v 0.00543825 0.16457009 -0.01616626
v 0.00459470 0.16456670 -0.01426919
v 0.03143671 0.16461070 -0.03638848
v 0.02527968 0.16461018 -0.03427503
v 0.00685259 0.16460863 -0.01657710
v 0.00814863 0.16457005 -0.02108550
v 0.06557252 0.05040370 0.00876207
v 0.06525527 0.05027530 0.00870061
v 0.06352557 0.05102573 0.01464885
v 0.07276572 0.05656574 0.00707898
v 0.06687642 0.05254649 0.01282049
v 0.07164455 0.06106605 0.01741157
v 0.07143868 0.06149203 0.01800115
v 0.07904053 0.12809309 0.02339690
v 0.06782786 0.05518028 0.01656103
v 0.06815511 0.05814989 0.02045327
v 0.06999478 0.06117530 0.02079114
v 0.07204036 0.05691477 0.01055720
v 0.07478022 0.12809274 0.03024549
v 0.07223298 0.12809253 0.03337590
v 0.07126018 0.11965375 0.03279931
v 0.06996682 0.12480440 0.03526944
v 0.05125979 0.10081492 0.04248291
v 0.05378487 0.10193440 0.04174281
v 0.05116216 0.10123780 0.04255963
v 0.04733966 0.05666739 0.03343843
v 0.05035755 0.05619279 0.03217560
v 0.04866517 0.05901100 0.03500199
v 0.06637892 0.06286005 0.02675003
v 0.06450702 0.05606188 0.02251193
v 0.06245216 0.05653386 0.02523657
v 0.06178667 0.05958010 0.02896038
v 0.06014053 0.05702175 0.02775022
v 0.05914135 0.06008381 0.03133319
v 0.07267471 0.06106216 0.01475015
v 0.07364934 0.06065786 0.01141299
v 0.07356543 0.05932891 0.01040571
v 0.07369217 0.05961726 0.01040002
v 0.07434604 0.05753284 -0.00669400
v 0.07474625 0.05852400 0.00010983
v 0.07492055 0.05904030 -0.00003126
v 0.07499623 0.05968642 0.00125888
v 0.07446106 0.05956570 0.00676031
v 0.08146214 0.14982651 0.01936550
v 0.08252756 0.15385200 0.01542164
v 0.08210433 0.15415813 0.01633983
v 0.08505246 0.14620894 0.00896835
v 0.08414932 0.14982674 0.01187425
v 0.08439394 0.14536579 0.01204141
v 0.08409422 0.15466638 0.00877788
v 0.07905447 0.16448101 0.00365075
v 0.07861436 0.15445337 0.02313007
v 0.07499167 0.16448191 0.01765884
v 0.07346406 0.16442463 0.02042425
v 0.07203598 0.16457197 0.02230212
v 0.07095224 0.16457184 0.02376331
v 0.07097650 0.16456339 0.02378221
v 0.07118269 0.16457529 0.02336453
v 0.07305174 0.16457212 0.02078733
v 0.07307772 0.16456364 0.02080387
v 0.07645432 0.16457623 0.01398881
v 0.07627528 0.16461448 0.01118692
v 0.07661090 0.16461451 0.01005043
v 0.07644758 0.16461450 0.01062000
v 0.07851776 0.16457684 0.00648237
v 0.07906235 0.16446671 -0.00365149
v 0.07913686 0.16442239 -0.00296295
v 0.07906235 0.16446671 0.00365149
v 0.07913815 0.16442239 0.00294587
v 0.07840682 0.16457331 -0.00727409
v 0.07755473 0.16457306 -0.01082748
v 0.07870802 0.16457342 -0.00545803
v 0.07892205 0.16457349 -0.00363833
v 0.07892621 0.16457701 0.00324173
v 0.08438399 0.15391244 0.00854057
v 0.08214321 0.15415850 -0.01623979
v 0.07819781 0.16442309 -0.00900253
v 0.08316661 0.15463136 -0.01257698
v 0.07768207 0.16448146 -0.01086444
v 0.08439770 0.15412059 -0.00813361
v 0.08443199 0.15399741 -0.00826970
v 0.08425048 0.15446545 -0.00841265
v 0.08420544 0.15451360 -0.00864458
v 0.08431026 0.15431759 -0.00848975
v 0.07747469 0.13234608 0.02704376
v 0.07515699 0.13234589 0.03038118
v 0.07256326 0.13234566 0.03350854
v 0.07950445 0.13234626 0.02352359
v 0.07705287 0.12809293 0.02691001
v 0.07996339 0.14097202 0.02347782
v 0.08172269 0.14536557 0.01965212
v 0.07775376 0.13663559 0.02707025
v 0.07540067 0.14536503 0.02994643
v 0.06990913 0.14097117 0.03616799
v 0.07282660 0.14097141 0.03333548
v 0.07272810 0.14536481 0.03297207
v 0.06653288 0.11708616 0.03695758
v 0.06595827 0.11741162 0.03735327
v 0.06515082 0.11573285 0.03768977
v 0.06418415 0.11269367 0.03794882
v 0.06556442 0.13841541 0.03968060
v 0.07245414 0.14982575 0.03242324
v 0.06980098 0.14536457 0.03575249
v 0.05174109 0.15450257 0.04320113
v 0.04992961 0.16447888 0.03757867
v 0.04890607 0.16442002 0.03784433
v 0.05343220 0.16447954 0.03652641
v 0.05190337 0.16442065 0.03705536
v 0.05540304 0.15449783 0.04207404
v 0.05342567 0.16450617 0.03650789
v 0.05342183 0.16451831 0.03649699
v 0.05542962 0.15435456 0.04214828
v 0.05545184 0.15420790 0.04221028
v 0.05898327 0.15434778 0.04070945
v 0.05895054 0.15449198 0.04063818
v 0.05354680 0.15391509 0.04293830
v 0.06767183 0.16442470 0.02767745
v 0.06867775 0.16448194 0.02661619
v 0.06867101 0.16449535 0.02660984
v 0.06866343 0.16450807 0.02660268
v 0.06990150 0.16442469 0.02529421
v 0.06230330 0.11087487 -0.03882686
v 0.06240190 0.10990410 -0.03866525
v 0.06279439 0.11167710 -0.03863327
v 0.04438386 0.15422115 -0.04462305
v 0.04521035 0.15392636 -0.04463889
v 0.04482697 0.14536245 -0.04657954
v 0.05075578 0.13978195 -0.04634529
v 0.06390723 0.14097066 -0.04067766
v 0.06371854 0.13883647 -0.04086776
v 0.06598844 0.13828732 -0.03938976
v 0.06381472 0.13935153 -0.04084718
v 0.06054313 0.14036971 -0.04265698
v 0.02802372 0.13986714 -0.04573990
v 0.03358689 0.13961989 -0.04704315
v 0.01253812 0.05927485 0.02129121
v 0.01282324 0.05814787 0.02077202
v 0.01460390 0.05928158 0.02385455
v 0.01237287 0.06047679 0.02181040
v 0.01442703 0.06173174 0.02502614
v 0.01124569 0.05756474 0.01789221
v 0.01516315 0.05700475 0.02228484
v 0.01711057 0.05728214 0.02479117
v 0.01038511 0.06170879 0.01946191
v 0.01050011 0.06044358 0.01901343
v 0.01157511 0.06687723 0.02383966
v 0.00958978 0.06707882 0.02065458
v 0.00166102 0.12808657 0.02284868
v 0.00963435 0.06685371 0.02064171
v 0.00360454 0.12808673 0.02638642
v -0.00084999 0.13662894 0.01931455
v 0.00288993 0.13662925 0.02654746
v 0.00216216 0.14681920 0.02491640
v 0.01126012 0.12599543 0.03565587
v 0.01064741 0.13662991 0.03595368
v 0.01066903 0.13588049 0.03596853
v 0.01077668 0.13610189 0.03607245
v 0.01372822 0.14096642 0.03836020
v 0.01071365 0.14535958 0.03534632
v 0.01069128 0.12614676 0.03516208
v 0.01077005 0.12852815 0.03552182
v 0.01026119 0.13110611 0.03532567
v 0.00800254 0.13234021 0.03304749
v 0.02200894 0.06706746 0.03457508
v 0.01680594 0.06168921 0.02752129
v 0.01941261 0.06160916 0.02978176
v 0.02197482 0.05728581 0.02878969
v 0.00390017 0.14535613 0.02774457
v 0.00925658 0.15400495 0.03212024
v 0.00667760 0.15414983 0.02930670
v 0.00430783 0.15414372 0.02631119
v 0.00355702 0.15383306 0.02538072
v 0.00340104 0.14601730 0.02693962
v 0.00291805 0.14642453 0.02616116
v -0.00333416 0.15422671 -0.00859526
v -0.00342374 0.15411317 0.00813361
v -0.00332355 0.15436676 0.00819422
v -0.00333632 0.15431020 0.00848975
v -0.00093222 0.15460607 -0.01626607
v 0.00447165 0.16447562 -0.01431786
v 0.00052356 0.15444955 -0.01977567
v -0.00244149 0.14388846 0.01547040
v -0.00244154 0.14332141 0.01550184
v -0.00088815 0.14073306 0.01957315
v -0.00118906 0.14626727 0.01851112
v 0.00344724 0.14981991 -0.02628563
v 0.00557477 0.14535914 -0.02994643
v 0.00584994 0.14982012 -0.02946477
v 0.00992335 0.16449031 -0.02383858
v 0.01118205 0.16441974 -0.02542321
v 0.02115790 0.14096704 -0.04296149
v 0.02266153 0.13990466 -0.04374269
v 0.01763162 0.13943493 -0.04113213
v 0.01780363 0.14000574 -0.04121748
v 0.01759486 0.14096674 -0.04100345
v 0.01037653 0.13521580 -0.03568172
v 0.01110425 0.13660438 -0.03637399
v 0.01172273 0.13732046 -0.03691673
v 0.01110355 0.13662995 -0.03637343
v 0.01540150 0.15447401 -0.03690805
v 0.01535773 0.15432759 -0.03697173
v 0.01232839 0.15446627 -0.03461276
v 0.01458724 0.14982086 -0.03758491
v 0.01654042 0.15388066 -0.03793260
v 0.01529283 0.15402691 -0.03706598
v 0.01706895 0.14096670 0.04067766
v 0.01820262 0.14007796 0.04144998
v 0.01706641 0.13983370 0.04075821
v 0.01960784 0.13970941 0.04225019
v 0.01867798 0.11087118 0.03882686
v 0.01725801 0.13883255 0.04086776
v 0.01370225 0.12033220 0.03680270
v 0.02988169 0.15391774 0.04361265
v 0.03215265 0.14536138 0.04599954
v 0.03279927 0.15406989 0.04418122
v 0.03576364 0.15392555 0.04463889
v 0.03584607 0.13952099 0.04735788
v 0.03654174 0.10049232 0.04388611
v 0.02060471 0.14096700 0.04268467
v 0.00035657 0.15414272 0.01972928
v 0.00040879 0.15429752 0.01970468
v -0.00111613 0.15430623 0.01622041
v 0.01369852 0.15386990 0.03597162
v 0.00398759 0.16460837 0.00859485
v 0.00288526 0.16457035 0.00865151
v 0.00341747 0.16456680 0.01082748
v 0.00598054 0.16447608 0.01765884
v 0.00584054 0.16441867 0.01743596
v 0.00047357 0.15444972 0.01967393
v 0.00229975 0.15444694 0.02303084
v 0.00737151 0.16441931 0.02020116
v 0.08519473 0.14079148 -0.00833581
v 0.08343268 0.14097230 -0.01545178
v 0.07261154 0.05226840 -0.01332545
v 0.07931734 0.12809312 -0.02284868
v 0.07737382 0.12809296 -0.02638642
v 0.07578374 0.14536506 -0.02946630
v 0.08060405 0.14698803 -0.02172821
v 0.06980584 0.16457513 -0.02511882
v 0.06858198 0.16457158 -0.02652582
v 0.06980100 0.16457172 -0.02517128
v 0.07203598 0.16457197 -0.02230212
v 0.07307772 0.16456364 -0.02080387
v 0.07310288 0.16454995 -0.02081988
v 0.07305174 0.16457212 -0.02078733
v 0.07487400 0.16457243 -0.01759885
v 0.07253150 0.16457547 -0.02152785
v 0.07312610 0.16453128 -0.02083466
v 0.07313667 0.16452026 -0.02084139
v 0.07566693 0.16457260 -0.01594817
v 0.05556406 0.15420768 -0.04217019
v 0.06244154 0.15448515 -0.03885773
v 0.05820994 0.16442274 -0.03449877
v 0.06009158 0.16448079 -0.03344046
v 0.07094186 0.13088952 -0.03509055
v 0.07020824 0.12853317 -0.03552182
v 0.07514387 0.12809277 -0.02975069
v 0.07036877 0.14097120 -0.03575387
v 0.06795744 0.13833180 -0.03797280
v 0.07032951 0.13663496 -0.03595368
v 0.03280857 0.15421715 0.04412824
v 0.03171319 0.16441885 0.03776453
v 0.02911869 0.15450051 0.04317115
v 0.03104261 0.16447729 0.03757867
v 0.02094721 0.16456781 0.03332651
v 0.01289822 0.16441999 0.02727668
v 0.01229447 0.16447717 0.02661619
v 0.00938744 0.15445878 0.03198771
v 0.01230120 0.16449058 0.02660984
v 0.00678104 0.15445267 0.02921858
v 0.01084655 0.16441983 0.02503087
v 0.01329620 0.16457033 0.02741094
v 0.00609820 0.16456664 -0.01759885
v 0.00789448 0.16455814 -0.02080387
v 0.00607070 0.16455811 -0.01761287
v 0.04586469 0.16441950 0.03839066
v 0.04634883 0.16449207 0.03828677
v 0.04042714 0.15436684 0.04472677
v 0.03106721 0.16456059 0.03748007
v 0.03284879 0.16456947 0.03784886
v 0.03105992 0.16454659 0.03750928
v 0.05338816 0.16457093 0.03640145
v 0.04988236 0.16457431 0.03738846
v 0.04804798 0.16457425 0.03783243
v 0.04484519 0.16457412 0.03832961
v 0.03105647 0.16453767 0.03752311
v 0.04634727 0.16450518 0.03827647
v -0.00338536 0.15390100 -0.00879074
v -0.00340999 0.15390503 -0.00854057
v -0.00353228 0.15371594 0.00805842
v 0.01239022 0.16456684 -0.02652582
v 0.01001996 0.16456670 -0.02376331
v 0.00786933 0.16454443 -0.02081988
v 0.00600833 0.16451450 -0.01764467
v 0.00277442 0.16441672 0.00900253
v 0.00256538 0.16456690 0.00727409
v 0.00203366 0.16457051 0.00309031
v 0.00530527 0.16456665 -0.01594817
v 0.00341747 0.16456680 -0.01082748
v 0.00338764 0.16455817 -0.01083613
v -0.00216546 0.15462355 -0.01266951
v 0.00370659 0.16441728 -0.01228428
v 0.00456590 0.16455813 -0.01428058
v 0.02980001 0.16457254 -0.03707638
v 0.02758404 0.16456875 -0.03640145
v 0.02178545 0.15389819 -0.04078810
v 0.06589673 0.16457480 -0.02906701
v 0.06008166 0.16450712 -0.03342348
v 0.06007584 0.16451912 -0.03341352
v 0.02677153 0.16461031 0.00607542
v 0.00305112 0.16460830 0.00215290
v 0.00191074 0.16457054 0.00000000
v 0.03522430 0.16457328 -0.03821713
v 0.03786648 0.16461124 -0.03740522
v 0.05358202 0.16457440 -0.03629990
v 0.05076670 0.16461234 -0.03605998
v 0.05684837 0.16461284 -0.03373854
v 0.04437520 0.16461179 -0.03729461
v 0.04821986 0.16457425 -0.03779791
v 0.04269365 0.16447932 -0.03867519
v 0.04054666 0.15450837 -0.04464713
v 0.03829740 0.16447751 -0.03867647
v 0.05706139 0.16457447 -0.03485593
v 0.05561281 0.16442205 -0.03570917
v 0.05551490 0.15449767 -0.04203410
v 0.05343220 0.16447954 -0.03652641
v 0.05835805 0.05210648 0.02237175
v 0.06618617 0.05024480 0.00634436
v 0.06573965 0.05160010 0.01253478
v 0.06973097 0.05771195 0.01727060
v 0.06892171 0.05946641 0.02087511
v 0.07341439 0.05938552 0.01095916
v 0.07266161 0.05966618 0.01369461
v 0.02524807 0.06133408 0.03346862
v 0.02800282 0.05874872 0.03320804
v 0.02842098 0.06113870 0.03483777
v 0.03172135 0.06090199 0.03585927
v 0.03032962 0.06590553 0.03830224
v 0.04537831 0.05947514 0.03597927
v 0.05181899 0.05852350 0.03366914
v 0.04989651 0.06159411 0.03656555
v 0.04551560 0.10005947 0.04370897
v 0.04842873 0.10033051 0.04319342
v 0.04836557 0.10079622 0.04325360
v 0.05126520 0.06520318 0.03823535
v 0.05501011 0.10240829 0.04131678
v 0.06427392 0.06333469 0.02928285
v 0.06084641 0.06315359 0.03241157
v 0.06351450 0.06243468 0.02980556
v 0.06358317 0.06263147 0.02982898
v 0.06815331 0.06164039 0.02398417
v 0.06050857 0.06237488 0.03223313
v 0.05961644 0.06427108 0.03358032
v 0.05797169 0.06411843 0.03472079
v 0.06417888 0.05908699 0.02633160
v 0.06203668 0.05135339 0.01740655
v 0.06315580 0.05238064 0.01834410
v 0.06249818 0.05378798 0.02153947
v 0.05832140 0.05472551 0.02654005
v 0.05758602 0.05752027 0.03001774
v 0.07484578 0.05880153 -0.00233133
v 0.08451277 0.13256715 0.00857730
v 0.08507663 0.14661416 0.00861426
v 0.08510283 0.14010315 0.00859443
v 0.07648230 0.16450822 0.01431063
v 0.07482646 0.16457587 0.01757398
v 0.07399884 0.16457228 0.01921840
v 0.07765211 0.16452031 0.01085574
v 0.07647155 0.16452032 0.01430639
v 0.07768207 0.16448146 0.01086444
v 0.07767323 0.16449513 0.01086187
v 0.07640630 0.16456419 0.01428058
v 0.07643417 0.16455033 0.01429160
v 0.07758456 0.16456445 0.01083613
v 0.07515869 0.16457593 0.01695934
v 0.07490150 0.16456392 0.01761287
v 0.07878773 0.16442272 0.00598968
v 0.07316300 0.16448204 0.02085814
v 0.07178415 0.16442470 0.02292074
v 0.07648877 0.15445460 0.02632746
v 0.07316192 0.15385219 0.03069309
v 0.07159939 0.15416360 0.03216747
v 0.07749318 0.16457652 0.01092878
v 0.07752351 0.16457653 0.01081844
v 0.07758456 0.16456445 -0.01083613
v 0.07901791 0.16457704 -0.00184065
v 0.07853732 0.16448121 -0.00729893
v 0.07852827 0.16449495 -0.00729721
v 0.07851803 0.16450801 -0.00729526
v 0.07850667 0.16452026 -0.00729310
v 0.07765211 0.16452031 -0.01085574
v 0.07887681 0.16457699 0.00363362
v 0.07843742 0.16456464 0.00727992
v 0.07895312 0.16456480 0.00364125
v 0.07920512 0.16450876 0.00000000
v 0.07902342 0.16452023 -0.00364784
v 0.07918167 0.16453153 0.00000000
v 0.07922453 0.16448247 0.00000000
v 0.08450631 0.15372339 -0.00805842
v 0.08061739 0.15414950 -0.01972928
v 0.08341908 0.14536572 -0.01532248
v 0.08316793 0.14982665 -0.01510578
v 0.08430038 0.14982675 -0.01128742
v 0.08216435 0.14627431 -0.01851112
v 0.08279458 0.15385577 -0.01466661
v 0.08454391 0.14536580 -0.01144586
v 0.08426884 0.15436117 -0.00868864
v 0.08321948 0.14536570 0.01590329
v 0.07991275 0.14536542 0.02326030
v 0.07964472 0.14982635 0.02291050
v 0.07752745 0.14982617 0.02628563
v 0.07694497 0.15384035 0.02605813
v 0.07876687 0.15399195 0.02321983
v 0.06317272 0.14000957 0.04121748
v 0.06338133 0.14097062 0.04100345
v 0.06081617 0.14034209 0.04251756
v 0.06325540 0.13891226 0.04114687
v 0.06334483 0.13943879 0.04113213
v 0.07030244 0.13591725 0.03597566
v 0.07276639 0.13663517 0.03350475
v 0.05684680 0.16448019 0.03513636
v 0.05768171 0.16442221 0.03476422
v 0.05483375 0.16442139 0.03602787
v 0.06233956 0.15448537 0.03891535
v 0.06557240 0.15447824 0.03690805
v 0.06009158 0.16448079 0.03344046
v 0.06953439 0.14982550 0.03513713
v 0.06664059 0.14536430 0.03826465
v 0.05177814 0.15421410 0.04334183
v 0.05215752 0.14536308 0.04522374
v 0.04770903 0.15392414 0.04430188
v 0.04804897 0.15421857 0.04414841
v 0.04821868 0.14536273 0.04611126
v 0.04211316 0.14009590 0.04754943
v 0.05190125 0.14048284 0.04600875
v 0.04877131 0.14034911 0.04675277
v 0.05019234 0.13975555 0.04648143
v 0.04827004 0.14096934 0.04677423
v 0.04525739 0.14019053 0.04730571
v 0.06601911 0.16449510 0.02916312
v 0.06601225 0.16450784 0.02915527
v 0.06865505 0.16452000 0.02659478
v 0.07103155 0.16452016 0.02382509
v 0.06413768 0.11387148 -0.03810374
v 0.06090081 0.10784376 -0.03924049
v 0.04817471 0.15407118 -0.04418122
v 0.04815385 0.15436390 -0.04406265
v 0.04814010 0.15450588 -0.04398441
v 0.05185521 0.15450244 -0.04317115
v 0.04796363 0.13964909 -0.04694354
v 0.05070688 0.14043275 -0.04629321
v 0.05501650 0.14055951 -0.04502730
v 0.06612047 0.13873078 -0.03933383
v 0.06719510 0.13828835 -0.03855642
v 0.06648611 0.13907291 -0.03906850
v 0.06704470 0.13789032 -0.03863346
v 0.06469391 0.13966925 -0.04028093
v 0.06591186 0.11724963 -0.03737298
v 0.06136855 0.13971293 -0.04225019
v 0.06037588 0.14037988 -0.04273527
v 0.02580635 0.14055790 -0.04497266
v 0.03571893 0.14018972 -0.04730571
v 0.03270615 0.14096802 -0.04677423
v 0.04513036 0.13952176 -0.04735788
v 0.04537135 0.14019535 -0.04729239
v 0.04485661 0.14096905 -0.04725602
v 0.01069840 0.05923550 0.01856494
v 0.01228533 0.06173768 0.02232960
v 0.01303156 0.05745909 0.02034858
v 0.01503502 0.05714453 0.02239375
v 0.01492046 0.05729987 0.02249088
v 0.01530287 0.05688348 0.02216578
v 0.01706245 0.05744345 0.02492522
v 0.01083433 0.06665139 0.02256731
v 0.00204773 0.14041439 0.02529095
v 0.00086909 0.13662909 0.02300917
v 0.00234391 0.14670625 0.02522354
v 0.01184375 0.12602936 0.03607435
v 0.01293771 0.13737474 0.03787592
v 0.01076634 0.13111790 0.03573614
v 0.01050821 0.13111146 0.03553775
v 0.01003067 0.13294409 0.03524649
v 0.01012457 0.13412686 0.03540150
v 0.01025353 0.13481019 0.03555230
v 0.01627970 0.06680473 0.02963855
v 0.01486356 0.06661631 0.02799329
v 0.01957117 0.06646509 0.03248148
v 0.00437370 0.14340857 0.02862280
v 0.00401869 0.14209457 0.02823786
v 0.00891030 0.16441962 0.02253578
v 0.00991605 0.16447689 0.02384426
v 0.00992335 0.16449031 0.02383858
v 0.00441687 0.15444842 0.02623353
v 0.00780922 0.16447651 0.02085814
v 0.00725747 0.15384459 0.03008828
v 0.00672409 0.15430270 0.02926715
v 0.00353371 0.14137183 0.02758356
v 0.00317424 0.14102373 0.02706269
v -0.00327657 0.15445806 0.00841265
v -0.00337867 0.15389833 0.00890932
v -0.00338489 0.15389782 0.00887881
v -0.00356002 0.15336248 0.00836683
v -0.00243347 0.15401542 0.01264090
v -0.00330580 0.15422043 0.00889950
v -0.00330931 0.15420495 0.00889998
v -0.00236566 0.15416972 -0.01272371
v -0.00231213 0.15432401 -0.01270955
v 0.00045883 0.15429737 -0.01980660
v 0.00060075 0.15459730 -0.01973860
v 0.00235955 0.15444693 -0.02313007
v -0.00101118 0.15445814 -0.01629570
v -0.00245182 0.14370103 0.01545148
v -0.00242116 0.14407365 0.01551762
v -0.00091902 0.14075892 0.01949871
v -0.00176924 0.14566249 0.01715695
v -0.00158432 0.14582309 0.01759955
v -0.00048709 0.14670850 0.02002462
v 0.00680041 0.15430290 -0.02935531
v 0.00937457 0.15415835 -0.03216747
v 0.00402904 0.15383419 -0.02605813
v 0.00675401 0.15415005 -0.02939501
v 0.00781209 0.15384667 -0.03069309
v 0.00852055 0.14982034 -0.03242324
v 0.00549068 0.14096573 -0.03025890
v 0.00814959 0.14096595 -0.03333548
v 0.00557874 0.13662949 -0.03039479
v 0.02010329 0.13975623 -0.04251125
v 0.02268886 0.13929439 -0.04371525
v 0.01313999 0.13794564 -0.03806761
v -0.00214027 0.05515872 -0.02126654
v 0.01067460 0.13591221 -0.03597566
v 0.00821053 0.13662972 -0.03350475
v 0.01532153 0.15417799 -0.03702434
v 0.01218474 0.15386395 -0.03478681
v 0.01908866 0.11029050 0.03897981
v 0.01818675 0.11167333 0.03863327
v 0.01498820 0.13828301 0.03938976
v 0.02413255 0.15390487 0.04178930
v 0.02183405 0.15404762 0.04076701
v 0.02540989 0.15420513 0.04217019
v 0.02908131 0.15421200 0.04331173
v 0.03611958 0.14096831 0.04725602
v 0.03560496 0.14019454 0.04729239
v 0.03209836 0.14096797 0.04665933
v 0.03301277 0.13964783 0.04694354
v 0.03238293 0.14033991 0.04678785
v 0.03588171 0.14018610 0.04731437
v 0.03305968 0.14030938 0.04689382
v 0.02071040 0.14536041 0.04212797
v 0.00218615 0.15414080 0.02309748
v 0.02418102 0.16456826 0.03501641
v 0.02758404 0.16456875 0.03640145
v 0.02416801 0.16455971 0.03504447
v 0.02002080 0.16441989 0.03295168
v 0.01783231 0.16450368 0.03143622
v 0.01782623 0.16449091 0.03144469
v 0.01157239 0.15386152 0.03427684
v 0.00295041 0.16456684 0.00906487
v 0.00450065 0.16451424 0.01430639
v 0.00451233 0.16452539 0.01430177
v 0.00333217 0.16452523 0.01085224
v 0.00450365 0.16457015 0.01395177
v 0.00459470 0.16456670 0.01426919
v 0.00609820 0.16456664 0.01759885
v 0.08341733 0.14332867 -0.01550184
v 0.08099770 0.14034326 -0.02146038
v 0.08186437 0.14074005 -0.01957315
v 0.07882681 0.15399192 -0.02312013
v 0.06687987 0.14982527 -0.03723059
v 0.07550792 0.14982601 -0.02899483
v 0.07717287 0.14553183 -0.02758523
v 0.07678100 0.14474398 -0.02823342
v 0.07668028 0.14439097 -0.02841331
v 0.07662130 0.14405738 -0.02853105
v 0.07315151 0.14536485 -0.03252707
v 0.07659707 0.14375351 -0.02859607
v 0.07095224 0.16457184 -0.02376331
v 0.06867775 0.16448194 -0.02661619
v 0.07012568 0.16442484 -0.02503087
v 0.07419287 0.15445837 -0.02921858
v 0.07892855 0.14042088 -0.02529095
v 0.07844510 0.14058949 -0.02607931
v 0.07881303 0.14682569 -0.02491640
v 0.08006264 0.14020260 -0.02329517
v 0.08076793 0.14690451 -0.02141658
v 0.07972455 0.14702898 -0.02334492
v 0.07925731 0.14029011 -0.02473772
v 0.07490150 0.16456392 -0.01761287
v 0.07314640 0.16450830 -0.02084758
v 0.07496388 0.16452032 -0.01764467
v 0.07311480 0.16454120 -0.02082747
v 0.07494074 0.16454136 -0.01763288
v 0.05905762 0.15449178 -0.04058920
v 0.05554168 0.15435436 -0.04210826
v 0.06731159 0.13865711 -0.03845377
v 0.07071666 0.13111122 -0.03532567
v 0.07094239 0.13110659 -0.03510698
v 0.07094687 0.13294923 -0.03524649
v 0.07297510 0.13234571 -0.03304749
v 0.07552763 0.13234591 -0.02988642
v 0.03283380 0.15450458 0.04398441
v 0.03104736 0.16450407 0.03755963
v 0.02091659 0.16454558 0.03337891
v 0.01786241 0.16454527 0.03139437
v 0.01785417 0.16453654 0.03140583
v 0.01496755 0.16451545 0.02914660
v 0.01783904 0.16451564 0.03142687
v 0.01784635 0.16452663 0.03141670
v 0.01789778 0.16456741 0.03134520
v 0.02093166 0.16455930 0.03335313
v 0.00995687 0.16457011 0.02363231
v 0.00994066 0.16451500 0.02382509
v 0.00995053 0.16452597 0.02381740
v 0.00784610 0.16452576 0.02083466
v 0.00792046 0.16456662 -0.02078733
v 0.03828029 0.16451624 0.03864454
v 0.03831305 0.16451679 0.03864454
v 0.03828098 0.16452804 0.03863240
v 0.06002499 0.16457111 0.03332651
v 0.06275655 0.16457464 0.03153413
v 0.06138224 0.16457459 0.03241911
v 0.06005887 0.16457455 0.03327129
v 0.06042039 0.16442305 0.03327472
v 0.06006951 0.16453016 0.03340270
v 0.06313317 0.16451946 0.03142687
v 0.06312586 0.16453046 0.03141670
v 0.06307442 0.16457123 0.03134520
v 0.06309239 0.16456276 0.03137018
v 0.06304836 0.16457465 0.03130971
v 0.05165241 0.16457088 0.03696761
v 0.05339847 0.16456233 0.03643071
v 0.05340845 0.16454843 0.03645902
v 0.05341318 0.16453955 0.03647243
v 0.05341765 0.16452947 0.03648513
v 0.04269192 0.16451661 0.03864454
v 0.04634553 0.16451746 0.03826503
v 0.04269123 0.16452841 0.03863240
v 0.03831505 0.16449133 0.03866645
v 0.03827906 0.16449085 0.03866642
v 0.03105320 0.16452752 0.03753620
v 0.03105015 0.16451629 0.03754842
v 0.02755455 0.16452730 0.03648513
v 0.04269255 0.16450563 0.03865581
v -0.00340884 0.15390468 -0.00858725
v -0.00316480 0.15452510 -0.00896399
v 0.00285681 0.16441678 -0.00934306
v 0.01939946 0.16456760 -0.03237225
v 0.02091659 0.16454558 -0.03337891
v 0.02090946 0.16453680 -0.03339112
v 0.02415542 0.16454589 -0.03507162
v 0.01117120 0.16456676 -0.02517128
v 0.01231716 0.16451523 -0.02659478
v 0.01232626 0.16452619 -0.02658619
v 0.01494701 0.16447736 -0.02917008
v 0.01557334 0.16442017 -0.02973835
v 0.00604408 0.16454434 -0.01762645
v 0.00785741 0.16453569 -0.02082747
v 0.00599806 0.16450247 -0.01764991
v -0.00338077 0.15415971 0.00856400
v -0.00329491 0.15435378 0.00868864
v -0.00318196 0.15452605 0.00887927
v -0.00321042 0.15451348 0.00876209
v -0.00313164 0.15466170 0.00873195
v 0.00243490 0.16447477 0.00729893
v 0.00448992 0.16450214 -0.01431063
v 0.00451233 0.16452539 -0.01430177
v 0.00452484 0.16453542 -0.01429682
v 0.00453804 0.16454427 -0.01429160
v 0.03107475 0.16456923 -0.03744988
v 0.02931979 0.16456899 -0.03696761
v 0.01805621 0.16441999 -0.03165032
v 0.01782083 0.16447747 -0.03145219
v 0.06243689 0.16461332 -0.03040026
v 0.06143782 0.16457458 -0.03242319
v 0.06095142 0.16442335 -0.03295168
v 0.06309239 0.16456276 -0.03137018
v 0.06307442 0.16457123 -0.03134520
v 0.06595873 0.16456296 -0.02909409
v 0.06157274 0.16457117 -0.03237225
v 0.06862596 0.16454953 -0.02656733
v 0.06597833 0.16454931 -0.02911649
v 0.06599642 0.16453072 -0.02913718
v 0.00199880 0.16457053 0.00221387
v 0.04633025 0.16457069 -0.03816440
v 0.04268443 0.16457400 -0.03851233
v 0.03828777 0.16457362 -0.03851233
v 0.04178724 0.16460763 -0.03758714
v 0.05129565 0.16461238 -0.01039969
v 0.03827856 0.16447894 -0.03867519
v 0.04437098 0.15450791 -0.04447724
v 0.04635021 0.16447829 -0.03829586
v 0.06002499 0.16457111 -0.03332651
v 0.04989745 0.16457082 -0.03744988
v 0.05248319 0.16442117 -0.03687268
v 0.04992961 0.16447888 -0.03757867
v 0.05339847 0.16456233 -0.03643071
v 0.04990499 0.16456218 -0.03748007
v 0.05630784 0.05256136 0.02467336
v 0.05404243 0.05302535 0.02673851
v 0.07087892 0.05049038 -0.00844037
v 0.06597984 0.05003930 0.00565449
v 0.06613522 0.05010583 0.00567148
v 0.07051577 0.05902531 0.01762539
v 0.06986786 0.06083250 0.02077973
v 0.02749453 0.06607431 0.03723271
v 0.02789822 0.05767664 0.03239317
v 0.03388813 0.05590451 0.03252950
v 0.03084549 0.05616768 0.03190333
v 0.05587741 0.05521319 0.02870229
v 0.05480473 0.05802340 0.03200185
v 0.04605635 0.05440961 0.03126081
v 0.04310862 0.05483769 0.03213597
v 0.05097906 0.06407984 0.03794426
v 0.05020321 0.06397592 0.03809857
v 0.05293666 0.06358720 0.03699780
v 0.05316656 0.06109937 0.03516269
v 0.04456791 0.13883238 0.04738063
v 0.06077720 0.06294890 0.03237943
v 0.06612835 0.06251119 0.02700962
v 0.06789565 0.12196175 0.03654928
v 0.06767470 0.13758507 0.03815908
v 0.06923179 0.12413804 0.03583176
v 0.06845606 0.12172157 0.03614139
v 0.06949183 0.12404390 0.03560059
v 0.06199880 0.06380861 0.03157490
v 0.06896182 0.12149043 0.03566296
v 0.06824678 0.11965333 0.03596898
v 0.06775396 0.11838719 0.03617989
v 0.06630345 0.05860921 0.02348439
v 0.06486469 0.06156886 0.02791870
v 0.06678629 0.06117550 0.02546811
v 0.06219015 0.05142315 0.01747836
v 0.06061057 0.05184604 0.02016283
v 0.06219205 0.05168409 0.01813083
v 0.06148976 0.05281089 0.02105324
v 0.07271834 0.05999368 0.01394875
v 0.07282685 0.06030729 0.01394164
v 0.07290487 0.06062943 0.01392390
v 0.07379144 0.05991732 0.01038683
v 0.08499139 0.13850428 0.00894456
v 0.08439542 0.14097239 0.01213989
v 0.08420767 0.15436234 0.00897542
v 0.08426260 0.15422682 0.00898452
v 0.08328605 0.15433124 0.01270955
v 0.08205120 0.15431289 0.01632030
v 0.07497416 0.16450830 0.01764991
v 0.07310288 0.16454995 0.02081988
v 0.07311480 0.16454120 0.02082747
v 0.07766321 0.16450813 0.01085896
v 0.07495270 0.16453139 0.01763897
v 0.07645988 0.16453145 0.01430177
v 0.07644737 0.16454150 0.01429682
v 0.07492813 0.16455016 0.01762645
v 0.07637750 0.16457275 0.01426919
v 0.07487400 0.16457243 0.01759885
v 0.07784504 0.16457662 0.00964920
v 0.07840682 0.16457331 0.00727409
v 0.07802179 0.16457319 0.00906487
v 0.07762709 0.16454160 0.01084848
v 0.07104887 0.16449548 0.02383858
v 0.07105616 0.16448206 0.02384426
v 0.07104064 0.16450824 0.02383217
v 0.07099998 0.16454974 0.02380050
v 0.07101112 0.16454102 0.02380917
v 0.07102168 0.16453114 0.02381740
v 0.07313667 0.16452026 0.02084139
v 0.08011203 0.15383779 0.02089350
v 0.06988540 0.16457513 0.02502566
v 0.06529260 0.16457476 0.02958378
v 0.07512475 0.14982598 0.02946477
v 0.07411665 0.15445852 0.02930657
v 0.07766321 0.16450813 -0.01085896
v 0.07904990 0.16457354 -0.00181899
v 0.07846702 0.16455063 -0.00728555
v 0.07762709 0.16454160 -0.01084848
v 0.07761342 0.16455051 -0.01084451
v 0.07843742 0.16456464 -0.00727992
v 0.07849430 0.16453153 -0.00729074
v 0.07764003 0.16453151 -0.01085224
v 0.07904532 0.16449481 0.00364989
v 0.07902342 0.16452023 0.00364784
v 0.07892205 0.16457349 0.00363833
v 0.07903494 0.16450794 -0.00364892
v 0.08438284 0.15391208 0.00858725
v 0.08412653 0.15389314 0.00997206
v 0.08338016 0.15402199 0.01273405
v 0.08433630 0.15390478 0.00899072
v 0.08050034 0.15445648 -0.01967393
v 0.08042306 0.15460421 -0.01963708
v 0.08194490 0.15461342 -0.01616658
v 0.07499167 0.16448191 -0.01765884
v 0.07513168 0.16442451 -0.01743596
v 0.08517392 0.14671502 -0.00807701
v 0.08489536 0.14982294 -0.00835798
v 0.08453412 0.15336992 -0.00836683
v 0.08455475 0.15337275 -0.00817151
v 0.08415585 0.15453343 -0.00887927
v 0.08324655 0.15448372 -0.01259875
v 0.08422482 0.15436332 -0.00889053
v 0.08296710 0.14982663 0.01567754
v 0.05296860 0.13921848 0.04569654
v 0.05901055 0.15420026 0.04076879
v 0.05918855 0.15390135 0.04078810
v 0.05599950 0.14536339 0.04398207
v 0.05971329 0.14536370 0.04239805
v 0.06087311 0.13975967 0.04251125
v 0.06081651 0.13918431 0.04250112
v 0.05983207 0.10652924 0.03963519
v 0.06120781 0.10928579 0.03924108
v 0.05929032 0.10681111 0.03992956
v 0.06141005 0.10852106 0.03904971
v 0.05472918 0.06466544 0.03666327
v 0.06333333 0.11250702 0.03842618
v 0.06675345 0.14097090 0.03873191
v 0.06534162 0.13948110 0.03985718
v 0.06697701 0.13885604 0.03871384
v 0.06987336 0.13663492 0.03637343
v 0.07084737 0.12963885 0.03505791
v 0.06008692 0.16449429 0.03343248
v 0.06314599 0.16449474 0.03144469
v 0.05342914 0.16449319 0.03651772
v 0.05510443 0.16457097 0.03575025
v 0.05683368 0.16451873 0.03510806
v 0.06551320 0.16442440 0.02964232
v 0.04992485 0.16450566 0.03755963
v 0.04989745 0.16457082 0.03744988
v 0.04990499 0.16456218 0.03748007
v 0.04635021 0.16447829 0.03829586
v 0.04425320 0.15450794 0.04448741
v 0.05176125 0.15436004 0.04327773
v 0.04803761 0.15436399 0.04408278
v 0.04163738 0.14009598 0.04754918
v 0.04742040 0.13895582 0.04700085
v 0.06600466 0.16451976 0.02914660
v 0.06599642 0.16453072 0.02913718
v 0.06189271 0.11029412 -0.03897981
v 0.05189263 0.15421394 -0.04331173
v 0.04925904 0.16442034 -0.03776453
v 0.04634883 0.16449207 -0.03828677
v 0.03275676 0.14536144 -0.04611126
v 0.02881792 0.14536110 -0.04522374
v 0.03676027 0.14536177 -0.04663571
v 0.04079490 0.14536211 -0.04679260
v 0.04079736 0.14096871 -0.04747534
v 0.04859336 0.14034128 -0.04678785
v 0.05621208 0.13993561 -0.04461642
v 0.06913496 0.12603420 -0.03607435
v 0.06834830 0.12328009 -0.03636720
v 0.06803908 0.13737939 -0.03787592
v 0.06622484 0.13915984 -0.03924524
v 0.06390997 0.13983765 -0.04075821
v 0.06672617 0.11909053 -0.03703291
v 0.05786260 0.14053267 -0.04391168
v 0.03220498 0.14034770 -0.04675277
v 0.03643326 0.13949853 -0.04741967
v 0.03673543 0.14096837 -0.04731383
v 0.04509461 0.14018688 -0.04731437
v 0.01276282 0.06664987 0.02539964
v 0.01309759 0.05745935 0.02043025
v 0.01294740 0.05728368 0.02001383
v 0.01307193 0.05712317 0.01992747
v 0.01484202 0.05816400 0.02326875
v 0.01496267 0.05746689 0.02273700
v 0.01149043 0.06733894 0.02387759
v 0.00253115 0.14058307 0.02607931
v 0.00171900 0.14028357 0.02473772
v 0.00317537 0.13233981 0.02651944
v 0.01393201 0.13788584 0.03863346
v 0.01113097 0.13663001 0.03639684
v 0.01301919 0.13832715 0.03797280
v 0.01031444 0.13375363 0.03555997
v 0.01003547 0.13110144 0.03510698
v 0.01714099 0.06655331 0.03036127
v 0.01901271 0.06694761 0.03225695
v 0.00382886 0.14176285 0.02798956
v 0.00435671 0.15429747 0.02627643
v 0.00929069 0.15415807 0.03208578
v -0.00323154 0.15450621 0.00864458
v -0.00315397 0.15465428 0.00859813
v -0.00341038 0.15400854 0.00863473
v -0.00347523 0.15386575 0.00840108
v -0.00345801 0.15398999 0.00826970
v -0.00353668 0.15364265 0.00823785
v -0.00233941 0.15432464 0.01261665
v -0.00224537 0.15447588 -0.01269148
v 0.00229682 0.15429524 -0.02316717
v -0.00107726 0.15430588 -0.01632030
v -0.00197739 0.14186251 0.01685462
v -0.00221053 0.14233729 0.01620165
v -0.00154819 0.14128587 0.01798213
v -0.00074009 0.14651939 0.01949488
v 0.00437625 0.15414387 -0.02640544
v 0.00310676 0.14096552 -0.02696419
v 0.01757213 0.13994928 -0.04107228
v -0.00199201 0.05522493 -0.02144843
v 0.01109828 0.13659747 -0.03636875
v 0.01019724 0.13456109 -0.03548944
v 0.01117447 0.14535961 -0.03575249
v 0.00824734 0.14535937 -0.03297207
v 0.01261146 0.13805771 -0.03765087
v 0.01106706 0.14096619 -0.03616799
v 0.01563482 0.13947690 -0.03985718
v 0.01223963 0.15416794 -0.03472045
v 0.01144030 0.14982060 -0.03513713
v 0.02412541 0.16447744 0.03513636
v 0.02276229 0.16441974 0.03449877
v 0.02191628 0.15448864 0.04058920
v 0.02848903 0.16441914 0.03687268
v 0.02545900 0.15449512 0.04203410
v 0.02754002 0.16447735 0.03652641
v 0.02543224 0.15435182 0.04210826
v 0.02188339 0.15434441 0.04066037
v 0.02535942 0.16441949 0.03570917
v 0.03026939 0.14043102 0.04629321
v 0.02746919 0.13988568 0.04556791
v 0.02822651 0.14536105 0.04505742
v 0.02214471 0.14047067 0.04345814
v 0.02060040 0.14037652 0.04273527
v 0.02043316 0.14036632 0.04265698
v 0.00223696 0.15429522 0.02306775
v 0.00214717 0.15398544 0.02312013
v 0.02254094 0.16456802 0.03420809
v 0.02415542 0.16454589 0.03507162
v 0.01526105 0.15432732 0.03690559
v 0.01530498 0.15447377 0.03684205
v 0.01223784 0.15446603 0.03453866
v 0.01218903 0.15431838 0.03459760
v 0.00447165 0.16447562 0.01431786
v 0.00448023 0.16448922 0.01431447
v 0.00448992 0.16450214 0.01431063
v 0.00329899 0.16448885 0.01086187
v 0.00332009 0.16451403 0.01085574
v 0.00456590 0.16455813 0.01428058
v 0.00789448 0.16455814 0.02080387
v 0.00997222 0.16454458 0.02380050
v 0.00999571 0.16455825 0.02378221
v 0.00697336 0.16456662 0.01921840
v 0.00687900 0.16457005 0.01899016
v 0.00600833 0.16451450 0.01764467
v 0.00607070 0.16455811 0.01761287
v 0.00453804 0.16454427 0.01429160
v 0.00452484 0.16453542 0.01429682
v 0.00603146 0.16453555 0.01763288
v 0.00335878 0.16454424 0.01084451
v 0.08295342 0.14186969 -0.01685462
v 0.08318649 0.14234450 -0.01620165
v 0.08252431 0.14129296 -0.01798213
v 0.07878781 0.15414727 -0.02309748
v 0.08056515 0.15430430 -0.01970468
v 0.07741699 0.15383931 -0.02538072
v 0.07786831 0.14982620 -0.02578427
v 0.07805722 0.14643088 -0.02616116
v 0.07757429 0.14602357 -0.02693962
v 0.07863130 0.14671271 -0.02522354
v 0.07171740 0.15401022 -0.03212024
v 0.06999370 0.14982554 -0.03474097
v 0.06940161 0.15386641 -0.03427684
v 0.06860433 0.16456315 -0.02654691
v 0.06866343 0.16450807 -0.02660268
v 0.06865505 0.16452000 -0.02659478
v 0.06601225 0.16450784 -0.02915527
v 0.06807400 0.16442466 -0.02727668
v 0.06864595 0.16453095 -0.02658619
v 0.07693882 0.14512528 -0.02796734
v 0.07287692 0.14982578 -0.03198845
v 0.07714719 0.14176904 -0.02798956
v 0.07099998 0.16454974 -0.02380050
v 0.07097650 0.16456339 -0.02378221
v 0.07158647 0.15446402 -0.03198771
v 0.06602520 0.16448168 -0.02917008
v 0.07808699 0.13663562 -0.02654746
v 0.08146230 0.14671542 -0.02002462
v 0.08000337 0.14024659 -0.02340167
v 0.08000337 0.14020903 -0.02340133
v 0.07492813 0.16455016 -0.01762645
v 0.07495270 0.16453139 -0.01763897
v 0.07360072 0.16442491 -0.02020116
v 0.07498344 0.16449544 -0.01765464
v 0.07497416 0.16450830 -0.01764991
v 0.07206192 0.16442496 -0.02253578
v 0.06251226 0.15419133 -0.03898146
v 0.06226117 0.15389203 -0.03922610
v 0.06574924 0.15418196 -0.03695809
v 0.06913082 0.13699804 -0.03701612
v 0.06820808 0.13772313 -0.03777534
v 0.06904085 0.13752811 -0.03709720
v 0.06894312 0.13671970 -0.03714250
v 0.07046964 0.13111652 -0.03553775
v 0.07085277 0.13413198 -0.03540150
v 0.07072369 0.13481529 -0.03555230
v 0.07050276 0.13548516 -0.03578059
v 0.03104483 0.16449101 0.03756974
v 0.01495996 0.16450353 0.02915527
v 0.01367772 0.16456695 0.02782637
v 0.01501347 0.16455865 0.02909409
v 0.02756375 0.16454625 0.03645902
v 0.01497578 0.16452642 0.02913718
v 0.01787981 0.16455895 0.03137018
v 0.01232626 0.16452619 0.02658619
v 0.01239022 0.16456684 0.02652582
v 0.01236788 0.16455841 0.02654691
v 0.00996109 0.16453587 0.02380917
v 0.00993157 0.16450307 0.02383217
v 0.04268804 0.16456114 0.03857613
v 0.03830681 0.16456145 0.03857413
v 0.03828416 0.16456077 0.03857613
v 0.03830815 0.16455507 0.03858940
v 0.06080080 0.16461317 0.03151707
v 0.06315139 0.16448130 0.03145219
v 0.06864551 0.15447102 0.03461276
v 0.06004054 0.16456261 0.03335313
v 0.05682274 0.16453984 0.03508449
v 0.06006275 0.16454011 0.03339112
v 0.06310979 0.16454910 0.03139437
v 0.06005561 0.16454887 0.03337891
v 0.04451792 0.16457060 0.03839620
v 0.04268965 0.16454758 0.03860458
v 0.04268971 0.16454709 0.03860560
v 0.03275234 0.16457295 0.03779791
v 0.04268626 0.16457018 0.03854476
v 0.03828593 0.16456981 0.03854476
v 0.03918495 0.16460741 0.03758714
v 0.04178724 0.16460763 0.03758714
v 0.04633025 0.16457069 0.03816440
v 0.04633493 0.16456200 0.03819525
v 0.04266131 0.16453871 0.03861847
v 0.04267560 0.16452847 0.03863268
v 0.04269316 0.16449122 0.03866642
v 0.00329014 0.16447517 -0.01086444
v 0.00243490 0.16447477 -0.00729893
v 0.01965981 0.16457106 -0.03250368
v 0.01503370 0.16456708 -0.02907096
v 0.01501347 0.16455865 -0.02909409
v 0.01236788 0.16455841 -0.02654691
v 0.00997222 0.16454458 -0.02380050
v 0.01230878 0.16450332 -0.02660268
v 0.01497578 0.16452642 -0.02913718
v 0.01496755 0.16451545 -0.02914660
v 0.01784635 0.16452663 -0.03141670
v 0.01495996 0.16450353 -0.02915527
v 0.01495310 0.16449079 -0.02916312
v 0.00603146 0.16453555 -0.01763288
v -0.00334408 0.15419888 0.00872994
v 0.00218471 0.16441625 0.00599106
v 0.00246553 0.16451384 0.00729310
v 0.00448023 0.16448922 -0.01431447
v 0.00450065 0.16451424 -0.01430639
v 0.03670825 0.15422055 -0.04463325
v 0.03921632 0.15392752 -0.04487128
v 0.03670366 0.15407360 -0.04468708
v 0.01783231 0.16450368 -0.03143622
v 0.01782623 0.16449091 -0.03144469
v 0.06346802 0.16442388 -0.03125253
v 0.06584969 0.16442434 -0.02935526
v 0.06315139 0.16448130 -0.03145219
v 0.06566893 0.15447801 -0.03684205
v 0.06248018 0.15433986 -0.03892536
v 0.06727549 0.15387443 -0.03597162
v 0.06008692 0.16449429 -0.03343248
v 0.06314599 0.16449474 -0.03144469
v 0.06593850 0.16457139 -0.02907096
v 0.03828602 0.16457000 -0.03854323
v 0.03828593 0.16456981 -0.03854476
v 0.03918495 0.16460741 -0.03758714
v 0.03672070 0.15450729 -0.04448741
v 0.03294984 0.15450469 -0.04400449
v 0.03671393 0.15436566 -0.04456671
v 0.04437798 0.15436625 -0.04455652
v 0.04595552 0.16441959 -0.03837791
v 0.04812341 0.16457076 -0.03784886
v 0.04992485 0.16450566 -0.03755963
v 0.04634727 0.16450518 -0.03827647
v 0.04634553 0.16451746 -0.03826503
v 0.05683368 0.16451873 -0.03510806
v 0.05682840 0.16452983 -0.03509668
v 0.05338816 0.16457093 -0.03640145
v 0.05341765 0.16452947 -0.03648513
v 0.05680419 0.16456246 -0.03504447
v 0.05470135 0.05342890 0.02727058
v 0.05243185 0.05386681 0.02896116
v 0.06031167 0.05171417 0.01998749
v 0.07182489 0.05860822 0.01424901
v 0.07144122 0.06040047 0.01742385
v 0.02533904 0.06641920 0.03634270
v 0.02880347 0.06622284 0.03788855
v 0.02790481 0.05638120 0.03094631
v 0.03096409 0.05745102 0.03335895
v 0.03438981 0.05823987 0.03482343
v 0.03511276 0.06062046 0.03650702
v 0.03322165 0.06571553 0.03910225
v 0.03855233 0.06028900 0.03675282
v 0.03906684 0.06525356 0.03986160
v 0.04095889 0.05753752 0.03491500
v 0.04199137 0.05990466 0.03657182
v 0.03383048 0.05631902 0.03318485
v 0.03700452 0.05599452 0.03344971
v 0.03442156 0.05639864 0.03339705
v 0.04500047 0.05509904 0.03246172
v 0.04633000 0.05476535 0.03187489
v 0.04626367 0.05465392 0.03173671
v 0.04922542 0.05429993 0.03064446
v 0.05004457 0.05429371 0.03038514
v 0.05197849 0.05381734 0.02908714
v 0.05321570 0.05570494 0.03059218
v 0.04325849 0.05509365 0.03263022
v 0.04320850 0.05499232 0.03247482
v 0.04330759 0.05520887 0.03277361
v 0.04315831 0.05490656 0.03230932
v 0.04008147 0.05530960 0.03283430
v 0.05785993 0.06368221 0.03467666
v 0.04454317 0.13949922 0.04741967
v 0.06913057 0.12198431 0.03559334
v 0.06369349 0.06303506 0.02984817
v 0.06364294 0.06283200 0.02984320
v 0.06090710 0.06336239 0.03243278
v 0.06061522 0.06255700 0.03228343
v 0.05812448 0.06277920 0.03404808
v 0.06663729 0.11882339 0.03707029
v 0.06755086 0.11936978 0.03652194
v 0.06870918 0.12160589 0.03590195
v 0.06801838 0.06128255 0.02396021
v 0.06854697 0.06078586 0.02280358
v 0.06704637 0.05992807 0.02397062
v 0.06335235 0.06205698 0.02973191
v 0.06276656 0.06197022 0.03018078
v 0.06588098 0.06175133 0.02696240
v 0.05891834 0.05238358 0.02277319
v 0.06075133 0.05193419 0.02024111
v 0.06060280 0.05210711 0.02073577
v 0.07496388 0.16452032 0.01764467
v 0.07498344 0.16449544 0.01765464
v 0.07494074 0.16454136 0.01763288
v 0.07755473 0.16457306 0.01082748
v 0.07764003 0.16453151 0.01085224
v 0.07761342 0.16455051 0.01084451
v 0.07846702 0.16455063 0.00728555
v 0.07898318 0.16455072 0.00364407
v 0.07852827 0.16449495 0.00729721
v 0.07314640 0.16450830 0.02084758
v 0.07312610 0.16453128 0.02083466
v 0.08056732 0.15414935 0.01983136
v 0.06768928 0.16457492 0.02739782
v 0.06853618 0.16457501 0.02648303
v 0.06980100 0.16457172 0.02517128
v 0.06864595 0.16453095 0.02658619
v 0.06667793 0.16457486 0.02832025
v 0.07872789 0.15414728 0.02319705
v 0.07421995 0.15415576 0.02939501
v 0.07767323 0.16449513 -0.01086187
v 0.07895312 0.16456480 -0.00364125
v 0.07898318 0.16455072 -0.00364407
v 0.07899740 0.16454174 -0.00364540
v 0.07912532 0.16456422 0.00000000
v 0.07848103 0.16454168 -0.00728822
v 0.07899740 0.16454174 0.00364540
v 0.07901087 0.16453153 0.00364666
v 0.07849430 0.16453153 0.00729074
v 0.07903494 0.16450794 0.00364892
v 0.07850667 0.16452026 0.00729310
v 0.07904532 0.16449481 -0.00364989
v 0.08333962 0.15417695 0.01272371
v 0.08429793 0.15421581 0.00879084
v 0.08433554 0.15390466 0.00899452
v 0.08202393 0.15446551 -0.01619600
v 0.07648230 0.16450822 -0.01431063
v 0.07637275 0.16442385 -0.01470127
v 0.07650056 0.16448170 -0.01431786
v 0.08435267 0.15390573 -0.00890932
v 0.08410551 0.15466906 -0.00873195
v 0.08418432 0.15452085 -0.00876209
v 0.05709797 0.06472941 0.03533796
v 0.06783670 0.13795026 0.03806761
v 0.06836522 0.13806242 0.03765087
v 0.06878944 0.13729700 0.03730299
v 0.06338742 0.13995725 0.04108282
v 0.06568938 0.13887449 0.03963223
v 0.06925408 0.13732532 0.03691673
v 0.06987865 0.13660243 0.03636875
v 0.07096681 0.13174652 0.03514034
v 0.07073300 0.13167925 0.03535760
v 0.07092084 0.13301119 0.03526917
v 0.06985167 0.12659839 0.03561381
v 0.07028819 0.12910941 0.03551157
v 0.07054115 0.12907393 0.03529074
v 0.06313989 0.16450751 0.03143622
v 0.05720692 0.16457447 0.03478667
v 0.05421726 0.16457440 0.03606571
v 0.05683853 0.16450666 0.03511854
v 0.05682840 0.16452983 0.03509668
v 0.06007584 0.16451912 0.03341352
v 0.06326944 0.14536402 0.04048629
v 0.06237802 0.15434012 0.03898309
v 0.06602520 0.16448168 0.02917008
v 0.07150280 0.15446422 0.03206910
v 0.04992738 0.16449261 0.03756974
v 0.04812341 0.16457076 0.03784886
v 0.04425999 0.15436630 0.04456671
v 0.04802407 0.15450597 0.04400449
v 0.04421517 0.14536241 0.04663571
v 0.04427031 0.15407424 0.04468708
v 0.05021976 0.13909511 0.04643717
v 0.04548235 0.10054976 0.04375874
v 0.05187558 0.15435989 -0.04324768
v 0.04816538 0.15421845 -0.04412824
v 0.04992738 0.16449261 -0.03756974
v 0.06727742 0.12033673 -0.03680269
v 0.06905571 0.12353885 -0.03589896
v 0.05666791 0.14097005 -0.04436139
v 0.05883423 0.13989028 -0.04350790
v 0.02874470 0.14096768 -0.04586169
v 0.02907502 0.14048092 -0.04600875
v 0.03078405 0.13975391 -0.04648143
v 0.03933896 0.14009579 -0.04754918
v 0.03886317 0.14009562 -0.04754943
v 0.01378898 0.06686073 0.02684685
v 0.01482742 0.05746634 0.02256972
v 0.01152601 0.06710586 0.02386315
v 0.00312164 0.14097279 0.02698648
v 0.01203379 0.13671489 0.03714250
v 0.01366498 0.13865258 0.03845377
v 0.01378154 0.13828383 0.03855642
v 0.01128925 0.13588487 0.03649658
v 0.01054978 0.13371351 0.03575606
v 0.01009807 0.13379300 0.03535774
v 0.01047436 0.13548009 0.03578059
v 0.01055241 0.13499403 0.03583401
v 0.01622713 0.06703949 0.02968705
v 0.01906340 0.06671064 0.03219488
v 0.00429533 0.14438486 0.02841331
v 0.00435437 0.14405128 0.02853105
v 0.00781702 0.16448998 0.02085318
v 0.00782581 0.16450278 0.02084758
v 0.00933428 0.15430993 0.03204164
v -0.00358897 0.15336645 0.00809275
v -0.00344799 0.15381625 0.00861960
v -0.00347037 0.15376027 0.00854554
v -0.00351225 0.15361735 0.00843255
v -0.00239296 0.15417036 0.01263067
v -0.00325089 0.15435594 0.00889053
v -0.00328866 0.15421942 -0.00898452
v -0.00331063 0.15420645 -0.00888823
v -0.00241743 0.14310992 0.01558208
v -0.00207521 0.14517218 0.01639905
v -0.00169395 0.14152408 0.01759940
v -0.00101808 0.14084189 0.01925995
v 0.00442507 0.15429759 -0.02637054
v 0.01218737 0.13729222 -0.03730299
v 0.01399954 0.13885155 -0.03871384
v 0.01433486 0.14535987 -0.03826465
v 0.01227972 0.15431865 -0.03467185
v 0.02185599 0.15419684 0.04071962
v 0.01853236 0.15448146 0.03885773
v 0.02088063 0.16447748 0.03344046
v 0.02909835 0.15435797 0.04324768
v 0.02754654 0.16450398 0.03650789
v 0.02815021 0.14096764 0.04569077
v 0.02919872 0.14047718 0.04604263
v 0.04599985 0.06642172 0.03979360
v 0.04764893 0.06571254 0.03939426
v 0.04189090 0.06498093 0.03981452
v 0.04296908 0.06249999 0.03822863
v 0.04745218 0.06433962 0.03892994
v 0.02413853 0.16451597 0.03510806
v 0.02089637 0.16451581 0.03341352
v 0.01782083 0.16447747 0.03145219
v 0.01750420 0.16441999 0.03125253
v 0.01211717 0.15401550 0.03468420
v 0.01512253 0.16442005 0.02935526
v 0.01494701 0.16447736 0.02917008
v 0.00330900 0.16450186 0.01085896
v 0.00338764 0.16455817 0.01083613
v 0.00786933 0.16454443 0.02081988
v 0.00792046 0.16456662 0.02078733
v 0.00599806 0.16450247 0.01764991
v 0.00601951 0.16452557 0.01763897
v 0.00783554 0.16451475 0.02084139
v 0.00604408 0.16454434 0.01762645
v 0.00334512 0.16453533 0.01084848
v 0.08199429 0.14084889 -0.01925995
v 0.08255969 0.14583020 -0.01759955
v 0.08274464 0.14566962 -0.01715695
v 0.08267004 0.14153120 -0.01759940
v 0.08341718 0.14389572 -0.01547040
v 0.08305068 0.14517938 -0.01639905
v 0.07873698 0.15430169 -0.02306775
v 0.07836416 0.14064288 -0.02620365
v 0.06867101 0.16449535 -0.02660984
v 0.07707696 0.14536524 -0.02774182
v 0.07371654 0.15385021 -0.03008828
v 0.07429636 0.15415554 -0.02930670
v 0.07670613 0.14276795 -0.02853765
v 0.07744241 0.14137807 -0.02758356
v 0.07168327 0.15416335 -0.03208578
v 0.07424984 0.15430841 -0.02926715
v 0.07163966 0.15431519 -0.03204164
v 0.06873606 0.15447080 -0.03453866
v 0.07780227 0.13234611 -0.02651944
v 0.08171534 0.14652637 -0.01949488
v 0.08010782 0.13663578 -0.02300917
v 0.08012773 0.14701021 -0.02260379
v 0.07105616 0.16448206 -0.02384426
v 0.07103155 0.16452016 -0.02382509
v 0.05909054 0.15434755 -0.04066037
v 0.06834649 0.13804320 -0.03765838
v 0.07021151 0.13112292 -0.03573614
v 0.07087933 0.13379812 -0.03535774
v 0.07062616 0.13511100 -0.03565307
v 0.06976896 0.13674970 -0.03646731
v 0.01495310 0.16449079 0.02916312
v 0.02755903 0.16453737 0.03647243
v 0.02757373 0.16456015 0.03643071
v 0.01499388 0.16454500 0.02911649
v 0.01234624 0.16454478 0.02656733
v 0.01231716 0.16451523 0.02659478
v 0.01001996 0.16456670 0.02376331
v 0.03463060 0.16453797 0.03823920
v 0.03462857 0.16452777 0.03825257
v 0.03463274 0.16454695 0.03822508
v 0.03463727 0.16456102 0.03819525
v 0.04266525 0.16456182 0.03857411
v 0.04266390 0.16455545 0.03858938
v 0.03828249 0.16454671 0.03860560
v 0.06311803 0.16454037 0.03140583
v 0.06595873 0.16456296 0.02909409
v 0.04268443 0.16457400 0.03851233
v 0.04265723 0.16457413 0.03851009
v 0.04267276 0.16457401 0.03851232
v 0.04268795 0.16456164 0.03857440
v 0.04269044 0.16453810 0.03861851
v 0.03828426 0.16456127 0.03857440
v 0.03828602 0.16457000 0.03854323
v 0.04261439 0.16457498 0.03848809
v 0.03837125 0.16457514 0.03847378
v 0.04267538 0.16451715 0.03864530
v 0.04267498 0.16449170 0.03866728
v 0.00253478 0.16455823 -0.00727992
v 0.00205015 0.16456699 -0.00363833
v 0.00250518 0.16454421 -0.00728555
v 0.00226418 0.16456695 -0.00545803
v 0.00201908 0.16455831 -0.00364125
v 0.00249117 0.16453527 -0.00728822
v 0.00247791 0.16452511 -0.00729074
v 0.01787981 0.16455895 -0.03137018
v 0.01786241 0.16454527 -0.03139437
v 0.01785417 0.16453654 -0.03140583
v 0.01499388 0.16454500 -0.02911649
v 0.01863435 0.15448168 -0.03891535
v 0.02088063 0.16447748 -0.03344046
v 0.02342415 0.16441929 -0.03482975
v 0.01856399 0.15418790 -0.03903930
v 0.02412541 0.16447744 -0.03513636
v 0.02627684 0.16441895 -0.03608239
v 0.02202336 0.15448886 -0.04063818
v 0.02199065 0.15434465 -0.04070945
v 0.01234624 0.16454478 -0.02656733
v 0.00999571 0.16455825 -0.02378221
v 0.00996109 0.16453587 -0.02380917
v 0.01230120 0.16449058 -0.02660984
v 0.00191774 0.16447450 0.00365075
v -0.00333343 0.15421009 -0.00869307
v -0.00326953 0.15436153 -0.00878814
v 0.00173281 0.16444683 0.00000000
v -0.00320745 0.15453207 -0.00860114
v 0.00174768 0.16447593 0.00000000
v -0.00312035 0.15465900 -0.00877788
v 0.00191774 0.16447450 -0.00365075
v 0.00224157 0.16441630 -0.00634672
v 0.00186307 0.16441590 -0.00330728
v 0.00245418 0.16450159 0.00729526
v 0.00333217 0.16452523 -0.01085224
v 0.03462200 0.16447729 -0.03829586
v 0.03293632 0.15436271 -0.04408278
v 0.02923281 0.15450066 -0.04320113
v 0.04054688 0.15422185 -0.04479362
v 0.01783904 0.16451564 -0.03142687
v 0.06313317 0.16451946 -0.03142687
v 0.06601911 0.16449510 -0.02916312
v 0.04991228 0.16454819 -0.03750928
v 0.04991573 0.16453926 -0.03752311
v 0.04992205 0.16451788 -0.03754842
v 0.04269255 0.16450563 -0.03865581
v 0.04269192 0.16451661 -0.03864454
v 0.06006951 0.16453016 -0.03340270
v 0.06004054 0.16456261 -0.03335313
v 0.06005561 0.16454887 -0.03337891
v 0.05340845 0.16454843 -0.03645902
v 0.05342914 0.16449319 -0.03651772
v 0.05342183 0.16451831 -0.03649699
v 0.05681678 0.16454867 -0.03507162
v 0.05679118 0.16457102 -0.03501641
v 0.05957806 0.05326259 0.02359403
v 0.07013007 0.06040035 0.01993288
v 0.07155908 0.06072845 0.01742501
v 0.07151733 0.06002329 0.01686643
v 0.07237461 0.05975575 0.01449013
v 0.03384029 0.05619299 0.03303809
v 0.03386928 0.05598402 0.03270821
v 0.02784426 0.05646618 0.03111711
v 0.03397742 0.05643969 0.03332095
v 0.03115288 0.05851735 0.03419239
v 0.02922367 0.05685002 0.03224780
v 0.03239776 0.06599467 0.03902876
v 0.03615857 0.06549869 0.03962637
v 0.03611612 0.06572276 0.03974587
v 0.03939565 0.06288701 0.03843230
v 0.04419594 0.05711901 0.03436152
v 0.03767395 0.05791353 0.03507333
v 0.03963491 0.05582406 0.03349731
v 0.04005379 0.05523689 0.03265651
v 0.04759653 0.05469979 0.03153507
v 0.05156993 0.05349266 0.02854159
v 0.05441122 0.06357535 0.03641376
v 0.05448731 0.06378087 0.03649147
v 0.05791992 0.06389889 0.03470516
v 0.06017508 0.06243143 0.03248700
v 0.05626018 0.06059266 0.03341153
v 0.05467909 0.06443817 0.03664204
v 0.05462180 0.06421386 0.03660615
v 0.05779210 0.06346992 0.03463544
v 0.04738953 0.13962105 0.04704315
v 0.06095888 0.06357388 0.03244293
v 0.06052316 0.06237226 0.03221987
v 0.06069994 0.06274962 0.03233659
v 0.05771696 0.06326351 0.03458185
v 0.06343738 0.06224281 0.02977311
v 0.06534669 0.06147020 0.02730401
v 0.06602255 0.06212450 0.02700110
v 0.07848103 0.16454168 0.00728822
v 0.07315519 0.16449550 0.02085318
v 0.08045035 0.15445630 0.01977567
v 0.07867711 0.15430167 0.02316717
v 0.06858198 0.16457158 0.02652582
v 0.06860433 0.16456315 0.02654691
v 0.07659771 0.15414996 0.02640544
v 0.07654887 0.15430368 0.02637054
v 0.07417352 0.15430859 0.02935531
v 0.07901087 0.16453153 -0.00364666
v 0.07915484 0.16455019 0.00000000
v 0.07909392 0.16457325 0.00000000
v 0.07851803 0.16450801 0.00729526
v 0.08430738 0.15421748 0.00869307
v 0.08428458 0.15421385 0.00888823
v 0.08209006 0.15431325 -0.01622041
v 0.07647155 0.16452032 -0.01430639
v 0.07736672 0.16442345 -0.01197560
v 0.08451073 0.15365009 -0.00823785
v 0.08444924 0.15387318 -0.00840108
v 0.08340745 0.15402266 -0.01264090
v 0.08431838 0.15405720 -0.00890470
v 0.05223149 0.14096968 0.04586169
v 0.05809754 0.10462294 0.04024209
v 0.05716939 0.10371658 0.04054999
v 0.05787716 0.10522480 0.04040723
v 0.05865354 0.10609630 0.04014480
v 0.05912305 0.10662334 0.03998610
v 0.05615894 0.10299361 0.04090362
v 0.05598553 0.10325577 0.04100392
v 0.05665496 0.10400479 0.04079868
v 0.07048810 0.13167539 0.03556667
v 0.06860892 0.13699222 0.03741924
v 0.06979709 0.13669683 0.03644031
v 0.07089617 0.13368988 0.03533830
v 0.06961629 0.13647015 0.03659404
v 0.06910283 0.12590854 0.03608602
v 0.07010937 0.12653087 0.03538587
v 0.05679118 0.16457102 0.03501641
v 0.05684292 0.16449377 0.03512799
v 0.06008166 0.16450712 0.03342348
v 0.06638745 0.14982523 0.03758491
v 0.06443358 0.15388471 0.03793260
v 0.06568114 0.15403117 0.03706598
v 0.06561620 0.15433183 0.03697173
v 0.06240996 0.15419160 0.03903930
v 0.06878927 0.15386873 0.03478681
v 0.07155587 0.15431541 0.03212319
v 0.04991228 0.16454819 0.03750928
v 0.04991573 0.16453926 0.03752311
v 0.04992205 0.16451788 0.03754842
v 0.04426569 0.15422119 0.04463325
v 0.04424075 0.14096899 0.04731383
v 0.05109231 0.15391953 -0.04361265
v 0.06766363 0.12139824 -0.03664564
v 0.06824649 0.12113783 -0.03622753
v 0.01369827 0.06732976 0.02690721
v 0.01120794 0.13674475 0.03646731
v 0.01263020 0.13803849 0.03765838
v 0.01193592 0.13752328 0.03709720
v 0.01035101 0.13510591 0.03565307
v 0.00425784 0.14451620 0.02834638
v 0.00419456 0.14473784 0.02823342
v 0.00403666 0.14511913 0.02796734
v 0.00437864 0.14374742 0.02859607
v -0.00342591 0.15385841 0.00870139
v -0.00354609 0.15345286 0.00837483
v -0.00349198 0.15369323 0.00848272
v -0.00329216 0.15420392 -0.00898500
v -0.00230585 0.14260991 0.01592333
v -0.00195992 0.14535692 0.01668462
v -0.00204470 0.14199959 0.01666611
v -0.00224247 0.14479011 0.01597261
v 0.01528716 0.13887022 -0.03963223
v 0.01421819 0.13893518 -0.03886671
v 0.01422273 0.14096646 -0.03873191
v 0.01849375 0.15433615 0.03892536
v 0.02754308 0.16449100 0.03651772
v 0.04889311 0.06603109 0.03907666
v 0.04369121 0.06500438 0.03976854
v 0.04467317 0.06467701 0.03950297
v 0.04648620 0.06206511 0.03759702
v 0.04740722 0.06455928 0.03906865
v 0.04387509 0.06618563 0.04011959
v 0.02414381 0.16452707 0.03509668
v 0.02413368 0.16450390 0.03511854
v 0.02755038 0.16451612 0.03649699
v 0.02089055 0.16450381 0.03342348
v 0.02090269 0.16452685 0.03340270
v 0.01214883 0.15416762 0.03464608
v 0.01589283 0.16442004 0.02996889
v 0.00785741 0.16453569 0.02082747
v 0.00598877 0.16448961 0.01765464
v 0.08339325 0.14311717 -0.01558208
v 0.08335216 0.14288928 -0.01571099
v 0.08328176 0.14261714 -0.01592333
v 0.08331109 0.14450414 -0.01573358
v 0.08189525 0.14076592 -0.01949871
v 0.08267544 0.14149608 -0.01758504
v 0.08336295 0.14428236 -0.01560155
v 0.08342755 0.14370829 -0.01545148
v 0.08321801 0.14479734 -0.01597261
v 0.08293429 0.14536582 -0.01668729
v 0.07867416 0.15445340 -0.02303084
v 0.07663935 0.14308324 -0.02860242
v 0.07695730 0.14210074 -0.02823786
v 0.07726591 0.14161181 -0.02782628
v 0.07785454 0.14097910 -0.02698648
v 0.07577463 0.13663542 -0.02990228
v 0.06882513 0.15417242 -0.03464608
v 0.07102168 0.16453114 -0.02381740
v 0.07104064 0.16450824 -0.02383217
v 0.05911797 0.15420000 -0.04071962
v 0.06968779 0.13588980 -0.03649658
v 0.07042763 0.13371857 -0.03575606
v 0.07042479 0.13499910 -0.03583401
v 0.01230878 0.16450332 0.02660268
v 0.03462668 0.16451648 0.03826503
v 0.03828176 0.16453773 0.03861851
v 0.03831071 0.16453835 0.03861849
v 0.03828340 0.16455442 0.03858946
v 0.06597833 0.16454931 0.02911649
v 0.06593850 0.16457139 0.02907096
v 0.04633946 0.16454794 0.03822508
v 0.04634161 0.16453895 0.03823920
v 0.04634364 0.16452876 0.03825257
v 0.03830325 0.16457367 0.03851201
v 0.03831489 0.16457377 0.03850983
v 0.03464195 0.16456971 0.03816440
v 0.04259322 0.16457592 0.03846219
v 0.04263181 0.16457453 0.03849994
v 0.04204481 0.16460502 0.03765298
v 0.04194241 0.16460676 0.03760687
v 0.04214960 0.16460216 0.03773057
v 0.04223362 0.16459821 0.03784014
v 0.03873857 0.16459791 0.03784014
v 0.03912885 0.16460730 0.03758832
v 0.04267517 0.16450484 0.03865686
v 0.00246553 0.16451384 -0.00729310
v 0.00245418 0.16450159 -0.00729526
v 0.00244394 0.16448852 -0.00729721
v 0.02416801 0.16455971 -0.03504447
v 0.02418102 0.16456826 -0.03501641
v 0.02094721 0.16456781 -0.03332651
v 0.01859591 0.15433642 -0.03898309
v 0.02755455 0.16452730 -0.03648513
v 0.02755903 0.16453737 -0.03647243
v 0.02756375 0.16454625 -0.03645902
v 0.02413853 0.16451597 -0.03510806
v 0.02755038 0.16451612 -0.03649699
v 0.02413368 0.16450390 -0.03511854
v 0.02090269 0.16452685 -0.03340270
v 0.00995053 0.16452597 -0.02381740
v 0.00193727 0.16450143 -0.00364892
v 0.00190986 0.16446020 0.00365149
v -0.00320163 0.15451232 -0.00878383
v -0.00323374 0.15435494 -0.00897542
v -0.00332398 0.15420841 -0.00879084
v -0.00327799 0.15436207 -0.00859787
v 0.00190986 0.16446020 -0.00365149
v 0.00244394 0.16448852 0.00729721
v 0.00253478 0.16455823 0.00727992
v 0.00250518 0.16454421 0.00728555
v 0.00249117 0.16453527 0.00728822
v 0.00329899 0.16448885 -0.01086187
v 0.00332009 0.16451403 -0.01085574
v 0.00334512 0.16453533 -0.01084848
v 0.03525403 0.16441859 -0.03841072
v 0.03292498 0.15421729 -0.04414841
v 0.03221108 0.16441859 -0.03787607
v 0.02557087 0.15449531 -0.04207404
v 0.02921077 0.16441871 -0.03709854
v 0.04054678 0.15436685 -0.04472677
v 0.06311803 0.16454037 -0.03140583
v 0.06600466 0.16451976 -0.02914660
v 0.06313989 0.16450751 -0.03143622
v 0.04198416 0.16460618 -0.03762164
v 0.04192039 0.16460700 -0.03760082
v 0.04263195 0.16457453 -0.03849997
v 0.04262424 0.16457470 -0.03849564
v 0.04260095 0.16457550 -0.03847378
v 0.03876849 0.16459958 -0.03779389
v 0.03836172 0.16457476 -0.03848440
v 0.04991900 0.16452911 -0.03753620
v 0.04269123 0.16452841 -0.03863240
v 0.04268626 0.16457018 -0.03854476
v 0.04268804 0.16456114 -0.03857613
v 0.04266405 0.16455545 -0.03858940
v 0.03828416 0.16456077 -0.03857613
v 0.04269316 0.16449122 -0.03866642
v 0.06006275 0.16454011 -0.03339112
v 0.05684680 0.16448019 -0.03513636
v 0.05341318 0.16453955 -0.03647243
v 0.05342567 0.16450617 -0.03650789
v 0.05451022 0.05333374 0.02723926
v 0.05428293 0.05314821 0.02700454
v 0.05416355 0.05307837 0.02687462
v 0.05657448 0.05267635 0.02491397
v 0.05864673 0.05221374 0.02258518
v 0.05878555 0.05229145 0.02268295
v 0.05850361 0.05215178 0.02248100
v 0.06046342 0.05177229 0.02007797
v 0.06053273 0.05424849 0.02414155
v 0.07257239 0.05969403 0.01394192
v 0.07127585 0.06008892 0.01740021
v 0.03080514 0.05624999 0.03207891
v 0.03076840 0.05634965 0.03224610
v 0.03385327 0.05608068 0.03287853
v 0.03697592 0.05559320 0.03279009
v 0.02773717 0.05668741 0.03143119
v 0.03183042 0.05663811 0.03295305
v 0.03237678 0.06698014 0.03933896
v 0.03582035 0.06321793 0.03819060
v 0.03991275 0.06539400 0.04000119
v 0.03993441 0.06562138 0.04011031
v 0.04376942 0.06545797 0.03996246
v 0.03998027 0.06610135 0.04027548
v 0.03995698 0.06585783 0.04020209
v 0.04002815 0.06660090 0.04036443
v 0.04000406 0.06634979 0.04032973
v 0.03739124 0.06735627 0.04024681
v 0.04230153 0.05548078 0.03312803
v 0.04014010 0.05550447 0.03316320
v 0.03701263 0.05612906 0.03358325
v 0.04914327 0.05419216 0.03051299
v 0.04897107 0.05402046 0.03021905
v 0.04612591 0.05447461 0.03142768
v 0.04905812 0.05409848 0.03037061
v 0.04888330 0.05395929 0.03006035
v 0.05177950 0.05362374 0.02883139
v 0.05560233 0.06318349 0.03563590
v 0.05110881 0.06451114 0.03810741
v 0.05121878 0.06496888 0.03820889
v 0.05116652 0.06473759 0.03816616
v 0.08198509 0.15446515 0.01629570
v 0.08051510 0.15430413 0.01980660
v 0.08037313 0.15460403 0.01973860
v 0.07909239 0.16457343 0.00000000
v 0.07645988 0.16453145 -0.01430177
v 0.07649199 0.16449530 -0.01431447
v 0.08427975 0.15422782 -0.00889950
v 0.08431803 0.15420629 -0.00872994
v 0.08435473 0.15416713 -0.00856400
v 0.08438437 0.15401594 -0.00863473
v 0.08447666 0.15366267 -0.00845519
v 0.08445539 0.15373528 -0.00851248
v 0.05566832 0.13929678 0.04478393
v 0.05567085 0.13993143 0.04482214
v 0.05295265 0.13986924 0.04573990
v 0.05807645 0.14052388 0.04381920
v 0.05609167 0.14096999 0.04458633
v 0.07060063 0.13522089 0.03568172
v 0.06941753 0.13623668 0.03673648
v 0.07047532 0.13296039 0.03566918
v 0.07024553 0.13545318 0.03601236
v 0.07060081 0.13427815 0.03564261
v 0.07049388 0.12718128 0.03510485
v 0.05681678 0.16454867 0.03507162
v 0.05680419 0.16456246 0.03504447
v 0.06873433 0.15417270 0.03472045
v 0.04991900 0.16452911 0.03753620
v 0.01373707 0.06709263 0.02688231
v 0.01168472 0.13725464 0.03687985
v 0.01276865 0.13771844 0.03777534
v 0.00433649 0.14307714 0.02860242
v 0.00415882 0.14241916 0.02841071
v 0.00417076 0.14244680 0.02842543
v 0.00437459 0.14346944 0.02861800
v -0.00340449 0.15388601 0.00878942
v -0.00353032 0.15353680 0.00839674
v -0.00237629 0.14288203 0.01571099
v -0.00233550 0.14449692 0.01573358
v 0.01519402 0.13930833 -0.03954899
v 0.01846170 0.15418760 0.03898146
v 0.04373086 0.06522671 0.03987386
v 0.04746221 0.06477629 0.03916692
v 0.04751433 0.06500197 0.03924938
v 0.04734890 0.06435216 0.03895124
v 0.04380652 0.06569625 0.04003336
v 0.04760807 0.06547206 0.03936352
v 0.02414946 0.16453707 0.03508449
v 0.02412929 0.16449100 0.03512799
v 0.02088529 0.16449098 0.03343248
v 0.02090946 0.16453680 0.03339112
v 0.08339681 0.14408089 -0.01551762
v 0.08342758 0.14351477 -0.01546223
v 0.07316300 0.16448204 -0.02085814
v 0.07660207 0.14341468 -0.02862280
v 0.07680518 0.14245294 -0.02842543
v 0.07786554 0.14097184 -0.02696959
v 0.06885681 0.15402029 -0.03468420
v 0.06571288 0.15433158 -0.03690559
v 0.06878490 0.15432316 -0.03459760
v 0.07101112 0.16454102 -0.02380917
v 0.07104887 0.16449548 -0.02383858
v 0.07030801 0.13588552 -0.03596853
v 0.07020033 0.13610691 -0.03607245
v 0.06984595 0.13663496 -0.03639684
v 0.07066297 0.13375872 -0.03555997
v 0.06862596 0.16454953 0.02656733
v 0.06729448 0.16457148 0.02782637
v 0.03828777 0.16457362 0.03851233
v 0.04241342 0.16458707 0.03815117
v 0.04260255 0.16457543 0.03847580
v 0.03833379 0.16457403 0.03850361
v 0.04186410 0.16460744 0.03759040
v 0.03878578 0.16460040 0.03777128
v 0.03884564 0.16460267 0.03770917
v 0.03898803 0.16460593 0.03762164
v 0.03905180 0.16460675 0.03760082
v 0.02757373 0.16456015 -0.03643071
v 0.02093166 0.16455930 -0.03335313
v 0.02454785 0.16457176 -0.03515057
v 0.02414381 0.16452707 -0.03509668
v 0.02412929 0.16449100 -0.03512799
v 0.02089055 0.16450381 -0.03342348
v 0.00994066 0.16451500 -0.02382509
v 0.00187828 0.16456674 0.00000000
v 0.00184688 0.16455770 0.00000000
v 0.00192690 0.16448830 -0.00364989
v 0.00176710 0.16450222 0.00000000
v 0.00194879 0.16451372 -0.00364784
v 0.00196134 0.16452503 -0.00364666
v 0.00183536 0.16441587 0.00296295
v 0.00193727 0.16450143 0.00364892
v 0.00192690 0.16448830 0.00364989
v 0.00194879 0.16451372 0.00364784
v 0.00247791 0.16452511 0.00729074
v 0.00330900 0.16450186 -0.01085896
v 0.00335878 0.16454424 -0.01084451
v 0.03464195 0.16456971 -0.03816440
v 0.04268971 0.16454709 -0.03860560
v 0.03828249 0.16454671 -0.03860560
v 0.03827906 0.16449085 -0.03866642
v 0.03827966 0.16450526 -0.03865581
v 0.03829723 0.16449134 -0.03866728
v 0.03326497 0.15392292 -0.04430188
v 0.02921267 0.15435813 -0.04327773
v 0.02754308 0.16449100 -0.03651772
v 0.02754654 0.16450398 -0.03650789
v 0.03106721 0.16456059 -0.03748007
v 0.03104261 0.16447729 -0.03757867
v 0.02754002 0.16447735 -0.03652641
v 0.02554430 0.15435202 -0.04214828
v 0.06310979 0.16454910 -0.03139437
v 0.06312586 0.16453046 -0.03141670
v 0.04223362 0.16459821 -0.03784014
v 0.04218641 0.16460069 -0.03777128
v 0.04184334 0.16460752 -0.03758832
v 0.03882260 0.16460188 -0.03773057
v 0.03830447 0.16457368 -0.03851184
v 0.03910810 0.16460720 -0.03759040
v 0.04261117 0.16457509 -0.03848515
v 0.04633946 0.16454794 -0.03822508
v 0.04634161 0.16453895 -0.03823920
v 0.03830695 0.16456145 -0.03857411
v 0.03828426 0.16456127 -0.03857440
v 0.04268880 0.16455479 -0.03858946
v 0.04633493 0.16456200 -0.03819525
v 0.04268795 0.16456164 -0.03857440
v 0.04266539 0.16456182 -0.03857413
v 0.05682274 0.16453984 -0.03508449
v 0.05683853 0.16450666 -0.03511854
v 0.05682055 0.05298886 0.02534050
v 0.05693590 0.05296302 0.02521311
v 0.05880442 0.05254447 0.02314948
v 0.05644223 0.05261048 0.02479648
v 0.02877695 0.06646013 0.03798608
v 0.02875742 0.06670608 0.03806659
v 0.02874518 0.06695850 0.03812908
v 0.02527330 0.06690393 0.03650177
v 0.03698641 0.05576288 0.03314107
v 0.02778811 0.05656880 0.03127953
v 0.02769206 0.05681990 0.03157010
v 0.03070768 0.05659429 0.03254611
v 0.02874037 0.06721508 0.03817287
v 0.03237687 0.06647386 0.03922084
v 0.03616234 0.06695107 0.04010496
v 0.04308154 0.06677756 0.04022822
v 0.04017020 0.05562348 0.03331001
v 0.04619534 0.05455646 0.03158703
v 0.05188098 0.05371343 0.02896435
v 0.05167535 0.05354977 0.02868984
v 0.05763509 0.06306437 0.03451639
v 0.05104614 0.06429134 0.03803319
v 0.05455770 0.06399421 0.03655582
v 0.07644737 0.16454150 -0.01429682
v 0.08331335 0.15433186 -0.01261665
v 0.08452878 0.15340695 -0.00836818
v 0.08451395 0.15349528 -0.00838209
v 0.08449621 0.15358238 -0.00841173
v 0.05828761 0.13929740 0.04371525
v 0.05516991 0.14056037 0.04497266
v 0.07078003 0.13456620 0.03548944
v 0.07071457 0.13298655 0.03546790
v 0.06869421 0.15432341 0.03467185
v 0.06565243 0.15418224 0.03702434
v 0.01184603 0.13699320 0.03701612
v 0.00426975 0.14276184 0.02853765
v -0.00238732 0.14427511 0.01560155
v -0.00227858 0.14467630 0.01587982
v 0.04384184 0.06593952 0.04008586
v 0.04756309 0.06523453 0.03931511
v 0.07315519 0.16449550 -0.02085318
v 0.07655704 0.15445451 -0.02623353
v 0.07660118 0.14347553 -0.02861800
v 0.06989355 0.13609231 -0.03634378
v 0.04261006 0.16457514 0.03848360
v 0.03836103 0.16457473 0.03848515
v 0.03891230 0.16460449 0.03766018
v 0.02414946 0.16453707 -0.03508449
v 0.02089637 0.16451581 -0.03341352
v 0.02088529 0.16449098 -0.03343248
v 0.00187981 0.16456692 0.00000000
v 0.00179053 0.16452500 0.00000000
v 0.00198902 0.16454422 -0.00364407
v 0.00181737 0.16454366 0.00000000
v 0.00175646 0.16448782 0.00000000
v 0.00201908 0.16455831 0.00364125
v 0.03463274 0.16454695 -0.03822508
v 0.03828255 0.16454720 -0.03860458
v 0.03829661 0.16452812 -0.03863268
v 0.04266149 0.16453871 -0.03861849
v 0.04265916 0.16451716 -0.03864454
v 0.03831090 0.16453835 -0.03861847
v 0.03828176 0.16453773 -0.03861851
v 0.04265717 0.16449170 -0.03866645
v 0.02919581 0.15421219 -0.04334183
v 0.03462668 0.16451648 -0.03826503
v 0.03462494 0.16450420 -0.03827647
v 0.03828029 0.16451624 -0.03864454
v 0.03463727 0.16456102 -0.03819525
v 0.03105015 0.16451629 -0.03754842
v 0.03462857 0.16452777 -0.03825257
v 0.02552211 0.15420537 -0.04221028
v 0.04215075 0.16460203 -0.03773427
v 0.04212656 0.16460294 -0.03770917
v 0.04204467 0.16460504 -0.03765243
v 0.04259322 0.16457592 -0.03846219
v 0.04266895 0.16457404 -0.03851201
v 0.04265313 0.16457418 -0.03850905
v 0.03837898 0.16457556 -0.03846219
v 0.03895691 0.16460541 -0.03763557
v 0.03888709 0.16460386 -0.03767675
v 0.04269044 0.16453810 -0.03861851
v 0.04634364 0.16452876 -0.03825257
v 0.05684292 0.16449377 -0.03512799
v 0.05682575 0.05285405 0.02512613
v 0.03698015 0.05566952 0.03296973
v 0.03699458 0.05587183 0.03330174
v 0.04011038 0.05539925 0.03300397
v 0.02662083 0.05703300 0.03127685
v 0.03073579 0.05646509 0.03240251
v 0.03237419 0.06672475 0.03928955
v 0.03238478 0.06622978 0.03913356
v 0.03611940 0.06595455 0.03985476
v 0.04022055 0.05574867 0.03341622
v 0.05439898 0.05323381 0.02712658
v 0.07643417 0.16455033 -0.01429160
v 0.08336691 0.15417761 -0.01263067
v 0.08443353 0.15379660 -0.00858034
v 0.08441148 0.15384546 -0.00865746
v 0.08449747 0.15357617 -0.00840962
v 0.05831484 0.13990767 0.04374269
v 0.05981829 0.14097032 0.04296149
v 0.07080995 0.13434049 0.03545051
v 0.01108346 0.13608733 0.03634378
v 0.07666613 0.15414983 -0.02631119
v 0.07661723 0.15430358 -0.02627643
v 0.00197480 0.16453522 -0.00364540
v 0.00180444 0.16453467 0.00000000
v 0.00197480 0.16453522 0.00364540
v 0.00205015 0.16456699 0.00363833
v 0.03830830 0.16455507 -0.03858938
v 0.02742720 0.15391287 -0.04293830
v 0.03462338 0.16449107 -0.03828677
v 0.03829683 0.16451679 -0.03864530
v 0.03828098 0.16452804 -0.03863240
v 0.03463060 0.16453797 -0.03823920
v 0.03104736 0.16450407 -0.03755963
v 0.03105647 0.16453767 -0.03752311
v 0.02196340 0.15419713 -0.04076879
v 0.04241342 0.16458707 -0.03815117
v 0.03834036 0.16457416 -0.03849992
v 0.03833504 0.16457404 -0.03850301
v 0.03832002 0.16457382 -0.03850871
v 0.03905148 0.16460671 -0.03760231
v 0.05670286 0.05275800 0.02502429
v 0.03613501 0.06644334 0.04001860
v 0.07640630 0.16456419 -0.01428058
v 0.08437031 0.15390018 -0.00882556
v 0.08439034 0.15387991 -0.00873959
v 0.08439999 0.15386419 -0.00870210
v 0.00196134 0.16452503 0.00364666
v 0.00198902 0.16454422 0.00364407
v 0.03829704 0.16450448 -0.03865686
v 0.03104483 0.16449101 -0.03756974
v 0.03105992 0.16454659 -0.03750928
v 0.03105320 0.16452752 -0.03753620
v 0.03614727 0.06669600 0.04007170
v 0.03612570 0.06619544 0.03994603
f 1 2 3
f 4 5 6
f 7 8 9
f 10 11 8
f 10 8 7
f 10 7 12
f 13 14 15
f 16 17 18
f 16 18 19
f 20 21 22
f 23 24 25
f 23 26 24
f 27 28 29
f 30 31 32
f 33 34 35
f 36 1 3
f 37 2 38
f 38 2 1
f 39 40 41
f 42 30 32
f 43 44 45
f 46 47 48
f 49 11 50
f 49 50 51
f 49 51 52
f 50 53 54
f 55 5 56
f 57 6 5
f 58 59 57
f 57 59 6
f 60 59 58
f 59 60 61
f 60 58 62
f 60 62 61
f 59 63 6
f 63 59 61
f 61 62 63
f 12 7 64
f 65 66 67
f 68 69 70
f 70 69 15
f 68 70 71
f 72 73 74
f 75 73 72
f 76 77 78
f 79 80 81
f 82 83 84
f 83 82 85
f 86 87 88
f 89 90 91
f 86 89 87
f 89 86 90
f 92 91 90
f 93 20 91
f 92 93 91
f 93 92 94
f 73 75 95
f 95 75 96
f 97 98 99
f 98 100 99
f 99 100 101
f 101 102 99
f 103 104 105
f 106 107 108
f 109 110 111
f 109 112 110
f 24 26 113
f 114 113 26
f 115 116 114
f 115 114 26
f 117 118 119
f 117 119 81
f 120 121 29
f 122 29 121
f 122 123 29
f 121 124 122
f 125 126 127
f 32 31 128
f 129 42 130
f 131 33 35
f 3 35 132
f 132 36 3
f 132 35 34
f 133 1 36
f 133 38 1
f 134 2 37
f 135 39 41
f 135 136 39
f 137 138 139
f 140 139 138
f 141 142 44
f 141 143 142
f 144 145 146
f 145 144 147
f 148 149 150
f 151 152 153
f 154 152 155
f 154 156 152
f 152 157 153
f 157 151 153
f 158 159 160
f 161 162 159
f 163 164 165
f 166 164 167
f 166 167 168
f 169 143 170
f 142 143 169
f 169 44 142
f 171 172 173
f 174 175 176
f 174 177 178
f 179 180 181
f 182 183 184
f 11 49 185
f 185 186 11
f 185 187 188
f 189 50 54
f 54 190 189
f 189 190 50
f 191 192 51
f 51 50 191
f 190 191 50
f 191 190 54
f 193 194 195
f 196 197 198
f 198 199 55
f 198 55 196
f 57 200 199
f 200 57 5
f 200 55 199
f 5 55 200
f 201 4 202
f 203 201 204
f 201 203 56
f 56 5 201
f 201 5 4
f 205 203 204
f 205 206 12
f 205 204 206
f 207 4 6
f 63 207 6
f 202 4 207
f 207 63 202
f 208 209 210
f 211 212 213
f 214 215 216
f 215 214 217
f 215 217 218
f 219 3 2
f 219 2 134
f 15 14 220
f 220 70 15
f 221 70 220
f 222 96 223
f 224 225 226
f 227 228 229
f 227 230 228
f 231 232 233
f 231 227 232
f 234 235 174
f 235 236 174
f 235 237 238
f 239 240 241
f 242 195 194
f 243 244 245
f 246 244 243
f 247 248 249
f 250 249 251
f 250 252 249
f 253 254 255
f 253 255 256
f 257 258 259
f 257 260 258
f 80 261 81
f 117 261 262
f 261 117 81
f 263 264 265
f 264 266 265
f 267 268 265
f 267 265 262
f 267 262 261
f 268 260 269
f 269 265 268
f 268 270 271
f 267 270 268
f 272 75 72
f 273 272 72
f 274 272 275
f 272 276 275
f 276 272 273
f 277 67 278
f 277 278 279
f 280 76 78
f 281 280 282
f 119 283 81
f 79 283 78
f 283 79 81
f 283 280 78
f 282 280 283
f 284 28 27
f 284 27 285
f 286 281 282
f 282 283 286
f 286 283 119
f 287 77 288
f 289 77 76
f 289 76 290
f 291 78 77
f 291 79 78
f 77 287 291
f 85 82 292
f 82 293 292
f 294 82 295
f 94 296 297
f 297 93 94
f 98 298 100
f 298 103 100
f 299 300 97
f 301 98 97
f 301 88 87
f 87 298 301
f 301 298 98
f 301 300 88
f 301 97 300
f 302 303 304
f 305 306 74
f 305 74 73
f 307 97 99
f 102 307 99
f 307 299 97
f 307 222 299
f 308 101 304
f 308 102 101
f 308 304 306
f 306 305 308
f 309 302 304
f 310 311 85
f 311 20 22
f 311 83 85
f 83 311 22
f 91 20 312
f 312 89 91
f 20 311 312
f 312 311 310
f 312 310 104
f 313 105 104
f 313 104 310
f 314 111 315
f 314 316 111
f 314 317 259
f 317 314 315
f 318 319 320
f 321 315 111
f 322 124 121
f 121 107 322
f 322 323 324
f 325 326 327
f 328 106 323
f 107 106 328
f 322 328 323
f 328 322 107
f 326 325 329
f 330 331 332
f 333 334 335
f 331 336 333
f 337 338 339
f 337 340 338
f 341 342 343
f 341 344 345
f 342 346 343
f 347 346 348
f 348 346 342
f 349 350 17
f 351 352 353
f 354 355 356
f 355 357 358
f 359 25 24
f 359 24 360
f 359 361 25
f 359 360 362
f 359 362 361
f 209 363 210
f 364 365 209
f 366 362 365
f 365 362 360
f 365 363 209
f 363 365 360
f 341 367 342
f 367 341 345
f 368 356 355
f 368 369 356
f 370 371 51
f 192 370 51
f 372 364 209
f 372 13 15
f 372 15 69
f 372 69 364
f 373 374 363
f 373 363 360
f 373 360 24
f 24 113 373
f 115 375 116
f 375 115 376
f 115 377 376
f 378 379 380
f 376 379 378
f 378 375 376
f 381 379 376
f 381 376 382
f 381 380 379
f 383 384 262
f 262 265 383
f 265 266 383
f 383 266 385
f 384 383 385
f 384 386 262
f 386 117 262
f 386 387 118
f 117 386 118
f 388 107 121
f 120 388 121
f 108 107 388
f 388 120 108
f 389 29 28
f 389 120 29
f 118 387 390
f 390 384 385
f 391 392 385
f 392 390 385
f 393 390 392
f 394 395 396
f 394 396 126
f 394 397 395
f 398 399 400
f 401 402 216
f 403 404 405
f 406 125 127
f 407 408 409
f 410 411 412
f 413 414 415
f 413 416 414
f 66 417 418
f 417 66 65
f 419 420 421
f 419 399 422
f 423 419 422
f 424 129 425
f 30 42 424
f 42 129 424
f 399 419 426
f 427 428 160
f 429 165 430
f 429 163 165
f 430 165 431
f 432 433 434
f 435 433 436
f 437 438 439
f 437 439 213
f 212 437 213
f 440 16 19
f 440 441 16
f 442 443 444
f 442 440 443
f 440 442 441
f 445 438 437
f 445 437 446
f 439 438 447
f 19 18 448
f 448 449 450
f 451 452 446
f 452 445 446
f 444 443 452
f 453 454 405
f 453 405 404
f 455 453 456
f 453 404 456
f 139 454 457
f 457 137 139
f 457 453 455
f 454 453 457
f 457 455 458
f 137 457 458
f 459 138 41
f 459 140 138
f 41 40 459
f 40 460 459
f 459 460 461
f 462 454 139
f 140 462 139
f 462 463 454
f 130 42 464
f 465 460 40
f 465 40 466
f 465 461 460
f 465 466 464
f 467 40 39
f 467 466 40
f 39 136 467
f 134 467 136
f 37 468 467
f 467 134 37
f 469 470 471
f 469 471 472
f 473 474 475
f 473 476 477
f 476 473 475
f 408 478 479
f 479 409 408
f 479 478 480
f 474 409 481
f 481 475 474
f 482 483 143
f 484 483 485
f 486 487 476
f 488 181 489
f 490 44 43
f 490 489 44
f 490 488 489
f 490 43 181
f 490 181 488
f 491 181 180
f 492 141 44
f 493 165 494
f 494 495 493
f 493 431 165
f 434 431 493
f 496 481 409
f 497 149 498
f 499 46 48
f 500 148 501
f 502 503 46
f 504 47 46
f 504 46 505
f 506 46 503
f 506 505 46
f 152 507 155
f 507 152 151
f 151 157 507
f 507 508 155
f 509 148 150
f 150 510 509
f 509 510 148
f 511 150 149
f 511 510 150
f 512 156 154
f 513 157 152
f 513 156 157
f 514 157 156
f 514 515 157
f 516 517 518
f 519 168 167
f 167 164 519
f 519 162 161
f 520 519 161
f 159 158 520
f 520 161 159
f 521 147 522
f 521 523 147
f 494 165 524
f 524 166 522
f 147 494 524
f 524 522 147
f 170 525 526
f 526 169 170
f 527 169 526
f 528 45 44
f 169 528 44
f 528 43 45
f 528 169 43
f 529 170 143
f 529 525 170
f 530 143 483
f 530 529 143
f 525 529 530
f 530 484 531
f 483 484 530
f 532 533 534
f 535 532 534
f 536 171 173
f 173 537 536
f 536 537 538
f 539 169 527
f 43 169 539
f 540 176 175
f 541 234 174
f 176 541 174
f 542 543 544
f 545 543 542
f 546 547 548
f 546 548 549
f 550 543 545
f 547 546 550
f 551 175 174
f 174 178 551
f 552 553 554
f 552 554 555
f 418 553 552
f 556 557 558
f 416 559 414
f 560 561 179
f 562 563 58
f 57 562 58
f 562 57 199
f 564 565 566
f 564 567 565
f 568 569 570
f 47 571 48
f 571 499 48
f 572 571 573
f 571 572 499
f 574 185 49
f 187 185 574
f 52 575 574
f 574 49 52
f 576 577 578
f 577 579 578
f 580 318 320
f 581 318 580
f 582 191 54
f 191 582 192
f 583 53 50
f 583 50 584
f 585 9 586
f 585 586 252
f 587 197 196
f 587 196 588
f 587 588 589
f 587 590 197
f 589 591 587
f 592 193 195
f 195 593 592
f 193 594 595
f 594 596 595
f 594 588 596
f 594 589 588
f 594 592 589
f 594 193 592
f 597 235 234
f 598 198 197
f 197 599 598
f 600 601 602
f 600 603 601
f 600 602 565
f 600 565 567
f 604 605 606
f 607 179 181
f 607 605 608
f 567 564 609
f 610 10 12
f 10 610 11
f 611 201 202
f 611 204 201
f 611 206 204
f 612 205 12
f 12 64 612
f 9 585 612
f 612 7 9
f 612 64 7
f 203 205 612
f 612 585 203
f 613 341 343
f 613 344 341
f 613 614 344
f 615 616 345
f 617 69 68
f 618 617 68
f 617 364 69
f 619 620 621
f 620 619 622
f 623 620 622
f 624 625 626
f 626 625 211
f 627 626 213
f 626 211 213
f 628 626 627
f 629 630 628
f 41 138 631
f 632 630 629
f 215 633 216
f 633 401 216
f 633 624 401
f 633 625 624
f 633 215 625
f 219 634 3
f 634 35 3
f 634 131 35
f 635 65 67
f 636 451 446
f 636 446 437
f 637 638 639
f 639 638 441
f 622 637 639
f 232 640 233
f 641 177 174
f 236 641 174
f 642 223 96
f 225 643 226
f 644 645 230
f 228 230 646
f 646 647 228
f 647 646 648
f 649 227 229
f 232 227 649
f 649 229 650
f 651 650 229
f 652 231 653
f 652 227 231
f 652 653 644
f 230 227 652
f 652 644 230
f 654 238 237
f 655 236 235
f 656 657 655
f 658 235 238
f 229 228 659
f 228 647 659
f 659 651 229
f 660 647 648
f 660 661 662
f 660 648 663
f 663 661 660
f 664 241 665
f 666 239 241
f 667 666 668
f 666 667 239
f 669 241 240
f 665 669 670
f 669 665 241
f 671 246 672
f 673 674 675
f 675 676 673
f 673 677 674
f 673 678 679
f 673 676 678
f 680 244 246
f 680 246 671
f 681 682 671
f 682 680 671
f 677 673 683
f 683 673 679
f 574 684 187
f 685 252 586
f 252 685 249
f 685 247 249
f 685 586 186
f 686 9 8
f 686 586 9
f 11 686 8
f 686 11 186
f 186 586 686
f 250 687 252
f 687 585 252
f 688 194 193
f 688 193 595
f 687 688 595
f 688 687 250
f 254 689 255
f 689 254 257
f 689 317 255
f 689 257 259
f 689 259 317
f 690 257 254
f 690 260 257
f 269 690 254
f 690 269 260
f 258 260 691
f 691 692 258
f 691 268 271
f 691 260 268
f 691 271 693
f 691 693 692
f 694 695 668
f 108 120 696
f 696 106 108
f 266 264 697
f 697 385 266
f 697 391 385
f 697 264 263
f 698 269 254
f 699 270 267
f 699 261 80
f 699 267 261
f 700 74 306
f 96 75 701
f 272 701 75
f 701 272 274
f 702 274 275
f 702 703 274
f 278 704 705
f 704 276 705
f 704 278 67
f 275 276 704
f 706 67 277
f 706 214 707
f 706 217 214
f 708 709 710
f 708 710 711
f 708 712 709
f 713 714 715
f 714 713 716
f 711 284 714
f 716 708 714
f 714 708 711
f 714 285 715
f 714 284 285
f 717 710 281
f 711 710 717
f 281 286 717
f 718 280 281
f 281 710 718
f 718 710 709
f 709 712 718
f 719 389 28
f 389 719 393
f 720 286 119
f 721 287 288
f 722 82 84
f 288 77 723
f 77 289 723
f 723 721 288
f 723 84 721
f 724 80 79
f 79 291 724
f 725 726 724
f 291 727 724
f 724 726 728
f 729 292 730
f 730 292 293
f 731 293 82
f 731 82 294
f 289 732 295
f 732 294 295
f 732 731 294
f 733 718 712
f 733 734 290
f 733 735 734
f 736 737 738
f 739 296 94
f 740 739 94
f 741 93 297
f 20 741 21
f 93 741 20
f 742 300 299
f 307 743 222
f 743 96 222
f 743 95 96
f 743 307 102
f 309 744 745
f 105 745 744
f 744 103 105
f 100 103 744
f 101 746 304
f 746 309 304
f 746 744 309
f 746 101 100
f 100 744 746
f 747 312 104
f 747 89 312
f 103 747 104
f 747 103 298
f 89 747 87
f 747 298 87
f 748 310 85
f 748 313 310
f 748 749 313
f 85 292 748
f 750 751 330
f 752 259 258
f 753 317 315
f 753 754 755
f 753 315 754
f 753 755 255
f 753 255 317
f 756 757 319
f 756 318 581
f 319 318 756
f 758 759 584
f 319 759 758
f 760 319 757
f 110 761 111
f 762 754 315
f 762 321 754
f 315 321 762
f 763 764 765
f 766 767 768
f 769 770 768
f 771 184 764
f 772 773 774
f 774 773 775
f 776 777 778
f 779 335 334
f 779 780 335
f 576 579 781
f 781 780 576
f 579 782 781
f 783 579 784
f 783 782 579
f 783 780 781
f 783 781 782
f 785 783 786
f 785 780 783
f 787 253 256
f 750 787 256
f 787 750 330
f 787 330 332
f 788 334 333
f 788 333 336
f 338 340 789
f 790 789 340
f 789 790 791
f 337 792 340
f 792 790 340
f 792 337 339
f 793 346 347
f 349 794 795
f 794 349 17
f 796 797 798
f 796 799 797
f 796 798 799
f 800 797 799
f 801 799 798
f 802 801 798
f 803 804 805
f 806 807 716
f 716 713 806
f 807 357 808
f 809 810 811
f 810 812 712
f 812 733 712
f 809 812 810
f 813 708 716
f 814 357 355
f 354 814 355
f 814 354 357
f 815 357 807
f 815 358 357
f 815 816 358
f 369 817 356
f 818 813 354
f 818 354 356
f 817 818 356
f 819 616 210
f 819 820 616
f 819 210 363
f 819 363 374
f 345 616 821
f 821 367 345
f 616 820 821
f 367 821 822
f 355 823 824
f 824 823 825
f 826 825 822
f 826 824 825
f 826 368 355
f 355 824 826
f 209 208 827
f 827 372 209
f 827 13 372
f 828 113 114
f 828 373 113
f 828 114 116
f 116 829 828
f 830 382 376
f 377 830 376
f 831 115 26
f 831 377 115
f 832 830 831
f 831 830 377
f 831 26 23
f 23 833 831
f 831 834 832
f 831 833 834
f 835 378 380
f 380 734 835
f 734 735 835
f 375 836 116
f 836 829 116
f 837 734 380
f 837 838 734
f 381 837 380
f 837 381 839
f 840 381 382
f 381 840 839
f 839 840 749
f 387 386 841
f 841 386 384
f 841 390 387
f 390 841 384
f 842 389 393
f 393 392 842
f 842 120 389
f 842 696 120
f 843 844 397
f 394 843 397
f 126 125 843
f 843 394 126
f 845 31 30
f 845 463 31
f 846 422 399
f 847 848 401
f 707 214 849
f 849 214 216
f 850 458 455
f 851 404 403
f 456 404 851
f 851 850 456
f 852 412 407
f 852 410 412
f 852 472 471
f 407 472 852
f 411 410 853
f 854 126 396
f 855 398 400
f 856 413 415
f 856 556 558
f 413 856 558
f 857 858 859
f 857 416 413
f 860 417 861
f 861 417 65
f 862 863 864
f 422 846 865
f 420 866 421
f 867 868 869
f 867 870 868
f 871 424 425
f 870 424 871
f 871 425 436
f 400 399 872
f 426 872 399
f 872 426 411
f 872 855 400
f 411 426 873
f 421 412 873
f 873 412 411
f 873 419 421
f 873 426 419
f 874 875 876
f 874 876 877
f 874 877 875
f 427 878 428
f 878 160 159
f 878 427 160
f 879 880 428
f 879 881 880
f 881 879 428
f 882 159 162
f 882 878 159
f 883 432 423
f 436 433 883
f 883 433 432
f 883 871 436
f 884 423 432
f 884 866 420
f 884 432 866
f 885 432 434
f 866 885 886
f 885 866 432
f 478 886 885
f 425 887 436
f 887 435 436
f 433 435 888
f 888 431 434
f 434 433 888
f 431 888 430
f 889 882 162
f 439 447 890
f 634 890 131
f 445 891 438
f 891 447 438
f 891 131 890
f 891 890 447
f 892 33 131
f 892 450 33
f 131 891 892
f 892 891 445
f 893 448 18
f 448 893 449
f 894 440 19
f 448 894 19
f 894 443 440
f 894 452 443
f 895 896 353
f 896 897 353
f 896 895 897
f 898 353 897
f 899 895 900
f 899 901 895
f 902 903 904
f 902 905 903
f 906 907 908
f 906 902 907
f 38 909 37
f 909 468 37
f 405 454 910
f 463 910 454
f 910 463 844
f 31 463 911
f 463 462 911
f 911 461 128
f 911 128 31
f 911 459 461
f 140 459 911
f 911 462 140
f 912 42 32
f 912 464 42
f 32 128 912
f 912 465 464
f 912 128 461
f 465 912 461
f 913 472 474
f 473 913 474
f 913 914 469
f 913 469 472
f 915 407 409
f 915 472 407
f 915 409 474
f 915 474 472
f 916 477 485
f 916 473 477
f 917 146 145
f 918 919 920
f 918 476 475
f 496 921 481
f 141 922 143
f 922 482 143
f 922 141 923
f 924 484 485
f 924 487 925
f 924 485 477
f 477 476 924
f 476 487 924
f 926 44 489
f 926 492 44
f 927 928 929
f 930 141 492
f 930 492 931
f 141 930 923
f 480 478 932
f 478 885 932
f 434 493 932
f 932 885 434
f 933 479 480
f 496 933 480
f 409 479 933
f 933 496 409
f 934 493 495
f 934 932 493
f 149 935 936
f 935 149 497
f 935 937 936
f 935 497 937
f 498 149 938
f 938 939 498
f 940 941 942
f 943 149 148
f 500 943 148
f 502 944 503
f 944 502 501
f 501 945 149
f 502 945 501
f 946 505 47
f 504 946 47
f 946 504 505
f 947 503 505
f 947 506 503
f 506 947 505
f 948 507 157
f 948 508 507
f 948 941 508
f 948 157 515
f 517 948 515
f 949 149 936
f 949 511 149
f 950 497 498
f 950 937 497
f 518 517 951
f 951 517 515
f 952 953 954
f 955 956 957
f 955 952 954
f 955 954 958
f 955 958 956
f 955 154 959
f 955 512 154
f 960 152 156
f 960 513 152
f 156 513 960
f 961 514 156
f 961 955 957
f 512 955 961
f 516 962 942
f 962 516 963
f 964 962 963
f 962 964 939
f 962 940 942
f 963 516 965
f 965 516 518
f 966 965 518
f 967 520 158
f 968 158 160
f 969 968 160
f 519 970 162
f 970 519 164
f 168 519 971
f 520 971 519
f 971 972 168
f 971 520 972
f 166 973 522
f 973 521 522
f 973 166 168
f 974 535 534
f 975 974 534
f 953 535 974
f 165 164 976
f 976 524 165
f 164 166 976
f 976 166 524
f 172 977 173
f 977 537 173
f 171 977 172
f 978 537 977
f 979 980 538
f 979 538 537
f 979 953 980
f 979 535 953
f 979 532 535
f 532 979 978
f 979 537 978
f 981 982 983
f 548 547 984
f 985 176 986
f 987 988 989
f 988 549 989
f 990 859 858
f 991 543 550
f 991 550 546
f 992 993 994
f 995 996 997
f 998 999 1000
f 998 1001 1002
f 1003 998 1002
f 999 998 1003
f 1004 860 1005
f 999 1005 1000
f 860 861 1005
f 1005 861 1000
f 1003 1006 999
f 1007 1008 1009
f 1007 987 989
f 1010 555 554
f 1010 1011 1012
f 1013 1014 1011
f 997 858 1015
f 1015 1016 997
f 858 857 1015
f 558 1016 1015
f 1015 413 558
f 1015 857 413
f 1017 928 1018
f 1018 1016 1017
f 929 928 1017
f 1017 557 929
f 1017 1016 558
f 1017 558 557
f 1018 928 1019
f 927 1019 928
f 1019 927 1020
f 1021 560 179
f 179 1022 180
f 1022 179 561
f 1022 1023 180
f 1023 1022 561
f 604 1024 1025
f 58 563 1026
f 1026 62 58
f 1026 601 62
f 1026 565 602
f 601 1026 602
f 1026 563 566
f 566 565 1026
f 1027 569 1028
f 1029 47 573
f 1029 571 47
f 1029 573 571
f 1030 1031 786
f 783 1030 786
f 1032 1030 784
f 1030 783 784
f 1033 569 568
f 568 572 1033
f 1034 568 1035
f 1034 1035 1036
f 1037 1031 1038
f 786 1031 1037
f 1037 776 786
f 1037 1039 324
f 1037 324 323
f 776 1037 323
f 775 1040 1041
f 1041 1042 183
f 1041 1043 1042
f 1041 1040 1043
f 1044 1028 183
f 1045 1043 1040
f 1045 1040 775
f 1046 1045 1038
f 1047 579 576
f 576 578 1047
f 1047 578 579
f 1048 584 50
f 1048 758 584
f 1048 580 320
f 320 319 1048
f 319 758 1048
f 1049 1050 1051
f 1051 1052 1049
f 1053 577 576
f 1054 370 192
f 582 1054 192
f 1054 112 109
f 1054 582 112
f 1055 195 242
f 203 1056 56
f 1057 588 196
f 1057 596 588
f 1057 196 55
f 1057 55 56
f 1057 56 1056
f 1057 1056 596
f 1058 592 593
f 592 1058 589
f 1058 591 589
f 590 1059 197
f 1059 599 197
f 1060 587 591
f 587 1060 590
f 1060 1061 590
f 1062 597 234
f 1062 1063 599
f 1064 237 235
f 1064 235 597
f 1064 597 1065
f 1066 599 1063
f 1066 598 599
f 604 606 1067
f 1067 606 605
f 1067 1024 604
f 605 607 1067
f 1067 607 603
f 1068 607 608
f 12 206 1069
f 1069 610 12
f 202 63 1070
f 1070 1069 206
f 1070 611 202
f 206 611 1070
f 11 610 1071
f 601 1071 62
f 1071 63 62
f 1071 1070 63
f 1071 610 1069
f 1071 1069 1070
f 1072 1073 344
f 1072 13 827
f 1072 827 1073
f 1072 14 13
f 1072 1074 14
f 1075 614 1076
f 1077 613 343
f 1077 614 613
f 1077 1076 614
f 1078 617 618
f 364 617 1078
f 1078 1079 366
f 366 365 1078
f 1078 365 364
f 211 625 1080
f 1080 215 218
f 1080 625 215
f 1081 135 41
f 41 631 1081
f 1081 631 630
f 630 632 1081
f 629 1082 1083
f 1083 632 629
f 1083 1081 632
f 1084 890 634
f 1085 1086 279
f 1086 1085 1087
f 1086 277 279
f 1086 1087 217
f 1086 217 706
f 1086 706 277
f 1088 1089 1085
f 1089 1087 1085
f 1089 1088 1087
f 1090 1091 1092
f 1092 623 622
f 1092 639 1090
f 622 639 1092
f 211 1093 212
f 1093 1080 218
f 1080 1093 211
f 1094 1087 1088
f 1087 1094 217
f 1094 218 217
f 444 636 1095
f 1096 636 444
f 636 1096 451
f 444 452 1096
f 1096 452 451
f 1097 1098 221
f 1097 638 637
f 638 1097 221
f 1097 1099 1098
f 1097 619 1099
f 1097 637 622
f 1097 622 619
f 221 1100 70
f 1100 221 1098
f 1100 71 70
f 1101 638 221
f 1101 221 220
f 1102 1090 639
f 1102 639 441
f 1102 1091 1090
f 1102 1103 1091
f 1102 1104 1103
f 1102 442 1104
f 1102 441 442
f 1091 1103 1105
f 1105 1092 1091
f 1092 1105 1106
f 1105 1103 1104
f 1107 1108 1109
f 1110 1011 1014
f 1011 1110 1012
f 1110 1111 1112
f 1110 1112 1012
f 1113 657 656
f 1114 92 90
f 1115 1116 645
f 644 1115 645
f 1117 1118 1119
f 90 1118 1117
f 231 1120 653
f 1120 225 653
f 1120 643 225
f 1120 231 233
f 643 1121 226
f 1121 1122 226
f 1121 1123 1122
f 1124 644 653
f 1124 225 224
f 1124 653 225
f 1124 1115 644
f 663 648 1125
f 648 646 1125
f 1126 230 645
f 1126 1127 1125
f 1126 646 230
f 1126 1125 646
f 1128 736 738
f 1128 738 1129
f 1130 654 1131
f 1131 654 237
f 1131 1132 1130
f 1131 237 1132
f 1133 654 1130
f 654 1133 238
f 1134 1111 1135
f 1134 1112 1111
f 1136 235 656
f 655 1136 656
f 1136 655 235
f 1137 656 235
f 235 658 1137
f 1138 1064 1065
f 1138 659 647
f 83 1139 84
f 1139 83 22
f 21 741 1140
f 1141 1142 1143
f 1141 1144 1142
f 1145 1142 1146
f 1143 1142 1145
f 1147 239 667
f 1148 667 668
f 1149 241 664
f 1149 666 241
f 670 669 1150
f 1151 1150 681
f 370 1152 371
f 51 371 1152
f 1153 251 249
f 1153 248 1154
f 249 248 1153
f 1155 681 671
f 671 672 1155
f 1155 1151 681
f 1155 672 251
f 251 1153 1155
f 1155 1153 1151
f 1156 251 672
f 688 1156 194
f 1156 250 251
f 1156 688 250
f 1157 672 246
f 1157 246 243
f 194 1156 1157
f 1157 1156 672
f 1157 242 194
f 243 242 1157
f 1158 678 676
f 1158 676 675
f 680 1159 244
f 679 1160 1159
f 1159 1160 1161
f 244 1159 245
f 1159 1161 245
f 1162 682 681
f 681 1150 1162
f 1162 1150 669
f 1162 669 240
f 240 1163 1162
f 1163 682 1162
f 1164 683 1163
f 239 1164 240
f 1164 1163 240
f 1164 239 1147
f 677 683 1164
f 1164 1147 677
f 1165 1163 683
f 1165 682 1163
f 680 682 1165
f 1165 683 679
f 679 1159 1165
f 1165 1159 680
f 1166 248 247
f 1166 684 248
f 188 684 1166
f 1166 185 188
f 1167 188 187
f 1167 684 188
f 1167 187 684
f 248 684 1168
f 1168 684 574
f 1168 574 575
f 1168 575 52
f 1169 685 186
f 247 685 1169
f 1169 1166 247
f 674 1170 675
f 1171 1170 674
f 1172 1173 1146
f 1173 1171 674
f 1173 1145 1146
f 1174 1172 1146
f 1174 1146 1175
f 1176 741 297
f 1177 1178 1179
f 696 1180 106
f 1180 696 329
f 254 253 1181
f 1181 698 254
f 1182 327 391
f 269 1183 265
f 1183 263 265
f 271 270 1184
f 1184 693 271
f 699 1185 270
f 1185 1184 270
f 1186 1184 1185
f 1187 699 80
f 724 1187 80
f 1187 724 728
f 1187 1185 699
f 705 276 1188
f 1188 276 273
f 703 1189 274
f 1189 701 274
f 1190 701 1189
f 1191 701 1190
f 1192 66 418
f 418 552 1192
f 67 66 1193
f 1193 704 67
f 275 704 1193
f 1192 1193 66
f 1193 702 275
f 1193 1192 702
f 1194 635 67
f 706 1194 67
f 280 718 1195
f 290 76 1195
f 76 280 1195
f 1195 733 290
f 733 1195 718
f 1196 719 720
f 118 390 1196
f 1196 390 393
f 393 719 1196
f 720 1197 286
f 1197 717 286
f 1198 84 723
f 1198 722 84
f 82 722 1198
f 1198 723 289
f 295 82 1198
f 1198 289 295
f 725 724 1199
f 1199 724 727
f 1199 1200 725
f 1199 727 1200
f 837 1201 838
f 1201 839 729
f 1201 837 839
f 1202 730 293
f 734 838 1202
f 1201 1202 838
f 729 730 1202
f 1202 1201 729
f 1203 739 740
f 738 737 1203
f 1203 737 296
f 296 739 1203
f 1204 299 222
f 1119 1118 1205
f 86 1205 90
f 1205 1118 90
f 300 1206 88
f 1207 302 309
f 1207 309 745
f 1208 1209 1207
f 745 1208 1207
f 621 620 1210
f 303 1211 304
f 1212 700 306
f 1213 366 1079
f 1213 1079 1214
f 1213 362 366
f 1215 743 102
f 308 1215 102
f 1215 308 305
f 1215 305 73
f 73 95 1215
f 95 743 1215
f 748 1216 749
f 1216 729 839
f 1216 292 729
f 1216 748 292
f 1217 832 834
f 1217 834 1209
f 1217 1209 1208
f 1218 1208 745
f 1218 745 105
f 1218 1217 1208
f 1219 1217 1218
f 1218 1220 1219
f 749 1220 1218
f 105 313 1218
f 1218 313 749
f 750 1221 751
f 1221 750 256
f 1222 755 754
f 1222 1223 755
f 255 755 1224
f 1224 256 255
f 1224 1221 256
f 751 1221 1225
f 1225 1221 1226
f 1227 1228 336
f 1227 336 331
f 583 1229 53
f 759 1229 584
f 1229 583 584
f 112 582 1230
f 754 321 1231
f 1231 321 760
f 1231 760 757
f 1232 761 110
f 111 761 1232
f 1233 763 765
f 763 1233 1234
f 1233 767 1234
f 1235 766 764
f 1235 767 766
f 1234 767 1235
f 763 1235 764
f 1235 763 1234
f 1236 772 766
f 1236 766 768
f 1236 768 770
f 1237 322 324
f 1237 124 322
f 1039 1237 324
f 1238 764 766
f 1238 771 764
f 1238 766 772
f 772 774 1238
f 184 771 1238
f 1238 774 184
f 773 1239 775
f 1239 773 772
f 325 1240 1241
f 1241 1240 777
f 106 1180 1241
f 1241 329 325
f 1241 1180 329
f 1242 780 785
f 780 1242 335
f 1242 1240 335
f 777 1240 1242
f 253 787 1243
f 1243 1181 253
f 1243 787 332
f 1181 1243 332
f 1244 1240 325
f 1244 333 335
f 1240 1244 335
f 1245 792 339
f 339 1246 1245
f 790 792 1245
f 1245 1246 791
f 1245 791 790
f 1247 339 347
f 1247 1246 339
f 1248 220 14
f 1248 1101 220
f 1248 795 794
f 1248 794 1101
f 1249 1250 1251
f 1252 1249 1253
f 1252 1254 1249
f 349 1255 350
f 1255 349 795
f 795 1254 1255
f 1249 1256 1253
f 1256 1249 1251
f 801 802 1256
f 1257 800 799
f 801 1257 799
f 1257 1251 1250
f 1257 1256 1251
f 1256 1257 801
f 1258 798 352
f 1259 903 1260
f 1261 352 351
f 1261 351 1262
f 1263 36 132
f 1260 903 1264
f 905 1264 903
f 1265 1266 1267
f 1268 1269 1270
f 1271 809 811
f 811 835 1271
f 1272 811 810
f 1272 818 811
f 1272 810 712
f 354 1273 357
f 1273 354 813
f 1273 808 357
f 1273 813 716
f 1273 716 807
f 807 808 1273
f 358 816 1274
f 1274 825 823
f 1274 1275 825
f 355 358 1274
f 1274 823 355
f 1276 1269 1277
f 1276 1270 1269
f 1276 1278 1270
f 1279 815 807
f 815 1279 816
f 1280 765 1281
f 1282 1280 1281
f 1283 1233 765
f 1233 1283 767
f 768 767 1283
f 1284 1278 1285
f 285 1286 715
f 1286 713 715
f 826 1287 368
f 1287 819 374
f 1287 374 369
f 369 368 1287
f 1288 1269 1268
f 1289 1288 1268
f 1290 348 342
f 367 1290 342
f 348 1291 1292
f 347 348 1292
f 1292 1247 347
f 1292 791 1246
f 1247 1292 1246
f 820 819 1293
f 1293 821 820
f 819 1287 1293
f 344 1073 1294
f 345 344 1294
f 1073 827 1294
f 1294 615 345
f 210 616 1294
f 616 615 1294
f 1295 373 828
f 1295 369 374
f 1295 374 373
f 1295 817 369
f 829 817 1295
f 1295 828 829
f 382 830 1296
f 1296 830 832
f 1217 1296 832
f 1296 1217 1219
f 836 1297 829
f 1297 375 378
f 1297 836 375
f 1297 817 829
f 1297 818 817
f 842 1298 696
f 329 696 1298
f 1298 392 391
f 1298 842 392
f 326 329 1298
f 1298 391 327
f 327 326 1298
f 843 1299 844
f 1299 843 125
f 405 910 1299
f 1299 910 844
f 1299 403 405
f 1299 1300 403
f 125 406 1299
f 406 1300 1299
f 844 1301 397
f 1301 844 463
f 463 845 1301
f 1302 399 398
f 1302 846 399
f 1302 398 396
f 1303 871 883
f 848 847 1304
f 1304 630 631
f 1304 847 630
f 1304 137 458
f 1304 458 848
f 1304 138 137
f 1304 631 138
f 1305 628 630
f 1305 630 847
f 624 626 1305
f 626 628 1305
f 1305 401 624
f 1305 847 401
f 1306 848 458
f 1307 455 456
f 850 1307 456
f 1307 850 455
f 1308 1309 1310
f 1311 853 410
f 1311 852 471
f 852 1311 410
f 1311 471 470
f 470 1312 1311
f 1311 1312 1313
f 1314 1315 854
f 1314 855 1316
f 398 855 1314
f 396 398 1314
f 1314 854 396
f 1317 1315 1314
f 1318 1319 1316
f 1318 1316 855
f 872 1318 855
f 1318 872 411
f 411 853 1318
f 1320 1321 1322
f 1323 856 415
f 1324 1323 415
f 1312 1323 1324
f 1325 1326 1001
f 1325 998 1000
f 1325 1001 998
f 641 1327 177
f 1327 178 177
f 1328 417 860
f 860 1329 1328
f 417 1328 418
f 1328 1329 418
f 1330 1331 860
f 1331 1329 860
f 1331 1330 1332
f 1331 1332 1329
f 1333 553 418
f 1333 418 1329
f 1333 554 553
f 1334 412 421
f 866 1334 421
f 408 407 1334
f 1334 407 412
f 1334 478 408
f 1334 886 478
f 1334 866 886
f 1335 424 870
f 870 867 1335
f 1335 867 869
f 1335 869 1336
f 1335 1336 30
f 424 1335 30
f 1337 900 875
f 1337 1338 900
f 1338 1337 875
f 1338 1339 900
f 1339 1338 1340
f 1339 1341 900
f 1339 1340 1341
f 1340 1342 1343
f 1338 1342 1340
f 1342 1344 1343
f 1345 875 1344
f 1345 1338 875
f 1344 1342 1345
f 1345 1342 1338
f 1346 1340 1343
f 1346 1347 1340
f 1348 1349 1350
f 1348 1350 1351
f 1352 881 428
f 1352 882 881
f 1352 428 878
f 878 882 1352
f 1353 883 423
f 1353 1303 883
f 1354 884 420
f 884 1354 423
f 420 419 1354
f 419 423 1354
f 1355 1356 876
f 1355 1357 1356
f 1358 1359 1360
f 1361 888 435
f 1362 1358 1360
f 1363 881 882
f 1363 882 889
f 881 1363 880
f 1363 889 1364
f 1365 1366 880
f 1367 1365 880
f 1365 1367 1366
f 439 890 1368
f 1368 213 439
f 1368 627 213
f 628 1368 629
f 1368 628 627
f 1368 890 1084
f 1368 1082 629
f 1368 1084 1082
f 892 1369 450
f 452 894 1369
f 445 452 1369
f 1369 892 445
f 1369 448 450
f 1369 894 448
f 1370 893 1265
f 449 893 1370
f 1267 1370 1265
f 1371 901 1341
f 1371 1340 1347
f 1371 1341 1340
f 899 1372 901
f 1372 1341 901
f 1372 899 900
f 900 1341 1372
f 1373 1374 908
f 1375 897 895
f 1375 898 897
f 901 1375 895
f 1376 909 38
f 133 1376 38
f 1376 133 906
f 1377 906 133
f 906 1377 902
f 909 1376 1378
f 1379 557 556
f 917 1380 146
f 1380 144 146
f 1380 495 494
f 1380 494 147
f 1380 147 144
f 1381 917 145
f 1381 1382 1383
f 1384 1381 1383
f 1385 486 476
f 1385 476 918
f 1385 920 486
f 1385 918 920
f 1386 918 475
f 921 1386 481
f 481 1386 475
f 482 922 1387
f 1388 530 531
f 925 487 1389
f 1389 487 486
f 1390 1382 533
f 1391 1390 978
f 1390 533 532
f 1390 532 978
f 1392 145 147
f 1392 147 523
f 1392 1381 145
f 1381 1392 1382
f 1392 523 533
f 1382 1392 533
f 1393 923 930
f 1393 1379 1394
f 1393 1394 1395
f 1393 1395 923
f 1396 1380 917
f 1396 934 495
f 495 1380 1396
f 1397 964 963
f 498 939 1397
f 1397 939 964
f 508 941 1398
f 941 940 1398
f 1398 155 508
f 1398 940 155
f 149 943 1399
f 1399 943 500
f 1399 501 149
f 1399 500 501
f 1400 501 503
f 944 1400 503
f 1400 944 501
f 945 1401 149
f 784 1402 1401
f 155 940 1401
f 1401 938 149
f 1401 154 155
f 1401 959 154
f 1403 502 46
f 1403 945 502
f 1403 1401 945
f 1403 46 499
f 499 1401 1403
f 1404 516 942
f 942 941 1404
f 941 948 1404
f 516 1404 517
f 1404 948 517
f 148 510 1405
f 1405 949 936
f 498 1397 1406
f 1406 1397 963
f 1406 965 1407
f 963 965 1406
f 1408 969 160
f 1408 968 969
f 1408 1409 967
f 1408 967 158
f 158 968 1408
f 1410 514 961
f 1410 961 957
f 1411 966 1412
f 1411 1412 1406
f 1411 1406 1407
f 1411 1407 965
f 1411 965 966
f 1413 536 538
f 1413 538 980
f 171 536 1413
f 980 953 1413
f 952 1413 953
f 955 1413 952
f 1413 955 959
f 156 512 1414
f 1414 961 156
f 961 1414 512
f 1415 962 939
f 940 962 1415
f 939 938 1415
f 1401 1415 938
f 1415 1401 940
f 972 520 1416
f 520 967 1416
f 1417 534 533
f 533 523 1418
f 1418 1417 533
f 1418 975 534
f 1418 534 1417
f 954 953 1419
f 953 974 1419
f 1419 1420 954
f 1419 974 975
f 1421 199 198
f 1421 562 199
f 1422 540 175
f 1422 982 981
f 175 1423 1422
f 1422 1423 982
f 1424 176 540
f 176 1424 986
f 1424 981 986
f 1424 540 1422
f 1424 1422 981
f 985 1425 176
f 547 1426 1425
f 1425 984 547
f 1427 984 1425
f 1425 541 176
f 541 1425 1426
f 544 988 1428
f 1428 988 987
f 1429 1430 542
f 1431 990 858
f 859 990 1432
f 1433 549 988
f 1433 546 549
f 1433 991 546
f 1433 988 544
f 543 1433 544
f 1433 543 991
f 1434 992 994
f 1435 992 1018
f 1435 993 992
f 1018 1019 1435
f 1436 995 997
f 1436 992 1437
f 1436 1018 992
f 1436 997 1016
f 1436 1016 1018
f 1438 1439 1440
f 1441 983 982
f 1442 1309 1438
f 1442 1310 1309
f 1442 1003 1002
f 1310 1442 1002
f 1443 175 551
f 1443 1423 175
f 1444 1445 1446
f 1447 1448 1449
f 1449 1009 1008
f 1450 1451 1452
f 1450 1453 1451
f 1454 984 1427
f 1454 1427 1451
f 1453 1454 1451
f 1455 1456 1447
f 1008 1453 1455
f 1455 1450 1456
f 1453 1450 1455
f 1449 1455 1447
f 1455 1449 1008
f 1457 1458 1459
f 1012 1112 1457
f 1010 1460 1011
f 1460 1013 1011
f 1460 1010 554
f 1460 1461 1013
f 993 1462 994
f 1322 1321 1463
f 1021 1464 560
f 1465 1464 1021
f 179 607 1465
f 1465 1021 179
f 1465 1466 1467
f 1467 1464 1465
f 1468 1469 607
f 1468 607 1068
f 1468 1470 1469
f 1468 1068 608
f 1471 1467 1472
f 1469 1467 1471
f 1473 605 604
f 1025 1473 604
f 1474 1475 1025
f 1474 1024 1476
f 1474 1025 1024
f 1477 570 569
f 1027 1477 569
f 1478 1035 568
f 568 570 1478
f 1478 1028 1035
f 1478 1027 1028
f 570 1477 1478
f 1478 1477 1027
f 1031 1030 1479
f 1479 1038 1031
f 1479 1046 1038
f 1480 573 569
f 1481 572 568
f 1034 1481 568
f 1481 1034 572
f 1036 1035 1482
f 1035 1483 1482
f 1482 1483 1043
f 1482 1046 1484
f 572 1485 499
f 1486 1037 1038
f 1037 1486 1039
f 775 1041 1487
f 1487 1041 182
f 1487 774 775
f 1487 182 184
f 1487 184 774
f 182 1488 183
f 1488 1041 183
f 1488 182 1041
f 1044 1489 1028
f 1028 1489 1035
f 1489 1483 1035
f 1490 183 1042
f 1490 1044 183
f 1042 1043 1490
f 1490 1043 1483
f 1483 1489 1490
f 1490 1489 1044
f 1491 1043 1045
f 1491 1045 1046
f 1491 1482 1043
f 1046 1482 1491
f 1492 580 1048
f 1492 1493 1494
f 1492 1048 50
f 1492 50 11
f 11 1071 1492
f 1492 1071 601
f 1492 601 1402
f 1492 1402 784
f 1492 784 579
f 579 1493 1492
f 1053 1495 577
f 1496 1495 1497
f 1495 1496 577
f 1496 579 577
f 1496 1493 579
f 1498 1494 1493
f 788 1498 334
f 1499 580 1050
f 1050 1049 1499
f 1499 1049 580
f 581 580 1500
f 1049 1500 580
f 1500 1052 581
f 1500 1049 1052
f 1051 1050 1501
f 1502 1228 1051
f 1051 1501 1502
f 1502 1503 1492
f 1504 593 195
f 1055 1504 195
f 1505 242 243
f 1505 1506 1108
f 596 1056 1507
f 595 596 1507
f 1507 687 595
f 1507 585 687
f 1507 203 585
f 1507 1056 203
f 593 1508 1509
f 1509 1058 593
f 591 1058 1509
f 1059 1510 599
f 1510 1062 599
f 1510 1059 590
f 1061 1510 590
f 1510 1061 1511
f 1510 597 1062
f 1467 1512 1472
f 1512 1466 1472
f 1512 1467 1466
f 1513 1514 603
f 600 1513 603
f 1513 600 567
f 567 609 1513
f 1515 1067 603
f 1514 1515 603
f 1516 339 1517
f 1516 1518 339
f 1516 1517 1518
f 1519 339 1518
f 1519 347 339
f 1519 793 347
f 793 1519 1520
f 1520 1519 1518
f 1520 1518 1517
f 614 1521 344
f 1521 1072 344
f 1074 1072 1521
f 1077 1522 1076
f 793 1520 1522
f 346 793 1522
f 1522 343 346
f 1522 1077 343
f 1523 1078 618
f 1523 618 1214
f 1098 1099 1524
f 1524 1100 1098
f 1524 619 621
f 1524 1099 619
f 1525 1083 1082
f 1082 1084 1525
f 1525 634 219
f 1525 1084 634
f 1525 134 136
f 1525 219 134
f 1525 136 135
f 623 1526 620
f 1527 1092 1106
f 1527 1106 1528
f 623 1092 1527
f 1527 1526 623
f 1528 1526 1527
f 212 1093 1529
f 1529 1093 218
f 621 1210 1530
f 1530 1210 1531
f 1530 1524 621
f 1530 1100 1524
f 638 1101 1532
f 1532 1101 794
f 16 1532 17
f 1532 16 441
f 441 638 1532
f 1532 794 17
f 1533 1105 1104
f 1104 442 1533
f 1105 1533 1106
f 1533 442 444
f 1095 1533 444
f 1534 1109 1108
f 640 1109 1534
f 1535 1109 640
f 1535 640 232
f 232 649 1535
f 1535 649 650
f 1536 1135 1111
f 1110 1537 1111
f 1537 1536 1111
f 1113 1536 1537
f 1537 1110 1014
f 1538 1539 657
f 236 655 1539
f 1539 655 657
f 1540 863 1538
f 1540 1014 1013
f 1114 1541 92
f 1542 1543 1129
f 1542 1544 1543
f 1542 1129 738
f 738 1203 1542
f 1545 661 663
f 1546 1117 1119
f 1547 1128 1129
f 1548 1177 1127
f 1548 1126 645
f 1126 1548 1127
f 645 1116 1548
f 1116 1178 1548
f 1548 1178 1177
f 1549 1177 1179
f 1128 1549 736
f 1550 1127 1177
f 1128 1547 1550
f 1550 1549 1128
f 1177 1549 1550
f 1551 658 238
f 1536 1551 1135
f 1134 1552 1112
f 1457 1552 1458
f 1552 1457 1112
f 1553 1132 662
f 661 1553 662
f 1554 1546 1119
f 1554 1544 1546
f 1555 1133 1130
f 1555 1556 1133
f 1557 1138 647
f 1064 1557 237
f 1557 1064 1138
f 1557 1132 237
f 662 1132 1557
f 1557 660 662
f 647 660 1557
f 1558 1140 1559
f 1558 1139 22
f 1558 22 21
f 21 1140 1558
f 1141 1560 1144
f 1560 1559 1140
f 1561 674 677
f 677 1147 1561
f 1561 1173 674
f 1145 1173 1561
f 1562 664 1563
f 1562 752 258
f 258 692 1562
f 1564 316 1563
f 664 665 1564
f 1564 1563 664
f 1565 1563 316
f 259 752 1565
f 1566 1147 667
f 667 1148 1566
f 1566 1561 1147
f 1566 1148 1143
f 1143 1145 1566
f 1145 1561 1566
f 1567 1184 694
f 1149 1567 666
f 1567 694 668
f 666 1567 668
f 1151 1153 1568
f 1568 1569 1151
f 1570 665 670
f 1571 1572 1573
f 1574 1121 643
f 1571 1573 1575
f 1575 1573 1576
f 1577 1576 1574
f 1578 679 678
f 1578 1160 679
f 1579 1580 1581
f 1160 1581 1161
f 1161 1581 245
f 1581 1108 1506
f 1581 1580 1108
f 1582 185 1166
f 1582 1166 1169
f 186 185 1582
f 1582 1169 186
f 1583 1175 1146
f 1583 1176 1175
f 1583 1144 1176
f 1583 1142 1144
f 1146 1142 1583
f 1584 1176 297
f 1585 1176 1144
f 1585 741 1176
f 1585 1140 741
f 1144 1560 1585
f 1585 1560 1140
f 1586 1174 1175
f 1586 1587 1588
f 1174 1586 1172
f 1589 1572 1590
f 1590 1572 1571
f 1591 1590 1571
f 1592 1593 224
f 1592 224 226
f 1592 226 1122
f 1122 1123 1592
f 1123 1593 1592
f 1115 1594 1116
f 1595 1593 1123
f 1595 1573 1572
f 1596 1597 728
f 695 1597 1596
f 1598 1181 332
f 698 1181 1598
f 269 698 1599
f 1599 1183 269
f 698 1598 1599
f 1600 697 263
f 697 1600 391
f 1600 1182 391
f 1600 1599 1598
f 694 1184 1601
f 1601 1184 1186
f 279 278 1602
f 1602 278 705
f 1603 273 72
f 1603 1188 273
f 72 74 1603
f 74 700 1603
f 1604 1189 703
f 1604 1605 1459
f 1604 703 1605
f 1606 555 1010
f 1606 1605 555
f 1606 1010 1012
f 1459 1605 1606
f 1606 1457 1459
f 1012 1457 1606
f 1607 1191 1190
f 1190 1189 1607
f 1189 1604 1607
f 96 701 1608
f 701 1191 1608
f 1608 642 96
f 1191 1607 1608
f 702 1192 1609
f 555 1605 1609
f 703 702 1609
f 1609 552 555
f 1609 1192 552
f 1609 1605 703
f 118 1196 1610
f 1610 1196 720
f 1610 119 118
f 1610 720 119
f 1611 720 719
f 1611 1197 720
f 284 1611 28
f 1611 719 28
f 1611 284 711
f 711 717 1611
f 717 1197 1611
f 287 1200 1612
f 1612 1200 727
f 1612 291 287
f 1612 727 291
f 290 734 1613
f 1202 1613 734
f 1613 1202 293
f 293 731 1613
f 731 732 1613
f 1613 289 290
f 1613 732 289
f 1614 742 299
f 1204 1614 299
f 222 223 1615
f 1615 1204 222
f 300 742 1616
f 1616 1206 300
f 88 1206 1617
f 1617 86 88
f 1618 1619 1620
f 1618 618 68
f 1618 1214 618
f 1618 1620 1214
f 1213 1621 362
f 1622 1213 1214
f 1623 839 749
f 1623 749 1216
f 1623 1216 839
f 1624 1222 754
f 1223 1222 1624
f 755 1223 1625
f 1625 1224 755
f 1625 1223 1226
f 1226 1221 1625
f 1625 1221 1224
f 1626 1225 1226
f 1223 1626 1226
f 1227 1627 1228
f 1627 1052 1051
f 1627 1051 1228
f 1628 53 1229
f 1628 1229 1629
f 1628 54 53
f 1630 1230 1629
f 1630 1229 759
f 1630 759 1631
f 1630 1631 110
f 112 1630 110
f 1230 1630 112
f 1632 760 321
f 1632 321 110
f 1632 319 760
f 110 1631 1632
f 1632 759 319
f 1632 1631 759
f 1633 110 321
f 1633 1232 110
f 1633 321 111
f 111 1232 1633
f 770 1237 1634
f 1236 1634 772
f 1634 1236 770
f 1634 1237 1039
f 1634 1239 772
f 1039 1239 1634
f 124 1237 1635
f 1635 1237 770
f 1636 1241 777
f 1636 777 776
f 106 1241 1636
f 1636 776 323
f 1636 323 106
f 1637 785 786
f 1637 1242 785
f 776 1637 786
f 1637 776 778
f 1637 778 777
f 1242 1637 777
f 1638 1254 795
f 1639 797 800
f 1639 800 1257
f 1252 1640 1254
f 1640 1255 1254
f 350 1255 1640
f 1641 352 802
f 1641 1258 352
f 1641 802 798
f 798 1258 1641
f 1642 1256 802
f 1256 1642 1253
f 1642 1643 1253
f 1644 1640 1252
f 1645 1259 1260
f 1259 1645 1262
f 1646 1259 1262
f 1646 353 898
f 898 1375 1647
f 904 903 1647
f 1647 903 1259
f 1647 1646 898
f 1647 1259 1646
f 1263 1648 36
f 905 902 1648
f 1377 1648 902
f 1648 133 36
f 1648 1377 133
f 1649 1264 905
f 1649 132 34
f 1649 1263 132
f 1266 1264 1649
f 1649 1267 1266
f 1650 1266 1265
f 1650 1264 1266
f 893 1650 1265
f 33 450 1651
f 450 449 1651
f 34 33 1651
f 449 1370 1651
f 1651 1370 1267
f 1651 1649 34
f 1649 1651 1267
f 1652 1281 803
f 1652 1653 1281
f 1652 803 1653
f 804 1654 805
f 1654 804 1289
f 1654 803 805
f 1655 806 713
f 1656 1279 807
f 1279 1656 816
f 816 1656 1657
f 1657 1656 807
f 1658 812 809
f 1271 1658 809
f 733 812 1658
f 1658 1271 733
f 1659 835 735
f 1659 1271 835
f 735 733 1659
f 733 1271 1659
f 1660 813 818
f 1272 1660 818
f 708 813 1660
f 1660 712 708
f 1660 1272 712
f 1661 1277 1275
f 1661 1274 816
f 1274 1661 1275
f 1661 1657 1662
f 816 1657 1661
f 1662 1663 1661
f 1664 1278 1276
f 1664 1276 1663
f 1278 1664 1285
f 765 1280 1665
f 1666 1283 765
f 765 1665 1666
f 1666 1280 1282
f 1666 1665 1280
f 768 1283 1667
f 1667 1283 1285
f 1668 1282 1281
f 1668 1284 1282
f 1668 1281 1653
f 1653 1284 1668
f 1669 1284 1285
f 1669 1282 1284
f 1285 1283 1669
f 1669 1666 1282
f 1283 1666 1669
f 1670 1284 1653
f 1670 1653 803
f 1270 1278 1670
f 1278 1284 1670
f 1670 1268 1270
f 1670 1289 1268
f 1671 1655 713
f 1671 1672 1655
f 1673 1287 826
f 822 821 1673
f 1673 821 1293
f 1673 1293 1287
f 1674 804 338
f 1675 1674 338
f 338 789 1676
f 1676 1675 338
f 1676 789 791
f 1291 1288 1676
f 1292 1676 791
f 1676 1292 1291
f 1677 1291 348
f 1677 348 1290
f 1677 1288 1291
f 1678 208 210
f 210 1294 1678
f 1678 827 208
f 1678 1294 827
f 1679 1296 1219
f 1679 840 382
f 1296 1679 382
f 1679 1219 1220
f 1679 749 840
f 1679 1220 749
f 811 818 1680
f 818 1297 1680
f 1680 1297 378
f 1680 835 811
f 1680 378 835
f 395 397 1681
f 397 1301 1681
f 1681 868 395
f 846 1302 1682
f 1682 1303 846
f 1682 395 868
f 1682 868 870
f 1683 865 846
f 846 1303 1683
f 1683 1353 865
f 1353 1683 1303
f 870 871 1684
f 871 1303 1684
f 1684 1682 870
f 1684 1303 1682
f 1685 458 850
f 1685 1306 458
f 1306 1685 850
f 1686 1310 1002
f 1001 1686 1002
f 1687 1309 1308
f 1309 1687 1688
f 1688 1689 1690
f 403 1300 1691
f 1691 1300 406
f 1691 406 127
f 1316 1319 1692
f 1692 1314 1316
f 1692 1317 1314
f 1319 1320 1692
f 1321 1320 1693
f 1313 1312 1693
f 1693 1318 853
f 1693 1324 1321
f 1312 1324 1693
f 1693 1311 1313
f 853 1311 1693
f 1694 1323 1312
f 470 469 1694
f 1694 469 914
f 856 1695 556
f 1695 1379 556
f 1695 1696 1394
f 1695 1394 1379
f 1697 861 65
f 1000 861 1697
f 1697 1325 1000
f 65 635 1697
f 635 1194 1697
f 1697 706 707
f 1697 1194 706
f 707 849 1698
f 1698 1697 707
f 1698 1325 1697
f 1325 1698 1326
f 1698 1699 1326
f 1698 849 1699
f 1700 1329 1332
f 1332 1461 1700
f 1700 1333 1329
f 1333 1700 554
f 1700 1460 554
f 1461 1460 1700
f 864 863 1701
f 1013 1461 1701
f 1701 863 1540
f 1701 1540 1013
f 1343 1344 1702
f 1703 1348 1704
f 1704 1348 1351
f 1705 464 466
f 1705 1348 1703
f 1705 1703 130
f 130 464 1705
f 1706 1707 1708
f 1356 1357 1709
f 1710 1353 423
f 1710 423 422
f 1711 876 1366
f 1711 1355 876
f 1711 1366 1355
f 1712 1355 1366
f 1712 1357 1355
f 1367 1712 1366
f 1712 1367 1357
f 1713 1708 1707
f 1713 1714 1359
f 1715 1361 1716
f 1713 1716 1708
f 1716 1361 435
f 1716 1358 1715
f 435 887 1716
f 887 1708 1716
f 1359 1358 1716
f 1716 1713 1359
f 1717 1362 1360
f 429 1718 163
f 1718 1362 163
f 1718 1361 1715
f 1718 1715 1358
f 1358 1362 1718
f 1719 1363 1364
f 1364 1357 1719
f 1719 1357 1367
f 1719 1367 880
f 1719 880 1363
f 1720 901 1371
f 1720 1375 901
f 1721 1375 1720
f 1347 1721 1720
f 1720 1371 1347
f 1373 1722 1374
f 1722 1721 1347
f 1722 1373 1721
f 1373 1723 1721
f 907 1723 908
f 1723 1373 908
f 1647 1723 904
f 1723 902 904
f 902 1723 907
f 908 1374 1724
f 1724 1378 1376
f 1724 906 908
f 1724 1376 906
f 1725 1384 1383
f 920 919 1725
f 1725 1383 920
f 1726 496 480
f 932 1726 480
f 934 1726 932
f 1727 1386 921
f 919 918 1727
f 918 1386 1727
f 1387 1728 482
f 485 483 1728
f 482 1728 483
f 1728 916 485
f 1729 1387 922
f 1730 1391 978
f 1730 1388 1391
f 1730 530 1388
f 1730 977 525
f 978 977 1730
f 530 1730 525
f 1731 1732 1391
f 1388 1731 1391
f 1731 925 1732
f 1731 924 925
f 484 924 1731
f 920 1383 1733
f 1389 1733 1383
f 1733 486 920
f 1733 1389 486
f 1734 1383 1382
f 1734 1389 1383
f 1734 1391 1732
f 1734 1390 1391
f 1382 1390 1734
f 1735 1732 925
f 925 1389 1735
f 1735 1734 1732
f 1734 1735 1389
f 1736 1737 1738
f 1736 489 181
f 1736 181 1737
f 1739 491 1738
f 1739 1738 1737
f 1740 491 180
f 1740 180 1738
f 1740 1738 491
f 1741 927 929
f 1742 930 931
f 1742 931 1393
f 1742 1393 930
f 1743 1381 1384
f 1743 1396 917
f 917 1381 1743
f 1744 1405 510
f 949 1405 1744
f 1744 510 511
f 511 949 1744
f 936 937 1745
f 1745 1405 936
f 1746 950 498
f 498 1406 1746
f 1747 1748 951
f 1749 1750 1412
f 1751 966 518
f 1751 1412 966
f 1752 951 515
f 1752 515 514
f 1410 1752 514
f 1753 1413 959
f 1402 601 1753
f 601 603 1753
f 1401 1753 959
f 1753 1401 1402
f 603 607 1753
f 1753 607 181
f 181 43 1753
f 43 539 1753
f 171 1413 1753
f 1753 539 527
f 1753 1754 171
f 527 526 1753
f 526 1755 1753
f 1756 1408 1750
f 1408 1756 1409
f 1756 967 1409
f 1756 1757 967
f 958 972 1758
f 1759 1416 967
f 1757 1759 967
f 972 1416 1759
f 1759 1758 972
f 1760 1759 1757
f 523 521 1761
f 1761 1418 523
f 973 1761 521
f 1761 973 168
f 975 1418 1761
f 1762 958 954
f 954 1420 1762
f 1762 1419 958
f 1420 1419 1762
f 525 977 1763
f 1763 1753 1755
f 1753 1763 1754
f 1763 977 171
f 1754 1763 171
f 1763 526 525
f 1763 1755 526
f 1764 1430 1765
f 1765 1766 1764
f 1765 1429 1767
f 1430 1429 1765
f 1768 564 566
f 1427 1425 1769
f 1769 1425 985
f 1769 985 1452
f 1769 1452 1451
f 1769 1451 1427
f 1770 1771 1456
f 1771 1447 1456
f 1772 1428 987
f 1773 1432 990
f 1773 1774 1432
f 1775 1431 858
f 996 1775 997
f 1775 858 997
f 1776 550 545
f 1776 1777 1778
f 1777 1776 545
f 1779 541 1426
f 541 1779 234
f 1779 1062 234
f 1780 1066 1063
f 1063 1062 1780
f 1781 1515 1514
f 1782 1783 994
f 1462 1782 994
f 992 1784 1437
f 1434 1784 992
f 1785 994 1783
f 1785 1434 994
f 1786 1436 1437
f 1436 1786 995
f 1786 1787 995
f 1787 1786 1437
f 1788 1789 1439
f 1309 1688 1788
f 1788 1688 1789
f 1790 1452 985
f 1791 1790 985
f 982 1423 1792
f 1792 1441 982
f 1441 1792 1793
f 1794 983 1441
f 1794 1795 983
f 1796 1332 1330
f 1796 1444 1332
f 1796 1330 860
f 1796 860 1004
f 1332 1444 1797
f 1797 1461 1332
f 1797 1446 864
f 1797 1444 1446
f 1701 1797 864
f 1797 1701 1461
f 1798 1793 1445
f 1799 1796 1004
f 1438 1440 1800
f 1442 1800 1003
f 1800 1442 1438
f 1801 1802 1803
f 548 984 1804
f 984 1454 1804
f 1804 549 548
f 1804 989 549
f 1805 1019 1020
f 993 1435 1805
f 1805 1435 1019
f 1463 1806 1807
f 414 559 1806
f 1808 1321 1324
f 1808 1463 1321
f 1808 1806 1463
f 1808 1324 415
f 1808 415 414
f 414 1806 1808
f 1809 1467 560
f 560 1464 1809
f 1809 1464 1467
f 1810 1465 607
f 1466 1465 1810
f 1472 1466 1810
f 1810 1471 1472
f 1810 607 1469
f 1469 1471 1810
f 1811 561 560
f 1811 1023 561
f 1023 1811 180
f 1811 1738 180
f 1812 1025 1475
f 1470 1468 1812
f 1813 1812 1475
f 1470 1812 1813
f 605 1473 1814
f 1814 1473 1025
f 1815 1816 1817
f 1815 1818 1816
f 1819 1818 1815
f 1820 569 1033
f 1820 1480 569
f 573 1480 1820
f 1820 1033 572
f 1034 1821 572
f 1821 1485 572
f 1485 1821 499
f 784 1401 1821
f 1821 1401 499
f 1045 1822 1038
f 1822 1486 1038
f 1822 1045 775
f 1822 775 1239
f 1822 1239 1039
f 1486 1822 1039
f 1823 1824 1493
f 1496 1823 1493
f 1825 1492 1494
f 1494 1498 1825
f 1825 1498 1492
f 1824 1823 1826
f 576 780 1826
f 780 779 1826
f 1826 1497 1495
f 1826 1053 576
f 1826 1495 1053
f 1827 1493 1824
f 1827 1498 1493
f 1824 1826 1827
f 1827 1826 779
f 1827 779 334
f 334 1498 1827
f 1828 1501 1050
f 1828 1492 1501
f 1050 580 1828
f 1492 1828 580
f 1502 1829 1503
f 1829 1502 1501
f 1829 1492 1503
f 1829 1501 1492
f 1830 1492 1498
f 1830 1502 1492
f 1228 1502 1830
f 1830 1498 788
f 336 1228 1830
f 1830 788 336
f 1831 1504 1055
f 1831 1107 1508
f 1831 1508 593
f 1504 1831 593
f 1831 1108 1107
f 1831 1505 1108
f 1832 1055 242
f 1505 1832 242
f 1832 1831 1055
f 1832 1505 1831
f 1833 1505 243
f 1505 1833 1506
f 1833 1581 1506
f 650 651 1834
f 1834 1835 650
f 1835 1834 1836
f 1835 1535 650
f 1109 1535 1835
f 1837 1511 1061
f 1836 1834 1837
f 1838 1510 1511
f 1065 597 1838
f 1510 1838 597
f 1839 1513 609
f 1513 1839 1514
f 1839 609 1817
f 1839 1781 1514
f 1817 1816 1839
f 1816 1781 1839
f 1840 1515 1476
f 1840 1067 1515
f 1476 1024 1840
f 1067 1840 1024
f 614 1075 1841
f 1841 1521 614
f 1074 1521 1841
f 1076 1522 1842
f 1842 1522 1520
f 1079 1078 1843
f 1523 1843 1078
f 1843 1214 1079
f 1843 1523 1214
f 1844 1525 135
f 1844 135 1081
f 1845 1526 1528
f 1846 1847 1088
f 1848 1528 1106
f 1846 1848 1106
f 1531 1619 1849
f 1849 1530 1531
f 1849 1618 68
f 1619 1618 1849
f 68 71 1849
f 71 1100 1849
f 1530 1849 1100
f 1850 1846 1106
f 1533 1850 1106
f 1851 1537 1014
f 1851 1538 657
f 657 1113 1851
f 1113 1537 1851
f 1540 1851 1014
f 1851 1540 1538
f 1852 641 236
f 236 1539 1852
f 1852 1327 641
f 1852 1853 1327
f 1541 1854 92
f 92 1854 94
f 1854 740 94
f 1854 1203 740
f 1855 1541 1114
f 1855 1542 1203
f 1203 1854 1855
f 1855 1854 1541
f 1114 1546 1855
f 1855 1544 1542
f 1855 1546 1544
f 1856 1546 1114
f 1546 1856 1117
f 1856 1114 90
f 90 1117 1856
f 1857 1547 1545
f 663 1125 1857
f 1857 1545 663
f 1857 1125 1127
f 1857 1127 1550
f 1857 1550 1547
f 1858 1552 1134
f 1859 1135 1551
f 1556 1859 1133
f 1859 238 1133
f 1859 1551 238
f 1860 1551 1536
f 1860 1113 656
f 1860 1536 1113
f 1860 656 1137
f 1860 1137 658
f 658 1551 1860
f 1861 752 1562
f 1861 1562 1563
f 1861 1565 752
f 1861 1563 1565
f 1862 1567 1149
f 1862 1149 664
f 1863 1565 316
f 314 1863 316
f 259 1565 1863
f 1863 314 259
f 1864 1153 1154
f 1864 1568 1153
f 1154 248 1864
f 248 1168 1864
f 1865 1152 370
f 370 1054 1865
f 316 1564 1866
f 1866 1564 665
f 1570 1866 665
f 1867 1158 675
f 1867 1591 1158
f 1170 1867 675
f 1867 1170 1171
f 1120 1868 643
f 1868 1574 643
f 1868 1577 1574
f 1868 1120 233
f 1121 1574 1869
f 1573 1595 1869
f 1869 1576 1573
f 1869 1574 1576
f 1123 1121 1869
f 1869 1595 1123
f 1870 1575 1579
f 1158 1591 1870
f 1870 1591 1571
f 1571 1575 1870
f 640 1871 233
f 1871 1868 233
f 1577 1868 1871
f 1872 1580 1579
f 1575 1872 1579
f 1872 1575 1576
f 1577 1872 1576
f 1578 1873 1160
f 678 1158 1873
f 1873 1578 678
f 1873 1870 1579
f 1158 1870 1873
f 1579 1581 1873
f 1873 1581 1160
f 296 737 1874
f 737 1584 1874
f 1874 297 296
f 1874 1584 297
f 1587 1875 1588
f 1178 1875 1179
f 1875 1587 1179
f 1876 1586 1175
f 1876 1587 1586
f 1877 1173 1172
f 1171 1173 1877
f 1878 1590 1591
f 1867 1878 1591
f 1594 1879 1589
f 1593 1595 1879
f 1879 1572 1589
f 1879 1595 1572
f 1880 1594 1115
f 1880 1124 224
f 1124 1880 1115
f 224 1593 1880
f 1593 1879 1880
f 1880 1879 1594
f 1881 728 726
f 1881 1596 728
f 1881 726 725
f 1882 1558 1559
f 1882 1139 1558
f 1883 725 1200
f 1884 1141 1143
f 1884 1143 1148
f 1885 1244 325
f 1885 325 327
f 327 1182 1885
f 1182 1600 1885
f 1885 1600 1598
f 263 1183 1886
f 1886 1600 263
f 1183 1599 1886
f 1600 1886 1599
f 1185 1187 1887
f 1186 1185 1887
f 1887 1601 1186
f 1887 695 694
f 694 1601 1887
f 1888 1889 1890
f 1620 1619 1891
f 1891 1619 1531
f 700 1892 1893
f 1892 700 1212
f 1085 1894 1895
f 1894 1602 1888
f 1894 1085 279
f 279 1602 1894
f 1188 1603 1896
f 1889 1896 1893
f 1896 1889 1888
f 1896 700 1893
f 1896 1603 700
f 1897 1607 1898
f 1458 1899 1898
f 1898 1899 1897
f 1459 1458 1898
f 1898 1604 1459
f 1898 1607 1604
f 1900 1204 1615
f 1900 1615 223
f 1900 1607 1897
f 223 642 1900
f 642 1608 1900
f 1900 1608 1607
f 1901 1205 86
f 1617 1901 86
f 1902 1617 1206
f 1903 1554 1119
f 1904 1614 1204
f 742 1614 1904
f 1904 1900 1897
f 1900 1904 1204
f 1905 1212 306
f 1905 1906 1212
f 306 304 1905
f 1211 1905 304
f 1907 361 362
f 1621 1907 362
f 361 1907 25
f 1907 23 25
f 1908 1214 1620
f 1908 1622 1214
f 1909 1621 1213
f 1213 1622 1909
f 1909 1907 1621
f 1225 1626 1910
f 1910 756 581
f 1910 581 1225
f 757 756 1910
f 754 1231 1910
f 1910 1231 757
f 1910 1624 754
f 1223 1624 1910
f 1910 1626 1223
f 1911 1627 1227
f 1911 330 751
f 331 330 1911
f 1911 1227 331
f 1629 1230 1912
f 1912 1628 1629
f 1912 1230 582
f 54 1628 1912
f 1912 582 54
f 1629 1229 1913
f 1913 1630 1629
f 1913 1229 1630
f 1250 1249 1914
f 1914 1249 1254
f 1914 1254 1638
f 1076 1842 1914
f 1914 1842 1250
f 1914 1075 1076
f 1914 1638 1075
f 1915 1638 795
f 1638 1915 1075
f 1915 1841 1075
f 1916 1257 1250
f 1916 1639 1257
f 1916 1250 1842
f 1916 1842 1520
f 1916 1520 1517
f 1639 1916 1517
f 1917 1517 797
f 1639 1917 797
f 1917 1639 1517
f 1918 1262 1645
f 1918 1645 1260
f 1919 893 18
f 1919 1644 893
f 1640 1644 1919
f 350 1640 1919
f 1919 18 17
f 17 350 1919
f 1920 1262 351
f 1920 1646 1262
f 1920 351 353
f 1646 1920 353
f 905 1648 1921
f 1921 1648 1263
f 1921 1649 905
f 1649 1921 1263
f 1644 1922 893
f 1922 1650 893
f 1922 1644 1252
f 1922 1252 1253
f 1253 1643 1922
f 1654 1923 803
f 1923 1654 1289
f 1923 1670 803
f 1289 1670 1923
f 1924 1925 1926
f 1924 1663 1662
f 1924 1926 1663
f 1655 1927 806
f 807 806 1927
f 1927 1928 807
f 1929 1655 1672
f 1929 1927 1655
f 1929 1924 1662
f 1924 1929 1672
f 1930 1276 1277
f 1661 1930 1277
f 1930 1663 1276
f 1930 1661 1663
f 1663 1926 1931
f 1931 1664 1663
f 1664 1931 1285
f 1932 1931 1926
f 1932 769 768
f 768 1667 1932
f 1932 1667 1285
f 1931 1932 1285
f 713 1286 1933
f 1933 1671 713
f 1934 285 27
f 27 1935 1934
f 1934 1286 285
f 1934 1933 1286
f 1933 1934 1935
f 1936 826 822
f 1673 1936 822
f 1936 1673 826
f 1937 1674 1675
f 1937 1675 1938
f 1674 1937 804
f 1937 1938 804
f 1939 1676 1288
f 1939 1288 1289
f 1676 1939 1675
f 1939 1938 1675
f 1939 1289 804
f 804 1938 1939
f 1940 367 822
f 1940 1290 367
f 1940 1941 1290
f 1940 822 825
f 825 1275 1940
f 1940 1275 1277
f 1277 1941 1940
f 1269 1942 1277
f 1942 1941 1277
f 1288 1942 1269
f 1677 1942 1288
f 1942 1677 1290
f 1942 1290 1941
f 1943 1301 845
f 1943 1681 1301
f 1943 1336 869
f 869 868 1943
f 868 1681 1943
f 30 1336 1943
f 1943 845 30
f 1944 1302 396
f 1944 1682 1302
f 1944 396 395
f 1682 1944 395
f 1945 1306 850
f 1945 850 1699
f 402 401 1945
f 216 402 1945
f 1945 401 848
f 848 1306 1945
f 1945 849 216
f 1945 1699 849
f 1946 1439 1789
f 1688 1946 1789
f 1946 1688 1690
f 1947 1690 1689
f 1948 1320 1322
f 1322 1949 1948
f 1948 1692 1320
f 1315 1317 1948
f 1692 1948 1317
f 1948 1950 1315
f 1950 1948 1949
f 1950 1691 127
f 1950 1949 1951
f 1950 1952 1691
f 1953 1954 1955
f 1956 1949 1322
f 1956 1951 1949
f 1463 1956 1322
f 1956 1953 1951
f 1954 1953 1956
f 1956 1463 1807
f 1807 1954 1956
f 1689 1957 1955
f 1957 1953 1955
f 1957 1689 1688
f 1957 1688 1687
f 1686 1958 1310
f 1959 1958 1686
f 403 1691 1960
f 1960 851 403
f 1961 850 851
f 1326 1699 1961
f 1961 1699 850
f 1318 1962 1319
f 1962 1318 1693
f 1962 1320 1319
f 1962 1693 1320
f 1963 1312 470
f 470 1694 1963
f 1963 1694 1312
f 856 1323 1964
f 1964 1695 856
f 1323 1694 1964
f 1696 1695 1964
f 1965 1966 1696
f 1965 1696 1967
f 1968 1853 862
f 1350 1969 1351
f 1970 1971 1972
f 1971 1714 1972
f 1973 1970 1974
f 1973 1974 1374
f 1973 1374 1722
f 1347 1346 1973
f 1973 1722 1347
f 1975 1704 1351
f 1351 1969 1975
f 1975 1970 1972
f 1975 1969 1970
f 1976 1348 1705
f 1348 1976 1349
f 1976 1705 466
f 1976 468 1349
f 1976 467 468
f 467 1976 466
f 1706 1977 1707
f 1977 1713 1707
f 1714 1713 1977
f 129 1978 425
f 1978 887 425
f 1978 1708 887
f 1978 1706 1708
f 1359 1979 1360
f 1979 1709 1360
f 1980 1360 1709
f 1980 1709 1357
f 1980 1357 1364
f 1980 1717 1360
f 1980 1364 1717
f 865 1353 1981
f 1981 1353 1710
f 422 865 1981
f 1981 1710 422
f 1364 889 1982
f 1982 1717 1364
f 163 1362 1982
f 1362 1717 1982
f 1982 164 163
f 1982 970 164
f 1982 889 162
f 970 1982 162
f 1361 1983 888
f 1718 1983 1361
f 1983 1718 429
f 1983 429 430
f 1983 430 888
f 1984 1375 1721
f 1723 1984 1721
f 1984 1647 1375
f 1984 1723 1647
f 1985 1724 1374
f 1724 1985 1378
f 1985 1986 1378
f 909 1378 1987
f 1986 1987 1378
f 468 909 1987
f 1349 468 1987
f 1987 1350 1349
f 1987 1986 1350
f 1988 1725 921
f 1988 921 496
f 496 1726 1988
f 1384 1725 1988
f 1988 1743 1384
f 1988 1396 1743
f 1988 934 1396
f 1988 1726 934
f 1989 1727 921
f 1989 1725 919
f 1989 921 1725
f 1966 1728 1990
f 1990 1728 1387
f 1991 922 923
f 923 1729 1991
f 1991 1729 922
f 1729 1992 1387
f 1992 1729 923
f 923 1395 1992
f 1395 1394 1992
f 1993 1388 531
f 1993 1731 1388
f 1993 531 484
f 1731 1993 484
f 1994 491 1739
f 1994 1739 1737
f 181 491 1994
f 1994 1737 181
f 1995 1741 929
f 1393 1995 1379
f 1995 929 557
f 1995 557 1379
f 937 950 1996
f 1996 1745 937
f 1996 950 1405
f 1996 1405 1745
f 1997 1406 950
f 1997 950 1746
f 1997 1746 1406
f 957 956 1998
f 1998 1410 957
f 1998 1752 1410
f 1998 1747 951
f 951 1752 1998
f 1999 1749 1412
f 1999 1412 1751
f 1999 1751 1748
f 1750 1749 1999
f 951 1748 2000
f 1751 2000 1748
f 518 951 2000
f 2000 1751 518
f 2001 1759 1760
f 2001 1748 1747
f 2001 1760 1748
f 975 1761 2002
f 1761 2003 2002
f 2002 1419 975
f 2002 2003 1419
f 2004 1761 168
f 2004 2003 1761
f 2004 168 972
f 2004 972 958
f 1419 2004 958
f 2003 2004 1419
f 2005 1430 1764
f 2006 1764 1766
f 2007 1782 2008
f 2009 2008 2010
f 2011 2009 2012
f 562 2013 563
f 1421 2013 562
f 2014 2015 2016
f 2016 1768 2014
f 2014 1768 566
f 2014 2013 2015
f 2014 566 563
f 2014 563 2013
f 2017 609 564
f 2017 564 1768
f 2017 1817 609
f 2017 1815 1817
f 2018 2016 2015
f 1428 1772 2019
f 2020 2021 2022
f 1432 1774 2023
f 2024 559 416
f 2024 1801 559
f 2025 2026 2021
f 1774 1773 2027
f 2027 1448 1774
f 2027 1009 1449
f 2027 1449 1448
f 1775 2028 1431
f 1431 2028 990
f 2028 1773 990
f 2028 2026 1773
f 2021 2026 2029
f 2026 2028 2029
f 2029 2022 2021
f 2029 1787 2022
f 2030 1776 1778
f 2031 2032 2033
f 2031 1777 2032
f 2031 2034 1778
f 2031 1778 1777
f 2035 598 1066
f 2036 2037 2038
f 2038 2037 2039
f 2040 2041 2042
f 2043 1784 1434
f 1784 2043 1437
f 2043 1787 1437
f 1787 2043 2022
f 2044 1439 1438
f 2044 1788 1439
f 2044 1438 1309
f 1788 2044 1309
f 2045 1771 1770
f 2046 2045 2047
f 2045 2046 1771
f 2048 2049 2050
f 2048 2050 2051
f 2052 1795 1791
f 986 981 2052
f 2052 981 983
f 1795 2052 983
f 2052 985 986
f 2052 1791 985
f 1790 2053 1452
f 2053 1450 1452
f 2053 1770 1456
f 2053 1456 1450
f 2054 2049 1790
f 2054 1790 1791
f 2054 1795 2049
f 1791 1795 2054
f 2050 2055 2056
f 2057 1441 1793
f 2057 1793 1798
f 2057 1794 1441
f 2057 2055 1794
f 2058 1799 2059
f 2058 1798 1445
f 1798 2058 2059
f 1445 1444 2058
f 1444 1796 2058
f 1796 1799 2058
f 2059 1799 2060
f 1006 2060 999
f 1004 1005 2061
f 2061 1799 1004
f 2062 1006 1003
f 1003 1800 2062
f 2063 1448 1447
f 1771 2063 1447
f 2063 1771 2046
f 2064 1803 1802
f 2064 2065 1803
f 2066 1954 1807
f 2066 1955 1954
f 2067 989 1804
f 2067 1007 989
f 2067 1008 1007
f 2067 1453 1008
f 2067 1454 1453
f 2067 1804 1454
f 2068 2010 2008
f 2008 1782 2068
f 2068 1782 1462
f 2068 1475 2010
f 2068 1813 1475
f 1474 2069 1475
f 2069 2010 1475
f 2069 1474 1476
f 2070 1811 560
f 2071 2070 560
f 2070 1738 1811
f 2072 2071 560
f 560 1467 2072
f 2072 1467 1469
f 2072 2073 2071
f 2072 1470 2073
f 1469 1470 2072
f 2074 1812 1468
f 2074 1025 1812
f 2074 1814 1025
f 605 1814 2074
f 608 605 2074
f 2074 1468 608
f 2075 1805 1020
f 2075 1020 2073
f 1470 2075 2073
f 1813 2075 1470
f 2076 572 573
f 1820 2076 573
f 2076 1820 572
f 2077 1482 1484
f 1482 2077 1036
f 2077 1484 1046
f 2077 1034 1036
f 2077 1821 1034
f 2077 1032 784
f 1821 2077 784
f 1479 2077 1046
f 2077 1030 1032
f 2077 1479 1030
f 2078 1823 1496
f 2078 1826 1823
f 2078 1496 1497
f 1826 2078 1497
f 2079 243 245
f 2079 1833 243
f 2079 245 1581
f 1581 1833 2079
f 2080 1835 1836
f 2080 1509 1508
f 2080 1836 1509
f 2080 1508 1107
f 1107 1109 2080
f 1109 1835 2080
f 2081 1509 1836
f 1836 1837 2081
f 591 1509 2081
f 2081 1837 1061
f 2081 1060 591
f 1060 2081 1061
f 2082 651 659
f 659 1138 2082
f 2082 1138 1065
f 1838 2082 1065
f 2083 1511 1837
f 2083 1838 1511
f 2083 2082 1838
f 2083 1837 1834
f 2083 1834 651
f 2082 2083 651
f 2084 1083 1525
f 1525 1844 2084
f 2084 1081 1083
f 2084 1844 1081
f 2085 1845 1528
f 1848 2085 1528
f 2085 1085 1895
f 1529 1847 2086
f 2086 1095 636
f 212 1529 2086
f 2086 437 212
f 2086 636 437
f 2087 1847 1529
f 218 1094 2087
f 2087 1529 218
f 2087 1094 1088
f 1088 1847 2087
f 2088 1847 1846
f 1846 1850 2088
f 2086 2088 1095
f 2088 2086 1847
f 2088 1533 1095
f 2088 1850 1533
f 2089 1853 1852
f 863 862 2089
f 862 1853 2089
f 2089 1538 863
f 2089 1539 1538
f 2089 1852 1539
f 2090 2091 1543
f 2091 1545 1547
f 1543 2091 1129
f 2091 1547 1129
f 2092 2090 1543
f 2092 1543 1544
f 1554 2092 1544
f 2093 2090 2092
f 2094 661 1545
f 2094 1553 661
f 1545 2091 2094
f 2094 2091 2090
f 2095 1858 2096
f 2097 1859 1556
f 1556 2096 2097
f 2096 1858 2097
f 1135 1859 2097
f 2097 1134 1135
f 2097 1858 1134
f 1552 2098 1458
f 2098 1899 1458
f 1858 2098 1552
f 2098 1858 2095
f 2099 1899 2098
f 2098 2095 2099
f 2100 2101 2093
f 2094 2101 1553
f 2101 2090 2093
f 2101 2094 2090
f 1553 2102 1132
f 2102 2100 1555
f 2101 2102 1553
f 2102 2101 2100
f 2102 1130 1132
f 2102 1555 1130
f 2103 1562 692
f 692 693 2103
f 693 1184 2103
f 1184 1567 2103
f 664 1562 2104
f 2104 1862 664
f 2104 1562 2103
f 1567 1862 2104
f 2104 2103 1567
f 2105 1568 1864
f 2105 1864 1168
f 2105 1168 52
f 52 51 2105
f 51 1152 2105
f 2106 1054 109
f 2106 1865 1054
f 2106 109 111
f 111 316 2106
f 316 1866 2106
f 1577 1871 2107
f 2107 1872 1577
f 1580 1872 2107
f 2107 1108 1580
f 2107 1534 1108
f 640 1534 2107
f 2107 1871 640
f 1175 1176 2108
f 2109 2108 1176
f 1176 1584 2110
f 2110 2109 1176
f 1875 2111 1588
f 1589 1590 2111
f 2111 1878 1588
f 1590 1878 2111
f 2112 1594 1589
f 1589 2111 2112
f 2112 2111 1875
f 2112 1875 1178
f 2112 1178 1116
f 2112 1116 1594
f 1876 2113 1587
f 2113 1179 1587
f 2113 1549 1179
f 736 1549 2113
f 2114 1586 1588
f 1588 1878 2114
f 1171 1877 2114
f 2114 1867 1171
f 2114 1878 1867
f 2114 1172 1586
f 2114 1877 1172
f 2115 1881 725
f 1596 1881 2115
f 1883 2115 725
f 2116 721 84
f 721 2116 287
f 2117 1884 1148
f 695 2117 668
f 2117 1148 668
f 2118 1244 1885
f 332 331 2118
f 2118 1598 332
f 2118 1885 1598
f 331 333 2118
f 333 1244 2118
f 2119 1887 1187
f 2119 1187 728
f 1888 1890 2120
f 2120 1894 1888
f 1894 2120 2121
f 1891 2122 1620
f 1526 2123 620
f 2123 1210 620
f 2123 2124 1210
f 2125 1896 1888
f 1188 1896 2125
f 2125 1888 1602
f 705 1188 2125
f 2125 1602 705
f 2126 1901 1617
f 2126 1903 1119
f 1119 1205 2126
f 1205 1901 2126
f 1617 1902 2126
f 1206 1616 2127
f 2127 1902 1206
f 2127 1616 742
f 2127 2128 1902
f 1904 2127 742
f 2129 1904 1897
f 2129 1899 2099
f 2129 1897 1899
f 2129 2099 2128
f 2127 2129 2128
f 2129 2127 1904
f 2130 833 23
f 1907 2130 23
f 1909 2130 1907
f 834 833 2130
f 2131 1908 1620
f 2131 1620 2122
f 2132 1909 1622
f 2132 2130 1909
f 1911 2133 1627
f 2133 1225 581
f 751 1225 2133
f 2133 1911 751
f 2133 581 1052
f 1627 2133 1052
f 1915 2134 1841
f 1074 1841 2134
f 795 1248 2134
f 2134 1915 795
f 14 1074 2134
f 2134 1248 14
f 2135 1642 802
f 2135 1918 1642
f 2135 802 352
f 352 1261 2135
f 2135 1261 1262
f 1262 1918 2135
f 2136 1918 1260
f 1260 1264 2136
f 1264 1650 2136
f 2136 1922 1643
f 1922 2136 1650
f 1643 1642 2136
f 1642 1918 2136
f 2137 1929 1662
f 2137 1662 1657
f 1927 2137 1928
f 1929 2137 1927
f 807 1928 2137
f 2137 1657 807
f 2138 1926 1925
f 2138 1932 1926
f 1925 2139 2140
f 2140 122 124
f 2141 1935 2139
f 2141 1933 1935
f 2141 2139 1925
f 2141 1924 1672
f 1925 1924 2141
f 2141 1672 1671
f 2141 1671 1933
f 1950 2142 1315
f 2142 854 1315
f 2142 1950 127
f 126 854 2142
f 127 126 2142
f 2143 1950 1951
f 1950 2143 1952
f 1308 1310 2144
f 1958 2144 1310
f 2145 851 1960
f 2145 1960 1959
f 2145 1961 851
f 2146 1959 1686
f 1326 1961 2146
f 2146 2145 1959
f 1961 2145 2146
f 2146 1001 1326
f 2146 1686 1001
f 2147 1967 1696
f 1696 1964 2147
f 2147 1694 914
f 2147 1964 1694
f 2148 1728 1966
f 1966 1965 2148
f 2148 916 1728
f 2148 1967 916
f 2148 1965 1967
f 1327 1853 2149
f 1853 1968 2149
f 178 1327 2149
f 2149 1968 1443
f 2149 551 178
f 2149 1443 551
f 1443 1968 2150
f 1423 1443 2150
f 2150 1792 1423
f 2151 1968 862
f 2151 862 864
f 864 1446 2151
f 2151 2150 1968
f 2152 1702 1344
f 2152 2153 1702
f 2152 875 877
f 2152 1344 875
f 876 2152 877
f 2152 876 1356
f 1356 1709 2152
f 1709 2153 2152
f 1974 1970 2154
f 1970 1969 2154
f 2154 1969 1350
f 1350 1986 2154
f 1985 2154 1986
f 1374 1974 2154
f 2154 1985 1374
f 2155 1971 1970
f 1973 2155 1970
f 1343 1702 2155
f 1702 1971 2155
f 2155 1346 1343
f 2155 1973 1346
f 2156 1702 2153
f 2156 1971 1702
f 1714 1971 2156
f 1359 1714 2156
f 2156 1979 1359
f 2156 2153 1709
f 1709 1979 2156
f 1975 2157 1704
f 2157 1975 1972
f 1972 1714 2157
f 1714 1977 2157
f 2157 1977 1706
f 1706 1978 2157
f 919 1727 2158
f 2158 1989 919
f 1989 2158 1727
f 2159 1990 1387
f 1992 2159 1387
f 1966 1990 2159
f 2159 1992 1394
f 2159 1696 1966
f 1394 1696 2159
f 1750 1999 2160
f 2160 1756 1750
f 1748 1760 2160
f 2160 1999 1748
f 1756 2160 1757
f 2160 1760 1757
f 1758 1759 2161
f 1759 2001 2161
f 2161 956 958
f 958 1758 2161
f 2161 1998 956
f 2161 1747 1998
f 2161 2001 1747
f 2162 2005 2032
f 2162 1777 545
f 2032 1777 2162
f 545 542 2162
f 2162 1430 2005
f 542 1430 2162
f 2032 2163 2033
f 2005 2163 2032
f 2163 2005 1764
f 1764 2006 2163
f 1782 2164 1783
f 2007 2164 1782
f 2009 2165 2008
f 2166 2011 2012
f 2166 1816 1818
f 2167 2168 2169
f 2167 1819 2168
f 2167 1818 1819
f 1818 2167 2170
f 2171 2172 2173
f 2013 2174 2015
f 2174 2013 1421
f 2175 1768 2016
f 2175 2017 1768
f 1815 2175 1819
f 2017 2175 1815
f 2176 2018 2177
f 2018 2176 2016
f 2176 1819 2175
f 2176 2175 2016
f 2178 2018 2179
f 2179 2037 2036
f 2179 2018 2015
f 2015 2174 2179
f 2179 2174 2037
f 2180 2181 2034
f 2180 2038 2181
f 2182 2183 2184
f 2185 2019 2186
f 2185 542 544
f 544 1428 2185
f 1428 2019 2185
f 2187 2021 2020
f 2187 2019 1772
f 2187 2025 2021
f 2187 1772 2025
f 2188 2020 2042
f 2188 2187 2020
f 2188 2186 2019
f 2019 2187 2188
f 2189 2023 1774
f 2063 2190 1448
f 2190 1774 1448
f 2190 2189 1774
f 2191 1802 1801
f 2191 1801 2024
f 2192 1773 2026
f 2026 2025 2192
f 2027 2192 1009
f 2192 2027 1773
f 995 1787 2193
f 2193 1787 2029
f 996 995 2193
f 2193 1775 996
f 2193 2028 1775
f 2193 2029 2028
f 1776 2030 2194
f 2194 1426 547
f 547 550 2194
f 550 1776 2194
f 2195 1779 1426
f 2195 1426 2194
f 2195 2194 2030
f 2034 2181 2196
f 2196 1778 2034
f 2196 2030 1778
f 2196 2181 2197
f 2034 2031 2198
f 2198 2180 2034
f 2180 2198 2184
f 2198 2031 2033
f 2035 2199 598
f 2039 2037 2199
f 2199 2035 2039
f 2199 198 598
f 2199 1421 198
f 2199 2174 1421
f 2037 2174 2199
f 2200 1066 1780
f 2200 2035 1066
f 2035 2201 2039
f 2201 2038 2039
f 2197 2181 2201
f 2201 2181 2038
f 2202 2043 1434
f 1785 2202 1434
f 2202 1785 1783
f 2202 1783 2164
f 2202 2164 2040
f 2203 2040 2042
f 2203 2022 2043
f 2203 2202 2040
f 2203 2043 2202
f 2203 2020 2022
f 2020 2203 2042
f 2204 1946 1690
f 1690 2205 2204
f 1946 2204 1439
f 2204 2205 1439
f 2206 2207 2047
f 2208 2051 2050
f 2208 2050 2056
f 2049 1795 2209
f 2209 2050 2049
f 1794 2209 1795
f 2209 1794 2055
f 2209 2055 2050
f 2210 1798 2059
f 2210 2057 1798
f 2056 2055 2210
f 2057 2210 2055
f 999 2060 2211
f 2211 2060 1799
f 2211 1005 999
f 2211 2061 1005
f 2211 1799 2061
f 2212 1689 1955
f 2212 1947 1689
f 2212 1955 2066
f 2212 2066 1803
f 2213 2207 1947
f 2212 2213 1947
f 1803 2065 2213
f 2213 2212 1803
f 2214 2047 2207
f 2214 2046 2047
f 2065 2064 2214
f 2213 2214 2207
f 2214 2213 2065
f 2215 2066 1807
f 2215 1806 559
f 2215 1807 1806
f 2215 559 1801
f 1801 1803 2215
f 2215 1803 2066
f 2216 2068 1462
f 2068 2216 1813
f 2216 2075 1813
f 1805 2075 2216
f 2216 1462 993
f 993 1805 2216
f 2069 2217 2010
f 2012 2009 2217
f 2217 2009 2010
f 2218 931 492
f 2218 1736 1738
f 492 926 2218
f 2218 926 489
f 2218 489 1736
f 2219 2073 1020
f 2219 2071 2073
f 2219 1020 927
f 927 1741 2219
f 2220 2085 1895
f 1845 2085 2220
f 1895 1894 2220
f 2220 1894 2121
f 2121 2120 2220
f 2221 1848 1846
f 2221 2085 1848
f 2221 1846 1088
f 2221 1088 1085
f 2221 1085 2085
f 2105 2222 1568
f 1865 2106 2222
f 1152 1865 2222
f 2222 2105 1152
f 2223 1569 1568
f 2223 1568 2222
f 2223 2222 2106
f 2223 1866 1570
f 2223 2106 1866
f 2109 2110 2224
f 2224 2108 2109
f 2224 2110 1584
f 2224 1876 1175
f 1175 2108 2224
f 2224 2113 1876
f 2224 1584 737
f 2224 737 736
f 736 2113 2224
f 2225 1882 1559
f 2226 2116 84
f 1139 2226 84
f 1882 2226 1139
f 2227 1883 1200
f 2227 1200 287
f 287 2116 2227
f 2226 2227 2116
f 728 1597 2228
f 2228 2119 728
f 2228 1597 695
f 695 1887 2228
f 2119 2228 1887
f 2229 1892 1212
f 1893 1892 2229
f 2230 2229 2231
f 2230 1889 1893
f 1893 2229 2230
f 2232 1891 1531
f 2232 2231 1891
f 2232 1531 1210
f 2124 2232 1210
f 2230 2232 2124
f 2232 2230 2231
f 2233 1891 2231
f 2233 2122 1891
f 2233 2231 2229
f 2233 2229 1212
f 2233 1212 1906
f 2234 1902 2128
f 2234 2235 1903
f 2234 2126 1902
f 2234 1903 2126
f 2236 2128 2099
f 2099 2095 2236
f 2236 2234 2128
f 2235 2234 2236
f 1903 2235 2237
f 2093 2092 2237
f 1554 1903 2237
f 2237 2092 1554
f 2238 2132 1622
f 1622 1908 2238
f 1908 2131 2238
f 834 2130 2239
f 2130 2132 2239
f 2239 1209 834
f 2240 2138 1925
f 1925 2140 2240
f 769 1932 2240
f 2240 1932 2138
f 2240 770 769
f 2240 1635 770
f 124 1635 2240
f 2240 2140 124
f 2241 2139 1935
f 2241 2140 2139
f 27 29 2241
f 2241 29 123
f 123 122 2241
f 122 2140 2241
f 1953 1957 2242
f 1951 1953 2242
f 2242 2143 1951
f 2242 1957 1687
f 1952 2144 2243
f 2243 1691 1952
f 2243 1960 1691
f 1960 2243 1959
f 2243 1958 1959
f 2243 2144 1958
f 2244 2147 914
f 1793 1792 2245
f 2245 1792 2150
f 2245 1445 1793
f 2245 2150 2151
f 2245 1446 1445
f 2245 2151 1446
f 1703 1704 2246
f 2157 2246 1704
f 130 1703 2246
f 2246 129 130
f 2246 1978 129
f 2246 2157 1978
f 2033 2163 2247
f 2247 2163 2006
f 2041 2040 2248
f 2040 2164 2248
f 2249 2165 2250
f 2249 2164 2007
f 2249 2248 2164
f 2251 2011 2250
f 2165 2251 2250
f 2251 2009 2011
f 2251 2165 2009
f 2252 1767 2253
f 2254 2173 2253
f 2254 2171 2173
f 2254 2253 1767
f 1429 2254 1767
f 2255 2256 2257
f 1766 1765 2258
f 2258 1765 1767
f 2258 1767 2252
f 2259 2260 2261
f 2259 2261 2252
f 2259 2252 2253
f 2262 2263 2247
f 2262 2247 2006
f 2264 2183 2177
f 2264 2178 2183
f 2018 2264 2177
f 2264 2018 2178
f 2265 2180 2184
f 2265 2184 2183
f 2265 2183 2178
f 2265 2179 2036
f 2178 2179 2265
f 2036 2038 2265
f 2038 2180 2265
f 2177 2183 2266
f 2266 2183 2182
f 2267 2185 2186
f 2267 2254 1429
f 2267 1429 542
f 542 2185 2267
f 2267 2186 2171
f 2171 2254 2267
f 2268 2188 2042
f 2172 2171 2268
f 2268 2171 2186
f 2188 2268 2186
f 2268 2042 2041
f 2041 2172 2268
f 2023 2189 2269
f 859 1432 2269
f 1432 2023 2269
f 2269 2189 2024
f 2269 2024 416
f 2269 857 859
f 857 2269 416
f 2270 2190 2063
f 1802 2191 2270
f 2270 2191 2190
f 2270 2064 1802
f 2270 2214 2064
f 2270 2063 2046
f 2214 2270 2046
f 2189 2190 2271
f 2271 2190 2191
f 2271 2024 2189
f 2271 2191 2024
f 2272 2192 2025
f 2272 1772 987
f 2272 2025 1772
f 2192 2272 1009
f 2272 1007 1009
f 987 1007 2272
f 2273 2195 2030
f 2030 2196 2273
f 2273 2196 2197
f 1779 2195 2273
f 2274 2182 2184
f 2198 2274 2184
f 2274 2198 2033
f 2263 2182 2274
f 2033 2247 2274
f 2274 2247 2263
f 2035 2200 2275
f 2275 1780 1062
f 2275 2200 1780
f 1062 1779 2275
f 2197 2201 2275
f 2275 2201 2035
f 2275 2273 2197
f 1779 2273 2275
f 2276 2205 1690
f 2276 2206 2205
f 1947 2276 1690
f 2276 1947 2207
f 2276 2207 2206
f 2205 2206 2277
f 2047 2045 2277
f 2277 2206 2047
f 2051 2208 2278
f 2278 2277 2051
f 2279 1439 2205
f 2208 2279 2205
f 2279 1440 1439
f 2280 2210 2059
f 2059 2060 2280
f 2056 2210 2280
f 2281 2217 2069
f 2281 2069 1476
f 2281 1476 1515
f 2281 1515 1781
f 2012 2217 2282
f 2282 2166 2012
f 2282 1816 2166
f 2282 2217 2281
f 2282 1781 1816
f 2282 2281 1781
f 931 2218 2283
f 2283 2218 2284
f 2283 1393 931
f 2283 2219 1741
f 2283 1995 1393
f 1741 1995 2283
f 2071 2219 2285
f 2285 2283 2284
f 2285 2219 2283
f 1738 2070 2285
f 2285 2070 2071
f 2285 2218 1738
f 2285 2284 2218
f 1151 1569 2286
f 2223 2286 1569
f 2286 1150 1151
f 670 1150 2286
f 2286 1570 670
f 2286 2223 1570
f 2287 2225 1559
f 1141 1884 2287
f 1559 1560 2287
f 2287 1560 1141
f 1884 2117 2288
f 2288 2287 1884
f 2288 2225 2287
f 1596 2115 2288
f 695 1596 2288
f 2288 2117 695
f 2289 2115 1883
f 1883 2227 2289
f 2289 2227 2226
f 2289 1882 2225
f 2289 2226 1882
f 2289 2288 2115
f 2288 2289 2225
f 2290 2230 2124
f 2123 2290 2124
f 2290 1890 1889
f 2290 1889 2230
f 2291 2131 2122
f 2291 2122 2233
f 1905 2291 1906
f 2291 2233 1906
f 2235 2236 2292
f 2292 2095 2096
f 2292 2236 2095
f 2293 2238 2131
f 2293 2131 2291
f 2293 2291 1905
f 2293 1905 1211
f 2293 1211 303
f 1209 2239 2294
f 2294 2239 2132
f 2294 1207 1209
f 302 1207 2294
f 2295 1935 27
f 27 2241 2295
f 2295 2241 1935
f 2296 2242 1687
f 2296 2144 1952
f 2143 2296 1952
f 2296 2143 2242
f 2296 1687 1308
f 1308 2144 2296
f 1967 2147 2297
f 2297 2147 2244
f 916 1967 2297
f 2173 2172 2298
f 2165 2249 2299
f 2299 2008 2165
f 2300 2260 2255
f 2258 2300 1766
f 2301 2255 2257
f 2301 2006 1766
f 2301 1766 2300
f 2301 2300 2255
f 2301 2262 2006
f 2301 2257 2262
f 2261 2260 2302
f 2302 2252 2261
f 2302 2258 2252
f 2260 2300 2302
f 2302 2300 2258
f 2303 2253 2173
f 2303 2259 2253
f 2173 2298 2303
f 2304 2182 2263
f 2304 2169 2266
f 2304 2266 2182
f 2305 2166 1818
f 1818 2170 2305
f 2306 2257 2256
f 2307 2048 2051
f 2051 2277 2307
f 2307 2049 2048
f 2307 2045 1770
f 2307 2277 2045
f 2308 2208 2205
f 2308 2278 2208
f 2205 2277 2308
f 2308 2277 2278
f 2309 2060 1006
f 2309 2280 2060
f 1006 2062 2309
f 2309 2062 1800
f 2309 1800 1440
f 2056 2280 2310
f 1440 2279 2310
f 2310 2309 1440
f 2309 2310 2280
f 2310 2208 2056
f 2310 2279 2208
f 2311 2290 2123
f 2311 2123 1526
f 1890 2290 2311
f 1526 1845 2311
f 2311 2120 1890
f 1845 2220 2311
f 2311 2220 2120
f 2292 2312 2235
f 2312 2100 2093
f 2093 2237 2312
f 2312 2237 2235
f 2313 1555 2100
f 2313 2292 2096
f 2312 2313 2100
f 2313 2312 2292
f 1555 2313 1556
f 2313 2096 1556
f 2238 2293 2314
f 2132 2238 2314
f 2314 2294 2132
f 2297 2315 916
f 916 2315 473
f 2315 913 473
f 914 913 2315
f 2316 2249 2007
f 2316 2299 2249
f 2316 2007 2008
f 2316 2008 2299
f 2317 2306 2318
f 2169 2304 2317
f 2250 2011 2319
f 2011 2166 2319
f 2319 2166 2305
f 2319 2320 2250
f 2318 2320 2319
f 2177 2266 2321
f 2321 2176 2177
f 2322 2266 2169
f 2169 2168 2322
f 2322 2321 2266
f 2322 2168 1819
f 2322 2176 2321
f 1819 2176 2322
f 2323 1790 2049
f 2307 2323 2049
f 2323 2053 1790
f 1770 2053 2323
f 2323 2307 1770
f 2324 2314 2293
f 2324 2293 303
f 2294 2314 2324
f 303 302 2324
f 302 2294 2324
f 2325 2297 2244
f 2325 2315 2297
f 2325 2244 914
f 914 2315 2325
f 2248 2249 2326
f 2327 2326 2320
f 2326 2249 2250
f 2326 2250 2320
f 2328 2327 2298
f 2248 2328 2041
f 2326 2328 2248
f 2328 2326 2327
f 2328 2172 2041
f 2328 2298 2172
f 2329 2327 2320
f 2329 2306 2256
f 2329 2320 2318
f 2306 2329 2318
f 2330 2303 2298
f 2298 2327 2330
f 2330 2329 2256
f 2329 2330 2327
f 2306 2317 2331
f 2331 2262 2257
f 2257 2306 2331
f 2263 2262 2331
f 2331 2304 2263
f 2331 2317 2304
f 2332 2319 2305
f 2332 2305 2170
f 2332 2317 2318
f 2318 2319 2332
f 2332 2170 2167
f 2332 2167 2169
f 2169 2317 2332
f 2330 2333 2303
f 2260 2259 2333
f 2259 2303 2333
f 2333 2255 2260
f 2256 2255 2333
f 2333 2330 2256
f 1408 875 900
f 569 573 1408
f 1408 1028 569
f 1408 505 503
f 880 1366 1408
f 1408 1517 339
f 1408 184 183
f 1408 339 338
f 765 764 1408
f 503 501 1408
f 1281 765 1408
f 1408 353 352
f 1408 428 880
f 352 798 1408
f 900 895 1408
f 804 803 1408
f 1408 764 184
f 1408 798 797
f 160 428 1408
f 1408 895 353
f 1408 501 148
f 47 505 1408
f 1408 573 47
f 338 804 1408
f 876 875 1408
f 1408 1366 876
f 1408 1405 950
f 183 1028 1408
f 797 1517 1408
f 1408 803 1281
f 1412 1750 1408
f 950 1406 1408
f 148 1405 1408
f 1408 1406 1412
f 2334 2335 538
f 2336 2337 1739
f 961 2337 2336
f 961 2336 2338
f 2334 2339 2340
f 2341 11 186
f 64 1167 1503
f 64 2341 1167
f 2342 2343 2344
f 1739 2345 1464
f 2346 2336 1739
f 2347 2348 939
f 2336 2348 2347
f 939 2348 2349
f 2346 2348 2336
f 2338 2350 153
f 2338 2336 2350
f 2351 2352 2353
f 961 173 2337
f 2354 2355 2356
f 2356 152 153
f 152 2356 2355
f 538 980 2334
f 2334 980 2339
f 2357 2358 2359
f 2360 2361 2362
f 2349 2363 939
f 1503 1047 64
f 2348 1047 2349
f 2346 1047 2348
f 2349 2364 2363
f 1047 2364 2349
f 2365 2366 507
f 2366 2365 2367
f 940 508 939
f 2341 186 2368
f 2368 1167 2341
f 2369 2370 2371
f 2343 2372 2344
f 2373 2374 2375
f 1739 1740 2345
f 1464 2376 179
f 2345 2376 1464
f 2346 2377 605
f 62 61 602
f 2378 61 62
f 61 2378 63
f 62 602 601
f 2379 605 2380
f 2379 604 605
f 604 2346 605
f 2381 603 1067
f 600 2382 602
f 1753 2383 2384
f 2385 2386 2352
f 2387 2353 2386
f 2352 2386 2353
f 2388 2386 2385
f 2338 513 156
f 152 2355 513
f 152 513 2338
f 2338 2389 961
f 961 2389 156
f 156 2389 2338
f 2335 536 538
f 173 538 536
f 2390 2391 2392
f 2393 2394 2395
f 153 2396 2338
f 152 2396 153
f 152 2338 2396
f 2350 151 153
f 2366 151 507
f 508 507 151
f 2347 151 2336
f 2350 2336 151
f 2347 939 151
f 508 151 939
f 2397 2356 153
f 2356 2397 2354
f 151 2397 153
f 2366 2397 151
f 980 953 2339
f 2340 2398 2334
f 2399 2398 2340
f 2400 2358 2398
f 2334 2398 2335
f 2335 2398 2358
f 2358 2401 2335
f 2391 2401 2358
f 2335 2401 536
f 536 2401 173
f 2357 2402 2358
f 2391 2358 2402
f 2340 2403 2399
f 2403 2404 2399
f 179 1021 1464
f 2376 561 179
f 2345 561 2376
f 2405 2406 2360
f 2407 2408 2409
f 2409 2408 2410
f 2411 2412 2413
f 64 8 2341
f 8 11 2341
f 11 8 2414
f 11 2415 186
f 2414 2415 11
f 2416 2417 2418
f 2419 2420 2421
f 2420 2419 2422
f 2420 2422 2423
f 2424 2425 2426
f 2364 1481 2363
f 2363 1481 499
f 2427 2428 499
f 2354 2429 2430
f 2367 2429 2366
f 2397 2429 2354
f 2429 2397 2366
f 2431 2430 2432
f 2429 2432 2430
f 2432 2429 2367
f 2433 2434 2435
f 2436 2437 2438
f 2439 2440 2441
f 2442 2443 2440
f 2444 2445 2446
f 2444 2447 2445
f 2448 2449 2450
f 1465 2451 1464
f 1466 2451 1465
f 1739 491 2452
f 1740 2452 491
f 2452 1740 1739
f 2377 1472 2453
f 2377 2453 1068
f 2453 607 1068
f 1739 1512 2346
f 2346 1512 2377
f 1464 1512 1739
f 2377 1512 1472
f 1466 1512 1464
f 207 61 63
f 206 64 207
f 2454 207 63
f 62 2455 2378
f 2378 2456 63
f 2377 608 605
f 2380 605 608
f 608 2377 1068
f 604 1067 2457
f 2458 604 2379
f 604 2458 1067
f 2458 2381 1067
f 2459 2381 2460
f 2459 603 2381
f 173 45 2337
f 2337 45 43
f 2431 2461 2430
f 2388 2461 2431
f 1753 2462 2383
f 2463 2383 2462
f 2463 2462 2392
f 2392 2462 2390
f 2464 2465 2466
f 2467 2468 2465
f 2469 2465 2464
f 2464 2470 2471
f 2360 2362 2470
f 2472 2471 2470
f 2361 2470 2362
f 2472 2470 2361
f 2395 2473 2393
f 2393 2473 2474
f 2475 2476 2477
f 2351 2476 2475
f 2478 2479 2480
f 2481 2478 2480
f 2352 2351 2482
f 953 2483 961
f 2483 953 980
f 173 961 2483
f 173 2483 538
f 2483 980 538
f 2484 2485 2486
f 2485 2487 2486
f 2488 2486 2487
f 2488 2487 2489
f 2490 2491 2492
f 2463 2392 2493
f 2493 2494 2463
f 2401 2495 173
f 2495 2401 2391
f 2390 173 2495
f 2390 2495 2391
f 2491 2496 2492
f 2497 2498 2499
f 2383 2500 2501
f 2463 2500 2383
f 2502 2500 2463
f 2503 2504 2502
f 2502 2504 2500
f 1739 2505 491
f 1740 180 2345
f 2417 2506 2418
f 2507 2508 2509
f 2510 2361 2360
f 2406 2510 2360
f 2511 2512 2405
f 2406 2405 2512
f 2406 2512 2511
f 2513 2514 2515
f 2516 2517 2518
f 2513 2519 2520
f 2519 2517 2520
f 2411 2521 2412
f 2522 2523 2524
f 2525 2511 2405
f 2526 2527 2411
f 2528 2529 2530
f 2531 2532 189
f 51 2533 191
f 191 2533 2531
f 2534 2533 2535
f 2531 2533 2534
f 2536 2537 2538
f 2539 2540 2541
f 206 12 64
f 2542 12 206
f 8 2543 2414
f 2368 1582 1167
f 2368 186 1582
f 2544 2545 2546
f 2547 2548 2549
f 2550 2548 2547
f 2551 2548 2550
f 2549 2552 2553
f 2549 2553 2547
f 2515 2554 2555
f 2556 2557 2558
f 2557 2556 2559
f 2558 2560 2561
f 2562 2544 2546
f 2497 2563 2564
f 2565 2566 2567
f 2567 2566 2568
f 2568 2566 2569
f 2570 2571 2572
f 2573 2571 2570
f 2574 2573 2570
f 2575 2576 2447
f 2445 2447 2576
f 2363 2577 939
f 2363 499 2577
f 2419 2578 2422
f 2579 2578 2419
f 2078 2425 1497
f 1047 579 781
f 572 2427 499
f 1481 572 499
f 1030 2580 781
f 2580 1047 781
f 1047 2580 2364
f 1481 2364 2580
f 1481 2580 1034
f 579 2581 781
f 1047 2581 579
f 2582 2583 2584
f 2428 2583 499
f 2584 2585 2586
f 2587 2586 2585
f 2585 2583 2428
f 2583 2585 2584
f 2581 2588 2589
f 2424 2426 2588
f 2424 2588 2581
f 2588 2590 2589
f 2591 2592 2593
f 2592 2590 2594
f 2425 2595 2426
f 2596 2591 2593
f 2592 2596 2593
f 2597 2598 2599
f 2600 2601 2602
f 2603 2600 2604
f 2605 2606 2607
f 2595 2608 2609
f 2610 2611 2420
f 2601 2612 2602
f 2369 2613 2579
f 2613 2578 2579
f 2578 2613 2422
f 2435 2614 2433
f 2615 2433 2614
f 2342 2344 2616
f 2436 1048 2437
f 1500 2371 1049
f 583 1049 1503
f 1500 1049 583
f 1500 2617 2371
f 2371 2618 2369
f 2615 2619 2433
f 2620 2433 2619
f 2618 2620 2619
f 2621 2434 2433
f 2612 2621 2602
f 2621 2612 2434
f 2440 2622 2442
f 2441 2623 2624
f 2441 2624 2439
f 2625 2624 2623
f 2439 2624 2625
f 2448 2626 2627
f 2626 2442 2627
f 2442 2628 2443
f 2375 2629 2373
f 2630 2629 2375
f 2631 2632 2447
f 2447 2632 2575
f 2633 2631 2447
f 2444 2633 2447
f 2634 2635 2636
f 2446 2637 2444
f 2445 2638 2446
f 2639 2448 2627
f 2448 2639 2449
f 2640 2641 2642
f 2642 2641 2643
f 2600 2602 2644
f 2600 2644 2604
f 2645 1466 1464
f 2451 2645 1464
f 1466 2645 2451
f 2646 1810 1472
f 1810 2646 607
f 2453 1472 1810
f 2453 1810 607
f 2647 608 1068
f 608 2647 2380
f 607 2647 1068
f 2646 2647 607
f 2647 2646 2648
f 207 202 206
f 2382 2649 602
f 601 602 2649
f 601 2649 62
f 62 2649 2455
f 2650 2651 2541
f 2652 2651 2650
f 2653 2454 63
f 2456 2653 63
f 2654 2655 2648
f 2654 2656 2657
f 2654 2657 2655
f 604 2658 2346
f 2346 2658 2457
f 2457 2658 604
f 602 2659 600
f 2660 603 600
f 2659 2660 600
f 2659 602 2660
f 603 2661 1067
f 2457 1067 2661
f 2660 2661 603
f 2660 602 2661
f 61 2661 602
f 207 64 2661
f 207 2661 61
f 1047 2661 64
f 2661 1047 2346
f 2457 2661 2346
f 2381 2662 2460
f 600 2663 2382
f 603 2663 600
f 2459 2663 603
f 2662 2664 2460
f 2665 2666 2667
f 2668 2665 2667
f 45 527 169
f 2384 527 1753
f 2669 955 961
f 2462 171 2390
f 2468 2670 2671
f 2672 2673 2674
f 2673 2675 2674
f 2674 2675 2676
f 2677 2507 2509
f 2488 2678 2486
f 2468 2679 2680
f 2681 2682 2489
f 2488 2489 2682
f 2471 2683 2464
f 2464 2683 2469
f 2469 2683 2684
f 2684 2683 2685
f 2465 2686 2467
f 2469 2686 2465
f 2467 2686 2684
f 2469 2684 2686
f 2464 2687 2470
f 2687 2464 2466
f 2470 2688 2360
f 2351 2353 2689
f 2474 2689 2353
f 2476 2351 2689
f 2476 2689 2690
f 2481 2691 2478
f 2354 2691 2355
f 2691 2481 2355
f 2430 2691 2354
f 2461 2691 2430
f 2478 2691 2461
f 2479 2692 2475
f 2482 2692 2479
f 2475 2692 2351
f 2482 2351 2692
f 2482 2479 2693
f 2478 2693 2479
f 2478 2461 2693
f 2388 2385 2693
f 2461 2388 2693
f 2487 2485 2694
f 2694 2485 2695
f 2696 2697 2490
f 2402 2698 2391
f 2391 2698 2392
f 2493 2392 2698
f 2494 2699 2463
f 2463 2699 2502
f 2502 2699 2503
f 2339 2700 2340
f 2701 2340 2700
f 953 2700 2339
f 2702 2700 953
f 2702 953 2703
f 2704 2705 2404
f 2672 2706 2707
f 2672 2674 2706
f 2404 2708 2704
f 2704 2708 2709
f 2676 2709 2708
f 2676 2708 2674
f 2706 2674 2708
f 2497 2710 2498
f 2710 2711 2498
f 2711 2712 2713
f 2714 2712 2711
f 2714 2715 2712
f 2716 2717 2656
f 43 490 2337
f 2337 490 1739
f 1737 2718 1739
f 2718 2505 1739
f 2361 2719 2472
f 2720 2721 2511
f 2472 2722 2471
f 2522 2723 2523
f 2724 2406 2511
f 2406 2724 2510
f 2721 2724 2511
f 2513 2515 2725
f 2555 2725 2515
f 2517 2726 2518
f 2519 2726 2517
f 2408 2407 2727
f 2521 2727 2412
f 2409 2727 2407
f 2412 2728 2413
f 2727 2728 2412
f 2729 2728 2409
f 2727 2409 2728
f 2524 2523 2730
f 2524 2730 2720
f 2723 2730 2523
f 2525 2405 2731
f 2525 2731 2526
f 2525 2732 2511
f 2525 2526 2732
f 2511 2732 2720
f 2524 2720 2732
f 2526 2411 2732
f 2411 2413 2732
f 2524 2732 2413
f 2506 2733 2418
f 2734 2418 2733
f 2532 2735 583
f 583 2735 584
f 2736 584 2735
f 2736 2735 2737
f 2737 2735 2438
f 2343 2735 2738
f 2436 2438 2735
f 2342 2735 2343
f 2436 2735 2342
f 583 189 50
f 2532 50 189
f 50 2532 583
f 2534 2739 2531
f 2532 2531 2739
f 2739 2735 2532
f 2740 2739 2534
f 2735 2739 2738
f 189 190 2531
f 191 2531 190
f 191 190 583
f 191 2741 51
f 191 583 2741
f 1503 2741 583
f 1167 2741 1503
f 52 51 2741
f 52 2741 1167
f 2742 2540 2539
f 2649 2743 2455
f 2666 2744 2667
f 2744 2743 2667
f 206 2745 2542
f 2543 2746 2414
f 8 64 7
f 8 7 2543
f 2747 2748 2749
f 2750 2415 2414
f 2751 2752 2753
f 2754 2755 2556
f 2756 2757 2758
f 2757 2756 2556
f 2759 2554 2515
f 2554 2760 2555
f 2760 2761 2555
f 2374 2762 2375
f 2561 2762 2558
f 2576 2762 2445
f 2558 2762 2556
f 2763 2764 2558
f 2558 2765 2763
f 2557 2765 2558
f 2765 2557 2766
f 2767 2765 2766
f 2560 2768 2561
f 2550 2769 2551
f 2550 2547 2769
f 2770 2769 2771
f 2772 2402 2357
f 2357 2359 2772
f 2773 2562 2546
f 2544 2774 2545
f 2563 2775 2564
f 2499 2776 2497
f 2776 2563 2497
f 2569 2776 2499
f 2566 2776 2569
f 2775 2777 2778
f 2779 2780 2491
f 2490 2779 2491
f 2781 2782 2570
f 2570 2782 2574
f 2783 2784 2546
f 2545 2785 2546
f 2785 2757 2556
f 2572 2785 2570
f 2570 2785 2781
f 2545 2786 2785
f 939 945 149
f 2577 945 939
f 2078 1823 2425
f 2419 1492 1503
f 2419 2421 1492
f 1503 1494 1047
f 1497 1047 1494
f 1497 1053 1047
f 2424 1495 2425
f 1497 2425 1495
f 1053 1495 2424
f 1495 1053 1497
f 2587 2787 2586
f 2586 2787 2590
f 2590 2787 2589
f 2581 2589 2787
f 2585 2788 2587
f 2428 2427 2788
f 2788 2585 2428
f 1481 1034 2788
f 572 2788 2427
f 572 1481 2788
f 2586 2789 2584
f 2590 2789 2586
f 2592 2789 2590
f 2611 2790 2420
f 2420 2790 2421
f 1493 2790 2425
f 2790 1494 2421
f 1494 2790 1493
f 2596 2791 2605
f 2595 2791 2426
f 2791 2595 2609
f 2792 2601 2793
f 2794 2793 2601
f 2792 2793 2598
f 2598 2793 2794
f 2605 2795 2606
f 2791 2609 2795
f 2791 2795 2605
f 2606 2795 2796
f 2597 2797 2598
f 2608 2595 2798
f 2611 2798 2790
f 2425 2798 2595
f 2790 2798 2425
f 2799 2800 2801
f 2801 2800 2802
f 2803 2804 2805
f 2806 2807 2808
f 2809 2597 2799
f 2606 2810 2607
f 2811 2812 2813
f 2813 2812 2814
f 2792 2815 2601
f 2612 2601 2815
f 2434 2816 2435
f 2612 2816 2434
f 2423 2817 2420
f 2420 2817 2610
f 2817 2818 2610
f 2818 2817 2423
f 2818 2423 2422
f 2613 2818 2422
f 2819 1048 2436
f 2342 2819 2436
f 2616 2819 2342
f 1500 580 2617
f 2437 758 2438
f 1048 758 2437
f 2438 758 2737
f 2737 758 2736
f 2736 758 584
f 758 583 584
f 758 1500 583
f 2370 2820 2371
f 1049 2371 2820
f 1049 2820 2370
f 2370 2369 1050
f 1050 1049 2370
f 2617 2821 2371
f 2822 2620 2821
f 2822 2821 2372
f 2372 2821 2344
f 2371 2821 2618
f 2618 2821 2620
f 2619 2615 2823
f 2619 2823 2618
f 2823 2613 2369
f 2618 2823 2369
f 2614 2823 2615
f 2824 2825 2826
f 2827 2828 2829
f 2828 2827 2528
f 2626 2830 2442
f 2442 2830 2628
f 2448 2831 2830
f 2626 2448 2830
f 2832 2833 2834
f 2835 2836 2837
f 2630 2836 2835
f 2630 2375 2838
f 2838 2836 2630
f 2835 2839 2630
f 2839 2629 2630
f 2629 2839 2373
f 2840 2839 2835
f 2841 2842 2374
f 2843 2762 2374
f 2762 2843 2445
f 2842 2843 2374
f 2842 2844 2843
f 2445 2843 2845
f 2634 2846 2635
f 2847 2846 2634
f 2448 2848 2831
f 2848 2849 2831
f 2849 2848 2448
f 2633 2850 2851
f 2444 2850 2633
f 2637 2850 2444
f 2852 2637 2853
f 2852 2850 2637
f 2854 2638 2445
f 2855 2528 2530
f 2537 2856 2538
f 2857 2858 2859
f 2639 2860 2449
f 2861 2860 2639
f 2449 2862 2450
f 2635 2862 2863
f 2846 2862 2635
f 2847 2862 2846
f 2862 2864 2863
f 2860 2861 2864
f 2860 2864 2449
f 2862 2449 2864
f 2865 2866 2799
f 2867 2866 2643
f 2799 2866 2800
f 2800 2866 2867
f 2865 2868 2603
f 2603 2868 2600
f 2600 2868 2601
f 2868 2794 2601
f 2599 2869 2597
f 2597 2869 2799
f 2865 2799 2869
f 2868 2869 2794
f 2868 2865 2869
f 2599 2598 2869
f 2794 2869 2598
f 2604 2870 2603
f 2871 2870 2604
f 2872 2865 2603
f 2870 2872 2603
f 2642 2872 2870
f 2642 2643 2872
f 2866 2872 2643
f 2872 2866 2865
f 2641 2640 2873
f 2874 2875 2876
f 2876 2875 2873
f 2873 2875 2641
f 2877 2878 2879
f 2879 2880 2877
f 2878 2881 2879
f 2882 2883 2876
f 2876 2883 2874
f 2884 2885 2886
f 2887 2888 2889
f 2884 2889 2888
f 2885 2884 2888
f 2890 2891 2888
f 2892 2893 2894
f 2895 2892 2894
f 2889 2892 2895
f 2892 2896 2893
f 2897 2898 2899
f 2900 2897 2899
f 2901 2899 2898
f 2900 2899 2901
f 2902 202 207
f 202 2902 2903
f 2903 2902 2904
f 2905 2906 2907
f 2649 2382 2908
f 2743 2908 2667
f 2908 2743 2649
f 2650 2909 2652
f 2749 2909 2747
f 2747 2909 2650
f 2902 2910 2904
f 2653 2910 2902
f 2911 2910 2912
f 2651 2652 2913
f 2914 2647 2648
f 2647 2914 2380
f 2458 2379 2915
f 2390 172 173
f 171 172 2390
f 2916 2917 2918
f 2919 2916 2918
f 2916 2669 2917
f 2919 2918 2920
f 2921 2669 961
f 2669 2921 2917
f 2481 2480 2922
f 2479 2923 2480
f 2475 2477 2923
f 2475 2923 2479
f 2924 955 2925
f 2926 2924 2925
f 955 2927 2928
f 2929 2927 955
f 2928 2927 2930
f 2931 954 2928
f 955 2928 954
f 954 2703 953
f 2703 954 2931
f 953 961 954
f 955 954 961
f 2462 1753 1754
f 171 2462 1754
f 527 1754 1753
f 172 171 1754
f 45 1754 527
f 173 1754 45
f 172 1754 173
f 2670 2681 2932
f 2675 2933 2676
f 2676 2933 2695
f 2934 2467 2684
f 2678 2488 2935
f 2682 2935 2488
f 2936 2937 2935
f 2938 2677 2509
f 2416 2939 2417
f 2938 2417 2939
f 2938 2939 2678
f 2678 2939 2486
f 2486 2939 2484
f 2484 2939 2416
f 2467 2940 2468
f 2468 2940 2679
f 2934 2940 2467
f 2941 2679 2940
f 2941 2940 2934
f 2679 2942 2680
f 2941 2942 2679
f 2670 2943 2681
f 2681 2943 2682
f 2670 2468 2943
f 2680 2943 2468
f 2687 2944 2470
f 2470 2944 2688
f 2690 2945 2918
f 2945 2920 2918
f 2473 2946 2474
f 2689 2474 2946
f 2689 2946 2690
f 2946 2945 2690
f 2693 2385 2947
f 2693 2947 2482
f 2352 2947 2385
f 2482 2947 2352
f 2694 2948 2487
f 2949 2484 2416
f 2950 2951 2485
f 2951 2952 2485
f 2695 2485 2952
f 2953 2695 2954
f 2695 2953 2694
f 2955 2956 2957
f 2958 2957 2956
f 2959 2960 2565
f 2961 2959 2565
f 2962 2403 2340
f 2963 2700 2702
f 2700 2963 2701
f 2964 2931 2707
f 2708 2404 2965
f 2500 2966 2501
f 2504 2966 2500
f 2966 2967 2501
f 2966 2968 2967
f 2564 2969 2497
f 2710 2497 2969
f 2714 2711 2970
f 2710 2970 2711
f 2969 2970 2710
f 2564 2970 2969
f 2654 2971 2656
f 2971 2716 2656
f 2971 2654 2972
f 2971 2972 2716
f 2648 2972 2654
f 2646 2972 2648
f 1021 2973 1464
f 179 2973 1021
f 2974 2975 2716
f 2717 2716 2975
f 1023 561 2345
f 181 2976 1737
f 2505 2977 2978
f 2977 2979 2978
f 2980 2981 2982
f 2717 2983 2984
f 2985 2984 2983
f 2506 2986 2987
f 2986 2506 2417
f 2938 2509 2986
f 2938 2986 2417
f 2508 2988 2509
f 2987 2988 2508
f 2988 2986 2509
f 2986 2988 2987
f 2720 2989 2721
f 2508 2989 2987
f 2510 2990 2361
f 2719 2991 2472
f 2508 2991 2989
f 2989 2991 2721
f 2991 2990 2721
f 2991 2722 2472
f 2722 2992 2471
f 2471 2992 2683
f 2683 2992 2685
f 2993 2994 2995
f 2995 2994 2725
f 2555 2996 2725
f 2725 2996 2995
f 2726 2997 2410
f 2726 2519 2997
f 2519 2513 2997
f 2408 2998 2410
f 2410 2998 2726
f 2518 2998 2408
f 2726 2998 2518
f 2987 2999 2506
f 2709 3000 2704
f 3001 2492 3002
f 2496 3002 2492
f 3000 3002 2704
f 3000 3001 3002
f 2734 3003 2418
f 3004 3005 3006
f 3007 3008 2696
f 2697 2696 3008
f 3008 3007 2697
f 3001 3009 2492
f 3007 2696 3009
f 3009 3010 3007
f 2492 3009 2490
f 2696 2490 3009
f 3010 3011 3007
f 2739 3012 2738
f 3012 2739 2740
f 3013 2740 2534
f 583 3014 189
f 190 189 3014
f 190 3014 583
f 2533 3015 2535
f 52 3015 51
f 3015 2533 51
f 3016 3015 574
f 187 574 1167
f 3016 187 1167
f 574 187 3016
f 1582 188 1167
f 1167 188 3016
f 3017 2751 2753
f 2536 2538 3018
f 3019 2576 2575
f 2576 3019 3020
f 3021 3020 3019
f 3022 3023 3024
f 3025 3023 3022
f 3023 3025 3026
f 3022 3027 3025
f 3019 2575 3027
f 2632 3027 2575
f 3025 3027 3026
f 2632 3026 3027
f 3022 3028 3029
f 2632 2631 3030
f 2632 3030 3026
f 2666 3031 2539
f 3031 2742 2539
f 3032 3033 3034
f 202 1070 206
f 206 1070 2745
f 2745 1070 202
f 2750 3035 2415
f 2746 3036 2414
f 2414 3036 2750
f 2415 3037 186
f 1582 186 3037
f 188 3037 3016
f 2748 3038 2749
f 3038 3039 2749
f 2752 3040 2753
f 2753 3040 3038
f 2995 3041 2993
f 2996 3041 2995
f 2761 3041 2555
f 2555 3041 2996
f 2769 3042 2551
f 3043 3042 3044
f 3042 2769 2770
f 2556 3045 2559
f 2755 3045 2556
f 3046 3047 3048
f 3049 3047 3046
f 3047 3050 3048
f 3047 3051 3050
f 3051 3047 3049
f 2556 3052 2754
f 2756 3052 2556
f 2785 3053 2781
f 2785 2786 3053
f 3054 3055 3053
f 2552 3056 3057
f 2554 3058 2760
f 2548 3058 2549
f 2760 3058 2548
f 3059 3060 2767
f 3059 3061 3060
f 3062 2768 2560
f 2558 3063 2560
f 3064 3063 2558
f 2764 3065 2558
f 3065 3064 2558
f 3060 3061 3066
f 3057 2886 3067
f 2358 3068 2359
f 2955 3069 3070
f 2400 3070 3069
f 2400 3069 2358
f 2562 3071 2544
f 3071 2774 2544
f 2545 3072 2786
f 2774 3072 2545
f 3054 3073 3055
f 2775 2563 3074
f 2775 3074 2777
f 2780 3075 2491
f 3004 3076 3005
f 3077 3076 3004
f 2782 2781 3078
f 3074 3078 2777
f 3053 3078 2781
f 3053 3055 3078
f 2574 3079 2573
f 3079 3080 2573
f 2782 3079 2574
f 2959 3081 3082
f 2959 3082 2960
f 3078 3083 2782
f 3079 2782 3083
f 3079 3083 3080
f 2784 3084 3085
f 3084 2784 2783
f 2657 2656 3086
f 2576 3020 3087
f 3088 3033 3089
f 2762 3090 2556
f 2785 2556 3090
f 2572 3091 2785
f 2785 3091 2757
f 2757 3091 3004
f 3077 3004 3091
f 3092 3091 2572
f 3093 2783 3094
f 3095 3096 3097
f 3094 2783 3096
f 3094 3096 3098
f 2783 2546 3096
f 3098 3096 3099
f 2785 3096 2546
f 3090 3096 2785
f 2576 3096 2762
f 3100 3101 3102
f 3103 3095 3097
f 3104 3105 3106
f 945 3107 149
f 1497 1824 2078
f 1494 1824 1497
f 1823 2078 1824
f 1494 1493 1824
f 1493 2425 1824
f 1823 1824 2425
f 1492 1825 1503
f 1825 1494 1503
f 1492 2421 1825
f 1494 1825 2421
f 1047 578 2581
f 2581 578 2424
f 2787 3108 2581
f 2791 2596 3109
f 2592 2594 3109
f 2596 2592 3109
f 2590 3109 2594
f 2588 3109 2590
f 3109 2588 2426
f 2791 3109 2426
f 2795 3110 2796
f 2608 3110 2609
f 3110 2795 2609
f 3110 3111 2796
f 2610 3112 2611
f 2611 3112 3113
f 2818 3112 2610
f 3113 3112 2818
f 2474 3114 2393
f 2387 3114 2353
f 2474 2353 3114
f 2387 3115 3114
f 3114 3115 3116
f 3117 3118 3116
f 3119 2806 2808
f 2807 3120 2808
f 3120 3121 2808
f 3122 3123 3124
f 2804 2803 3125
f 2804 3125 3126
f 2801 2802 3127
f 3128 3129 3130
f 2797 2597 3131
f 2812 3132 2814
f 2880 3133 2877
f 3133 2880 3134
f 2810 3135 2811
f 3135 2812 2811
f 2584 3136 2582
f 2789 3136 2584
f 2596 3137 2591
f 2605 2607 3137
f 2596 2605 3137
f 2810 3138 2607
f 2810 2811 3138
f 3139 2813 3140
f 2814 3140 2813
f 2819 320 1048
f 758 1048 320
f 2819 2616 320
f 580 320 2616
f 320 580 1500
f 758 320 1500
f 2579 1501 2369
f 1050 2369 1501
f 2419 1501 2579
f 1049 1501 1503
f 1050 1501 1049
f 2821 3141 2344
f 2617 3141 2821
f 2616 2344 3141
f 580 2616 3141
f 580 3141 2617
f 3142 2372 2343
f 2372 3142 2822
f 3142 2621 2433
f 2620 3142 2433
f 2822 3142 2620
f 3143 2529 2528
f 2827 3143 2528
f 3144 3143 2827
f 2441 3145 2623
f 2373 3146 2374
f 2839 3147 2373
f 2839 2840 3147
f 2373 3147 3146
f 3145 3148 3149
f 2443 3150 2440
f 3151 3150 2443
f 2441 2440 3150
f 3151 2441 3150
f 3152 3153 3154
f 3152 3155 3156
f 3146 3155 2374
f 3147 3155 3146
f 2374 3155 2841
f 2830 2831 3157
f 2830 3157 2628
f 3158 2832 2834
f 3158 3159 3160
f 3158 3160 2832
f 2882 3161 3162
f 2842 3163 2844
f 3163 2843 2844
f 2843 3163 3164
f 2842 2841 3163
f 2850 3165 2851
f 3165 2633 2851
f 2637 3166 2853
f 2638 3166 2446
f 3166 2637 2446
f 3167 3168 2636
f 3168 3169 2636
f 2857 3168 3167
f 3169 3168 2857
f 3169 3170 2636
f 2857 3170 3169
f 3171 3170 2857
f 2845 3172 2445
f 2445 3172 2854
f 3173 3174 2845
f 3175 3176 3177
f 3170 2852 3176
f 3170 3176 2636
f 3175 3178 2847
f 2862 3178 2450
f 2847 3178 2862
f 2849 3178 3175
f 2450 3178 2448
f 2849 2448 3178
f 2639 3179 2861
f 2855 3179 2639
f 2530 3179 2855
f 2856 2537 3180
f 3181 3182 3183
f 3184 2538 3182
f 2856 3182 2538
f 3185 3182 2856
f 3183 2529 3186
f 3012 2740 3186
f 3183 3186 3181
f 2864 3187 2863
f 2829 3188 2644
f 2828 3188 2829
f 2644 3188 2604
f 3188 2871 2604
f 2870 2871 3189
f 3190 3189 2824
f 2824 3189 2871
f 3190 2640 3189
f 2642 3189 2640
f 2870 3189 2642
f 2873 2640 3191
f 3190 3191 2640
f 3192 3191 3193
f 3193 3191 3190
f 3194 3195 3196
f 3197 2880 2879
f 2881 3198 3197
f 2881 3197 2879
f 3199 3200 2875
f 2643 3200 2867
f 2641 3200 2643
f 2875 3200 2641
f 3201 2895 3202
f 3201 3203 2895
f 2887 2889 3203
f 2895 3203 2889
f 2890 3203 2891
f 3204 3205 3206
f 3202 3204 3206
f 3204 3202 2895
f 2895 2894 3204
f 3207 2882 3162
f 2882 3207 2883
f 2883 3207 3208
f 2896 3209 3210
f 3211 3209 3212
f 3213 3209 3211
f 3210 3209 3213
f 2514 3214 2515
f 3215 3216 3217
f 3216 3210 3218
f 3213 3218 3210
f 3219 3218 3213
f 3220 2897 3221
f 3222 2900 2901
f 3223 3222 2901
f 2900 3222 2897
f 3224 2745 202
f 2903 3224 202
f 2903 2904 3224
f 2910 3224 2904
f 2745 3224 2910
f 3225 207 2454
f 207 3225 2902
f 3226 2665 2907
f 2906 3226 2907
f 3227 3228 3229
f 3230 2908 2382
f 2663 3230 2382
f 2668 2667 3231
f 2908 3231 2667
f 2744 3232 2743
f 2666 2539 3232
f 2744 2666 3232
f 2911 2912 3233
f 3234 3233 3235
f 3236 3233 3234
f 3236 2911 3233
f 3237 3233 2912
f 2749 3237 2909
f 2910 3238 2745
f 2910 2911 3238
f 2745 3238 2542
f 2913 2652 3239
f 2912 3239 2652
f 2910 3239 2912
f 2910 2653 3239
f 2913 3240 2651
f 2657 3241 2655
f 2655 3241 2648
f 3241 2914 2648
f 3242 2915 3243
f 2460 3244 2459
f 2459 3244 2663
f 2664 3244 2460
f 3230 2663 3244
f 3230 3244 3245
f 3246 2664 2907
f 2665 3246 2907
f 3246 2665 2668
f 3245 3246 2668
f 2916 3247 2669
f 955 3247 2925
f 3247 955 2669
f 2919 2925 3247
f 2916 2919 3247
f 2919 3248 2925
f 2926 2925 3248
f 3249 2921 961
f 2921 3249 2917
f 2922 2480 3250
f 2923 3250 2480
f 3251 3250 2923
f 2922 3250 156
f 2481 3252 2355
f 2922 3252 2481
f 156 3252 2922
f 3252 513 2355
f 513 3252 156
f 2476 3253 2477
f 2923 2477 3253
f 955 3254 2929
f 2924 3254 955
f 2924 2926 3254
f 2927 2929 3254
f 2933 2675 3255
f 2928 3256 2931
f 2931 3256 2707
f 2707 3256 2672
f 2933 3257 2695
f 2695 3257 2954
f 2684 3258 2934
f 2934 3259 2941
f 2941 3259 3260
f 3260 3261 2941
f 2942 2941 3261
f 2943 3262 2682
f 3263 3264 2682
f 2920 3265 3266
f 2945 3265 2920
f 3267 2946 2473
f 2473 2395 3267
f 2487 3268 2489
f 2948 2694 3269
f 3270 3271 3272
f 3273 3271 3270
f 3273 3050 3271
f 3271 3051 3272
f 3051 3271 3050
f 3273 3274 3010
f 3274 3011 3010
f 3270 3274 3273
f 2484 3275 2485
f 2485 3275 2950
f 2949 3275 2484
f 3273 3276 3050
f 3277 3278 2681
f 2953 2954 3277
f 2681 2489 3277
f 3279 2957 2958
f 3280 3281 3282
f 2398 2399 3282
f 3280 3282 2399
f 2399 3283 3280
f 2404 3283 2399
f 2705 3283 2404
f 3283 3284 3285
f 3283 3285 3280
f 3286 2698 2402
f 2698 3286 2493
f 2493 3286 2494
f 3287 2494 3286
f 2699 3288 2503
f 2565 2567 3289
f 3289 2961 2565
f 2568 3289 2567
f 2961 3289 2568
f 3290 2961 2568
f 3290 2568 2569
f 2499 3290 2569
f 2498 3290 2499
f 2959 3291 3081
f 2961 3291 2959
f 3288 3291 2961
f 2701 3292 2340
f 3292 2962 2340
f 2963 3292 2701
f 3292 2963 2962
f 2962 3293 2403
f 2964 3294 2931
f 3295 3296 2404
f 2965 2404 3296
f 2706 3297 2707
f 2708 3297 2706
f 2711 3298 2498
f 2711 2713 3298
f 3299 3298 2713
f 3300 3301 2968
f 2966 3300 2968
f 3300 2966 2504
f 2504 2503 3300
f 2968 3302 3303
f 3301 3302 2968
f 3303 3302 3299
f 3298 3299 3302
f 3298 3302 3301
f 2967 3304 2501
f 2967 3305 3304
f 3304 45 169
f 45 3304 43
f 3306 43 3304
f 1466 1465 3307
f 3307 2972 1466
f 2972 3307 2716
f 1464 3307 1465
f 2973 3307 1464
f 2716 3307 2974
f 2973 2974 3307
f 1466 3308 1512
f 2972 3308 1466
f 1512 3308 1472
f 2646 1472 3308
f 2972 2646 3308
f 2345 3309 1023
f 180 3309 2345
f 3309 180 1740
f 1737 1739 3310
f 490 3310 1739
f 2718 1737 3311
f 2976 3311 1737
f 2979 3311 3305
f 488 3312 181
f 490 3312 488
f 3311 3312 3305
f 3311 2976 3312
f 3312 3304 3305
f 3304 3312 3306
f 3312 490 43
f 3306 3312 43
f 2985 3313 2984
f 2983 3314 2985
f 2724 3315 2510
f 2510 3315 2990
f 3315 2724 2721
f 2990 3315 2721
f 2719 3316 2991
f 2991 3316 2990
f 3316 2719 2361
f 2990 3316 2361
f 2991 3317 2722
f 3317 2992 2722
f 2507 3317 2508
f 3317 2991 2508
f 2992 3317 2685
f 2723 3318 3319
f 3320 3318 2723
f 3041 3321 2993
f 2994 3322 2725
f 2725 3322 2513
f 3323 3322 3324
f 3324 3322 2994
f 2409 2410 3325
f 2997 3325 2410
f 2409 3325 2729
f 2729 3325 3326
f 3325 2997 3323
f 2997 2513 3327
f 2997 3327 3323
f 3322 3327 2513
f 3323 3327 3322
f 3323 3324 3328
f 3326 3328 3324
f 3328 3325 3323
f 3325 3328 3326
f 2730 2723 3329
f 2999 2730 3329
f 2999 3329 2506
f 2723 3319 3329
f 2733 3329 3319
f 3329 2733 2506
f 3000 3330 3001
f 3330 3000 2709
f 2951 3330 2952
f 3331 2557 2559
f 2557 3331 2766
f 3331 3332 2766
f 3332 3331 3333
f 3332 2767 2766
f 3334 3335 3336
f 3337 2949 2416
f 3338 3006 3005
f 3076 3338 3005
f 3339 3340 3341
f 3004 3342 2757
f 3006 3342 3004
f 3342 3006 3343
f 3344 3342 3343
f 3342 3344 2757
f 3013 3345 2740
f 3346 3347 2535
f 3015 52 575
f 3015 575 574
f 1167 575 52
f 574 575 1167
f 2536 3348 2537
f 3349 2747 2650
f 3350 3351 3017
f 3017 3352 3353
f 3017 3353 3354
f 2753 3355 3017
f 3038 3355 2753
f 3038 2748 3355
f 3350 3017 3355
f 3017 3354 3356
f 3019 3357 3021
f 3022 3357 3027
f 3027 3357 3019
f 3358 3359 3360
f 3361 3362 3363
f 3364 3365 3346
f 3018 3365 3364
f 3018 2538 3365
f 3361 3363 3366
f 3361 3366 3367
f 2536 3366 3363
f 3023 3368 3024
f 3026 3368 3023
f 3030 3368 3026
f 3369 3029 3370
f 3028 3371 3372
f 3024 3371 3022
f 3022 3371 3028
f 3032 3373 3033
f 3104 3373 3105
f 3374 3105 3373
f 3235 3375 3234
f 3375 3039 3234
f 3235 2749 3375
f 3039 3375 2749
f 2750 3376 3035
f 3036 3376 2750
f 3035 3376 3377
f 3377 3376 3378
f 3035 3379 2415
f 3377 3379 3035
f 2752 3379 3378
f 3377 3378 3379
f 3380 3037 2415
f 3379 3380 2415
f 188 1582 185
f 3037 185 1582
f 188 185 3037
f 3043 2761 3381
f 3381 3042 3043
f 3042 3381 2551
f 2548 2551 3381
f 2760 2548 3381
f 2760 3381 2761
f 3042 2770 3382
f 3383 3384 3385
f 3386 3387 3388
f 2755 3389 3045
f 3383 3390 3384
f 3391 2756 2758
f 3392 3393 3394
f 3395 3053 2786
f 3053 3395 3054
f 3072 3395 2786
f 3396 2771 3397
f 3398 3396 3397
f 3399 3400 3401
f 3401 3402 3399
f 3205 3403 3206
f 3404 3405 3406
f 3399 3407 3400
f 3408 3407 3399
f 3407 3409 3400
f 3062 3410 3411
f 3410 3062 2560
f 3411 3410 3412
f 3412 3410 3413
f 3413 3410 3414
f 3414 3410 2891
f 3415 3416 3417
f 3418 3419 2547
f 2771 3419 3418
f 2769 2547 3419
f 2769 3419 2771
f 3060 3420 3421
f 3066 3420 3060
f 3422 3420 3066
f 3415 3423 3416
f 3423 3067 3416
f 3067 3423 3057
f 2955 3424 3069
f 3069 3424 2358
f 3424 3068 2358
f 3425 3426 3081
f 3427 3428 3429
f 3430 3429 3428
f 3072 2774 3431
f 3071 3431 2774
f 3432 3431 3433
f 2712 3434 2982
f 3435 2982 3434
f 2712 2715 3434
f 3073 3436 3055
f 3436 3078 3055
f 3437 3436 3073
f 3074 2563 3438
f 2776 3438 2563
f 2776 2566 3438
f 2565 3438 2566
f 3439 3440 2958
f 3440 3441 3442
f 2496 2491 3441
f 3442 3441 3443
f 3075 3441 2491
f 3441 3444 3443
f 3441 3075 3444
f 2565 3445 3438
f 3078 3446 3447
f 3083 3448 3080
f 3078 3447 3448
f 3078 3448 3083
f 3093 3449 2783
f 3449 3084 2783
f 3084 3450 3085
f 3449 3450 3084
f 3451 2980 3452
f 2982 3452 2980
f 3435 3452 2982
f 3087 3453 2576
f 3454 3097 3453
f 3096 3453 3097
f 3453 3096 2576
f 3034 3455 3032
f 3456 3457 3458
f 3457 3453 3087
f 3453 3457 3454
f 3457 3459 3454
f 3459 3457 3456
f 3460 3461 3458
f 3461 3460 3462
f 3091 3463 3077
f 3463 3091 3092
f 3099 3464 3098
f 3098 3464 3465
f 3094 3466 3093
f 3098 3467 3094
f 2762 3468 3090
f 3096 3468 2762
f 3096 3090 3468
f 3101 3469 3102
f 3470 3101 3100
f 3228 3470 3471
f 3454 3472 3097
f 3472 3103 3097
f 3459 3472 3454
f 3096 3473 3099
f 3473 3096 3095
f 3229 3474 3105
f 3106 3105 3474
f 3475 3474 3229
f 3473 3476 3477
f 3478 3479 149
f 3107 3478 149
f 46 945 2577
f 945 46 3107
f 2582 46 2583
f 2577 499 46
f 2583 46 499
f 1053 3480 1047
f 1047 3480 578
f 578 3480 1053
f 1053 2424 577
f 578 577 2424
f 577 578 1053
f 2581 783 781
f 3108 783 2581
f 1030 781 783
f 1030 783 3108
f 2788 3481 2587
f 2787 2587 3482
f 3108 2787 3482
f 3481 3482 2587
f 3108 3482 1030
f 3110 2608 3483
f 3110 3483 3111
f 3131 3484 2797
f 3485 3114 3116
f 2386 3486 2387
f 3486 3115 2387
f 508 3487 3488
f 3140 3489 3139
f 3140 3490 3489
f 3491 940 939
f 940 3491 3492
f 3121 3493 3494
f 3121 3495 3493
f 3121 3496 3495
f 3120 3496 3121
f 3490 3496 3120
f 2517 2516 3497
f 3498 3129 3128
f 2809 3499 2597
f 3499 3131 2597
f 3127 3499 2801
f 2801 3499 2799
f 3499 2809 2799
f 2881 3500 3501
f 3502 3503 3504
f 3500 3503 3501
f 3505 3506 3507
f 3505 3507 3508
f 3507 3503 3508
f 3509 3135 2810
f 2796 3509 2606
f 3509 2810 2606
f 3135 3510 2812
f 3511 3510 3135
f 3136 2789 3512
f 2592 2591 3512
f 2789 2592 3512
f 3512 2591 3513
f 3137 3514 2591
f 3515 3514 3137
f 3137 2607 3515
f 3138 3515 2607
f 2818 3516 3113
f 3517 3516 2818
f 2816 2612 3518
f 2815 3518 2612
f 2792 3518 2815
f 3517 3518 2792
f 2818 3519 3517
f 3519 3518 3517
f 2614 2435 3519
f 3519 2823 2614
f 2613 3519 2818
f 2823 3519 2613
f 2816 3519 2435
f 3518 3519 2816
f 1503 1829 2419
f 1501 1829 1503
f 1501 2419 1829
f 3142 3520 2621
f 2343 3520 3142
f 2738 3520 2343
f 3144 3520 2738
f 2827 2829 3521
f 3144 2827 3521
f 3521 3520 3144
f 3520 3521 2621
f 2644 3521 2829
f 2621 3521 2602
f 2644 2602 3521
f 2442 3522 2627
f 3523 2627 3522
f 3522 3524 3523
f 2622 3524 2442
f 2442 3524 3522
f 3524 3525 2826
f 3525 3524 2622
f 3149 3526 3145
f 3147 2840 3527
f 3147 3527 3528
f 2835 3527 2840
f 3528 3527 2835
f 3529 3151 2443
f 3148 3529 2443
f 3151 3529 2441
f 3145 2441 3529
f 3148 3145 3529
f 3530 3531 3532
f 3147 3533 3156
f 3152 3156 3533
f 3152 3533 3153
f 3155 3534 2841
f 3155 3152 3534
f 3156 3535 3147
f 3155 3535 3156
f 3535 3155 3147
f 2843 3536 2845
f 3536 2843 3164
f 3173 2845 3537
f 3538 3173 3537
f 3536 3537 2845
f 3537 3536 3538
f 3531 3539 3532
f 3540 3541 3159
f 3541 3160 3159
f 3540 2901 3541
f 3223 3542 3159
f 3540 3159 3542
f 3542 3223 2901
f 3540 3542 2901
f 2835 2837 3543
f 3543 3544 2835
f 3545 3223 2835
f 3544 3545 2835
f 3546 3223 3159
f 3223 3546 2835
f 3190 2824 3547
f 3547 3193 3190
f 2838 3548 2836
f 2838 2375 3548
f 2762 3548 2375
f 3407 3549 3409
f 3407 3408 3549
f 3550 3191 3192
f 3191 3550 2873
f 3161 2882 3550
f 2882 2876 3550
f 2873 3550 2876
f 3541 3551 3160
f 3541 2901 3551
f 2901 2898 3551
f 3552 3171 2857
f 3166 3553 2853
f 3176 3553 3177
f 3553 3166 2638
f 3554 3555 3556
f 2850 3557 3165
f 2852 3557 2850
f 3554 3557 2852
f 3165 3557 3556
f 3556 3557 3554
f 3170 3558 2852
f 3171 3558 3170
f 3559 3558 3171
f 2849 3560 2831
f 3560 3157 2831
f 3177 3561 3175
f 3172 3562 2854
f 3562 3172 2845
f 3174 3562 2845
f 2847 3563 3175
f 3175 3563 3176
f 3176 3563 2636
f 2855 3564 2528
f 3564 2855 2639
f 3565 3566 2828
f 2528 3565 2828
f 3564 3567 2528
f 3568 3569 3570
f 3571 3569 3568
f 3572 3569 3571
f 3186 2529 3573
f 3186 3573 3012
f 3143 3573 2529
f 3012 3573 2738
f 3144 2738 3573
f 3143 3144 3573
f 3183 3574 2529
f 3575 3574 3183
f 3576 3574 3575
f 2529 3574 2530
f 3576 2530 3574
f 2858 3577 3578
f 3577 2858 2857
f 2857 3167 3577
f 3187 3579 3577
f 2828 3580 3188
f 2825 3580 3566
f 3566 3580 2828
f 2824 3580 2825
f 2871 3580 2824
f 3188 3580 2871
f 2804 3581 2805
f 2893 3582 2894
f 3583 3582 2893
f 3583 2893 3584
f 3583 3584 3585
f 3210 3584 2896
f 2896 3584 2893
f 3197 3198 3586
f 3197 3586 3587
f 3194 3586 3198
f 3196 3586 3194
f 3588 3589 3587
f 3590 3588 3587
f 2880 3591 3134
f 3592 3591 3588
f 3588 3591 3589
f 3197 3593 2880
f 3593 3591 2880
f 3591 3593 3589
f 3589 3593 3587
f 3197 3587 3593
f 3195 3594 3208
f 2883 3594 2874
f 3594 2883 3208
f 3595 3594 3195
f 3594 3595 3596
f 2875 2874 3597
f 2875 3597 3199
f 3598 2800 2867
f 3599 3202 3206
f 3403 3599 3206
f 3403 3600 3599
f 3203 3601 2887
f 3601 3203 2890
f 2888 2887 3601
f 2888 3601 2890
f 3414 2891 3602
f 3414 3602 3413
f 3412 3413 3602
f 3412 3602 3411
f 3602 3062 3411
f 3203 3603 2891
f 3602 2891 3603
f 3221 3604 3220
f 3067 2886 3605
f 3067 3605 3416
f 3064 3606 3063
f 3063 3606 2560
f 2560 3606 3410
f 3410 3606 3607
f 3056 3608 3057
f 3057 3608 2886
f 3056 2552 3609
f 3608 3056 3609
f 2549 3609 2552
f 3058 3609 2549
f 3212 3610 3611
f 3209 3610 3212
f 3611 3610 2884
f 2884 3610 2889
f 3610 2892 2889
f 3610 2896 2892
f 3610 3209 2896
f 3612 2513 2520
f 3214 3612 2520
f 2513 3612 2514
f 2514 3612 3214
f 3613 3122 3124
f 3405 3221 3614
f 3221 2897 3614
f 3222 3614 2897
f 3615 3406 3614
f 3405 3614 3406
f 3616 3225 2454
f 3225 3616 2902
f 2653 3616 2454
f 2902 3616 2653
f 3031 3617 3374
f 3617 3031 2666
f 3618 3228 3471
f 3619 3618 3471
f 3618 3475 3229
f 3228 3618 3229
f 3620 3243 3621
f 3243 3620 3242
f 3242 3620 3622
f 2664 3623 2907
f 3624 3623 2664
f 2905 2907 3623
f 3230 3625 2908
f 3231 3625 2668
f 2908 3625 3231
f 3245 2668 3625
f 3230 3245 3625
f 3232 3626 2743
f 2455 3626 2378
f 2743 3626 2455
f 3627 3236 2746
f 3236 3628 2911
f 3234 3629 3236
f 2746 3629 3036
f 3236 3629 2746
f 3233 3630 3235
f 3237 3630 3233
f 3235 3630 2749
f 3630 3237 2749
f 2912 2652 3631
f 2912 3631 3237
f 2909 3631 2652
f 3237 3631 2909
f 3238 3632 2542
f 3632 3238 2911
f 3240 3633 2651
f 3633 2539 2541
f 2651 3633 2541
f 3243 3634 3621
f 2915 3634 3243
f 2915 3635 2458
f 3242 3635 2915
f 2458 3635 2381
f 2381 3635 2662
f 3636 3635 3242
f 3242 3622 3636
f 2664 3637 3244
f 3244 3637 3245
f 3246 3637 2664
f 3246 3245 3637
f 3248 3638 2926
f 3249 3639 2917
f 3639 3249 3251
f 3249 961 3640
f 3249 3640 3251
f 156 3641 961
f 3250 3641 156
f 3640 961 3641
f 3251 3641 3250
f 3640 3641 3251
f 3253 2476 3642
f 2918 3642 2690
f 2476 2690 3642
f 2917 3642 2918
f 2923 3643 3251
f 3253 3643 2923
f 3642 3643 3253
f 3642 2917 3643
f 2927 3644 2930
f 2930 3644 2671
f 2932 3645 3255
f 3255 3645 2933
f 3257 2933 3645
f 2675 2673 3646
f 3255 2675 3646
f 2672 3646 2673
f 3255 3646 2932
f 3256 3646 2672
f 3646 3256 2932
f 3256 3647 2932
f 2932 3647 2670
f 2930 3647 2928
f 3256 2928 3647
f 2930 2671 3647
f 2670 3647 2671
f 3317 2507 3648
f 3258 3648 2934
f 3648 3259 2934
f 3317 3648 2685
f 2685 3648 2684
f 3648 3258 2684
f 2935 2937 3649
f 2678 3650 2938
f 3263 3651 3264
f 3261 3651 2942
f 3651 3262 2942
f 2942 3652 2680
f 3262 3652 2942
f 2943 2680 3652
f 3652 3262 2943
f 3265 2945 3653
f 3267 2395 3654
f 2944 3654 2395
f 3654 2944 2687
f 3269 2694 3655
f 2953 3655 2694
f 3269 3655 2489
f 3277 3655 2953
f 3277 2489 3655
f 3273 3656 3276
f 3273 3010 3656
f 2950 3656 2951
f 3276 3656 2950
f 3276 2950 3657
f 3275 2949 3657
f 3275 3657 2950
f 3337 3657 2949
f 3279 3658 3659
f 3659 3658 3443
f 3442 3443 3658
f 3440 3442 3658
f 2958 3658 3279
f 3440 3658 2958
f 3285 3284 3660
f 3439 3661 3660
f 3280 3660 3281
f 3285 3660 3280
f 3439 3662 3661
f 2956 3662 2958
f 2958 3662 3439
f 2955 3070 3662
f 2955 3662 2956
f 2400 3663 3070
f 3663 3662 3070
f 3662 3663 3661
f 3441 3664 2496
f 3002 2496 3664
f 3664 2705 2704
f 3002 3664 2704
f 3425 3081 3665
f 3425 3665 3287
f 3291 3665 3081
f 3666 3288 2961
f 3290 3666 2961
f 3288 3666 2503
f 3287 3667 2494
f 3288 3667 3291
f 3665 3667 3287
f 3665 3291 3667
f 3667 2699 2494
f 2699 3667 3288
f 3668 3669 2702
f 2702 3670 3668
f 2703 2931 3670
f 2703 3670 2702
f 3294 3670 2931
f 3295 3670 3296
f 3296 3670 2965
f 2964 3671 2965
f 2964 2707 3671
f 3297 3671 2707
f 2965 3671 2708
f 2708 3671 3297
f 3300 3672 3301
f 3300 2503 3672
f 3666 3672 2503
f 3673 3304 169
f 3304 3673 2501
f 527 3673 169
f 527 2384 3673
f 2384 2383 3673
f 2501 3673 2383
f 3674 2975 2974
f 2973 3674 2974
f 488 3675 490
f 490 3675 3310
f 488 181 3675
f 1737 3675 181
f 3310 3675 1737
f 2977 3676 2979
f 3676 3311 2979
f 3311 3676 2718
f 2718 3676 2505
f 2977 2505 3676
f 2976 181 3677
f 3312 3677 181
f 3677 3312 2976
f 3678 3679 3303
f 2967 3679 3305
f 3303 3679 2968
f 2967 2968 3679
f 3680 2978 3681
f 2979 3681 2978
f 3681 2979 3305
f 3679 3681 3305
f 3678 3681 3679
f 3674 3682 2975
f 3674 2973 3682
f 3683 3313 2985
f 3314 3683 2985
f 3683 3314 3299
f 2713 3683 3299
f 2983 3684 3314
f 3684 3678 3303
f 3684 3303 3299
f 3314 3684 3299
f 3685 3686 3687
f 3688 3689 3043
f 3689 3688 3690
f 3044 3688 3043
f 3321 3691 3320
f 3320 3691 3692
f 3691 3689 3687
f 3692 3691 3687
f 3687 3693 3685
f 3689 3693 3687
f 3693 3689 3690
f 3326 3324 3694
f 3326 3694 2729
f 2728 3695 2413
f 3695 2728 2729
f 2413 3695 2524
f 2524 3695 2522
f 3696 2994 2993
f 2723 2522 3696
f 3321 3696 2993
f 3696 3320 2723
f 3696 3321 3320
f 2999 3697 2730
f 3698 3697 2999
f 2730 3697 2720
f 2720 3697 3698
f 3699 2989 2720
f 3698 3699 2720
f 2989 3699 2987
f 3699 3698 2999
f 2987 3699 2999
f 3330 3700 3001
f 3009 3001 3700
f 3009 3700 3010
f 3656 3010 3700
f 3700 3330 2951
f 3656 3700 2951
f 2676 3701 2709
f 3701 3330 2709
f 2695 3701 2676
f 2952 3701 2695
f 3330 3701 2952
f 2559 3702 3331
f 3331 3702 3333
f 3702 3703 3333
f 3390 3383 3702
f 3045 3702 2559
f 3390 3702 3045
f 3704 3705 3706
f 3706 3707 3704
f 3707 3003 2734
f 3704 3707 2734
f 3706 3048 3707
f 2490 3708 2779
f 2779 3708 3709
f 2697 3708 2490
f 3709 3708 2697
f 3709 3710 2779
f 2779 3710 3339
f 2779 3711 2780
f 3711 3075 2780
f 3339 3712 2779
f 3341 3712 3339
f 3712 3341 3338
f 3006 3713 3343
f 3714 3715 3716
f 3717 3718 3344
f 2757 3718 2758
f 3344 3718 2757
f 3339 3719 3340
f 3344 3720 3717
f 3720 3344 3343
f 3713 3720 3343
f 3721 3722 3723
f 3724 3722 3721
f 3725 3726 3013
f 2535 3727 2534
f 2534 3727 3013
f 3180 2537 3728
f 3348 3728 2537
f 3729 3180 3728
f 3730 3728 3348
f 3348 3731 3730
f 3363 3731 2536
f 3348 2536 3731
f 3732 3733 3731
f 3350 3730 3731
f 3351 3731 3733
f 3350 3731 3351
f 3362 3734 3363
f 3363 3734 3731
f 3731 3734 3732
f 3735 3736 3737
f 2747 3736 2748
f 3349 3736 2747
f 3021 3738 3020
f 3460 3738 3021
f 3020 3738 3458
f 3458 3738 3460
f 3359 3739 3740
f 3740 3739 3741
f 3739 3742 3741
f 3021 3743 3460
f 3740 3743 3021
f 3460 3743 3462
f 3462 3743 3740
f 3017 3744 3352
f 3355 3745 3350
f 3735 3745 3736
f 3745 3355 2748
f 3736 3745 2748
f 3733 3746 3351
f 3747 3021 3748
f 3357 3748 3021
f 3747 3748 3022
f 3748 3357 3022
f 3360 3749 3358
f 3742 3358 3749
f 3742 3749 3750
f 3361 3367 3751
f 3361 3751 3362
f 3365 3752 3346
f 3752 3365 2538
f 3364 3753 3018
f 3754 3753 3364
f 3366 3753 3367
f 3367 3753 3754
f 3368 3755 3024
f 3371 3024 3755
f 3371 3755 3372
f 3372 3755 3030
f 3368 3030 3755
f 3028 3756 3029
f 3370 3029 3756
f 3756 3028 3372
f 3030 3756 3372
f 3370 3756 3030
f 3757 3758 3571
f 3369 3759 3757
f 3370 3759 3369
f 3758 3757 3759
f 3369 3760 3029
f 3761 3762 2540
f 2540 3762 2541
f 3763 3762 3761
f 2541 3762 2650
f 3349 3762 3763
f 3349 2650 3762
f 3764 3765 3766
f 3039 3765 3234
f 3234 3765 3629
f 3767 3765 3764
f 3629 3765 3767
f 3376 3036 3768
f 3764 3768 3767
f 2752 3769 3770
f 3771 3040 2752
f 3042 3772 3044
f 3382 3772 3042
f 3772 3688 3044
f 3688 3772 3382
f 3387 3773 3335
f 3387 3386 3773
f 3052 3774 2754
f 3774 3775 2754
f 2754 3775 2755
f 3059 3776 3061
f 3386 3388 3777
f 3385 3777 3388
f 3774 3386 3777
f 3390 3778 3384
f 3389 3778 3045
f 3778 3390 3045
f 3778 3389 2755
f 3775 3778 2755
f 3392 3779 3393
f 3052 2756 3780
f 3391 3780 2756
f 3052 3780 3774
f 3774 3780 3781
f 3779 3782 3393
f 3272 3783 3270
f 3392 3270 3783
f 3051 3783 3272
f 3392 3783 3051
f 3784 3785 3786
f 3784 3786 3787
f 3401 3788 3402
f 2561 3788 2762
f 3401 3400 3788
f 3409 3788 3400
f 3788 3549 2762
f 3549 3788 3409
f 3205 3789 3403
f 3403 3789 3600
f 3790 3789 3205
f 3604 3600 3789
f 3790 3604 3789
f 3408 3399 3791
f 3792 3404 3793
f 3404 3406 3793
f 3791 3794 3408
f 3795 3794 3791
f 3796 3784 3797
f 3798 3796 3797
f 3417 3416 3796
f 2765 3799 2763
f 3799 2765 2767
f 3060 3799 2767
f 3785 3800 3801
f 3802 2764 2763
f 2764 3802 3803
f 3065 3804 3064
f 3796 3804 3065
f 3805 3804 3796
f 3417 3806 3807
f 3057 3808 2552
f 3423 3808 3057
f 3809 3082 3081
f 3426 3809 3081
f 3425 3810 3426
f 3811 2773 2546
f 3811 3427 2773
f 2784 3811 2546
f 3071 2562 3812
f 3813 3812 2562
f 3812 3813 3071
f 3813 3814 3071
f 3814 3431 3071
f 3073 3054 3815
f 3432 3816 2970
f 3432 2715 3816
f 3433 3817 3818
f 3432 3433 3818
f 3817 3819 3818
f 2715 3818 3820
f 3432 3818 2715
f 3435 3821 3820
f 3434 3821 3435
f 3820 3821 2715
f 3434 2715 3821
f 3436 3437 3822
f 2777 3822 2778
f 3437 2778 3822
f 3078 3822 2777
f 3436 3822 3078
f 3440 3823 3284
f 3439 3823 3440
f 3660 3284 3823
f 3660 3823 3439
f 3824 3659 3443
f 3444 3824 3443
f 3712 3825 3075
f 3338 3825 3712
f 3082 3826 2960
f 3445 3826 3082
f 2960 3826 2565
f 3445 2565 3826
f 3082 3827 3445
f 3438 3827 3074
f 3445 3827 3438
f 3078 3074 3827
f 3446 3078 3827
f 3828 3829 3830
f 3622 3830 3829
f 3623 3622 3829
f 3820 3831 3435
f 3452 3435 3832
f 3831 3832 3435
f 3833 3750 3834
f 3455 3835 3836
f 3455 3836 3032
f 3837 3032 3836
f 3349 3763 3838
f 3034 3839 3455
f 3455 3839 3088
f 3033 3839 3034
f 3088 3839 3033
f 3455 3840 3835
f 3835 3840 3833
f 3457 3841 3458
f 3841 3457 3087
f 3458 3841 3020
f 3087 3020 3841
f 3093 3842 3843
f 3466 3842 3093
f 3467 3844 3094
f 3469 3101 3845
f 3846 3845 3847
f 3227 2905 3848
f 3227 3848 3228
f 3848 3470 3228
f 3849 3470 3100
f 3470 3849 3471
f 3619 3849 3100
f 3619 3471 3849
f 3464 3099 3850
f 3473 3850 3099
f 3850 3473 3477
f 3851 3852 3853
f 3618 3852 3851
f 3618 3619 3852
f 3033 3854 3089
f 3855 3089 3854
f 3856 3473 3095
f 3473 3856 3476
f 3854 3857 3855
f 3856 3858 3476
f 3489 3859 3139
f 3860 3859 3489
f 3861 46 2582
f 46 3861 3107
f 3136 3861 2582
f 2788 2077 3481
f 3481 2077 3482
f 2580 2077 1034
f 2788 1034 2077
f 2580 1030 2077
f 3482 2077 1030
f 3483 2608 3862
f 3113 3862 2611
f 3862 2798 2611
f 2798 3862 2608
f 3484 3863 2797
f 3485 2394 3864
f 3485 3864 3114
f 2393 3864 2394
f 3114 3864 2393
f 3118 3865 3116
f 3116 3865 3485
f 3488 3866 508
f 508 3866 507
f 507 3866 2365
f 3486 3867 3115
f 3868 3869 3117
f 3869 3870 3117
f 3869 3871 3872
f 3871 3873 3874
f 3875 3876 3877
f 3878 3879 2806
f 3880 3879 3878
f 3881 3882 2807
f 3860 3882 3883
f 3489 3490 3884
f 3860 3489 3884
f 3120 3884 3490
f 3120 2807 3884
f 3882 3884 2807
f 3884 3882 3860
f 3880 3885 3886
f 3878 3885 3880
f 3887 3885 3878
f 3888 3886 3889
f 3498 3128 3890
f 2517 3891 2520
f 3497 3891 2517
f 3214 2520 3891
f 3504 3892 2802
f 3503 3892 3504
f 3127 2802 3893
f 3892 3893 2802
f 3499 3127 3893
f 3499 3893 3894
f 3893 3892 3506
f 3505 3893 3506
f 3894 3893 3505
f 3128 3130 3895
f 3894 3895 3130
f 3896 3897 3132
f 3898 2878 2877
f 3898 2881 2878
f 2881 3898 3500
f 3503 3899 3508
f 3500 3899 3503
f 3898 2877 3899
f 3898 3899 3500
f 3507 3506 3900
f 3507 3900 3503
f 3892 3900 3506
f 3503 3900 3892
f 3484 3901 3902
f 3901 3484 3131
f 3511 3135 3903
f 3509 3903 3135
f 3901 3511 3903
f 3901 3903 3902
f 3903 3111 3902
f 3111 3903 2796
f 3509 2796 3903
f 2812 3904 3905
f 3510 3904 2812
f 3901 3906 3511
f 3510 3906 3129
f 3907 3908 3909
f 3909 3908 3515
f 3515 3908 3514
f 3513 2591 3908
f 3514 3908 2591
f 3910 3526 3149
f 3531 3910 3149
f 3531 3530 3910
f 3147 3910 3530
f 3546 3910 3147
f 3145 3911 2623
f 3526 3911 3145
f 2623 3911 2625
f 2625 3911 2833
f 2833 3911 2834
f 3153 3912 3532
f 3533 3912 3153
f 3532 3912 3530
f 3530 3912 3147
f 3533 3147 3912
f 3538 3913 3154
f 3536 3913 3538
f 3536 3164 3913
f 3163 3913 3164
f 3154 3913 3152
f 3534 3152 3913
f 3163 2841 3913
f 3534 3913 2841
f 3538 3914 3148
f 3539 3914 3538
f 3539 3531 3914
f 3148 3914 3149
f 3531 3149 3914
f 3153 3532 3915
f 3539 3915 3532
f 3153 3915 3154
f 3915 3538 3154
f 3538 3915 3539
f 3538 3916 3173
f 3174 3173 3916
f 3917 3174 3916
f 3157 3918 2628
f 2628 3918 2443
f 3919 3546 3159
f 3910 3919 3526
f 3919 3910 3546
f 3528 2835 3920
f 3546 3920 2835
f 3920 3147 3528
f 3147 3920 3546
f 2826 3921 2824
f 3547 2824 3921
f 3525 3921 2826
f 3922 3923 2762
f 2762 3923 3548
f 2836 3924 2837
f 3548 3924 2836
f 3543 2837 3924
f 3543 3924 3544
f 3545 3544 3924
f 3222 3924 3925
f 3222 3223 3924
f 3545 3924 3223
f 2762 3926 3922
f 3549 3926 2762
f 3547 3927 3193
f 3193 3927 3192
f 3921 3927 3547
f 3550 3192 3928
f 3550 3928 3161
f 2857 2859 3929
f 3929 3552 2857
f 3553 3930 2853
f 3930 3553 3931
f 2853 3930 2852
f 3930 3931 2852
f 3553 3932 3931
f 3931 3932 2852
f 3917 3933 3174
f 3554 2852 3934
f 3558 3934 2852
f 3554 3934 3555
f 3555 3934 3559
f 3934 3558 3559
f 3935 3936 3177
f 3936 3561 3177
f 3937 3936 3935
f 3561 3938 3175
f 3175 3938 2849
f 3560 2849 3938
f 3560 3938 3157
f 3157 3938 3561
f 3561 3939 3157
f 3936 3937 3939
f 3936 3939 3561
f 2443 3939 3148
f 3939 3538 3148
f 3538 3939 3937
f 2847 2634 3940
f 3940 3563 2847
f 2636 3940 2634
f 3563 3940 2636
f 3565 3941 3566
f 3566 3941 2825
f 3524 3941 3523
f 3565 3523 3941
f 2825 3941 2826
f 3941 3524 2826
f 3564 3942 3567
f 3565 3943 3523
f 3943 3567 3523
f 2528 3943 3565
f 3567 3943 2528
f 3570 3944 3568
f 3944 3729 3568
f 2858 3944 3570
f 3578 3944 2858
f 3759 3945 3758
f 3569 3946 3570
f 3946 3947 3570
f 3946 3569 3572
f 3946 3572 3571
f 3758 3946 3571
f 3183 3948 3575
f 3577 3167 3949
f 2636 2635 3949
f 2636 3949 3167
f 2863 3949 2635
f 3187 3950 2863
f 3577 3950 3187
f 3949 2863 3950
f 3949 3950 3577
f 3591 3951 3134
f 3134 3951 3592
f 3592 3951 3591
f 3596 3952 3953
f 3954 3953 3952
f 3594 3953 2874
f 3953 3594 3596
f 3198 3955 3194
f 3595 3955 3198
f 3194 3955 3195
f 3195 3955 3595
f 2881 3956 3198
f 3956 3595 3198
f 3595 3956 3596
f 3596 3956 3952
f 3956 2881 3501
f 3952 3956 3501
f 3597 2874 3957
f 3953 3957 2874
f 3957 3953 3954
f 3597 3958 3199
f 2867 3959 3598
f 3598 3959 3960
f 3961 3959 2867
f 3501 3962 3963
f 3504 3962 3502
f 3964 3598 3960
f 3963 3964 3960
f 3405 3965 3221
f 3604 3965 3600
f 3221 3965 3604
f 3791 3399 3966
f 3402 3966 3399
f 3966 3788 2561
f 3788 3966 3402
f 3062 3967 2768
f 3602 3967 3062
f 2768 3967 2561
f 3967 3966 2561
f 3966 3967 3602
f 3968 3603 3203
f 3792 3969 3404
f 3602 3969 3792
f 3603 3969 3602
f 3969 3970 3404
f 3970 3969 3603
f 3405 3404 3970
f 3965 3405 3970
f 3208 3971 3195
f 3196 3195 3971
f 3196 3971 3585
f 3204 3972 3205
f 3204 2894 3972
f 3582 3972 2894
f 3604 3973 3220
f 3220 3973 2897
f 3790 3973 3604
f 3973 3790 3974
f 3974 3551 2898
f 3973 3974 2897
f 2897 3974 2898
f 2885 3975 2886
f 3605 2886 3975
f 2888 3975 2885
f 3605 3975 2888
f 3976 3606 3064
f 3606 3976 3607
f 3804 3976 3064
f 3804 3805 3976
f 3058 3977 3609
f 2554 3977 3058
f 3609 3978 3608
f 3608 3978 2886
f 3977 3611 3978
f 3977 3978 3609
f 2884 2886 3978
f 3611 2884 3978
f 3214 3979 2515
f 3213 3979 3219
f 2515 3979 2759
f 2759 3979 3980
f 3980 3979 3211
f 3979 3213 3211
f 3124 3981 3613
f 3613 3981 3217
f 3123 3981 3124
f 3981 3123 2805
f 3581 3981 2805
f 3613 3982 3122
f 3497 3982 3613
f 3122 3982 2516
f 3982 3497 2516
f 3229 3983 3227
f 3617 3983 3374
f 3105 3983 3229
f 3374 3983 3105
f 3226 2906 3984
f 3983 3984 3227
f 3617 3984 3983
f 3227 3984 2905
f 2906 2905 3984
f 3851 3985 3618
f 3618 3985 3475
f 3474 3985 3851
f 3474 3475 3985
f 3632 3986 2542
f 3632 2911 3986
f 3627 3987 3236
f 3236 3987 3628
f 3987 3627 2746
f 2543 3987 2746
f 12 3987 64
f 7 64 3987
f 7 3987 2543
f 3232 2539 3988
f 3633 3988 2539
f 3988 3626 3232
f 3626 3988 3633
f 3989 3633 3240
f 3240 2913 3989
f 3633 3989 3626
f 3239 3989 2913
f 2378 3989 2456
f 3626 3989 2378
f 2456 3989 2653
f 3989 3239 2653
f 3634 3990 3621
f 3991 3990 3634
f 3990 3991 2914
f 2657 3621 3990
f 3241 2657 3990
f 3241 3990 2914
f 3634 2915 3992
f 2380 3992 2379
f 2915 2379 3992
f 3634 3992 3991
f 2914 3992 2380
f 3991 3992 2914
f 2662 3993 2664
f 3993 3624 2664
f 3636 3622 3994
f 3994 3623 3624
f 3623 3994 3622
f 3993 3994 3624
f 3636 3994 3635
f 3635 3994 2662
f 3993 2662 3994
f 2920 3266 3995
f 2920 3995 2919
f 3248 2919 3995
f 3995 3638 3248
f 3996 3639 3251
f 3643 3996 3251
f 3639 3996 2917
f 3643 2917 3996
f 3254 3997 2927
f 2927 3997 3644
f 3254 2926 3997
f 3638 3997 2926
f 2932 3998 3645
f 3278 3998 2681
f 2932 2681 3998
f 3645 3998 3257
f 3257 3998 2954
f 3277 2954 3998
f 3277 3998 3278
f 3259 3999 3260
f 3999 3261 3260
f 2938 4000 2677
f 3650 4000 2938
f 3648 4001 3259
f 3648 2507 4001
f 3650 4001 4000
f 2677 4001 2507
f 4000 4001 2677
f 4002 4003 3261
f 3261 4003 3651
f 3651 3263 4004
f 3651 4004 3262
f 2682 4004 3263
f 3262 4004 2682
f 2935 4005 2936
f 2682 4005 2935
f 2936 4006 2937
f 4003 4006 3651
f 4005 4006 2936
f 3651 4006 3264
f 3653 4007 3265
f 3265 4007 3266
f 3654 4007 3653
f 2687 2466 4007
f 4007 3654 2687
f 3267 4008 2946
f 3654 4008 3267
f 2946 4008 2945
f 3653 2945 4008
f 4008 3654 3653
f 4009 4010 2487
f 4010 4009 3268
f 3274 4011 3011
f 3011 4011 4012
f 3274 3270 4011
f 4012 4011 3270
f 3657 4013 3276
f 3050 4013 3048
f 3276 4013 3050
f 3707 3048 4013
f 3663 2400 4014
f 3663 4014 3282
f 2398 4014 2400
f 3282 4014 2398
f 4015 4016 3282
f 3660 3661 4015
f 4016 4015 3661
f 3663 4017 3661
f 3283 4018 3284
f 3664 3284 4018
f 4018 3283 2705
f 3664 4018 2705
f 3664 4019 3284
f 3441 4019 3664
f 3284 4019 3440
f 4019 3441 3440
f 3286 4020 3287
f 4020 3286 2402
f 4021 4020 2359
f 4022 2963 2702
f 2963 4022 2962
f 3293 2962 4022
f 2404 4023 3295
f 2404 2403 4023
f 3668 4024 3295
f 4024 3670 3295
f 3670 4024 3668
f 3294 2964 4025
f 4025 3670 3294
f 2965 4025 2964
f 3670 4025 2965
f 3298 3301 4026
f 3672 4026 3301
f 3298 4026 2498
f 3666 4026 3672
f 3290 2498 4026
f 3666 3290 4026
f 3309 4027 3680
f 3680 4027 2978
f 1740 4027 3309
f 4027 2505 2978
f 4027 1740 491
f 2505 4027 491
f 3309 3680 4028
f 4029 3684 2983
f 3684 4029 3678
f 2717 4029 2983
f 2975 4029 2717
f 3313 4030 2981
f 3683 4030 3313
f 2981 4030 2982
f 3683 2713 4030
f 2712 4030 2713
f 4030 2712 2982
f 3318 4031 3319
f 3320 4031 3318
f 3692 4031 3320
f 4032 3692 3687
f 3686 4032 3687
f 4033 4032 3686
f 3334 4032 4033
f 3705 4032 3334
f 3691 3321 4034
f 3043 4034 2761
f 3689 4034 3043
f 3691 4034 3689
f 3041 2761 4034
f 3321 3041 4034
f 4035 3688 3382
f 3421 4035 3382
f 3696 2522 4036
f 3695 4036 2522
f 2994 4037 3324
f 3696 4037 2994
f 3694 3324 4037
f 4036 4037 3696
f 3694 4037 2729
f 2729 4037 3695
f 3695 4037 4036
f 3123 3122 4038
f 2803 2805 4039
f 3123 4039 2805
f 4038 4039 3123
f 4040 3874 4041
f 3119 4041 3874
f 3494 4042 3121
f 4043 4044 3686
f 3702 4044 4043
f 3335 4044 3387
f 3334 4045 3705
f 3336 4045 3334
f 3705 4045 3706
f 4046 4045 3336
f 4046 3706 4045
f 3003 4047 2418
f 2418 4047 2416
f 4047 3337 2416
f 4048 4049 3706
f 3706 4049 3048
f 4049 3046 3048
f 3711 2779 4050
f 3712 4050 2779
f 3711 4050 3075
f 4050 3712 3075
f 3713 4051 3721
f 3724 3721 4051
f 4051 3713 3006
f 3338 4051 3006
f 3724 4051 3338
f 3714 3717 4052
f 3714 4052 3715
f 3782 3715 4052
f 3714 4053 3717
f 4053 3718 3717
f 3714 3716 4053
f 2758 4053 3391
f 3718 4053 2758
f 3710 4054 3339
f 4054 3719 3339
f 4012 4054 3011
f 3719 4054 4012
f 3719 4055 3340
f 3340 4055 3722
f 3722 4055 3723
f 3723 4055 3717
f 3717 4055 3719
f 3719 4012 4056
f 3392 3394 4056
f 3717 4056 3394
f 3719 4056 3717
f 3392 4056 3270
f 3270 4056 4012
f 3723 3717 4057
f 3720 4057 3717
f 3723 4057 3721
f 3713 3721 4057
f 4057 3720 3713
f 3722 3724 4058
f 3341 4058 3338
f 3338 4058 3724
f 3341 3340 4058
f 3722 4058 3340
f 3727 4059 3184
f 4059 3727 2535
f 3727 3184 4060
f 3727 4060 4061
f 3182 4060 3184
f 4061 4060 3182
f 4062 4061 3725
f 4061 4062 3727
f 3186 4063 3181
f 3725 4064 3726
f 3182 3181 4064
f 3729 4065 3568
f 3728 4065 3729
f 3734 3362 4066
f 3751 4066 3362
f 3358 4067 3359
f 4067 3739 3359
f 3742 4067 3358
f 3739 4067 3742
f 3351 4068 3017
f 4068 3744 3017
f 3350 4069 4070
f 3745 4069 3350
f 4069 3745 3735
f 3744 4071 3352
f 3732 4072 3733
f 4070 4073 4074
f 4073 3735 3737
f 4069 4073 4070
f 4073 4069 3735
f 4074 4075 3360
f 4075 3749 3360
f 4073 4075 4074
f 3749 4076 3750
f 3834 3750 4076
f 3834 4076 3833
f 3833 4076 3835
f 3836 3835 4076
f 3016 4077 3015
f 3751 4077 3380
f 3037 4077 3016
f 3380 4077 3037
f 4078 3347 3346
f 3752 4078 3346
f 3347 4078 3184
f 3184 4078 2538
f 4078 3752 2538
f 3751 3367 4079
f 3754 4079 3367
f 3754 3364 4079
f 4077 3751 4079
f 3346 2535 4079
f 3346 4079 3364
f 3015 4079 2535
f 4077 4079 3015
f 3753 4080 3018
f 4080 3753 3366
f 3018 4080 2536
f 3366 2536 4080
f 3360 3359 4081
f 3029 4082 3022
f 3760 4082 3029
f 3740 4082 3359
f 3021 4082 3740
f 4083 3373 3032
f 3837 4083 3032
f 3373 4083 3374
f 3374 4083 3031
f 3765 4084 3766
f 4084 3765 3039
f 3038 3766 4084
f 3038 4084 3039
f 3629 4085 3036
f 3768 3036 4085
f 4085 3629 3767
f 3768 4085 3767
f 3378 4086 2752
f 2752 4086 3769
f 3770 4087 2752
f 2752 4087 3771
f 3040 4088 3038
f 3038 4088 3766
f 3766 4088 3764
f 4089 3336 3335
f 3773 4089 3335
f 3336 4089 4046
f 4049 4046 4089
f 3046 4089 3773
f 4049 4089 3046
f 3422 3066 4090
f 3066 3061 4090
f 3776 4090 3061
f 3703 4091 3333
f 3776 4091 3703
f 4091 3332 3333
f 3776 3059 4091
f 2767 4091 3059
f 3332 4091 2767
f 3385 3384 4092
f 3777 3385 4092
f 3778 4092 3384
f 3778 3775 4092
f 3774 4092 3775
f 3777 4092 3774
f 3781 3716 4093
f 3715 4093 3716
f 3774 3781 4093
f 3779 3774 4093
f 3782 4093 3715
f 3779 4093 3782
f 3051 4094 3392
f 3779 3392 4094
f 3774 4094 3386
f 3779 4094 3774
f 4095 3780 3391
f 4095 4053 3716
f 4053 4095 3391
f 3781 4095 3716
f 3780 4095 3781
f 4096 4097 3398
f 4097 4096 3060
f 3060 4098 4099
f 4096 4098 3060
f 3786 4099 4098
f 3785 4100 3800
f 3785 3784 4100
f 3784 4101 3797
f 3787 4101 3784
f 3798 3797 4101
f 3798 4101 3787
f 3787 4102 3798
f 4098 4096 4102
f 3615 4103 3406
f 4103 3793 3406
f 3793 4103 3795
f 4103 3794 3795
f 4104 3549 3408
f 3794 4104 3408
f 3796 3065 4105
f 2764 4105 3065
f 4105 2764 4106
f 4107 4105 4106
f 3800 4105 4107
f 3796 4105 3800
f 3800 4108 3796
f 3796 4108 3784
f 4100 4108 3800
f 4100 3784 4108
f 3798 4109 3796
f 3796 4109 3417
f 3806 4109 3798
f 3417 4109 3806
f 3786 4110 4099
f 4099 4110 3801
f 3785 4110 3786
f 3801 4110 3785
f 4107 4111 3800
f 3801 3800 4111
f 2764 4112 4106
f 3802 4113 3803
f 3398 3397 4114
f 3398 4114 3807
f 2771 4114 3397
f 3423 3415 4114
f 3417 4114 3415
f 3807 4114 3417
f 3808 3423 4115
f 2553 2552 4115
f 3808 4115 2552
f 2553 4115 2547
f 4115 3418 2547
f 3418 4115 2771
f 3080 4116 2573
f 2571 4117 2572
f 4117 3092 2572
f 4118 4119 4116
f 4117 2571 4119
f 4117 4119 4120
f 4121 4119 4118
f 2571 2573 4119
f 4116 4119 2573
f 4121 4122 4119
f 3427 4123 2773
f 4124 4123 3427
f 2773 4123 2562
f 3813 2562 4123
f 3817 4125 3819
f 3819 4125 3427
f 3427 4125 4124
f 4125 3817 4126
f 4125 4126 4124
f 4123 4126 3813
f 4124 4126 4123
f 4127 4128 4129
f 2980 4128 4127
f 3451 4128 2980
f 3452 4128 3451
f 3086 2656 4130
f 2717 4130 2656
f 4130 2717 2984
f 3313 4130 2984
f 2981 4130 3313
f 4131 4132 4133
f 4131 4133 4129
f 4133 4127 4129
f 4127 4133 4134
f 3431 4135 3433
f 3814 4135 3431
f 3433 4135 3817
f 4126 3817 4135
f 3814 3813 4135
f 4126 4135 3813
f 3431 4136 3072
f 3815 4136 3431
f 3815 3054 4136
f 3395 4136 3054
f 3395 3072 4136
f 3437 3073 4137
f 3815 4137 3073
f 4137 3815 3431
f 2714 4138 2715
f 3816 2715 4138
f 2970 4138 2714
f 3816 4138 2970
f 3824 4139 3659
f 3424 2955 4140
f 4021 4141 4020
f 4140 2955 4141
f 4142 4143 2957
f 4143 4142 4144
f 3279 4142 2957
f 4144 4142 3279
f 4145 4143 4146
f 4147 4145 4146
f 3810 3425 4145
f 3810 4145 4147
f 4144 4146 4148
f 4143 4144 4148
f 3825 4149 3075
f 3824 4149 3825
f 3827 4150 3446
f 4121 4150 4122
f 3845 3846 4151
f 3828 4152 3847
f 3847 4152 3846
f 4152 4153 3846
f 3847 4154 3828
f 3829 3828 4154
f 3829 4154 3623
f 3848 2905 4154
f 3623 4154 2905
f 3427 4155 3819
f 3818 3819 4155
f 3818 4155 3820
f 3820 4155 3831
f 3459 4156 3089
f 4157 3742 3750
f 3742 4157 3741
f 3833 4157 3750
f 3840 4157 3833
f 4158 3850 3477
f 3850 4158 4159
f 3853 4160 3851
f 3850 4160 3853
f 3852 3619 4161
f 3852 4161 3853
f 4162 3853 4161
f 3459 3089 4163
f 3855 4163 3089
f 3472 3459 4164
f 4165 4164 3459
f 3858 4164 4165
f 3476 4166 3477
f 4166 4158 3477
f 3106 4167 3104
f 3474 4167 3106
f 3854 3104 4168
f 3857 3854 4168
f 4169 3858 4165
f 3858 4169 3476
f 3476 4169 4166
f 3856 3095 4170
f 3856 4170 3858
f 3103 4170 3095
f 3472 4170 3103
f 4164 4170 3472
f 3858 4170 4164
f 4171 3515 3138
f 4172 3863 3484
f 3483 4172 3111
f 4172 3484 3902
f 3111 4172 3902
f 3863 4173 2797
f 2792 2598 4173
f 2797 4173 2598
f 3517 2792 4173
f 3516 3517 4173
f 4173 3863 3516
f 3862 4174 3483
f 4175 4174 3862
f 3863 4174 3516
f 3516 4174 4175
f 3875 4176 3876
f 3487 4177 3488
f 4178 2367 2365
f 3866 4178 2365
f 3877 3868 4179
f 3877 4179 3875
f 3867 4180 3115
f 3116 4180 3117
f 3115 4180 3116
f 3868 3117 4180
f 3867 3868 4180
f 3867 3486 4181
f 3118 3117 4182
f 3870 4182 3117
f 3870 4183 4184
f 3869 4183 3870
f 3872 4184 4183
f 4185 3872 3871
f 3874 4185 3871
f 4040 4185 3874
f 3119 4186 2806
f 3119 3874 4186
f 3873 4186 3874
f 3878 2806 4186
f 3878 4186 3887
f 3877 4187 3868
f 3869 4187 3871
f 4187 3869 3868
f 4187 3873 3871
f 4187 4188 3873
f 3888 3889 4189
f 3888 4189 3492
f 3492 4189 940
f 3881 2807 4190
f 2807 2806 4190
f 3879 4190 2806
f 3880 4190 3879
f 149 4191 939
f 3479 4191 149
f 3495 4192 4193
f 3496 4192 3495
f 3592 4194 3134
f 3133 3134 4194
f 4194 3895 3133
f 3890 3128 4194
f 3895 4194 3128
f 3132 4195 2814
f 4195 3897 2814
f 3897 4195 3132
f 3897 4196 2814
f 3140 4196 3490
f 4196 3140 2814
f 4196 3496 3490
f 3125 4197 3592
f 4197 4194 3592
f 4198 3890 4197
f 4194 4197 3890
f 4198 4199 3890
f 3890 4199 3498
f 3613 4200 3497
f 3891 3497 4200
f 3891 4200 3219
f 3218 4200 3216
f 3219 4200 3218
f 3217 3216 4200
f 3613 3217 4200
f 3894 3505 4201
f 3895 3894 4201
f 3505 3508 4201
f 3895 4201 3133
f 3899 4201 3508
f 3133 4201 2877
f 3899 2877 4201
f 3896 4202 3905
f 3132 4202 3896
f 4202 2812 3905
f 2812 4202 3132
f 3897 4203 4204
f 3896 4203 3897
f 4204 4203 4199
f 4199 4203 3498
f 3896 3905 4203
f 3129 4205 3510
f 3904 3510 4205
f 3904 4205 3905
f 4203 3905 4205
f 3498 4205 3129
f 4203 4205 3498
f 4206 3510 3511
f 3906 4206 3511
f 3510 4206 3906
f 3131 4207 3901
f 3906 3901 4207
f 3499 4207 3131
f 3130 4207 3894
f 4207 3499 3894
f 3129 4207 3130
f 3906 4207 3129
f 3937 4208 3538
f 3538 4208 3916
f 3937 3935 4208
f 3917 4208 3935
f 3916 4208 3917
f 3158 4209 3159
f 4209 3919 3159
f 3158 2834 4209
f 3911 4209 2834
f 3526 4209 3911
f 3919 4209 3526
f 2832 4210 2833
f 4211 4210 2832
f 3923 4212 3548
f 3548 4212 3924
f 3923 3922 4212
f 3924 4212 4213
f 3928 3192 4214
f 3927 4214 3192
f 4214 3927 4211
f 4214 4215 3928
f 4215 4214 4211
f 3160 4215 2832
f 4211 2832 4215
f 3161 4216 3162
f 3928 4216 3161
f 4215 4216 3928
f 3551 4216 3160
f 4216 4215 3160
f 3553 3176 4217
f 3553 4217 3932
f 3176 2852 4217
f 3932 4217 2852
f 3553 4218 3177
f 3933 4218 3553
f 4218 3933 3917
f 3935 3177 4218
f 3935 4218 3917
f 3562 3174 4219
f 3933 4219 3174
f 3562 4219 2854
f 3553 4219 3933
f 3918 3157 4220
f 3939 4220 3157
f 3918 4220 2443
f 4220 3939 2443
f 3564 2639 4221
f 3942 3564 4221
f 2627 4221 2639
f 3942 4221 2627
f 3567 4222 3523
f 3942 4222 3567
f 3523 4222 2627
f 2627 4222 3942
f 3944 4223 3729
f 3180 4223 2856
f 3729 4223 3180
f 4223 3944 3578
f 3559 3171 4224
f 3030 4224 3370
f 4224 3759 3370
f 3759 4224 3945
f 3929 2859 4225
f 3929 4225 3552
f 2858 4225 2859
f 3552 4225 3171
f 3570 4225 2858
f 3947 4225 3570
f 4224 3171 4225
f 4224 4225 3945
f 3575 4226 3576
f 3576 4226 2530
f 4226 3179 2530
f 3179 4226 2861
f 4226 4227 2861
f 3183 4228 3948
f 3185 4228 3182
f 3182 4228 3183
f 3948 4228 4229
f 3216 4230 3210
f 3215 4230 3216
f 3210 4230 3584
f 3592 4231 4232
f 4232 4231 4233
f 3588 4231 3592
f 4233 4231 4234
f 4234 4231 4235
f 4235 4231 3590
f 4231 3588 3590
f 4236 3125 3592
f 4232 4236 3592
f 3125 4236 3126
f 4237 3126 4236
f 4238 4237 4236
f 4238 4236 4233
f 4232 4233 4236
f 3963 3960 4239
f 3963 4240 3501
f 3952 3501 4240
f 3954 3952 4240
f 4239 4240 3963
f 4240 4239 3954
f 3957 4241 3597
f 3958 3597 4241
f 3200 4242 2867
f 4242 3961 2867
f 4241 4243 3958
f 3957 3954 4243
f 3957 4243 4241
f 3962 3501 4244
f 3962 4244 3502
f 3503 4244 3501
f 4244 3503 3502
f 2802 4245 3504
f 3504 4245 3962
f 3962 4245 3963
f 4245 3964 3963
f 3966 3602 4246
f 3203 3201 4247
f 3203 4247 3968
f 3202 4247 3201
f 3968 4247 3202
f 3970 4248 3965
f 3599 3600 4248
f 3965 4248 3600
f 3599 4248 3202
f 3968 3202 4248
f 3968 4248 3603
f 4248 3970 3603
f 3208 4249 3971
f 3971 4249 4250
f 4250 4249 4251
f 3207 4249 3208
f 3972 4252 3205
f 4252 3790 3205
f 3971 4250 4253
f 4253 4252 3972
f 3971 4253 3585
f 3583 3585 4253
f 3582 3583 4253
f 3972 3582 4253
f 3207 3162 4254
f 3207 4254 4249
f 4249 4254 4251
f 4216 4255 3162
f 3974 4255 3551
f 4255 4216 3551
f 3976 4256 3607
f 4256 3976 4257
f 3607 4256 3410
f 4256 4257 3410
f 3605 4258 3416
f 3976 3416 4258
f 3410 4258 2891
f 2888 2891 4258
f 3605 2888 4258
f 3611 4259 3212
f 3977 4259 3611
f 3980 3211 4259
f 3212 4259 3211
f 3980 4259 2759
f 2759 4259 2554
f 4259 3977 2554
f 3979 3214 4260
f 3891 4260 3214
f 3979 4260 3219
f 4260 3891 3219
f 3984 4261 3226
f 3617 4261 3984
f 3226 4261 2665
f 2665 4261 2666
f 3617 2666 4261
f 3628 4262 2911
f 3986 2911 4262
f 3987 4263 3628
f 3628 4263 4262
f 2542 4263 12
f 3987 12 4263
f 3986 4263 2542
f 4262 4263 3986
f 3997 4264 3644
f 3644 4264 2671
f 2468 2671 4264
f 2465 2468 4264
f 2465 4264 2466
f 2935 4265 2678
f 3649 4265 2935
f 2678 4266 3650
f 4267 4266 2678
f 4006 4268 3264
f 4005 4268 4006
f 3264 4268 2682
f 4268 4005 2682
f 4009 2487 4269
f 4270 4269 2487
f 3269 4271 2948
f 2948 4271 2487
f 4271 4270 2487
f 4010 4272 2487
f 4015 4273 3660
f 4273 4015 3282
f 3282 4274 3663
f 4016 4275 3282
f 3282 4275 4017
f 4016 3661 4275
f 4017 4275 3661
f 2772 4276 2402
f 4276 4020 2402
f 2772 2359 4276
f 4020 4276 2359
f 3669 4277 2702
f 3295 4278 3668
f 4023 4278 3295
f 4023 3668 4278
f 3668 4279 3669
f 4023 4279 3668
f 4279 4023 3669
f 4023 4280 3669
f 4280 4023 2403
f 4281 3682 2973
f 4028 4281 3309
f 4281 2973 179
f 3309 4281 1023
f 561 4281 179
f 1023 4281 561
f 4281 4028 4282
f 4283 3681 3678
f 4029 4283 3678
f 3681 4283 3680
f 4028 3680 4283
f 4282 4028 4283
f 3682 4283 2975
f 4029 2975 4283
f 4284 4031 3692
f 4032 4284 3692
f 3704 4284 3705
f 3705 4284 4032
f 3690 4285 3693
f 3693 4285 4035
f 3688 4285 3690
f 4035 4285 3688
f 3125 2803 4286
f 4039 4286 2803
f 4286 4039 3125
f 4041 4287 4040
f 4041 4288 4287
f 4041 3119 4289
f 4041 4289 4288
f 4042 4289 3121
f 3119 2808 4289
f 3121 4289 2808
f 4042 3494 4290
f 4038 3122 4291
f 3122 2516 4291
f 4043 4292 3702
f 3422 4292 4043
f 4090 4292 3422
f 4043 3686 4293
f 4043 4293 3693
f 4035 4294 3693
f 4043 3693 4294
f 4043 4294 3422
f 4035 3421 4294
f 3420 4294 3421
f 4294 3420 3422
f 4044 4295 3686
f 3334 4295 3335
f 4295 4044 3335
f 4296 4044 3702
f 3387 4296 3388
f 4044 4296 3387
f 4047 4297 3337
f 3657 3337 4297
f 3707 4297 3003
f 4047 3003 4297
f 4297 4013 3657
f 4013 4297 3707
f 4049 4298 4046
f 4048 4298 4049
f 4046 4298 3706
f 3706 4298 4048
f 3717 3394 4299
f 4052 3717 4299
f 4052 4299 3782
f 3393 4299 3394
f 3782 4299 3393
f 3007 4300 2697
f 3709 2697 4300
f 3011 4300 3007
f 4054 4300 3011
f 3710 3709 4300
f 4054 3710 4300
f 3345 3013 4301
f 4302 4301 3013
f 4063 3345 4301
f 3726 4303 3013
f 3013 4303 4302
f 4304 4303 3726
f 3347 3184 4305
f 4059 4305 3184
f 3347 4305 2535
f 4305 4059 2535
f 4306 4062 3725
f 4062 4306 3727
f 3013 4306 3725
f 3727 4306 3013
f 4304 3181 4307
f 4304 4307 4303
f 4303 4307 4302
f 3186 4308 4063
f 4063 4308 3345
f 3726 4309 4304
f 4064 4309 3726
f 4304 4309 3181
f 4064 3181 4309
f 4061 4310 3725
f 4310 4064 3725
f 4061 3182 4310
f 4064 4310 3182
f 3571 3568 4311
f 4065 4311 3568
f 3571 4311 3757
f 2751 4312 4071
f 3353 3352 4312
f 4071 4312 3352
f 2751 4313 3746
f 3746 4313 3351
f 4068 3351 4313
f 4068 4313 3744
f 3746 3733 4314
f 4072 4314 3733
f 3746 4314 2751
f 2751 4314 4072
f 4315 4072 3732
f 3734 4315 3732
f 4072 4316 2751
f 4316 3751 3380
f 3751 4316 4315
f 4315 4316 4072
f 2752 2751 4316
f 3379 2752 4316
f 3380 3379 4316
f 3737 4317 4073
f 4317 4075 4073
f 4082 4318 3022
f 4318 4082 3021
f 4319 4082 3760
f 4082 4319 3359
f 3837 3761 4320
f 4320 4083 3837
f 3761 2540 4320
f 2742 4320 2540
f 3031 4320 2742
f 4083 4320 3031
f 3764 4321 3768
f 4321 4322 3768
f 4087 4323 3771
f 3770 4323 4087
f 3051 3049 4324
f 4324 4094 3051
f 3049 3046 4324
f 3773 4324 3046
f 3773 3386 4324
f 4094 4324 3386
f 3396 3398 4325
f 4097 4325 3398
f 3396 4325 2771
f 2771 4325 2770
f 3382 2770 4325
f 3382 4325 3421
f 3060 3421 4325
f 4325 4097 3060
f 4096 3398 4326
f 4102 4096 4326
f 3798 4327 3806
f 4102 4327 3798
f 4326 4327 4102
f 4326 3398 4327
f 3807 3806 4327
f 3807 4327 3398
f 3787 3786 4328
f 4102 3787 4328
f 4098 4328 3786
f 4102 4328 4098
f 4329 4104 3794
f 4103 3615 4329
f 4103 4329 3794
f 4330 3926 3549
f 4104 4330 3549
f 3926 4330 3922
f 3796 4331 3805
f 4332 4331 3796
f 3976 3805 4331
f 4331 4332 3976
f 3976 4333 3416
f 4332 4333 3976
f 3796 3416 4333
f 4332 3796 4333
f 4334 4111 4107
f 4334 4107 4106
f 4335 4334 4106
f 4099 4336 3060
f 4336 3799 3060
f 3799 4336 2763
f 3801 4336 4099
f 4111 4336 3801
f 2764 4337 4112
f 4112 4338 4106
f 4339 2764 4340
f 4337 4339 4340
f 2764 4341 4342
f 4339 4341 2764
f 4342 4341 4339
f 4113 4343 4335
f 3802 4344 4113
f 4344 3802 2763
f 4345 4114 2771
f 4114 4345 3423
f 4115 4345 2771
f 4115 3423 4345
f 4346 4119 4122
f 4347 4346 3426
f 3810 4348 3426
f 4347 3426 4348
f 4348 3810 4147
f 4347 4348 4147
f 4349 3430 3428
f 4350 3085 4349
f 3811 4351 3427
f 3811 2784 4351
f 4127 4134 4352
f 4352 4130 2981
f 2980 4352 2981
f 4127 4352 2980
f 4353 4354 3450
f 4354 4355 3450
f 4356 4357 4132
f 4356 4353 4357
f 3450 4357 4353
f 4356 4132 4358
f 3429 4359 3427
f 3437 4360 2778
f 4137 4360 3437
f 4137 3431 4360
f 4147 4361 4347
f 3279 3659 4362
f 4139 4362 3659
f 4141 4363 3425
f 4363 4141 4143
f 4145 3425 4363
f 4145 4363 4143
f 4141 3425 4364
f 4141 4364 4020
f 3425 3287 4364
f 4020 4364 3287
f 4365 4141 4021
f 4141 4365 4140
f 4021 2359 4365
f 3068 4365 2359
f 3424 4365 3068
f 4140 4365 3424
f 4141 2955 4366
f 4141 4366 4143
f 2957 4366 2955
f 4143 4366 2957
f 4143 4367 4146
f 4148 4146 4367
f 4148 4367 4143
f 3444 3075 4368
f 4149 4368 3075
f 3824 3444 4368
f 3824 4368 4149
f 3338 3076 4369
f 4369 4370 3338
f 4370 4371 3338
f 3809 4372 3082
f 3809 3426 4372
f 3082 4373 3827
f 3827 4373 4150
f 4346 4373 3426
f 4150 4373 4122
f 4122 4373 4346
f 3446 4374 3447
f 4150 4374 3446
f 4118 4374 4121
f 4374 4150 4121
f 4151 4375 3845
f 3845 4375 3469
f 3828 4376 4152
f 4151 3846 4377
f 4153 4377 3846
f 4378 4133 4132
f 4379 4153 4378
f 4380 4154 3847
f 3845 4380 3847
f 3845 3101 4380
f 4154 4380 3848
f 3470 4380 3101
f 3848 4380 3470
f 3461 3462 4381
f 4156 4382 3741
f 3740 4382 3462
f 3741 4382 3740
f 4383 4156 3741
f 4157 4383 3741
f 3840 4383 4157
f 4383 3840 3455
f 4383 3455 3088
f 3089 4383 3088
f 4156 4383 3089
f 4384 4385 3098
f 4386 4387 4388
f 4389 4390 3094
f 4388 4390 3467
f 3844 3467 4390
f 4387 4386 4390
f 3850 4159 4391
f 3850 4391 4160
f 3857 4391 4159
f 4168 4391 3857
f 4391 4168 4160
f 4162 4392 3853
f 3842 4393 3843
f 3464 4393 3465
f 4394 4395 4396
f 3619 3100 4397
f 4397 4161 3619
f 3459 4398 4165
f 4163 4398 3459
f 4165 4398 4169
f 3104 4399 3373
f 3373 4399 3033
f 3857 4400 3855
f 4159 4400 3857
f 4158 4400 4159
f 4166 4400 4158
f 4167 4401 3104
f 4168 3104 4401
f 4167 3474 4401
f 3474 3851 4401
f 4160 4401 3851
f 4168 4401 4160
f 3860 3883 4402
f 3860 4402 3859
f 4403 4404 4405
f 3479 4404 4191
f 4406 3513 4407
f 3908 4407 3513
f 3908 3907 4407
f 4406 4407 4405
f 3861 4408 3107
f 4408 3478 3107
f 4406 4409 3513
f 4409 3861 3136
f 3861 4409 4408
f 4408 4409 4406
f 3512 4409 3136
f 3513 4409 3512
f 3138 2811 4410
f 4171 3138 4410
f 4171 4410 3139
f 2811 2813 4410
f 3139 4410 2813
f 3862 3113 4411
f 4175 3862 4411
f 3516 4411 3113
f 4175 4411 3516
f 4172 3483 4412
f 4174 4412 3483
f 4172 4412 3863
f 4412 4174 3863
f 4177 4413 3488
f 4178 4413 4414
f 3866 3488 4413
f 4178 3866 4413
f 4414 4415 4176
f 4413 4415 4414
f 4413 4177 4415
f 4189 3889 4416
f 4189 4416 940
f 4416 508 940
f 508 4416 3487
f 2432 4417 2431
f 4179 4418 3875
f 3867 4418 3868
f 4418 4176 3875
f 4179 3868 4418
f 2521 2411 4419
f 2521 4419 2727
f 3872 4420 3869
f 4183 3869 4420
f 4183 4420 3872
f 4185 4040 4421
f 4185 4421 3872
f 4422 4421 4040
f 4421 4422 3872
f 4423 4424 4425
f 2516 2518 4426
f 2408 4426 2518
f 4291 4426 4427
f 4428 4426 2408
f 4186 4429 3887
f 4186 3873 4429
f 3885 3887 4429
f 4429 4430 3885
f 3876 4431 3877
f 4187 3877 4431
f 4188 4431 3876
f 4187 4431 4188
f 4432 3882 3881
f 4190 3880 4432
f 4190 4432 3881
f 4433 4434 3491
f 4435 4434 4433
f 3491 4434 3492
f 3888 3492 4434
f 4191 4436 939
f 3491 939 4436
f 4433 3491 4436
f 4435 4433 4437
f 4192 4438 4193
f 3496 4438 4192
f 4196 4438 3496
f 4193 4439 3495
f 4197 4440 4198
f 4441 4198 4440
f 4440 4197 3125
f 4039 4440 3125
f 4210 4442 2439
f 2622 4442 3525
f 2439 4442 2440
f 2622 2440 4442
f 3921 3525 4443
f 4442 4443 3525
f 4210 4443 4442
f 4211 4443 4210
f 3927 4443 4211
f 3921 4443 3927
f 2625 4444 2439
f 4444 4210 2439
f 2625 2833 4444
f 4210 4444 2833
f 2854 4445 2638
f 4219 4445 2854
f 3553 2638 4445
f 3553 4445 4219
f 3559 4446 3555
f 4224 4446 3559
f 4446 4224 3030
f 4225 3947 4447
f 4225 4447 3945
f 3945 4447 3758
f 3946 4447 3947
f 3946 3758 4447
f 3187 4448 3579
f 4449 4448 3187
f 4228 4448 4229
f 3187 2864 4450
f 4449 3187 4450
f 2864 2861 4450
f 4227 4450 2861
f 4227 4451 4450
f 4450 4451 4449
f 3948 4229 4451
f 4448 4451 4229
f 4448 4449 4451
f 4226 4452 4227
f 4227 4452 4453
f 4453 4452 3575
f 4454 3581 2804
f 3581 4454 4455
f 3126 4454 2804
f 4455 4456 3581
f 3217 4456 3215
f 4230 3215 4456
f 3981 4456 3217
f 3981 3581 4456
f 4455 4457 4458
f 3584 4457 3585
f 4458 4457 3584
f 3200 3199 4459
f 4239 4460 3954
f 4243 3954 4460
f 4239 4461 4460
f 4460 4461 4243
f 3958 4462 3199
f 4243 4462 3958
f 4459 3199 4462
f 4459 4462 4463
f 4461 4463 4462
f 4461 4462 4243
f 2800 4464 2802
f 4245 2802 4464
f 3598 4464 2800
f 4245 4464 3964
f 3964 4464 3598
f 4465 3602 3792
f 3793 4465 3792
f 3793 3795 4465
f 3966 4466 3791
f 4246 4466 3966
f 3791 4466 3795
f 4465 3795 4466
f 4246 3602 4466
f 4465 4466 3602
f 4254 4467 4251
f 4254 3162 4467
f 4255 4467 3162
f 3976 4468 4257
f 4258 4468 3976
f 4257 4468 3410
f 4258 3410 4468
f 3997 3638 4469
f 3997 4469 4264
f 3995 4469 3638
f 3995 3266 4469
f 4264 4469 2466
f 4007 2466 4469
f 4007 4469 3266
f 4267 2678 4470
f 4265 4470 2678
f 4266 4267 4471
f 4471 3999 3259
f 4266 4471 3650
f 4001 4471 3259
f 4471 4001 3650
f 4270 4472 4269
f 4009 4472 3268
f 4269 4472 4009
f 3268 4472 2489
f 3269 4473 4271
f 4271 4473 4474
f 2489 4473 3269
f 4474 4473 2489
f 4475 4010 3268
f 4010 4475 4272
f 2487 4475 3268
f 4272 4475 2487
f 3660 4476 3281
f 4273 4476 3660
f 3282 3281 4476
f 4476 4273 3282
f 4017 3663 4477
f 4274 4477 3663
f 4017 4477 3282
f 3282 4477 4274
f 4022 4478 3293
f 4478 4022 2702
f 4277 4478 2702
f 4479 4277 3669
f 4280 4479 3669
f 4281 4480 3682
f 4282 4480 4281
f 4480 4283 3682
f 4283 4480 4282
f 4284 4481 4031
f 2733 3319 4481
f 4031 4481 3319
f 2733 4481 2734
f 2734 4481 3704
f 4284 3704 4481
f 4287 4288 4482
f 4287 4482 4040
f 4422 4040 4482
f 4425 4482 4423
f 4425 4422 4482
f 4290 4483 4288
f 4482 4288 4483
f 4290 3494 4483
f 4423 4483 4484
f 4482 4483 4423
f 4288 4485 4290
f 4290 4485 4042
f 4289 4485 4288
f 4042 4485 4289
f 4423 4486 4424
f 4424 4486 4427
f 4423 4484 4486
f 4039 4038 4487
f 4039 4487 4440
f 4440 4487 4441
f 3702 4488 3703
f 4292 4488 3702
f 4488 4292 4090
f 3776 3703 4488
f 4090 3776 4488
f 3686 3685 4489
f 4293 3686 4489
f 3693 4489 3685
f 4293 4489 3693
f 3686 4490 4033
f 4295 4490 3686
f 3334 4033 4490
f 4490 4295 3334
f 4491 3702 3383
f 4491 4296 3702
f 3385 4491 3383
f 3388 4491 3385
f 4296 4491 3388
f 4063 4492 3181
f 4307 3181 4492
f 4301 4492 4063
f 4301 4302 4492
f 4307 4492 4302
f 4493 4308 3186
f 4308 4493 3345
f 3186 2740 4493
f 3345 4493 2740
f 4311 4494 3757
f 2751 4495 4312
f 3017 4495 2751
f 4312 4495 3353
f 4071 4496 2751
f 2751 4496 4313
f 4071 3744 4496
f 4313 4496 3744
f 4066 4497 3734
f 4315 3734 4497
f 3751 4497 4066
f 4315 4497 3751
f 4317 3737 4498
f 4317 4498 3838
f 3838 4498 3349
f 3736 4498 3737
f 4498 3736 3349
f 4076 4499 3836
f 3836 4499 3837
f 3761 4499 3763
f 3837 4499 3761
f 4317 4500 4075
f 4075 4500 3749
f 4076 3749 4500
f 4500 4499 4076
f 4499 4500 3763
f 3838 3763 4500
f 4317 3838 4500
f 3022 4501 3747
f 4318 4501 3022
f 3747 4501 3021
f 4501 4318 3021
f 4081 4502 3760
f 4502 4319 3760
f 4081 3359 4502
f 4319 4502 3359
f 3771 4503 3040
f 4503 4504 3040
f 4323 4503 3771
f 4504 4503 4323
f 3040 4505 4088
f 4504 4505 3040
f 3769 4506 3770
f 4323 3770 4506
f 4323 4506 4322
f 4086 4506 3769
f 4506 4086 3378
f 3376 4506 3378
f 3768 4506 3376
f 4322 4506 3768
f 3924 4507 3925
f 4507 3924 4213
f 4330 4508 3922
f 4104 4508 4330
f 4329 4508 4104
f 4508 4507 4213
f 4329 3615 4508
f 4508 4212 3922
f 4212 4508 4213
f 4507 4508 3925
f 3925 4508 3222
f 3614 4508 3615
f 3222 4508 3614
f 4336 4509 2763
f 4343 2763 4509
f 4334 4509 4111
f 4509 4336 4111
f 4334 4335 4509
f 4343 4509 4335
f 4342 4510 2764
f 4510 4337 2764
f 4339 4510 4342
f 4337 4510 4339
f 4113 4511 3803
f 4511 4337 3803
f 4112 4512 4338
f 4335 4106 4512
f 4338 4512 4106
f 3803 4513 2764
f 4340 2764 4513
f 4337 4513 3803
f 4340 4513 4337
f 4514 4515 2763
f 4343 4514 2763
f 4343 4113 4514
f 4516 4517 2763
f 4344 2763 4517
f 4355 3430 4518
f 4349 4518 3430
f 4349 3085 4518
f 3450 4518 3085
f 4355 4518 3450
f 3427 4519 3428
f 4351 4519 3427
f 4349 3428 4519
f 4349 4519 4350
f 4351 4350 4519
f 4520 4351 2784
f 4351 4520 4350
f 2784 3085 4520
f 4350 4520 3085
f 4356 4521 4353
f 4353 4521 4354
f 4131 4522 4132
f 4522 4358 4132
f 4129 4522 4131
f 4358 4522 4129
f 4358 4523 4356
f 4358 4129 4523
f 4523 3832 3831
f 2775 2778 4524
f 4360 4524 2778
f 2775 4524 2564
f 4524 2970 2564
f 2970 4524 3432
f 3432 4524 3431
f 4360 3431 4524
f 3463 4525 3077
f 4526 3077 4525
f 4120 4525 4117
f 4526 4525 4120
f 4144 4527 4146
f 4527 4147 4146
f 4147 4527 4361
f 4361 4527 4528
f 4528 4529 4361
f 4346 4529 4119
f 4119 4529 4530
f 4529 4346 4347
f 4361 4529 4347
f 4139 4531 4362
f 3279 4531 4144
f 4362 4531 3279
f 4532 4528 4531
f 4139 3824 4533
f 4532 4533 3824
f 4533 4531 4139
f 4531 4533 4532
f 4532 4534 4528
f 3825 4534 3824
f 3824 4534 4532
f 4535 3825 3338
f 4371 4535 3338
f 4372 4536 3082
f 4536 4373 3082
f 4372 3426 4536
f 4373 4536 3426
f 3448 3447 4537
f 4374 4537 3447
f 3448 4537 3080
f 4537 4374 4118
f 4116 3080 4537
f 4116 4537 4118
f 3093 4538 3449
f 4539 4540 4395
f 4375 4541 3469
f 4542 4541 4375
f 4543 4541 4542
f 3102 4543 3100
f 3469 4543 3102
f 4541 4543 3469
f 3830 4544 3828
f 4544 4376 3828
f 3622 4544 3830
f 3620 4544 3622
f 4153 4152 4545
f 4376 4545 4152
f 4378 4153 4545
f 4546 4547 4379
f 4379 4547 4357
f 4132 4547 4546
f 4357 4547 4132
f 4548 3450 3449
f 4538 4548 3449
f 4379 4549 4153
f 4549 4377 4153
f 4379 4550 4546
f 4378 4550 4379
f 4546 4550 4132
f 4132 4550 4378
f 4133 4551 4134
f 4378 4551 4133
f 4545 4551 4378
f 3456 4552 3459
f 3459 4552 4381
f 4381 4552 3461
f 3458 4552 3456
f 3461 4552 3458
f 3459 4553 4156
f 4381 4553 3459
f 4381 3462 4553
f 4382 4553 3462
f 4156 4553 4382
f 3465 4554 3098
f 4554 4555 3098
f 3467 3098 4556
f 4385 4556 3098
f 4556 4385 3467
f 4389 3094 4557
f 3094 4558 3466
f 4390 4558 3094
f 3844 4559 3094
f 4387 4560 4388
f 4560 4390 4388
f 4390 4560 4387
f 4561 4562 4539
f 4562 4561 3850
f 4563 4564 3843
f 4563 4396 4564
f 4564 3093 3843
f 3093 4564 4396
f 4565 4561 4539
f 4561 4565 4394
f 4395 4565 4539
f 4394 4565 4395
f 4394 4566 4561
f 3850 4566 3464
f 4561 4566 3850
f 4394 4567 4566
f 4393 3464 4566
f 4393 4566 4567
f 4394 4568 4567
f 4567 4568 4393
f 4563 4568 4396
f 4394 4396 4568
f 4393 4568 3843
f 3843 4568 4563
f 4398 4569 4169
f 4400 4569 3855
f 3855 4569 4163
f 4163 4569 4398
f 4169 4569 4166
f 4166 4569 4400
f 3854 4570 3104
f 3033 4570 3854
f 4402 4571 3859
f 3859 4571 3139
f 4171 3139 4571
f 4572 4171 4571
f 4572 4573 4171
f 3907 3909 4573
f 4171 4573 3515
f 3515 4573 3909
f 4406 4405 4574
f 4408 4406 4574
f 4408 4574 3478
f 4404 4574 4405
f 3478 4574 3479
f 4574 4404 3479
f 3865 4575 3485
f 3485 4575 2394
f 4575 4576 2394
f 3118 4575 3865
f 4577 2688 4578
f 4578 4576 4577
f 4576 4578 2394
f 2944 4578 2688
f 2395 2394 4578
f 2944 2395 4578
f 4579 4415 4177
f 4178 4414 4580
f 2432 4580 4417
f 2432 2367 4580
f 4178 4580 2367
f 4181 3486 4581
f 4417 4181 4581
f 4181 4582 3867
f 4582 4418 3867
f 4419 2411 4583
f 4419 4583 4577
f 2527 4583 2411
f 2527 2526 4583
f 2731 4583 2526
f 2731 2405 4583
f 2360 4583 2405
f 2688 4583 2360
f 4577 4583 2688
f 4575 4584 4576
f 4419 4585 2727
f 2727 4585 2408
f 4428 2408 4585
f 4585 4426 4428
f 4291 2516 4586
f 4426 4586 2516
f 4586 4426 4291
f 4188 3876 4587
f 4430 4429 4587
f 4588 4434 4435
f 4432 3880 4588
f 4432 4588 4435
f 3886 4588 3880
f 3888 4588 3886
f 4434 4588 3888
f 4435 4589 4432
f 4437 4589 4435
f 3882 4589 3883
f 4432 4589 3882
f 4402 3883 4589
f 4404 4590 4191
f 4437 4433 4590
f 4403 4590 4404
f 4437 4590 4403
f 4436 4590 4433
f 4191 4590 4436
f 4196 3897 4591
f 4196 4591 4438
f 4204 4591 3897
f 4438 4591 4204
f 3493 3495 4592
f 4439 4592 3495
f 3493 4592 3494
f 4592 4483 3494
f 4484 4592 4439
f 4483 4592 4484
f 4441 4593 4198
f 4439 4593 4441
f 4439 4193 4593
f 4199 4198 4593
f 4199 4593 4204
f 4438 4204 4593
f 4438 4593 4193
f 3556 3555 4594
f 4446 4594 3555
f 4594 4446 3030
f 4448 4595 3579
f 4595 3577 3579
f 3577 4595 3578
f 3578 4595 4223
f 2856 4595 3185
f 4223 4595 2856
f 4226 3575 4596
f 4596 4597 4226
f 4226 4598 4452
f 4452 4598 3575
f 4237 4599 3126
f 4599 4454 3126
f 4238 4599 4237
f 4233 4599 4238
f 4234 4599 4233
f 4234 4235 4599
f 4235 3590 4599
f 3590 3587 4599
f 4455 4458 4600
f 4456 4455 4600
f 4456 4600 4230
f 4458 3584 4600
f 4230 4600 3584
f 4463 4601 4459
f 4459 4601 3200
f 4461 4602 4463
f 4242 4463 4602
f 4239 3960 4602
f 4602 4461 4239
f 4242 4602 3961
f 3959 4602 3960
f 3959 3961 4602
f 4252 4603 3790
f 4255 4603 4467
f 3974 3790 4603
f 4255 3974 4603
f 4467 4604 4251
f 4251 4604 4250
f 4603 4252 4604
f 4603 4604 4467
f 4253 4250 4604
f 4253 4604 4252
f 4265 4605 4470
f 4470 4605 4267
f 3261 4605 4002
f 3999 4605 3261
f 4471 4605 3999
f 4471 4267 4605
f 4606 4472 4270
f 4271 4606 4270
f 4474 4606 4271
f 4474 2489 4606
f 4472 4606 2489
f 4607 4478 4277
f 4479 4607 4277
f 4478 4607 3293
f 3293 4607 2403
f 4479 2403 4607
f 2403 4608 4280
f 4479 4608 2403
f 4479 4280 4608
f 4609 4291 4427
f 4486 4609 4427
f 4291 4609 4038
f 4487 4038 4609
f 4486 4484 4610
f 4487 4610 4441
f 4610 4609 4486
f 4609 4610 4487
f 4439 4610 4484
f 4439 4441 4610
f 3369 3757 4611
f 4494 4611 3757
f 3760 3369 4611
f 4611 4494 3760
f 4494 4612 3760
f 4311 4612 4494
f 3760 4612 4081
f 4081 4612 3360
f 4074 3360 4612
f 3356 4613 3017
f 4613 4495 3017
f 3356 3354 4613
f 3353 4613 3354
f 4495 4613 3353
f 4323 4614 4504
f 4614 4505 4504
f 4505 4614 4088
f 4088 4614 3764
f 4321 3764 4614
f 4321 4614 4322
f 4323 4322 4614
f 4337 4615 4112
f 4511 4615 4337
f 4112 4615 4113
f 4511 4113 4615
f 4113 4616 4112
f 4616 4512 4112
f 4113 4335 4616
f 4512 4616 4335
f 4517 4516 4617
f 4517 4617 4344
f 4516 2763 4617
f 4515 4617 2763
f 4344 4617 4113
f 4514 4113 4617
f 4514 4617 4515
f 4521 4618 4354
f 4355 4618 3430
f 4354 4618 4355
f 3430 4618 3429
f 4359 3429 4618
f 4359 4618 4521
f 4523 4619 4356
f 4521 4356 4619
f 4521 4619 4359
f 4155 3427 4619
f 4359 4619 3427
f 4155 4619 3831
f 3831 4619 4523
f 4128 4620 4129
f 4523 4129 4620
f 4523 4620 3832
f 3832 4620 3452
f 3452 4620 4128
f 4621 3463 3092
f 3463 4621 4525
f 4117 4621 3092
f 4525 4621 4117
f 4529 4622 4530
f 4528 4622 4529
f 4534 4622 4528
f 4119 4623 4120
f 4526 4120 4623
f 4624 4526 4623
f 4531 4625 4144
f 4531 4528 4625
f 4625 4527 4144
f 4527 4625 4528
f 4369 4626 4370
f 4369 3076 4626
f 4526 4626 3077
f 4627 4396 4628
f 4540 4627 4628
f 4629 4630 4392
f 4539 4630 4540
f 4392 4162 4631
f 4161 4631 4162
f 4540 4632 4633
f 4630 4632 4540
f 4632 4630 4629
f 4397 4634 4161
f 4634 4543 4161
f 4397 3100 4634
f 4543 4634 3100
f 4544 4635 4376
f 4545 4376 4635
f 4635 3620 3621
f 3620 4635 4544
f 4636 4637 4377
f 4542 4375 4637
f 4636 4542 4637
f 4636 4638 4542
f 4639 4548 4538
f 3093 4639 4538
f 4396 4639 3093
f 4627 4639 4396
f 3450 4640 4357
f 4379 4357 4640
f 4641 4636 4640
f 4377 4640 4636
f 4551 4642 4134
f 3086 4642 2657
f 4555 4643 3098
f 4643 4644 3098
f 4554 4645 4555
f 4385 4645 4554
f 4643 4555 4645
f 4645 4385 4384
f 4643 4645 4644
f 4384 3098 4645
f 4644 4645 3098
f 3467 4646 4388
f 4385 4646 3467
f 4386 4388 4646
f 3465 4647 4554
f 4647 4558 4648
f 4647 4648 4386
f 4554 4647 4386
f 4558 4647 3466
f 3466 4647 3842
f 4393 4647 3465
f 3842 4647 4393
f 4649 4390 4389
f 4650 4649 4389
f 4390 4649 3844
f 4559 3844 4649
f 4557 3094 4651
f 4650 4651 3094
f 4557 4651 4389
f 4651 4650 4389
f 4562 4652 4539
f 4562 4392 4652
f 4652 4630 4539
f 4630 4652 4392
f 4392 4653 3853
f 4562 4653 4392
f 4653 3850 3853
f 3850 4653 4562
f 4399 3104 4654
f 4570 4654 3104
f 4399 4654 3033
f 3033 4654 4570
f 4571 4655 4572
f 4573 4655 3907
f 4573 4572 4655
f 4571 4402 4655
f 4177 4656 4579
f 4177 3487 4656
f 4416 4656 3487
f 4656 4416 3889
f 4415 4657 4176
f 4579 4657 4415
f 4176 4657 3876
f 4579 4430 4657
f 4657 4587 3876
f 4587 4657 4430
f 4579 4658 4430
f 3886 4658 3889
f 3889 4658 4656
f 4656 4658 4579
f 3885 4658 3886
f 4430 4658 3885
f 3486 2386 4659
f 4581 3486 4659
f 2386 2388 4659
f 2388 2431 4659
f 4417 4659 2431
f 4581 4659 4417
f 4418 4660 4176
f 4582 4660 4418
f 4176 4660 4414
f 4580 4414 4660
f 4580 4660 4417
f 4417 4660 4181
f 4582 4181 4660
f 4576 4661 4577
f 4584 4661 4576
f 4577 4661 4419
f 4662 4575 3118
f 4662 4584 4575
f 4182 4662 3118
f 3870 4662 4182
f 4184 4663 3870
f 4663 4662 3870
f 4425 4663 4422
f 3872 4663 4184
f 4422 4663 3872
f 4587 4664 4188
f 4587 4429 4664
f 4188 4664 3873
f 4429 3873 4664
f 4403 4665 4437
f 4665 4589 4437
f 4589 4665 4402
f 4655 4402 4665
f 3556 4666 3165
f 4594 4666 3556
f 4666 4594 3030
f 4228 4667 4448
f 4595 4448 4667
f 4667 4228 3185
f 4595 4667 3185
f 4453 3575 4668
f 4669 4668 3575
f 4453 4668 4227
f 4668 4451 4227
f 4451 4668 4669
f 4597 4670 4226
f 4226 4670 4598
f 4596 4670 4597
f 4596 3575 4670
f 4598 4670 3575
f 4454 4671 4455
f 4599 4671 4454
f 4457 4455 4671
f 3586 4671 3587
f 4599 3587 4671
f 3586 3196 4671
f 4457 4672 3585
f 3585 4672 3196
f 4671 4672 4457
f 4672 4671 3196
f 4242 4673 4463
f 4673 4601 4463
f 3200 4673 4242
f 4601 4673 3200
f 4605 4674 4002
f 4674 4605 4265
f 4265 3649 4674
f 4003 4002 4674
f 4006 4003 4674
f 3649 2937 4674
f 4006 4674 2937
f 3728 3730 4675
f 4675 4065 3728
f 3350 4675 3730
f 3350 4070 4675
f 4311 4065 4676
f 4676 4612 4311
f 4675 4676 4065
f 4612 4676 4074
f 4074 4676 4070
f 4675 4070 4676
f 4623 4677 4624
f 4678 4624 4677
f 4530 4677 4119
f 4119 4677 4623
f 4622 4677 4530
f 4678 4677 4622
f 4535 4371 4679
f 4678 4679 4624
f 4622 4679 4678
f 3076 3077 4680
f 4626 4680 3077
f 4680 4626 3076
f 4540 4681 4395
f 4628 4681 4540
f 4395 4681 4396
f 4628 4396 4681
f 4551 4545 4682
f 4635 4682 4545
f 4642 4551 4682
f 4682 4635 3621
f 2657 4682 3621
f 4642 4682 2657
f 4377 4683 4151
f 4637 4683 4377
f 4375 4151 4683
f 4637 4375 4683
f 4638 4684 4542
f 4161 4684 4631
f 4392 4684 4629
f 4631 4684 4392
f 4632 4685 4633
f 4685 4632 4629
f 4684 4685 4629
f 4638 4685 4684
f 4685 4638 4636
f 4641 4685 4636
f 4686 4540 4633
f 4685 4686 4633
f 4685 4641 4686
f 4540 4686 4627
f 4640 4687 4379
f 4687 4640 4377
f 4686 4688 4627
f 4642 4689 4134
f 4642 3086 4689
f 4130 4689 3086
f 4352 4134 4689
f 4352 4689 4130
f 4554 4690 4385
f 4690 4646 4385
f 4554 4386 4690
f 4646 4690 4386
f 4691 4390 4386
f 4692 4691 4386
f 4390 4691 4692
f 4693 4558 4390
f 4692 4693 4390
f 4558 4693 4648
f 4648 4693 4386
f 4692 4386 4693
f 4649 4694 4559
f 4694 4649 4650
f 4559 4694 3094
f 4650 3094 4694
f 4407 3907 4695
f 4655 4695 3907
f 4407 4695 4405
f 4665 4695 4655
f 4405 4695 4403
f 4695 4665 4403
f 4584 4696 4661
f 4427 4696 4424
f 4666 4697 3165
f 2633 4697 2631
f 3165 4697 2633
f 3030 2631 4697
f 4697 4666 3030
f 4451 4698 3948
f 4699 4698 4451
f 3948 4698 3575
f 4699 3575 4698
f 4669 4700 4451
f 4451 4700 4699
f 4700 4669 3575
f 4699 4700 3575
f 4679 4701 4535
f 4534 3825 4701
f 4535 4701 3825
f 4622 4534 4701
f 4701 4679 4622
f 4371 4370 4702
f 4679 4371 4702
f 4626 4702 4370
f 4679 4702 4624
f 4624 4702 4526
f 4526 4702 4626
f 4161 4703 4684
f 4684 4703 4542
f 4543 4703 4161
f 4543 4542 4703
f 4549 4379 4704
f 4687 4704 4379
f 4549 4704 4377
f 4704 4687 4377
f 4548 4705 3450
f 4705 4688 3450
f 4688 4705 4627
f 4639 4627 4705
f 4639 4705 4548
f 3450 4706 4640
f 4688 4706 3450
f 4640 4706 4641
f 4686 4641 4706
f 4686 4706 4688
f 4585 4419 4707
f 4661 4707 4419
f 4696 4707 4661
f 4696 4427 4707
f 4426 4707 4427
f 4585 4707 4426
f 4708 4696 4584
f 4662 4708 4584
f 4663 4708 4662
f 4663 4425 4708
f 4425 4424 4708
f 4696 4708 4424

