# https://github.com/mikedh/trimesh
v 0.02005676 -0.06624455 0.00067973
v 0.01699999 -0.06627944 0.00112365
v 0.01700000 -0.06629837 -0.00000000
v -0.03152552 -0.02556220 -0.00894616
v -0.03056372 -0.03269278 -0.00451804
v -0.03166557 -0.02596654 -0.00447949
v -0.02344492 0.02337110 0.01134089
v -0.02147689 0.02570979 0.00000000
v -0.02467002 0.02266363 0.00000000
v -0.02203972 0.01371444 0.02600010
v -0.01475687 0.01030703 0.02700000
v -0.01274288 0.01271295 0.02700000
v -0.00467919 0.01738117 0.02700000
v -0.00158989 0.01792965 0.02700000
v -0.00614397 0.02403062 0.02600000
v -0.00993684 0.02272615 0.02600000
v -0.01665067 0.01838407 0.02600000
v -0.01034171 0.01473259 0.02700000
v 0.05849898 -0.02417191 0.01430840
v 0.06020368 -0.02345659 0.01298025
v 0.06438575 0.01632828 0.01307515
v 0.05923934 -0.03798920 -0.00310514
v 0.06061830 -0.03422566 -0.00313216
v 0.06072882 -0.03428910 0.00064508
v 0.06177844 -0.03080417 0.00065193
v 0.03165851 0.01444762 0.02615546
v 0.03137574 0.02491541 0.02622940
v 0.03000890 0.01570000 0.02642927
v 0.03063627 0.02482279 0.02635027
v 0.01165742 -0.06544354 -0.00741311
v 0.00551994 -0.06508518 -0.00737054
v 0.00563082 -0.06454110 -0.00977670
v -0.00355790 -0.06413255 -0.00487536
v -0.00631921 -0.06308121 -0.00725770
v -0.00346016 -0.06378445 -0.00728878
v -0.02678801 -0.04461621 -0.00918354
v -0.02567607 -0.04795128 -0.00463333
v -0.02694089 -0.04516748 -0.00460876
v 0.04345440 -0.05884050 0.00064326
v 0.04558998 -0.05724117 0.00064073
v 0.04339827 -0.05856432 0.00439457
v 0.03008032 -0.05399249 -0.02550171
v 0.00519042 -0.01629973 -0.06629442
v 0.03289165 -0.05348568 -0.02518738
v 0.02005090 -0.06324579 -0.01437752
v 0.02363405 -0.06433102 -0.01065278
v 0.02005356 -0.06461437 -0.01073054
v 0.02364329 -0.06529756 -0.00691927
v 0.02702483 -0.06480993 -0.00686435
v 0.00589884 -0.06297506 -0.01444781
v 0.01198139 -0.06323419 -0.01451670
v 0.01186183 -0.06413610 -0.01220233
v -0.00525845 0.02612828 -0.04522314
v -0.00789821 0.02545500 -0.04522314
v -0.00854185 0.02752936 -0.03894130
v -0.02262563 0.02222087 -0.02786186
v -0.02042010 0.02426327 -0.02786186
v -0.01964471 0.02334195 -0.03312309
v -0.02867301 0.01599981 -0.01890909
v -0.02989778 0.01357418 -0.01890909
v -0.02972395 0.01545110 0.00000000
v -0.03149705 0.01140990 0.00000000
v -0.03153525 0.01006565 0.01137694
v -0.03272356 0.00717070 0.00000000
v -0.01750152 -0.01193968 -0.05972831
v -0.01865228 -0.00958967 -0.05954669
v -0.01744277 -0.00894063 -0.06198353
v -0.03253487 -0.00577014 -0.02114338
v -0.03274838 -0.00000000 -0.02040096
v -0.03244341 -0.00415067 -0.02270249
v -0.03282768 -0.00274988 -0.01750000
v -0.02868484 0.01608910 -0.01750000
v -0.02770127 -0.04088107 -0.01363412
v -0.02867921 -0.03787855 -0.01357967
v -0.02869017 -0.03627510 -0.01749997
v -0.02887174 -0.03864447 -0.00909688
v -0.02790203 -0.04169698 -0.00913952
v -0.02805119 -0.04222724 -0.00458479
v -0.02722008 -0.04066524 -0.01749997
v -0.02785477 -0.03719588 -0.02056868
v -0.02705733 -0.04030586 -0.01903935
v -0.02759281 -0.03681670 -0.02198263
v -0.02682312 -0.03990591 -0.02049249
v -0.03112971 -0.02307644 -0.02090509
v -0.03067730 -0.02594490 -0.02084714
v -0.03104039 -0.02534970 -0.01749998
v -0.03024416 -0.03156873 -0.01347761
v -0.01400618 -0.05516165 -0.02001018
v -0.01306219 -0.05354428 -0.02224055
v -0.01139662 -0.05644185 -0.01994373
v -0.02283692 -0.04779790 -0.01961480
v -0.02120078 -0.05038177 -0.01890433
v -0.02299531 -0.04806543 -0.01893439
v -0.01601077 -0.05286269 -0.02124010
v -0.01647958 -0.05362877 -0.02007733
v -0.01829025 -0.05110572 -0.02133749
v -0.01668296 -0.05398550 -0.01947026
v -0.00787924 -0.05586180 -0.02203292
v -0.01051585 -0.05480611 -0.02213188
v -0.00593029 -0.01604672 -0.06628777
v -0.00641725 -0.05967262 -0.01749995
v -0.00900352 -0.05821342 -0.01872996
v -0.00620028 -0.05905411 -0.01869405
v 0.00667328 -0.05707132 -0.02365654
v -0.00160084 -0.01713163 -0.06615625
v 0.01222038 -0.05746708 -0.02358223
v 0.00598236 -0.05872989 -0.02168250
v 0.00450686 0.02165228 -0.05609215
v 0.01506679 0.03120573 -0.03198396
v 0.04470987 0.02662882 -0.02914736
v 0.00384115 0.01845399 -0.06272648
v 0.00417544 0.02006003 -0.05949976
v 0.05097777 0.02661735 -0.02584156
v 0.05093211 0.02664253 -0.02576601
v 0.05386751 0.02659032 -0.02379273
v 0.04792259 0.02662992 -0.02762296
v 0.04788443 0.02666301 -0.02754545
v -0.01505417 0.02924125 -0.01750000
v -0.01583612 0.02876374 -0.01890909
v -0.01607270 0.02939249 0.00000000
v -0.01531549 0.02974507 0.00000000
v -0.02171700 0.02498465 0.01134591
v -0.01145681 -0.01119234 -0.06667186
v -0.01289679 0.00919952 -0.06650546
v -0.01170802 0.01067149 -0.06650546
v -0.01034121 0.01200074 -0.06650546
v -0.00722501 0.01430671 -0.06650212
v -0.00714122 0.01414077 -0.06650546
v -0.00881254 0.01316425 -0.06650546
v -0.00541211 0.01508614 -0.06650212
v -0.01291389 -0.02117688 0.02600000
v -0.00758794 -0.01632247 0.02700000
v -0.01030703 -0.01475687 0.02700000
v 0.06768738 0.01725199 -0.00331355
v 0.06766487 0.02006413 -0.00330084
v 0.06789166 0.01760719 0.00000000
v 0.06437448 0.01726176 -0.01375961
v 0.06590648 0.01725740 -0.01041898
v 0.06560214 0.01470000 -0.01085696
v 0.00389608 -0.05856795 0.01566959
v 0.00787007 -0.06109030 0.01441338
v 0.00823746 -0.05896029 0.01567085
v 0.04540843 -0.04384371 0.01760834
v 0.04744106 -0.04095250 0.01760746
v 0.04575171 -0.03997468 0.01835440
v 0.02682277 -0.05175350 0.01835901
v 0.02356868 -0.05219286 0.01835971
v 0.02393905 -0.05449517 0.01761461
v 0.00262077 -0.02466476 0.02600000
v 0.02029094 -0.05242738 0.01836045
v 0.00029618 -0.05577220 0.01675388
v -0.00040412 -0.05793443 0.01566793
v 0.03322820 -0.06380268 -0.00307282
v 0.03020614 -0.06412248 -0.00681737
v 0.03319330 -0.06324959 -0.00677793
v 0.02703723 -0.06536367 -0.00311328
v 0.01699992 -0.06613586 0.00340282
v 0.02005620 -0.06595758 0.00454087
v 0.01699983 -0.06598966 0.00456304
v 0.03022200 -0.06451635 0.00446656
v 0.03323637 -0.06393383 0.00065786
v 0.03321808 -0.06364243 0.00444721
v 0.05965257 -0.02993463 -0.01246671
v 0.06024056 -0.03017610 -0.01064751
v 0.05881954 -0.03320137 -0.01239874
v 0.06183256 -0.02753022 -0.00699271
v 0.06264295 -0.02510300 -0.00513453
v 0.06239585 -0.02768781 -0.00318505
v 0.05934815 -0.03350358 -0.01057658
v 0.05765735 -0.03676572 -0.01233519
v 0.05979454 -0.03375627 -0.00873550
v 0.05712245 -0.03634292 -0.01414643
v 0.05821179 -0.03284707 -0.01419811
v 0.05651954 -0.03586477 -0.01593059
v 0.04995859 -0.04933447 -0.01404313
v 0.05135628 -0.04751777 -0.01404819
v 0.05193354 -0.04863678 -0.01036321
v -0.02197741 0.01377528 0.02600034
v -0.01793334 0.00154772 0.02700000
v -0.02462256 0.00299225 0.02600000
v -0.02478672 0.00091945 0.02600000
v -0.01792965 -0.00158989 0.02700000
v -0.02477709 -0.00115187 0.02600000
v -0.01425065 0.02030118 0.02600000
v -0.01346987 0.02082742 0.02600000
v -0.00762631 0.01630458 0.02700000
v 0.02590422 0.02490666 0.02656928
v 0.02700000 0.02481638 0.02660000
v 0.02590471 0.02495256 0.02655866
v -0.01271295 -0.01274288 0.02700000
v -0.01611399 -0.01885644 0.02600000
v -0.01473259 -0.01034171 0.02700000
v -0.02127335 -0.01275403 0.02600000
v -0.02017577 -0.01442818 0.02600000
v 0.06518482 0.01470165 0.01185498
v 0.06064037 -0.02477435 0.01226071
v 0.06107929 -0.02260402 0.01186182
v 0.06113957 -0.03054197 -0.00693653
v 0.06165478 -0.03075324 -0.00315935
v 0.06518541 0.01470000 0.01185325
v 0.06555450 0.01470000 0.01097597
v 0.03326106 0.01444762 0.02582042
v 0.03352239 0.01570000 0.02578795
v 0.02910704 -0.02550000 0.02440923
v 0.03152339 -0.02777417 0.02389619
v 0.01475687 -0.01030703 0.02700000
v 0.01274288 -0.01271295 0.02700000
v -0.00061944 -0.06470259 -0.00489560
v -0.00070330 -0.06491414 -0.00245286
v 0.00534548 -0.06569672 -0.00247133
v 0.00542649 -0.06546985 -0.00493180
v 0.02005651 -0.06611527 -0.00316946
v 0.01150477 -0.06608953 -0.00248632
v 0.02364700 -0.06568837 0.00451331
v 0.02005485 -0.06525330 0.00837928
v 0.01261089 -0.06606093 0.00321161
v 0.01699925 -0.06529897 0.00839571
v 0.01699942 -0.06543744 0.00784931
v 0.00285882 -0.06550994 -0.00000000
v -0.02466620 -0.04581634 -0.01824578
v -0.02359203 -0.04796819 -0.01749996
v -0.02385571 -0.04899869 -0.01380654
v -0.02223388 -0.05133001 -0.01386575
v -0.02256434 -0.05270217 -0.00701090
v -0.02417321 -0.05030642 -0.00697432
v -0.02408351 -0.04996278 -0.00927453
v -0.00908025 -0.06221559 -0.00722510
v -0.00896503 -0.06175600 -0.00959236
v -0.01161245 -0.06072950 -0.00954942
v -0.01147995 -0.06015636 -0.01187432
v -0.00882973 -0.06115934 -0.01192441
v -0.01172478 -0.06117104 -0.00719122
v -0.00917452 -0.06253801 -0.00483141
v -0.01412550 -0.05950737 -0.00950516
v -0.01423429 -0.05993103 -0.00715629
v -0.02551880 -0.04737915 -0.00922864
v 0.04935703 -0.05363784 -0.00303137
v 0.04753340 -0.05542187 -0.00302940
v 0.04737921 -0.05492247 -0.00667763
v 0.04917739 -0.05315380 -0.00667994
v 0.05103618 -0.05178179 -0.00303544
v 0.05083001 -0.05131464 -0.00668664
v 0.04886216 -0.05230883 -0.01034557
v 0.04710854 -0.05405020 -0.01034460
v 0.05046835 -0.05049963 -0.01035192
v 0.05234315 -0.04941937 -0.00669732
v 0.05372289 -0.04748235 -0.00671160
v 0.05248220 -0.04968637 -0.00486913
v 0.02486658 -0.05828704 -0.02188962
v 0.02506560 -0.05985254 -0.01964451
v 0.02224171 -0.06018612 -0.01967061
v 0.02322248 -0.06140284 -0.01749955
v 0.03365528 -0.05901699 -0.01750001
v 0.03578106 -0.05986829 -0.01413605
v 0.03304533 -0.06089440 -0.01417113
v 0.04313340 -0.05727274 -0.01036061
v 0.04068528 -0.05738752 -0.01408369
v 0.04286756 -0.05596065 -0.01406583
v 0.04072531 -0.04663412 -0.02749886
v 0.01164364 -0.01250770 -0.06636448
v 0.04350486 -0.04568914 -0.02645547
v 0.01100042 -0.01320134 -0.06627108
v 0.00694736 -0.01562373 -0.06632588
v 0.00817691 -0.01512082 -0.06624300
v 0.03547720 -0.05104437 -0.02650419
v 0.03267023 -0.05161135 -0.02691865
v 0.01212899 -0.01044677 -0.06674340
v 0.01102712 -0.01184573 -0.06674688
v 0.01090618 -0.01171599 -0.06674817
v 0.01226434 -0.01056261 -0.06674148
v 0.00689880 -0.01551496 -0.06642667
v 0.01210950 -0.06216709 -0.01676229
v 0.01700000 -0.06238975 -0.01639921
v 0.00575809 -0.06383758 -0.01213941
v -0.00026826 -0.06316554 -0.01206189
v 0.02362102 -0.06294870 -0.01431543
v 0.02700301 -0.06383806 -0.01058493
v 0.02697221 -0.06244851 -0.01426053
v 0.01700000 -0.06407952 -0.01257119
v 0.05493999 -0.03076745 -0.02098271
v 0.05467305 -0.02826522 -0.02166925
v 0.05601764 -0.02716950 -0.02011059
v 0.04977788 -0.03695358 -0.02536779
v 0.01581786 -0.00627856 -0.06626300
v 0.01642839 -0.00448514 -0.06616710
v 0.05223886 -0.03279407 -0.02382579
v 0.05087913 -0.03368101 -0.02503705
v 0.04638009 -0.04547393 -0.02420138
v 0.04775329 -0.04477280 -0.02329926
v 0.04659509 -0.04725980 -0.02232292
v 0.04672691 -0.05280349 -0.01404531
v 0.04223185 -0.04718235 -0.02625055
v 0.03816421 -0.04941268 -0.02674317
v 0.04095388 -0.04860724 -0.02593196
v 0.03827597 -0.05036444 -0.02590182
v 0.00861566 -0.01476354 -0.06634426
v 0.05384836 -0.03417266 -0.02153414
v 0.05519179 -0.03306094 -0.01994887
v 0.05359267 -0.03182562 -0.02247890
v 0.05249787 -0.03518708 -0.02295752
v 0.05026190 -0.04127033 -0.02285047
v 0.05161978 -0.04035794 -0.02159686
v 0.05048268 -0.04313592 -0.02110466
v 0.05150555 -0.03937216 -0.02238161
v 0.05002722 -0.03921306 -0.02427735
v 0.04866076 -0.04000705 -0.02533398
v -0.00257702 0.02815095 -0.04064711
v -0.00256375 0.02652858 -0.04522314
v 0.00013583 0.02521753 -0.04892007
v 0.00014356 0.02665179 -0.04522314
v -0.00904097 0.02913798 -0.03312309
v -0.00601928 0.02990868 -0.03312309
v -0.00625686 0.03108920 -0.02786186
v -0.00568697 0.02825752 -0.03894130
v -0.00270185 0.02951457 -0.03627459
v -0.02283681 0.02366768 -0.01750000
v -0.02342643 0.02300734 -0.01890909
v -0.02316597 0.02275155 -0.02318829
v -0.02176649 0.02137711 -0.03312309
v -0.02769287 0.01545288 -0.02786186
v -0.02626216 0.01777598 -0.02786186
v -0.02526494 0.01710100 -0.03312309
v -0.02664132 0.01486611 -0.03312309
v -0.01471401 0.02672562 -0.03312309
v -0.01796958 0.02613007 -0.02786186
v -0.01529478 0.02778050 -0.02786186
v -0.03072089 0.01174333 -0.01750000
v -0.03088044 0.01115949 -0.01890909
v -0.01712997 0.00172339 -0.06573997
v -0.01705811 0.00220967 -0.06573997
v -0.01682145 0.00319217 -0.06588810
v -0.01828741 -0.00676190 -0.06185370
v -0.01984756 -0.01024450 -0.05700447
v -0.01620512 -0.00558464 -0.06593370
v -0.01644125 -0.00512267 -0.06580011
v -0.01017676 -0.01385231 -0.06613726
v -0.01084398 -0.01336416 -0.06613088
v -0.01084177 -0.01324808 -0.06623362
v -0.01175780 -0.01636754 -0.06230555
v -0.01459000 -0.00899196 -0.06606229
v -0.01426946 -0.00964489 -0.06597679
v -0.01518534 -0.01022320 -0.06436954
v -0.01501737 -0.01308184 -0.06220362
v -0.01515101 -0.00819265 -0.06590797
v -0.01634891 -0.01107802 -0.06211032
v -0.01622395 -0.00829795 -0.06429861
v -0.01586865 -0.00669405 -0.06584579
v -0.02170721 -0.04627754 -0.02275328
v -0.01443574 -0.01614060 -0.05995559
v -0.01346825 -0.01487451 -0.06226651
v -0.01393430 -0.01201418 -0.06442138
v -0.03270865 -0.00552050 -0.01750000
v -0.03287864 -0.00569321 -0.01321675
v -0.03317731 -0.00599107 -0.00440679
v -0.03274203 -0.01218952 -0.00884162
v -0.03288533 -0.01243579 -0.00442256
v -0.03259068 -0.01188363 -0.01325371
v -0.03248369 -0.01075658 -0.01749999
v -0.03350000 -0.00000000 -0.00000000
v -0.03277019 0.00206158 -0.01890909
v -0.03334631 -0.00000000 -0.00440125
v -0.02424722 -0.00522565 0.02600000
v -0.01738117 -0.00467919 0.02700000
v -0.02901784 -0.03915305 -0.00456157
v -0.02985172 -0.03596740 -0.00453926
v -0.02948825 -0.03813028 -0.00000000
v -0.02799741 -0.04296326 -0.00000000
v -0.03076110 -0.03255359 -0.00000000
v -0.02548447 0.02109243 0.01161949
v -0.02505332 0.02163814 0.01133865
v -0.02647032 0.02042421 0.00000000
v -0.02743504 0.01922417 0.00000000
v -0.02917231 0.01636043 0.00000000
v -0.02721387 -0.04067956 -0.01749997
v -0.02657858 -0.04375085 -0.01369034
v -0.02557913 -0.04444239 -0.01749996
v -0.02076280 -0.00770013 -0.05676382
v -0.02897686 -0.02812675 -0.02628585
v -0.02439139 -0.01290860 -0.04610646
v -0.02880080 -0.02922977 -0.02600286
v -0.02746331 -0.03993890 -0.01749997
v -0.02455327 -0.04558777 -0.01896662
v -0.02441079 -0.04534558 -0.01966530
v -0.02651649 -0.03948059 -0.02187157
v -0.01608929 -0.01415738 -0.05986291
v -0.03136001 -0.02500834 -0.01338721
v -0.03188231 -0.01859845 -0.01749999
v -0.03226985 -0.01882007 -0.00888692
v -0.03183776 -0.01411781 -0.02360325
v -0.03225818 -0.01154217 -0.02108244
v -0.03210730 -0.01105433 -0.02307744
v -0.03226096 -0.00870426 -0.02279968
v -0.03032877 -0.02544860 -0.02383533
v -0.03013640 -0.02879834 -0.02078384
v -0.02970806 -0.03548171 -0.00905592
v -0.02952323 -0.03476664 -0.01352737
v -0.02905492 -0.03100758 -0.02359832
v -0.02874232 -0.03067149 -0.02493633
v -0.02823306 -0.03373595 -0.02346710
v -0.02788721 -0.03335780 -0.02477916
v -0.02851693 -0.03409328 -0.02209062
v -0.02517053 0.01404540 -0.03894130
v -0.02956537 0.01342326 -0.02318829
v -0.03053710 0.01103541 -0.02318829
v -0.01510217 0.02196049 -0.04522314
v -0.01633287 0.02375008 -0.03894130
v -0.01390170 0.02525019 -0.03894130
v -0.01285419 0.02334756 -0.04522314
v -0.00652709 -0.01591484 -0.06618513
v -0.02176907 -0.04866882 -0.02024097
v -0.01897565 -0.05216818 -0.01952000
v -0.02103019 -0.05008909 -0.01956713
v -0.02082957 -0.04977700 -0.02020820
v -0.02424585 -0.05055615 -0.00465832
v -0.01385054 -0.05828423 -0.01410106
v -0.01399667 -0.05895792 -0.01182270
v -0.01621912 -0.05690313 -0.01404323
v -0.01867347 -0.05640921 -0.00941387
v -0.01648543 -0.05807287 -0.00945988
v -0.01659027 -0.05847903 -0.00712056
v -0.01876935 -0.05183035 -0.02014344
v -0.02035995 -0.04910974 -0.02143748
v -0.01606247 -0.05614281 -0.01627260
v -0.00517650 -0.05673104 -0.02194391
v -0.00869056 -0.05749236 -0.01987993
v 0.01128460 -0.06050292 -0.01957364
v 0.01164882 -0.05908163 -0.02160810
v 0.01725176 -0.05950802 -0.02109884
v -0.00490535 -0.01648670 -0.06618677
v -0.00325904 -0.01689170 -0.06617426
v 0.00035583 -0.05799014 -0.02179511
v -0.00242710 -0.05743425 -0.02186477
v -0.00024941 -0.05953169 -0.01971539
v 0.01337483 0.03171847 -0.03150554
v 0.01339655 0.03173894 -0.03145283
v 0.04467930 0.02666949 -0.02906976
v 0.04795960 0.02658838 -0.02769841
v -0.00293469 0.03036690 -0.03312309
v -0.00277268 0.02869044 -0.03894130
v -0.00830111 0.03198936 0.01141226
v 0.06342146 0.02564272 0.01318255
v 0.06390997 0.02566955 0.01218649
v -0.00219044 0.02470670 0.02600000
v 0.00234143 0.02199206 -0.05609215
v 0.00841626 0.03259899 -0.02951311
v 0.00706866 0.03269013 -0.02886235
v 0.06022182 0.01727278 -0.01982131
v 0.06128506 0.02007312 -0.01834589
v 0.06246561 0.01726696 -0.01690288
v 0.06431115 0.02006906 -0.01372649
v 0.06785595 0.02028676 0.00000000
v 0.06751667 0.02518810 -0.00147123
v -0.01442390 0.02979469 0.01138410
v -0.01214986 0.03121908 0.00000000
v -0.02114283 0.02512202 -0.01890909
v -0.01849609 0.02745399 0.01136077
v -0.01668705 0.02858110 0.01137135
v -0.01924707 0.02741898 0.00000000
v -0.01650171 0.02869657 0.01137244
v 0.00506384 0.01645489 -0.06573997
v 0.04473909 0.02658015 -0.02922178
v 0.04799494 0.02653868 -0.02777072
v 0.00760655 0.01533921 -0.06588810
v 0.00954266 0.01421579 -0.06588810
v 0.00948045 0.01412311 -0.06602427
v 0.00976315 -0.01312607 -0.06672399
v 0.00986369 -0.01326146 -0.06668230
v 0.00824767 -0.01413170 -0.06671355
v -0.00588931 -0.01593573 -0.06639189
v -0.01446163 0.00646681 -0.06650546
v -0.01359421 0.00813363 -0.06650546
v -0.01014145 -0.01239485 -0.06669044
v -0.00718607 -0.01431006 -0.06670675
v -0.00870302 -0.01344268 -0.06669615
v -0.01025964 -0.01253810 -0.06668212
v -0.00555026 -0.01501921 -0.06671455
v -0.00880353 -0.01359784 -0.06668856
v -0.01568243 -0.00540288 -0.06639304
v -0.01584060 -0.00545726 -0.06629841
v -0.01618029 -0.00365486 -0.06636824
v -0.01600099 -0.00361466 -0.06644478
v -0.01225248 -0.01196527 -0.06619313
v -0.01216986 -0.01188382 -0.06630521
v -0.00763077 -0.02360066 0.02600000
v -0.00675698 -0.05147030 0.01766132
v -0.00292279 -0.05269086 0.01766334
v 0.00058866 -0.02479691 0.02600000
v 0.00467480 -0.02435943 0.02600000
v 0.00467919 -0.01738117 0.02700000
v 0.00158989 -0.01792965 0.02700000
v -0.00154772 -0.01793334 0.02700000
v 0.06681941 0.01470000 -0.00710092
v 0.06290589 -0.02200000 -0.00592837
v 0.06258208 -0.02200001 -0.00746634
v 0.06305023 -0.02200000 -0.00524279
v 0.06751429 0.01470000 -0.00330546
v 0.00172368 -0.05125821 0.01839772
v 0.00498207 -0.05411259 0.01766657
v 0.00553254 -0.05179079 0.01839880
v -0.00463609 -0.05698598 0.01566592
v -0.00109369 -0.06002086 0.01441116
v 0.02794609 -0.05614273 0.01668900
v 0.02465012 -0.05891340 0.01558993
v 0.02848434 -0.05824433 0.01558888
v 0.01260700 -0.05917192 0.01567174
v 0.00860774 -0.05674839 0.01675685
v 0.04326309 -0.05789037 0.00823544
v 0.04485833 -0.05565117 0.01163062
v 0.04286777 -0.05713568 0.01162675
v 0.04535823 -0.05631332 0.00822427
v 0.03317409 -0.06292999 0.00829569
v 0.03596497 -0.06188898 0.00827836
v 0.03395021 -0.06169689 0.01162318
v 0.03602780 -0.06259581 0.00443042
v 0.03865711 -0.06139096 0.00441611
v 0.03869221 -0.06167697 0.00064965
v 0.03857263 -0.06069250 0.00826252
v 0.05933609 -0.03806467 0.00063996
v 0.06048905 -0.03415161 0.00444029
v 0.06151181 -0.03069445 0.00446858
v 0.04693745 -0.04498825 0.01668289
v 0.04908352 -0.04189128 0.01668188
v 0.03634378 -0.06075393 0.01162250
v 0.03037804 -0.06237574 0.01243212
v 0.03390830 -0.06098040 0.01278677
v 0.03030141 -0.06209436 0.01278276
v 0.03317260 -0.06088307 0.01308756
v 0.00100589 -0.05354363 0.01766511
v -0.00204690 -0.05045824 0.01839642
v -0.00378651 -0.05486976 0.01675183
v 0.03003032 -0.05106363 0.01835835
v 0.02847349 -0.03001966 0.02373192
v 0.03315989 -0.05007863 0.01835769
v 0.03022849 -0.06467711 -0.00309119
v 0.04115709 -0.06032394 0.00064623
v 0.04113686 -0.06019702 -0.00303803
v 0.03867650 -0.06154816 -0.00304645
v 0.06303535 -0.02517045 0.00067081
v 0.06253171 -0.02772595 0.00066051
v 0.06778585 0.01546669 -0.00000000
v 0.06770521 0.01470000 0.00000000
v 0.06691317 0.01470000 0.00650840
v 0.06321704 -0.02200000 0.00416213
v 0.06745604 0.01470000 0.00377621
v 0.06671719 0.01470000 0.00749476
v 0.06224087 -0.02764433 0.00450058
v 0.06239928 -0.02506070 0.00644592
v 0.06153357 -0.02744455 0.00828862
v 0.06195262 -0.02200002 -0.00965049
v 0.06288860 -0.02514519 -0.00320763
v 0.05408896 -0.03631166 -0.02024324
v 0.05752698 -0.03244676 -0.01596382
v 0.04913264 -0.04818959 -0.01749984
v 0.05747081 -0.04192804 -0.00307991
v 0.05732972 -0.04178071 -0.00492778
v 0.05812254 -0.03712681 -0.01050906
v 0.05851527 -0.03742886 -0.00867094
v -0.02205975 0.01368708 0.02600006
v -0.02208588 0.01365138 0.02600000
v -0.03215592 0.00785869 0.01138854
v -0.03234725 0.00692548 0.01166476
v -0.03338219 0.00280706 0.00000000
v -0.03277751 -0.00000000 0.01266965
v -0.03333943 -0.00498095 0.00000000
v -0.03315715 -0.00505383 0.00574667
v -0.03347843 -0.00149265 0.00000000
v -0.03293066 -0.01037600 0.00576052
v -0.03306480 -0.01187236 0.00000000
v -0.02074649 0.02534192 0.01265876
v -0.02317190 0.02328301 0.01245115
v -0.02086172 0.02548506 0.01224175
v -0.01454926 -0.02008835 0.02600000
v -0.01759062 -0.01748711 0.02600000
v -0.01673892 -0.01827692 0.02600000
v -0.01892640 -0.01603158 0.02600000
v 0.06005079 -0.02468517 0.01299121
v 0.06015595 -0.03396159 -0.00687892
v 0.06464356 0.01474183 0.01268619
v 0.06435395 0.01476588 0.01296210
v 0.06037423 -0.02473346 0.01264953
v 0.06507599 0.01594506 0.01224386
v 0.06523804 0.01602677 0.01193980
v 0.06711669 0.01706021 0.00651558
v 0.02995094 -0.03001966 0.02359379
v 0.03616437 -0.04876175 0.01835703
v 0.03301466 -0.02777417 0.02356508
v 0.04361313 -0.04177686 0.01858126
v 0.01034171 -0.01473259 0.02700000
v 0.02850713 -0.02777417 0.02427381
v 0.04730077 -0.03706870 0.01835374
v 0.04002878 0.01959305 0.02443729
v 0.05264182 -0.02438828 0.01760302
v 0.04006388 0.01960923 0.02442409
v 0.03325642 -0.02550000 0.02368770
v 0.01175301 -0.06487262 -0.00983065
v 0.01700000 -0.06531004 -0.00849934
v 0.02005544 -0.06557100 -0.00698253
v -0.00620201 -0.06260366 -0.00963368
v -0.00334215 -0.06328923 -0.00967307
v -0.00052162 -0.06434183 -0.00731810
v -0.00305137 -0.06185831 -0.01431548
v -0.00011684 -0.06235068 -0.01436294
v 0.00004739 -0.06138548 -0.01660326
v -0.00320485 -0.06264690 -0.01201854
v -0.00591130 -0.06122277 -0.01426517
v -0.00641568 -0.06341647 -0.00485391
v -0.00649740 -0.06361262 -0.00243159
v -0.00364120 -0.06433631 -0.00244253
v 0.02364853 -0.06584788 -0.00313930
v 0.02704013 -0.06549504 0.00066788
v 0.01157602 -0.06584887 -0.00496118
v 0.01700000 -0.06615575 -0.00249279
v 0.02364039 -0.06497718 0.00835631
v -0.00180065 -0.06360009 0.00939610
v -0.00185420 -0.06423838 0.00629983
v 0.00287088 -0.06495502 0.00633796
v 0.00290868 -0.06429111 0.00944998
v -0.00029154 -0.06323743 0.01157255
v -0.00632549 -0.06258035 0.00933629
v 0.00298920 -0.06367533 0.01159104
v 0.00668124 -0.06401352 0.01160782
v 0.01699879 -0.06490350 0.00995624
v 0.01699992 -0.06614731 0.00322107
v 0.00771694 -0.06581661 0.00319751
v 0.00902535 -0.06604899 -0.00000000
v 0.01699974 -0.06584988 0.00567226
v 0.00773466 -0.06471596 0.00949678
v 0.00286544 -0.06536072 0.00318037
v -0.00565645 -0.05983624 -0.01749995
v -0.00335154 -0.05971460 -0.01866052
v -0.00205054 -0.06061173 -0.01749994
v -0.02027792 -0.05274762 -0.01615052
v -0.01841664 -0.05529241 -0.01398448
v -0.02042402 -0.05343511 -0.01392519
v -0.01855346 -0.05590652 -0.01171622
v -0.02247124 -0.05234405 -0.00932090
v 0.04520109 -0.05570956 -0.01034946
v 0.05326413 -0.04673444 -0.01037897
v 0.05261773 -0.04566481 -0.01405696
v 0.05684963 -0.04128136 -0.00861247
v 0.05610644 -0.04354057 -0.00674934
v 0.05554716 -0.04286806 -0.01042210
v 0.05257674 -0.04986820 -0.00304139
v 0.05262662 -0.04996433 -0.00120894
v 0.05526564 -0.04592632 -0.00305811
v 0.03330689 -0.05685399 -0.02109201
v 0.03590557 -0.05459369 -0.02270999
v 0.03610576 -0.05617535 -0.02049177
v 0.03310380 -0.05523234 -0.02324370
v 0.03029452 -0.05576730 -0.02360487
v 0.02204231 -0.05861540 -0.02190704
v 0.02183482 -0.05693300 -0.02395766
v 0.01900734 -0.05721709 -0.02390142
v 0.02768609 -0.05789308 -0.02176305
v 0.02610844 -0.06098673 -0.01749948
v 0.02693356 -0.06081949 -0.01749956
v 0.03849163 -0.06005384 -0.01040359
v 0.03590472 -0.06124340 -0.01043632
v 0.02885242 -0.06043055 -0.01749973
v 0.03124676 -0.05980165 -0.01749993
v 0.03069622 -0.05894877 -0.01919860
v 0.03832541 -0.05869470 -0.01410700
v 0.03600966 -0.05808279 -0.01750006
v 0.02444304 -0.05480438 -0.02579475
v 0.00335910 -0.01677979 -0.06626371
v 0.02726373 -0.05442670 -0.02569526
v 0.00333577 -0.01666435 -0.06636989
v 0.00666121 -0.01585159 -0.06622314
v -0.00534934 0.01491117 -0.06650546
v 0.01126114 -0.01209687 -0.06668333
v 0.00932302 -0.06169691 -0.01749993
v 0.00533599 -0.06086528 -0.01857811
v 0.00319265 -0.06130442 -0.01749994
v 0.00550153 -0.06020192 -0.01963215
v 0.01700000 -0.06179408 -0.01749993
v 0.01706337 -0.06068257 -0.01935680
v 0.03016683 -0.06314970 -0.01052654
v 0.01700000 -0.06326909 -0.01440717
v 0.01700000 -0.06418051 -0.01223703
v 0.01275914 -0.01098735 -0.06653996
v 0.01156199 -0.01241996 -0.06646180
v 0.01147045 -0.01232163 -0.06654924
v 0.01012710 -0.01361580 -0.06646036
v 0.01225010 -0.01205212 -0.06626735
v 0.06161445 0.01470000 -0.01801156
v 0.05735441 -0.02596599 -0.01837260
v 0.04840933 -0.03771880 -0.02637654
v 0.01686963 0.00108005 -0.06612204
v 0.01664674 0.00293994 -0.06611935
v 0.01699664 0.00108819 -0.06599381
v 0.04752785 -0.04284286 -0.02493801
v 0.04889777 -0.04209660 -0.02396080
v 0.01295148 -0.01115317 -0.06635303
v 0.01337978 -0.01079085 -0.06625051
v 0.04477236 -0.04411991 -0.02653390
v 0.05069089 -0.04482818 -0.01907046
v 0.04933146 -0.04571933 -0.02028874
v 0.04487914 -0.05442801 -0.01405314
v 0.04084103 -0.04764044 -0.02674828
v 0.00963075 -0.01423343 -0.06626359
v 0.05627999 -0.02960845 -0.01931878
v 0.04878104 -0.04107637 -0.02468823
v 0.05114088 -0.03611176 -0.02423159
v -0.00655405 0.02112291 -0.05609215
v -0.00866526 0.02034813 -0.05609215
v -0.00928836 0.02181133 -0.05253692
v -0.01216244 0.02209111 -0.04892007
v -0.01428945 0.02077868 -0.04892007
v -0.00228042 0.02359677 -0.05253692
v -0.00242578 0.02510095 -0.04892007
v -0.00497547 0.02472219 -0.04892007
v -0.00747317 0.02408514 -0.04892007
v -0.00939783 0.03028807 -0.02786186
v -0.01272182 0.02987391 -0.02318829
v -0.00962226 0.03101140 -0.02318829
v -0.02056484 0.02019694 -0.03894130
v -0.02233596 0.01821906 -0.03894130
v -0.01623810 0.01929420 -0.04892007
v -0.01716166 0.02039157 -0.04522314
v -0.01343315 0.01953352 -0.05253692
v -0.01526503 0.01813799 -0.05253692
v -0.02364111 0.01928365 -0.03312309
v -0.01728725 0.02513786 -0.03312309
v -0.01566005 0.02844394 -0.02318829
v -0.01839873 0.02675410 -0.02318829
v -0.01286485 0.03020979 -0.01890909
v -0.00640629 0.03183166 -0.02318829
v -0.03128702 0.00868432 -0.02318829
v -0.02887577 0.01311017 -0.02786186
v -0.02653395 0.01979460 0.01133926
v -0.02738521 0.01855795 0.01162167
v -0.02734338 0.01853025 0.01190293
v -0.02787894 0.01785029 0.01134276
v -0.02992935 0.01414465 0.01135633
v -0.03163878 0.00878196 -0.01890909
v -0.03219265 0.00646286 -0.01890909
v -0.01712479 -0.00178128 -0.06575002
v -0.01686418 -0.00347688 -0.06577095
v -0.01921382 -0.00247484 -0.06178493
v -0.01721644 0.00000000 -0.06573997
v -0.02131140 -0.04803344 -0.02148883
v -0.02220785 -0.04691198 -0.02154121
v -0.00756847 -0.01506538 -0.06647187
v -0.00916553 -0.01415684 -0.06645262
v -0.00908458 -0.01403182 -0.06653808
v -0.01549841 -0.00732091 -0.06599017
v -0.01539922 -0.00727279 -0.06611713
v -0.01325386 -0.01099358 -0.06604112
v -0.03209289 -0.00454079 -0.02513904
v -0.03208743 -0.00901625 -0.02391963
v -0.03185983 -0.00886989 -0.02526185
v -0.03269272 -0.00589119 -0.01750000
v -0.03302921 -0.00585477 -0.00881268
v -0.03288889 -0.00000000 -0.01750000
v -0.02459828 -0.00318503 0.02600000
v -0.02373773 -0.00719317 0.02600000
v -0.02224383 -0.01097465 0.02600000
v -0.02190681 -0.01159257 0.02600000
v -0.01630458 -0.00762631 0.02700000
v -0.02306780 -0.00911628 0.02600000
v -0.03066758 -0.03296334 -0.00000000
v -0.02436324 0.02238166 0.01133961
v -0.02530034 -0.04646451 -0.01374794
v -0.02217708 -0.01156982 -0.05167087
v -0.02544381 -0.01358063 -0.04327745
v -0.02540775 -0.00963795 -0.04565273
v -0.02798049 -0.03138734 -0.02625359
v -0.02748312 -0.03295799 -0.02603166
v -0.02726888 -0.03641586 -0.02332903
v -0.02347309 -0.04632055 -0.02030871
v -0.02527142 -0.04206689 -0.02175962
v -0.02562585 -0.04254540 -0.02041701
v -0.02577388 -0.04277265 -0.01971924
v -0.02589880 -0.04299097 -0.01900177
v -0.02524359 -0.03805269 -0.02564345
v -0.01864099 -0.01280630 -0.05723984
v -0.01976574 -0.01367631 -0.05466216
v -0.01715096 -0.01523761 -0.05741545
v -0.02614779 -0.03903044 -0.02318620
v -0.02813389 -0.00730263 -0.03954025
v -0.02746502 -0.01063535 -0.03988287
v -0.02840396 -0.01114064 -0.03700035
v -0.02608276 -0.00664290 -0.04538842
v -0.02381028 -0.00597296 -0.05112697
v -0.02927402 -0.01164934 -0.03413952
v -0.03042186 -0.03223173 -0.00901695
v -0.03211332 -0.01838432 -0.01331155
v -0.03241043 -0.01915424 -0.00444722
v -0.03181177 -0.01731545 -0.02100412
v -0.03135273 -0.01809571 -0.02437479
v -0.02974880 -0.02824193 -0.02372139
v -0.03080787 -0.02263645 -0.02393931
v -0.03084233 -0.02122610 -0.02493013
v -0.03097872 -0.02038959 -0.02478173
v -0.03004558 -0.02487309 -0.02554859
v -0.02949511 -0.03163012 -0.02071575
v -0.02207150 0.01493946 -0.04522314
v -0.02387014 0.01615690 -0.03894130
v -0.02065292 0.01684623 -0.04522314
v -0.02327391 0.01298706 -0.04522314
v -0.02835422 0.01582192 -0.02318829
v -0.00807675 -0.01519203 -0.06615925
v -0.00768111 -0.01529052 -0.06627014
v -0.00930192 -0.01436755 -0.06624687
v -0.00923814 -0.01426901 -0.06635447
v -0.02264960 -0.04751472 -0.02027441
v -0.01915279 -0.05248334 -0.01887419
v -0.01700590 -0.05461987 -0.01818577
v -0.01929621 -0.05277103 -0.01820227
v -0.01636085 -0.05754697 -0.01176988
v -0.00591722 -0.05834000 -0.01982011
v 0.00117096 -0.05627753 -0.02378224
v 0.05773279 0.02565462 -0.02154533
v 0.05710759 0.02583507 -0.02207872
v 0.05842775 0.02579752 -0.02082593
v 0.01622029 0.00476035 -0.06612100
v 0.05419272 0.02623538 -0.02424050
v 0.05415599 0.02630834 -0.02418906
v 0.05695747 0.02624326 -0.02190189
v 0.05402229 0.02648667 -0.02400414
v 0.05397205 0.02653000 -0.02393525
v 0.05674943 0.02646906 -0.02166574
v 0.05686055 0.02637208 -0.02179126
v 0.05411495 0.02637517 -0.02413199
v 0.05407017 0.02643487 -0.02407005
v 0.05691117 0.02631127 -0.02184888
v 0.01508963 0.03122695 -0.03192711
v 0.05106630 0.02654108 -0.02598876
v 0.00810681 0.01518834 -0.06573997
v -0.00121662 0.02988248 -0.03556268
v -0.00825253 0.03241829 -0.00000010
v 0.00550414 0.03281889 -0.02743912
v 0.00883855 0.03251579 -0.02982332
v 0.01005190 0.03240569 -0.03025423
v 0.01346134 0.03178106 -0.03127923
v 0.01177923 0.03216498 -0.03073868
v 0.01171434 0.03212497 -0.03089840
v -0.00569592 0.01587724 -0.06615926
v -0.00565266 0.01575666 -0.06625493
v -0.00754614 0.01494258 -0.06625493
v -0.00938349 0.01401715 -0.06615926
v -0.00760389 0.01505693 -0.06615926
v -0.00766790 0.01518369 -0.06602427
v -0.01101120 0.01277825 -0.06615926
v -0.01092757 0.01268121 -0.06625493
v -0.01237189 0.01127658 -0.06625493
v -0.00946248 0.01413515 -0.06602427
v 0.06237973 0.02007168 -0.01686203
v 0.05886570 0.02007618 -0.02113118
v 0.06011187 0.02007462 -0.01976988
v 0.06334212 0.02545497 -0.01465500
v 0.06299122 0.02554816 -0.01519997
v 0.06586234 0.02006686 -0.01039158
v 0.06699204 0.02006518 -0.00690004
v 0.06748757 0.02511398 0.00204472
v 0.06768203 0.01964605 0.00326778
v 0.06785893 0.02006374 0.00000000
v 0.06202081 0.00928820 0.01430522
v 0.05663612 -0.02427014 0.01557704
v 0.05782567 0.00707081 0.01667236
v 0.06130272 0.02483103 0.01574009
v 0.05928312 0.02464538 0.01678363
v -0.01909596 0.02704031 0.01135762
v -0.01901919 0.02709435 0.01135797
v -0.01668079 0.02856701 0.01164651
v -0.01466702 0.02926679 0.01271672
v -0.01481564 0.02957721 0.01165525
v -0.01288947 0.03046584 0.01166433
v -0.01287252 0.03042181 0.01193619
v -0.02090776 0.02484271 -0.02318829
v -0.01860559 0.02705490 -0.01890909
v -0.01914935 0.02673913 -0.01750000
v -0.02096627 0.02561777 0.01134880
v -0.02094737 0.02559313 0.01162743
v 0.06347031 0.02555078 0.01359551
v 0.06340470 0.02558645 0.01355203
v 0.06320009 0.02557703 0.01382412
v -0.00371899 0.01847899 -0.06272648
v -0.00197099 0.02039496 -0.05949976
v -0.00181319 0.01876210 -0.06272648
v 0.00011037 0.02048968 -0.05949976
v -0.00212744 0.02201379 -0.05609215
v -0.00084322 0.01600536 -0.06650212
v -0.00283977 0.01577398 -0.06650212
v -0.00287278 0.01595734 -0.06647535
v -0.00323370 0.01691003 -0.06573997
v 0.01239561 0.01144024 -0.06615926
v 0.01230147 0.01135335 -0.06625493
v 0.01097092 0.01281285 -0.06615926
v 0.05422474 0.02615742 -0.02428571
v 0.01106328 0.01292072 -0.06602427
v -0.00890198 -0.01374985 -0.06665859
v -0.00735073 -0.01463397 -0.06667199
v 0.00650652 -0.01462782 -0.06673148
v 0.00807021 -0.01382477 -0.06673925
v -0.00385523 -0.01554125 -0.06671222
v 0.00833269 -0.01427829 -0.06667038
v 0.00995876 -0.01338943 -0.06662283
v 0.00841307 -0.01441659 -0.06660928
v 0.00671911 -0.01511013 -0.06665882
v -0.00411832 -0.01660562 -0.06628246
v -0.00561358 -0.01519020 -0.06670915
v -0.00553681 0.01543373 -0.06642495
v -0.00354883 0.01582072 -0.06647535
v -0.00547502 0.01526151 -0.06647535
v -0.01496844 0.00669344 -0.06642495
v -0.01564727 0.00490093 -0.06642495
v -0.01581580 0.00495372 -0.06635112
v -0.01628285 0.00308997 -0.06635112
v -0.01610934 0.00305704 -0.06642495
v -0.01463133 0.00654270 -0.06650212
v -0.01529488 0.00479055 -0.06650212
v -0.01211832 0.01104547 -0.06642495
v -0.01334876 0.00952192 -0.06642495
v -0.01224885 0.01116444 -0.06635112
v -0.01081890 0.01255509 -0.06635112
v -0.00921961 0.01377235 -0.06635112
v -0.00912137 0.01362559 -0.06642495
v -0.01196809 -0.01168643 -0.06649832
v -0.01207486 -0.01179066 -0.06640808
v -0.01319032 -0.01030229 -0.06645298
v -0.01058897 -0.01293867 -0.06652842
v -0.01363215 -0.00840528 -0.06660788
v -0.01574654 0.00298819 -0.06650212
v -0.01261984 -0.00986263 -0.06664301
v -0.01306024 -0.01020121 -0.06653213
v -0.01277191 -0.00997897 -0.06662938
v -0.01172470 -0.01145033 -0.06662772
v -0.01291983 -0.01009270 -0.06659182
v -0.01598538 0.00116199 -0.06650212
v -0.01550930 -0.00534375 -0.06646715
v -0.01499650 -0.00708170 -0.06643306
v -0.01580971 -0.00357201 -0.06649703
v -0.01590429 -0.00177272 -0.06650981
v -0.01561133 -0.00352802 -0.06652248
v -0.01602614 -0.00000000 -0.06650222
v -0.01447662 -0.00684081 -0.06657073
v -0.01396175 -0.00860408 -0.06654848
v -0.01598122 -0.00550599 -0.06618742
v -0.01528205 -0.00721661 -0.06623600
v -0.01449487 -0.00893207 -0.06618423
v -0.01438352 -0.00886267 -0.06629767
v -0.01249109 -0.01361886 -0.06445563
v -0.01089725 -0.01331663 -0.06612936
v -0.01597467 0.00500347 -0.06625493
v -0.01528163 0.00683349 -0.06625493
v -0.01609692 0.00504177 -0.06615926
v -0.01671178 0.00317136 -0.06602427
v -0.01623243 0.00508421 -0.06602427
v -0.01689629 0.00330475 -0.06573997
v -0.01552821 0.00694376 -0.06602427
v -0.01444401 0.00936891 -0.06573997
v -0.01469260 0.00879082 -0.06588810
v -0.01646026 0.00918498 -0.06272648
v -0.01362806 0.00972115 -0.06625493
v -0.01461877 0.01435725 -0.05949976
v -0.01577912 0.01549685 -0.05609215
v -0.01319374 0.01567687 -0.05949976
v -0.01213742 0.01442175 -0.06272648
v -0.01265401 0.01153373 -0.06588810
v -0.01340568 0.01080249 -0.06573997
v -0.01460659 0.01191434 -0.06272648
v -0.00776255 -0.05358074 0.01674948
v -0.00861419 -0.05069133 0.01766022
v -0.00874855 -0.05563269 0.01566361
v -0.00953833 -0.02289649 0.02600000
v -0.00463829 -0.01739213 0.02700000
v 0.00935557 -0.05211988 0.01839961
v 0.01700005 -0.05460371 0.01770790
v 0.01298844 -0.05465471 0.01766847
v 0.06702219 0.01725407 -0.00692150
v -0.00139345 -0.06305552 0.01156560
v -0.00173721 -0.06298634 0.01156318
v 0.00443633 -0.05637494 0.01675557
v 0.02046998 -0.05477759 0.01761561
v 0.01279739 -0.05695004 0.01675777
v 0.01700011 -0.05830554 0.01615524
v 0.00518604 -0.06282395 0.01307964
v 0.00194752 -0.06281996 0.01278128
v 0.00515490 -0.06317002 0.01277839
v 0.00835729 -0.06340941 0.01277649
v 0.00336210 -0.06068170 0.01441243
v 0.04053175 -0.05562431 0.01431496
v 0.04278515 -0.05174633 0.01558493
v 0.03949132 -0.05399451 0.01558591
v 0.02081325 -0.05928228 0.01559103
v 0.02097592 -0.06141683 0.01431875
v 0.01241738 -0.06130982 0.01441407
v 0.05097717 -0.05164769 0.00437746
v 0.05251002 -0.04973961 0.00437808
v 0.05071760 -0.05104987 0.00820062
v 0.04552200 -0.05697141 0.00438718
v 0.04756968 -0.05554045 0.00063866
v 0.04555943 -0.05711940 -0.00302971
v 0.04080863 -0.05769536 0.01279570
v 0.04241273 -0.05666047 0.01279795
v 0.04087462 -0.05727366 0.01310412
v 0.04426834 -0.05592052 0.01204726
v 0.04578014 -0.05469151 0.01204969
v 0.04413326 -0.05575255 0.01244195
v 0.04563870 -0.05453325 0.01244360
v 0.03019383 -0.06380123 0.00831448
v 0.02701799 -0.06448840 0.00833470
v 0.02898724 -0.06313466 0.01162508
v 0.03141513 -0.06251212 0.01162412
v 0.04100328 -0.05935487 0.00824820
v 0.03861255 -0.05968490 0.01162282
v 0.04279088 -0.05718532 0.01162666
v 0.05890647 -0.03772903 0.00631193
v 0.05912504 -0.03790027 0.00441641
v 0.05693392 -0.04136132 0.00819609
v 0.05718468 -0.04162704 0.00629370
v 0.05737223 -0.04182485 0.00439762
v 0.05415738 -0.03992708 0.01431132
v 0.05219705 -0.04363852 0.01431205
v 0.05525118 -0.04093812 0.01309532
v 0.04907931 -0.05287876 0.00820683
v 0.04930551 -0.05349865 0.00437871
v 0.04841735 -0.04608725 0.01558296
v 0.05067140 -0.04278772 0.01558197
v 0.04577808 -0.04909543 0.01558394
v 0.04709016 -0.05034480 0.01431351
v 0.03846074 -0.05975643 0.01162279
v 0.03414997 -0.06161819 0.01162312
v 0.03400972 -0.06125055 0.01243384
v 0.03041114 -0.06249644 0.01224091
v 0.02739147 -0.05397632 0.01761367
v 0.03604224 -0.06275488 -0.00305798
v 0.03599238 -0.06220561 -0.00674565
v 0.03020127 -0.06172624 0.01308212
v 0.02943160 -0.06194465 0.01308071
v 0.01156703 -0.06322276 0.01307006
v 0.01155476 -0.06355960 0.01277143
v 0.01921114 -0.06330279 0.01306606
v 0.02110746 -0.06314728 0.01306896
v 0.02664880 -0.06288657 0.01277951
v 0.02901915 -0.06206169 0.01307996
v 0.02703363 -0.06520315 0.00448857
v 0.02364976 -0.06597850 0.00067358
v 0.03023372 -0.06480864 0.00066264
v 0.06787410 0.01725186 0.00000000
v 0.06342901 -0.02200000 0.00208586
v 0.06748828 0.01470000 0.00328754
v 0.06282804 -0.02200000 0.00607569
v 0.06272378 -0.02511680 0.00453562
v 0.06181213 -0.02496081 -0.00893006
v 0.06350000 -0.02200000 0.00000000
v 0.05274178 -0.03737162 -0.02174240
v 0.05589928 -0.03539132 -0.01749968
v 0.05622133 -0.03441007 -0.01749945
v 0.05537534 -0.03698767 -0.01750006
v 0.05542881 -0.03515058 -0.01857583
v 0.05183804 -0.04218886 -0.01979335
v 0.05623428 -0.03437060 -0.01749944
v 0.05652751 -0.03184294 -0.01818676
v 0.05749821 -0.02889769 -0.01749946
v 0.05061401 -0.04622885 -0.01750000
v 0.05197483 -0.04414367 -0.01749997
v 0.05374982 -0.04378951 -0.01406916
v 0.05754542 -0.04200602 -0.00122628
v 0.05755351 -0.04201487 0.00063658
v 0.05907476 -0.03786145 -0.00496722
v -0.02289689 0.01222982 0.02600000
v -0.01739213 0.00463829 0.02700000
v -0.01632247 0.00758794 0.02700000
v -0.02286538 0.01230124 0.02600000
v -0.03010689 0.01283359 0.01271290
v -0.03220080 0.00417176 -0.02318829
v -0.03256284 0.00421866 -0.01890909
v -0.03184867 -0.01622265 0.01294747
v -0.03249302 -0.00429971 0.01295384
v -0.03248113 -0.00853607 0.01266826
v -0.03303185 -0.00290290 0.01141837
v 0.00154772 0.01793334 0.02700000
v 0.01271295 0.01274288 0.02700000
v 0.01473259 0.01034171 0.02700000
v 0.01632247 -0.00758794 0.02700000
v 0.02591327 0.02523078 0.02635820
v 0.02591506 0.02525673 0.02631552
v -0.00840068 0.03151036 0.01294793
v -0.01338084 -0.02086606 0.02600000
v 0.05996510 -0.02528932 0.01299670
v 0.06241490 -0.02200000 0.00810803
v 0.06494942 0.01471785 0.01229189
v 0.06436822 0.01498319 0.01296987
v 0.06487767 0.01592363 0.01253433
v 0.06503833 0.01720062 0.01239239
v 0.06768624 0.01705844 0.00327931
v 0.03947430 -0.04591284 0.01855863
v 0.03997040 -0.04609551 0.01842612
v 0.00762631 -0.01630458 0.02700000
v 0.03001832 -0.02777417 0.02413253
v 0.03899860 -0.04563969 0.01869687
v 0.00859106 -0.02326846 0.02600000
v 0.02700000 -0.02973912 0.02386650
v 0.04910074 -0.03784071 0.01760657
v 0.05007552 -0.02765087 0.01835177
v 0.04941637 -0.03086021 0.01835243
v 0.05299765 -0.02096647 0.01760242
v 0.05561193 0.00597389 0.01759916
v -0.00040421 -0.06382949 -0.00971024
v -0.00606502 -0.06198384 -0.01197260
v 0.01700000 -0.06605327 -0.00428388
v 0.02302668 -0.06407426 0.01162909
v 0.02424821 -0.06395858 0.01162859
v 0.02301020 -0.06392123 0.01204308
v 0.02665930 -0.06360016 0.01162643
v 0.02115639 -0.06425137 0.01162985
v 0.00187752 -0.06336520 0.01201678
v 0.00527477 -0.06572113 -0.00000000
v 0.00771111 -0.06540040 0.00637108
v -0.00187381 -0.06463008 0.00316064
v -0.00288436 -0.06092413 -0.01655417
v -0.01920037 -0.05321302 -0.01749996
v -0.02055571 -0.05401985 -0.01166207
v -0.02067109 -0.05449996 -0.00936745
v -0.02209345 -0.05067862 -0.01608904
v -0.02156924 -0.05073506 -0.01749996
v -0.02133665 -0.05065127 -0.01821655
v -0.00867733 -0.06042677 -0.01421241
v -0.00851039 -0.05955926 -0.01644758
v 0.05749543 -0.04195451 0.00251099
v 0.05528584 -0.04595565 0.00250144
v 0.05532772 -0.04601385 -0.00121683
v 0.04089905 -0.05872555 -0.01037850
v 0.04105060 -0.05966188 -0.00670094
v 0.04332189 -0.05819089 -0.00668774
v 0.03860945 -0.06100491 -0.00672012
v 0.05497529 -0.04551796 -0.00672907
v 0.05712241 -0.04156455 -0.00677203
v 0.03350095 -0.05835105 -0.01873300
v 0.02747917 -0.05621865 -0.02382692
v 0.03049986 -0.05741996 -0.02150477
v 0.01779834 -0.05754567 -0.02354858
v 0.01752828 -0.05838689 -0.02257371
v 0.01941295 -0.06045248 -0.01958486
v 0.01707234 -0.06062664 -0.01943976
v 0.01921426 -0.05889151 -0.02183753
v 0.00149542 -0.01705093 -0.06624530
v 0.02161908 -0.05513692 -0.02581911
v -0.00038669 -0.01711164 -0.06624788
v 0.00008047 -0.01720826 -0.06614233
v 0.02788410 -0.05944475 -0.01949492
v 0.02523117 -0.06111322 -0.01749951
v 0.03563251 -0.05823245 -0.01750005
v 0.03815428 -0.05706766 -0.01750006
v 0.03629689 -0.05763206 -0.01806564
v 0.03889455 -0.05535775 -0.01966032
v 0.03359235 -0.05903749 -0.01750000
v 0.03011134 -0.06175910 -0.01421253
v 0.03633521 -0.05792870 -0.01750006
v 0.04521895 -0.04792043 -0.02315765
v 0.04361892 -0.04667257 -0.02566681
v 0.04022976 -0.05591395 -0.01749981
v 0.04106395 -0.04953555 -0.02505159
v 0.03849180 -0.05216170 -0.02404233
v 0.03569615 -0.05288476 -0.02471646
v 0.03869783 -0.05382398 -0.02195823
v 0.04147824 -0.05289068 -0.02093427
v 0.00175746 -0.01711805 -0.06614415
v 0.01114623 -0.01197354 -0.06672490
v 0.00965899 -0.01298570 -0.06674608
v 0.01136977 -0.01221350 -0.06662399
v 0.00324867 -0.01622829 -0.06661872
v 0.00144625 -0.01649067 -0.06660675
v 0.00143127 -0.01631780 -0.06665780
v 0.00146035 -0.01665258 -0.06653698
v 0.00328027 -0.01638727 -0.06655055
v -0.00037022 -0.01637598 -0.06665934
v 0.00141570 -0.01613727 -0.06668788
v 0.00321513 -0.01605877 -0.06666832
v 0.00147334 -0.01680096 -0.06645136
v 0.00330942 -0.01653320 -0.06646656
v 0.00506851 -0.01591770 -0.06657311
v 0.00848757 -0.01454448 -0.06653269
v 0.00855528 -0.01466043 -0.06644338
v 0.01004692 -0.01350802 -0.06654795
v 0.00684423 -0.01539236 -0.06651773
v 0.00605053 -0.06195387 -0.01669104
v -0.00047224 -0.06022108 -0.01862985
v 0.01700000 -0.06217093 -0.01680356
v 0.02018097 -0.06167429 -0.01749978
v 0.03313193 -0.06228008 -0.01047715
v 0.01700000 -0.06462002 -0.01078267
v 0.01286090 -0.01107501 -0.06645141
v 0.05768549 0.01727904 -0.02249328
v 0.06168699 0.01470000 -0.01789877
v 0.01682666 -0.00264956 -0.06607861
v 0.06014354 0.01470000 -0.01977295
v 0.05886808 0.01470000 -0.02130028
v 0.01252585 -0.01078682 -0.06667618
v 0.01351524 -0.00923463 -0.06670017
v 0.01365654 -0.00933022 -0.06665485
v 0.01677200 0.00296204 -0.06599089
v 0.01341032 0.00973870 -0.06635112
v 0.01217913 0.01124045 -0.06635112
v 0.01430209 0.00801913 -0.06642495
v 0.01493498 0.00626490 -0.06647901
v 0.01414250 0.00792964 -0.06647535
v 0.04603382 -0.04246729 -0.02647359
v 0.04728876 -0.04072483 -0.02626379
v 0.04615256 -0.04351527 -0.02579233
v 0.04338770 -0.04466291 -0.02717292
v 0.01512035 -0.00802929 -0.06623814
v 0.01501735 -0.00797358 -0.06634668
v 0.01412079 -0.00964715 -0.06631902
v 0.04796607 -0.04652810 -0.02136995
v 0.04816754 -0.04812738 -0.01918103
v 0.04912096 -0.04399545 -0.02227033
v 0.04679876 -0.04888945 -0.02018455
v 0.04755304 -0.05000190 -0.01749984
v 0.04411173 -0.05320252 -0.01749988
v 0.01019865 -0.01371193 -0.06636290
v 0.03804978 -0.04842421 -0.02752344
v -0.01424098 0.01692121 -0.05609215
v -0.00909101 0.01651235 -0.06272648
v -0.00738530 0.01734247 -0.06272648
v -0.00806034 0.01521305 -0.06573997
v -0.01161043 0.01688304 -0.05949976
v -0.01143361 0.02076729 -0.05253692
v -0.01066659 0.01937413 -0.05609215
v -0.01129338 0.02651959 -0.03894130
v -0.01044241 0.02452131 -0.04522314
v -0.01195328 0.02806920 -0.03312309
v -0.00467731 0.02324071 -0.05253692
v -0.00988045 0.02320170 -0.04892007
v -0.01242508 0.02917711 -0.02786186
v -0.02457424 0.02004479 -0.02786186
v -0.02516111 0.02052349 -0.02318829
v -0.02544400 0.02075424 -0.01890909
v -0.01856019 0.02205331 -0.03894130
v -0.01901525 0.01867508 -0.04522314
v -0.00973045 0.03136007 -0.01890909
v -0.00647831 0.03218955 -0.01890909
v -0.00135265 0.03223353 -0.02569905
v -0.03055726 0.00848177 -0.02786186
v -0.03109220 0.00624193 -0.02786186
v -0.02777930 0.01261235 -0.03312309
v -0.02892643 0.01578777 0.01218448
v -0.02727890 0.01848719 0.01218066
v -0.02708433 0.01835657 0.01270981
v -0.02530496 0.02094397 0.01245029
v -0.02719220 0.01842907 0.01245090
v -0.02901459 0.01593763 0.01134875
v -0.03210283 0.00714753 -0.01750000
v -0.01661352 -0.00375327 -0.06603204
v -0.01671810 -0.00377745 -0.06589909
v -0.02777403 0.00770923 -0.03894130
v -0.02826025 0.00567340 -0.03894130
v -0.02939695 0.00815970 -0.03312309
v -0.02568123 0.00712833 -0.04522314
v -0.02643128 0.00342429 -0.04522314
v -0.02858521 0.00370334 -0.03894130
v -0.00949335 -0.01435231 -0.06614380
v -0.03239330 -0.00571643 -0.02268274
v -0.03237204 -0.00638084 -0.02267436
v -0.03234989 -0.00684404 -0.02269935
v -0.03223347 -0.00912481 -0.02284938
v -0.03200031 -0.00670991 -0.02513118
v -0.03158163 -0.00449173 -0.02792247
v -0.02977856 -0.00000000 -0.03578963
v -0.03028540 -0.00244889 -0.03379111
v -0.03137913 -0.00000000 -0.02947577
v -0.03022739 -0.00432156 -0.03366287
v -0.03237191 -0.00000000 -0.02393338
v -0.03163338 -0.00242006 -0.02806594
v -0.03240585 0.00203865 -0.02318829
v -0.03144973 0.00407446 -0.02786186
v -0.03248737 -0.00145459 -0.02291668
v -0.02356473 -0.00768979 0.02600000
v -0.02171313 -0.04472633 0.01565257
v -0.02404704 -0.04433858 0.01439836
v -0.02498501 -0.04232706 0.01439724
v -0.03036300 -0.02839606 0.01302000
v -0.02979662 -0.03149847 0.01301553
v -0.03179831 -0.02615429 -0.00000000
v -0.03168506 -0.02685304 -0.00000000
v -0.03158952 -0.02691258 0.00289471
v -0.02957330 -0.03739373 0.00293688
v -0.02333456 0.02344878 0.01162165
v -0.02329954 0.02341281 0.01190300
v -0.02093554 0.02557772 0.01180171
v -0.02538569 0.02101076 0.01217957
v -0.02308054 0.02319047 0.01271013
v -0.02172842 -0.00292837 -0.05663706
v -0.02138494 -0.00529790 -0.05663240
v -0.01887636 -0.00462299 -0.06178314
v -0.02315538 -0.00865924 -0.05132215
v -0.02838080 -0.03033443 -0.02613123
v -0.02087349 -0.01454733 -0.05201061
v -0.02688519 -0.03599150 -0.02461368
v -0.02424190 -0.04509136 -0.02034394
v -0.02384072 -0.04455305 -0.02164891
v -0.02644248 -0.00373804 -0.04538711
v -0.02848913 -0.00406533 -0.03952431
v -0.02989611 -0.00794647 -0.03370576
v -0.03151618 -0.01675520 -0.02411480
v -0.03045549 -0.02254366 -0.02555346
v -0.03025340 -0.02408843 -0.02536451
v -0.02993677 -0.02478681 -0.02587332
v -0.02956674 -0.02678035 -0.02571602
v -0.02996898 -0.03120560 -0.01749998
v -0.02873958 -0.03443242 -0.02064366
v -0.02429919 0.00674472 -0.04892007
v -0.02472458 0.00496360 -0.04892007
v -0.02008915 0.00403301 -0.05949976
v -0.02168371 0.00435313 -0.05609215
v -0.02131065 0.00591519 -0.05609215
v -0.01560987 0.01056580 -0.06272648
v -0.00762844 -0.01518502 -0.06637577
v -0.02337919 -0.04398485 -0.02289587
v -0.02305045 -0.04575038 -0.02159460
v -0.02438834 -0.04102882 -0.02426760
v -0.02287162 -0.04339159 -0.02409254
v -0.01685968 -0.05431763 -0.01884106
v -0.00309879 -0.05901179 -0.01976513
v -0.00225461 -0.01684444 -0.06637142
v -0.00227040 -0.01696118 -0.06626536
v 0.05840853 0.02588449 -0.02080444
v 0.01249997 0.01153655 -0.06602427
v 0.05703471 0.02608987 -0.02199140
v 0.05425176 0.02607570 -0.02432429
v 0.05427366 0.02599148 -0.02435603
v 0.01376358 0.00999525 -0.06602427
v 0.05706488 0.02600694 -0.02202695
v 0.01569544 0.00658376 -0.06601296
v 0.01483695 0.00831902 -0.06602427
v 0.01553737 0.00651727 -0.06617495
v 0.01558605 0.00653775 -0.06612507
v 0.05712035 0.02574860 -0.02209510
v 0.05699881 0.02616907 -0.02194959
v 0.05831360 0.02613360 -0.02070300
v 0.05392019 0.02656457 -0.02386444
v 0.05102272 0.02658352 -0.02591616
v 0.00547100 0.01595614 -0.06615926
v 0.00337628 0.01652668 -0.06615926
v 0.00340471 0.01666581 -0.06602427
v 0.00551706 0.01609047 -0.06602427
v 0.00342705 0.01677517 -0.06588810
v 0.00029007 0.03118236 -0.03153369
v -0.00131338 0.03124418 -0.03053226
v 0.00402813 0.03284654 -0.02649343
v 0.06094912 0.02558837 0.01512964
v -0.00825631 0.03192349 0.01193592
v 0.05923873 0.02556529 0.01601617
v 0.06258836 0.02561888 0.01411273
v 0.06313881 0.02560587 0.01377013
v 0.06468642 0.02573520 0.01011241
v 0.06516785 0.02575237 0.00917465
v 0.02590859 0.02512775 0.02646916
v 0.02591001 0.02516586 0.02643566
v 0.00345373 0.01686647 -0.06573997
v 0.00199557 0.01874358 -0.06272648
v 0.00011913 0.02211603 -0.05609215
v -0.00035420 0.02826632 -0.04064711
v 0.01343995 0.03177056 -0.03133947
v 0.00250980 0.02357347 -0.05253692
v 0.01060759 0.03224720 -0.03064750
v 0.06653848 0.02606845 -0.00316007
v 0.06626131 0.02611429 -0.00491143
v 0.00855526 0.03264214 -0.02923399
v 0.06586545 0.02615987 -0.00665269
v 0.06681056 0.02598801 -0.00000005
v -0.00358887 0.01599926 -0.06642495
v -0.00559644 0.01559996 -0.06635112
v -0.00362753 0.01617158 -0.06635112
v -0.00771822 0.01528333 -0.06588810
v -0.00650237 0.01594131 -0.06573997
v -0.01094174 0.01329227 -0.06573997
v -0.01117677 0.01297039 -0.06588810
v -0.01110390 0.01288583 -0.06602427
v 0.06665909 0.02532625 -0.00688303
v 0.06662536 0.02525216 -0.00704480
v 0.06616165 0.01964891 0.00964475
v 0.06641551 0.02496777 0.00786367
v 0.06588887 0.02503386 0.00941645
v 0.05505658 -0.02074727 0.01667610
v 0.05467990 -0.02434237 0.01667679
v 0.05761716 0.00994231 0.01690425
v -0.01848012 0.02742781 0.01163728
v -0.01847014 0.02741145 0.01181011
v -0.01665766 0.02852442 0.01192242
v -0.01650988 0.02826270 0.01271527
v -0.01276286 0.03015107 0.01271837
v -0.01840674 0.02731341 0.01224686
v -0.01662125 0.02845912 0.01219499
v -0.01476402 0.02946716 0.01219979
v -0.01227343 0.03074262 0.01139577
v -0.00866438 0.03236014 0.00000000
v -0.00842554 0.03232036 -0.00284838
v -0.00846307 0.03233452 -0.00218351
v 0.06403270 0.02563485 0.01224642
v 0.06367080 0.02554479 0.01330359
v 0.06353375 0.02550704 0.01363731
v 0.00350772 0.01685267 -0.06573997
v 0.00126403 0.01707493 -0.06588810
v 0.00180351 0.01712172 -0.06573997
v 0.00940131 0.01400521 -0.06615926
v 0.01164138 0.01074414 -0.06650546
v 0.01030338 0.01203323 -0.06650546
v 0.01177799 0.01087022 -0.06650212
v -0.00607208 0.01956959 -0.05949976
v -0.00558594 0.01800281 -0.06272648
v -0.00488797 0.01650799 -0.06573997
v -0.00802804 0.01885178 -0.05949976
v -0.00350805 0.01563893 -0.06650212
v -0.00280684 0.01559102 -0.06650546
v -0.00083344 0.01581973 -0.06650546
v 0.00125579 0.01696361 -0.06602427
v 0.00121052 0.01635209 -0.06642495
v 0.00331732 0.01623805 -0.06635112
v 0.00328197 0.01606502 -0.06642495
v 0.00324535 0.01588575 -0.06647535
v 0.00519841 0.01516111 -0.06650212
v 0.00320806 0.01570322 -0.06650212
v 0.00525883 0.01533734 -0.06647535
v 0.00513811 0.01498526 -0.06650546
v -0.00304928 0.01693597 -0.06573997
v -0.00303363 0.01685076 -0.06588810
v -0.00374752 0.01670650 -0.06588810
v 0.00010153 0.01884924 -0.06272648
v -0.00090078 0.01709794 -0.06588810
v 0.00955326 -0.01284316 -0.06674745
v 0.00815959 -0.01397951 -0.06673689
v 0.00318031 -0.01588192 -0.06669717
v 0.00491478 -0.01542981 -0.06671257
v 0.00496828 -0.01560023 -0.06668580
v -0.00212580 -0.01587163 -0.06670466
v 0.00486048 -0.01525617 -0.06671763
v 0.00665031 -0.01495439 -0.06670349
v -0.00726929 -0.01447355 -0.06670040
v -0.00584288 -0.01581007 -0.06648639
v -0.00742866 -0.01478792 -0.06662289
v -0.00567570 -0.01535804 -0.06668195
v -0.01046256 0.01214156 -0.06650212
v -0.00931222 0.01391069 -0.06625493
v -0.00730900 0.01447301 -0.06647535
v -0.00901959 0.01347355 -0.06647535
v -0.00739148 0.01463633 -0.06642495
v -0.00747109 0.01479398 -0.06635112
v -0.01547267 0.00484624 -0.06647535
v -0.01375373 0.00822907 -0.06650212
v -0.00899627 -0.01389544 -0.06660768
v -0.01076783 -0.01315734 -0.06634237
v -0.01068338 -0.01305396 -0.06644174
v -0.01037522 -0.01267843 -0.06665121
v -0.01185074 -0.01157237 -0.06657256
v -0.01159242 -0.01132271 -0.06666135
v -0.01592958 0.00302293 -0.06647535
v -0.01483200 -0.00700490 -0.06650317
v -0.01465729 -0.00692394 -0.06654981
v -0.01532492 -0.00528119 -0.06651728
v -0.01379948 -0.00850590 -0.06659059
v -0.01411513 -0.00869749 -0.06648354
v -0.01425648 -0.00878417 -0.06639874
v -0.01514734 -0.00715267 -0.06634270
v -0.01330799 -0.01039427 -0.06635768
v -0.01211754 -0.01222801 -0.06609449
v -0.01539858 0.00688579 -0.06615926
v -0.01447496 0.00866059 -0.06615926
v -0.01533266 0.00783042 -0.06573997
v -0.01716336 0.00779250 -0.06272648
v -0.01563011 0.00698932 -0.06588810
v -0.01422217 0.00850934 -0.06635112
v -0.01512966 0.00676554 -0.06635112
v -0.01436503 0.00859482 -0.06625493
v -0.01407062 0.00841867 -0.06642495
v -0.01349253 0.00962447 -0.06635112
v -0.01344836 0.01320778 -0.06272648
v -0.01265073 -0.05377216 0.01566107
v -0.01073324 -0.05477187 0.01566237
v -0.01154498 -0.05180506 0.01674689
v -0.01655167 -0.04805834 0.01674267
v -0.01779467 -0.04985978 0.01565693
v -0.01620298 -0.05131877 0.01565835
v -0.01499912 -0.04945739 0.01674412
v -0.01332340 -0.05070664 0.01674552
v -0.01138333 -0.02203721 0.02600000
v -0.01041367 -0.04978409 0.01765908
v -0.00355369 -0.02454784 0.02600000
v -0.00341596 -0.02456192 0.02600000
v 0.00898056 -0.05446484 0.01766768
v -0.00148878 -0.02475902 0.02600000
v -0.00401461 -0.06133603 0.01310276
v -0.00120295 -0.06197687 0.01309378
v -0.00546954 -0.05903058 0.01440964
v 0.01155354 -0.06359311 0.01274171
v 0.01297584 -0.06377123 0.01259178
v 0.01154209 -0.06390545 0.01235563
v 0.03154631 -0.05523191 0.01668798
v 0.04433213 -0.05485025 0.01311110
v 0.04397051 -0.05319205 0.01431424
v 0.02430004 -0.05673840 0.01669009
v 0.01700023 -0.06179739 0.01414674
v 0.01299002 -0.06326929 0.01306767
v 0.04748910 -0.05527804 0.00438192
v 0.03947358 -0.05920742 0.01162336
v 0.04078633 -0.05847944 0.01162420
v 0.03940241 -0.05908545 0.01204222
v 0.03929122 -0.05889027 0.01243693
v 0.03915291 -0.05864494 0.01279321
v 0.04396379 -0.05553966 0.01279999
v 0.04107802 -0.05811721 0.01204352
v 0.04374605 -0.05526104 0.01310992
v 0.02670142 -0.06317528 0.01243090
v 0.02699634 -0.06353277 0.01162624
v 0.03311149 -0.06196661 0.01162349
v 0.03044038 -0.06260242 0.01204133
v 0.03046557 -0.06269297 0.01183518
v 0.03048237 -0.06275129 0.01162449
v 0.04086003 -0.05843186 0.01162429
v 0.04111195 -0.06004231 0.00440419
v 0.05394290 -0.04402794 0.01279959
v 0.05570030 -0.04065653 0.01279400
v 0.05705941 -0.03669051 0.01307694
v 0.05574040 -0.03607273 0.01431059
v 0.05213748 -0.02782107 0.01760391
v 0.05413378 -0.02796215 0.01667781
v 0.05788646 -0.02815533 0.01430913
v 0.05605369 -0.02807371 0.01557803
v 0.05519591 -0.03186505 0.01557902
v 0.05333701 -0.03156246 0.01667883
v 0.04708525 -0.05322862 0.01244535
v 0.04689970 -0.05303980 0.01280284
v 0.04723239 -0.05337701 0.01205266
v 0.04664779 -0.05412396 0.01163564
v 0.05004884 -0.05060074 0.01164993
v 0.05314022 -0.04481105 0.01310716
v 0.04984124 -0.04713668 0.01431278
v 0.05047691 -0.04865211 0.01311441
v 0.03412489 -0.06155340 0.01183444
v 0.03589769 -0.06076361 0.01204114
v 0.03605391 -0.06288511 0.00065353
v 0.01298053 -0.06326905 0.01306769
v 0.02291572 -0.06299900 0.01307173
v 0.02456276 -0.06286394 0.01307425
v 0.06008245 -0.02926412 0.01178256
v 0.06047830 -0.02713850 0.01180620
v 0.06039852 -0.02644631 0.01225319
v 0.05990786 -0.03381582 0.00822621
v 0.06085107 -0.02725777 -0.01071822
v 0.05947217 -0.02686644 -0.01431596
v 0.06228352 -0.02504129 -0.00704428
v 0.06338705 -0.02200000 -0.00263098
v 0.05138772 -0.03833667 -0.02308363
v 0.05420380 -0.03730585 -0.01947249
v 0.05431521 -0.03825269 -0.01862296
v 0.05663542 -0.03284116 -0.01749969
v 0.05694437 -0.03166319 -0.01749989
v 0.05821530 -0.02933122 -0.01600398
v 0.05897665 -0.02965116 -0.01425539
v 0.04933785 -0.04791798 -0.01749986
v 0.05513553 -0.03947531 -0.01590529
v 0.05883309 -0.03767411 -0.00682303
v -0.02429032 0.00502102 0.02600000
v -0.03255993 0.00374511 0.01266844
v -0.02872191 0.01567840 0.01271115
v -0.03280124 0.00239954 -0.01750000
v -0.03211310 -0.01136833 0.01303574
v -0.03150335 -0.02095143 0.01281038
v -0.03130013 -0.02182801 0.01297749
v -0.03227619 -0.02213176 -0.00000000
v -0.03263149 -0.00430499 0.01271936
v -0.03255682 0.00186732 0.01295585
v 0.00463829 0.01739213 0.02700000
v 0.00758794 0.01632247 0.02700000
v 0.01030703 0.01475687 0.02700000
v 0.01793334 -0.00154772 0.02700000
v 0.01739213 -0.00463829 0.02700000
v 0.02926410 0.01570000 0.02650347
v 0.01630458 0.00762631 0.02700000
v 0.01738117 0.00467919 0.02700000
v -0.00835560 0.03165611 0.01270721
v -0.00826549 0.03166368 0.01269532
v -0.01080498 0.03094008 0.01266839
v 0.02956115 0.02490926 0.02646824
v 0.02956001 0.02495516 0.02645767
v 0.02773410 0.02495223 0.02657112
v -0.01213679 -0.04873850 0.01765790
v 0.05987307 -0.02589180 0.01300185
v 0.06196451 -0.02498532 0.00833258
v 0.06050987 -0.02475430 0.01245136
v 0.06501879 0.01471308 0.01216314
v 0.06051990 -0.02600443 0.01214502
v 0.06067071 -0.02603199 0.01181899
v 0.06084260 -0.02480684 0.01183441
v 0.06069434 -0.02478302 0.01214694
v 0.06438001 0.01588787 0.01304068
v 0.06464657 0.01590456 0.01279963
v 0.06460196 0.01710699 0.01294480
v 0.06386770 0.02212689 0.01391731
v 0.06440066 0.01946004 0.01329343
v 0.06413184 0.02222551 0.01364560
v 0.06362374 0.02483570 0.01418320
v 0.06348207 0.02481799 0.01433346
v 0.06026412 -0.02642149 0.01245364
v 0.05955062 -0.03011867 0.01245729
v 0.06012972 -0.02639666 0.01265409
v 0.06011800 -0.02593379 0.01274100
v 0.03902263 -0.04565349 0.01868989
v 0.04441621 -0.04779256 0.01668391
v 0.04380146 -0.04229371 0.01843814
v 0.03898912 -0.04708653 0.01835637
v 0.00665310 -0.02389478 0.02600000
v 0.03446991 -0.02777417 0.02314497
v 0.04850770 -0.03401171 0.01835308
v 0.05040950 -0.03457994 0.01760568
v 0.01700000 -0.06593151 -0.00497452
v 0.02005272 -0.06430623 0.01162959
v 0.00190869 -0.06312252 0.01242073
v 0.00512797 -0.06346940 0.01242308
v -0.00131946 -0.06263715 0.01241771
v -0.00126587 -0.06233360 0.01278251
v -0.00136234 -0.06287984 0.01200862
v 0.00832525 -0.06394541 0.01203302
v 0.00510628 -0.06371044 0.01202556
v 0.00833957 -0.06370594 0.01242539
v 0.01260947 -0.06493717 0.00953530
v -0.00243358 -0.06467147 -0.00000000
v -0.00656732 -0.06365559 -0.00000000
v -0.00643098 -0.06356152 0.00313875
v -0.00574347 -0.06032125 -0.01650215
v -0.01826506 -0.05456856 -0.01621184
v -0.01665591 -0.05521203 -0.01749996
v -0.02312061 -0.04831469 -0.01823054
v 0.05533436 -0.04602366 0.00063496
v 0.05263187 -0.04997500 0.00063511
v 0.05259276 -0.04990008 0.00249642
v 0.05108478 -0.05189286 0.00063585
v 0.04542940 -0.05660629 -0.00668010
v 0.04342921 -0.05871594 -0.00303252
v 0.05514809 -0.04576085 -0.00489425
v 0.05446653 -0.04480682 -0.01039875
v -0.00038393 -0.01699428 -0.06635542
v 0.01795064 -0.05707124 -0.02409839
v 0.03811885 -0.05708443 -0.01750006
v 0.04424408 -0.05175657 -0.01957621
v 0.04562063 -0.05110165 -0.01875098
v 0.04383809 -0.04851598 -0.02388409
v 0.04500182 -0.04610513 -0.02498714
v 0.03905163 -0.05656885 -0.01749995
v 0.04245295 -0.04905239 -0.02451215
v 0.04127608 -0.05128196 -0.02310748
v -0.00036639 -0.01619495 -0.06668926
v -0.00037395 -0.01654937 -0.06660847
v 0.00501984 -0.01576388 -0.06663863
v 0.00515423 -0.01618694 -0.06639798
v 0.00511348 -0.01605928 -0.06649190
v 0.00678409 -0.01525688 -0.06659605
v 0.01957668 -0.06169704 -0.01749981
v 0.06386649 0.01470000 -0.01450951
v 0.05886434 -0.02444714 -0.01610127
v 0.05975346 -0.02460415 -0.01437751
v 0.05864194 -0.02662804 -0.01605013
v 0.05332213 -0.02927362 -0.02308261
v 0.01701499 -0.00078729 -0.06601325
v 0.01264702 -0.01089091 -0.06661580
v 0.01378950 -0.00942049 -0.06659137
v 0.01239752 -0.01067672 -0.06671870
v 0.01204935 0.01112067 -0.06642495
v 0.01326742 0.00963493 -0.06642495
v 0.01311937 0.00952741 -0.06647535
v 0.01296862 0.00941794 -0.06650212
v 0.01391206 -0.00950401 -0.06651230
v 0.04591168 -0.04137238 -0.02707676
v 0.04699244 -0.05038137 -0.01781701
v 0.04841777 -0.05110101 -0.01404207
v 0.04787479 -0.04963275 -0.01749984
v 0.04167107 -0.05437092 -0.01854731
v -0.00829742 0.01507175 -0.06573997
v -0.00954549 0.01432793 -0.06573997
v -0.00988220 0.01794941 -0.05949976
v -0.01253199 0.01822312 -0.05609215
v -0.01068087 0.01553135 -0.06272648
v -0.00702534 0.02264183 -0.05253692
v -0.00436354 0.02168162 -0.05609215
v -0.02719166 0.01840513 -0.01890909
v -0.01954148 0.01593965 -0.04892007
v -0.00813086 0.03230759 -0.00529693
v -0.01063845 0.03112077 -0.01750000
v 0.00034424 0.03257617 -0.02516816
v 0.00212784 0.03258171 -0.02667412
v -0.03183473 0.00639100 -0.02318829
v -0.02991157 0.00600492 -0.03312309
v -0.03025552 0.00391974 -0.03312309
v -0.03044818 0.00191550 -0.03312309
v -0.02982484 0.01077802 -0.02786186
v -0.02935942 0.01526174 0.01135160
v -0.03031785 0.01292058 0.01219012
v -0.03022382 0.01288199 0.01245694
v -0.03132369 0.00992624 0.01246160
v -0.03038787 0.01294891 0.01191609
v -0.03043343 0.01296681 0.01163867
v -0.03075074 0.01225592 0.01136549
v -0.03153639 0.00998877 0.01165153
v -0.01610285 -0.00554851 -0.06606442
v -0.01648863 -0.00372466 -0.06615748
v -0.01652983 0.00120156 -0.06635112
v -0.01680030 -0.00187152 -0.06613735
v -0.01711887 0.00000000 -0.06588624
v -0.01707660 0.00124131 -0.06588810
v -0.03170114 -0.01345451 -0.02457522
v -0.02613081 0.00524591 -0.04522314
v -0.02855013 -0.00237252 -0.03963459
v -0.02753241 -0.00000000 -0.04279483
v -0.02876724 0.00180975 -0.03894130
v -0.03210176 -0.00000000 -0.02544154
v -0.03249320 -0.00000000 -0.02300000
v -0.02054699 -0.04654099 0.01565403
v -0.01924299 -0.04486758 0.01673972
v -0.02779541 -0.03834040 0.01332478
v -0.03076905 -0.02845553 0.01225870
v -0.03022475 -0.03157368 0.01219959
v -0.03020887 -0.03157112 0.01225448
v -0.03094396 -0.02847704 0.01141199
v -0.03147220 -0.02691194 0.00578583
v -0.03059787 -0.03220167 0.00582454
v -0.03092396 -0.02507505 0.01293937
v -0.02814538 -0.04248358 -0.00000000
v -0.02811739 -0.04229800 0.00296071
v -0.03277569 -0.01575605 -0.00000000
v -0.03081878 -0.03219775 -0.00000000
v -0.03071639 -0.03223695 0.00291474
v -0.02324520 0.02335743 0.01218083
v -0.02544566 0.02106035 0.01190130
v -0.02520444 0.02086082 0.01270962
v -0.02500889 0.00324002 -0.04892007
v -0.02659959 0.00167338 -0.04522314
v -0.02516814 0.00158333 -0.04892007
v -0.02466194 -0.00000000 -0.05028057
v -0.02032015 0.00263257 -0.05949976
v -0.02193305 0.00284153 -0.05609215
v -0.01869328 0.00242180 -0.06272648
v -0.01848077 0.00371012 -0.06272648
v -0.02099663 -0.00000000 -0.05846130
v -0.02875594 -0.02934776 -0.02601657
v -0.02572302 -0.03855500 -0.02444227
v -0.02712507 -0.03325595 -0.02648807
v -0.02416348 -0.00335425 -0.05113138
v -0.02660778 -0.00000000 -0.04520612
v -0.02962340 -0.00976974 -0.03387849
v -0.03110731 -0.01790266 -0.02543034
v -0.03126061 -0.01805294 -0.02478409
v -0.03107573 -0.01060644 -0.02823080
v -0.03130337 -0.00856717 -0.02800756
v -0.03059198 -0.02244284 -0.02511478
v -0.02944558 -0.02711178 -0.02583203
v -0.02946442 -0.02794433 -0.02508375
v -0.02710832 0.00979633 -0.03894130
v -0.02506568 0.00905816 -0.04522314
v -0.02284306 0.00634054 -0.05253692
v -0.02324295 0.00466615 -0.05253692
v -0.02351022 0.00304586 -0.05253692
v -0.01587779 0.01295125 -0.05949976
v -0.01713808 0.01397924 -0.05609215
v -0.02485552 -0.04156077 -0.02304098
v -0.01173754 -0.05716281 -0.01876736
v -0.01187495 -0.05748224 -0.01814694
v -0.01451458 -0.05618557 -0.01816702
v -0.01032481 -0.05844105 -0.01749995
v 0.06215197 0.02550561 -0.01646761
v 0.05934343 0.02560565 -0.01992178
v 0.05822112 0.02627691 -0.02060677
v 0.05708916 0.02592158 -0.02205606
v 0.05955746 0.02609683 -0.01939550
v 0.05835140 0.02605384 -0.02074289
v 0.01364868 0.00991180 -0.06615926
v 0.01471309 0.00824957 -0.06615926
v 0.01460135 0.00818691 -0.06625493
v 0.05680636 0.02642487 -0.02172990
v 0.05663090 0.02653066 -0.02153296
v 0.06036891 0.02640182 -0.01772670
v 0.05921459 0.02643752 -0.01907777
v 0.06029898 0.02642891 -0.01766949
v 0.06043769 0.02636559 -0.01778322
v 0.06144882 0.02636454 -0.01631350
v 0.06137573 0.02639186 -0.01626012
v 0.05914797 0.02646437 -0.01901705
v 0.05798789 0.02647169 -0.02036847
v 0.00661941 0.01589306 -0.06573997
v 0.05114681 0.02643179 -0.02612367
v 0.04802810 0.02648133 -0.02783883
v 0.00123585 0.01669424 -0.06625493
v 0.00335064 0.01640116 -0.06625493
v 0.00555327 0.01619606 -0.06588810
v -0.00287228 0.03137643 -0.02887292
v 0.00397381 0.03255969 -0.02795249
v 0.00032220 0.03221823 -0.02719606
v -0.00279703 0.03055438 -0.03244383
v 0.06627815 0.02577700 0.00618050
v 0.06677081 0.02584767 0.00347247
v 0.06666719 0.02588152 0.00345995
v 0.03979287 0.02536090 0.02411496
v 0.05746956 0.02554514 0.01678990
v 0.03137108 0.02500710 0.02620386
v 0.03137380 0.02496132 0.02621894
v 0.06279963 0.02563299 0.01387641
v 0.06307737 0.02562631 0.01371577
v 0.06301661 0.02563873 0.01366181
v 0.06542037 0.02578863 0.00807185
v 0.06536545 0.02569712 0.00924463
v 0.06545903 0.02565056 0.00927723
v 0.06415997 0.02557292 0.01230789
v 0.06607301 0.02583196 0.00613376
v 0.02591158 0.02520037 0.02639848
v 0.00216925 0.02037482 -0.05949976
v 0.01341830 0.03175642 -0.03139741
v 0.01169317 0.03210598 -0.03094724
v 0.01003073 0.03238846 -0.03029937
v 0.06402880 0.02629022 -0.01162999
v 0.01016311 0.03245227 -0.03000235
v 0.06474435 0.02624787 -0.01001327
v 0.01011794 0.03244241 -0.03010772
v 0.01014049 0.03244893 -0.03005568
v 0.06535784 0.02620444 -0.00835470
v 0.00846107 0.03262359 -0.02942521
v 0.01009560 0.03243288 -0.03015828
v 0.06677727 0.02598075 0.00044950
v 0.06656142 0.02590229 0.00344681
v 0.00699450 0.03275866 -0.02837692
v 0.00694406 0.03275979 -0.02846691
v 0.01182242 0.03217488 -0.03062312
v 0.06022892 0.02644704 -0.01761241
v 0.05908121 0.02648231 -0.01895646
v -0.00296599 0.01647506 -0.06625493
v -0.00088743 0.01684467 -0.06615926
v -0.00088069 0.01671674 -0.06625493
v -0.00298869 0.01660115 -0.06615926
v -0.00301385 0.01674090 -0.06602427
v -0.00089491 0.01698647 -0.06602427
v -0.00293649 0.01631122 -0.06635112
v -0.00578156 0.01611597 -0.06588810
v -0.00674074 0.01582988 -0.06573997
v -0.00974900 0.01417698 -0.06573997
v -0.00952458 0.01422791 -0.06588810
v 0.06738553 0.02515106 -0.00308429
v 0.06754979 0.02509711 -0.00095420
v 0.06756859 0.02507290 0.00000001
v 0.06754494 0.02525976 0.00044176
v 0.06729118 0.02506811 0.00386127
v 0.06732254 0.02518146 0.00352640
v 0.06729286 0.02529425 0.00352552
v 0.06718356 0.02582122 0.00045122
v 0.06696371 0.02574216 0.00349466
v 0.06705018 0.02567139 0.00350400
v 0.06471347 0.01956829 0.01291906
v 0.06518277 0.01756392 0.01212906
v 0.06575084 0.02491930 0.00983007
v 0.06491020 0.02059586 0.01249982
v 0.06618377 0.01706300 0.00966765
v 0.06710603 0.01964716 0.00649707
v 0.05996522 0.00817639 0.01557275
v 0.05689637 0.01396886 0.01738711
v 0.05773688 0.02479867 0.01744103
v 0.03316960 0.02492476 0.02586625
v 0.03986947 0.02487077 0.02450996
v 0.06286260 0.02534506 0.01452767
v 0.06118328 0.02532124 0.01554002
v 0.06121385 0.02524861 0.01559262
v 0.06333085 0.02480050 0.01447361
v 0.06316401 0.02486730 0.01459775
v 0.06317009 0.02478323 0.01460366
v 0.06299651 0.02482802 0.01472026
v 0.06298036 0.02496980 0.01469911
v 0.06300016 0.02468383 0.01472211
v 0.06124046 0.02517043 0.01563799
v 0.06126276 0.02508812 0.01567559
v 0.06295212 0.02510551 0.01465920
v 0.05949471 0.02515062 0.01654099
v 0.05953027 0.02498457 0.01661105
v 0.06128056 0.02500315 0.01570511
v 0.05699136 0.00904124 0.01714776
v 0.05654394 0.00864458 0.01732379
v 0.05732052 0.01346839 0.01718835
v 0.05796295 0.01144668 0.01681026
v -0.02087146 0.02549729 0.01218367
v -0.01841510 0.02732634 0.01218927
v -0.01830733 0.02716209 0.01266112
v -0.01472099 0.02937783 0.01246348
v -0.01479564 0.02953377 0.01192916
v -0.01284562 0.03035429 0.01220485
v -0.01090768 0.03125302 0.01140301
v -0.01200373 0.03084341 0.01139720
v -0.00864653 0.03215862 0.00570610
v -0.00856443 0.03238430 0.00000000
v 0.06359401 0.02545559 0.01367676
v 0.06337341 0.02544016 0.01397538
v 0.06365015 0.02539702 0.01371323
v 0.06349938 0.02561987 0.01322058
v 0.06363724 0.02556150 0.01328739
v 0.06378175 0.02546328 0.01335646
v 0.00182254 0.01711878 -0.06573997
v 0.01042429 0.01217444 -0.06650212
v 0.00882927 0.01315304 -0.06650546
v 0.00893288 0.01330738 -0.06650212
v 0.00712048 0.01435902 -0.06650212
v 0.00703790 0.01419248 -0.06650546
v -0.00346736 0.01545755 -0.06650546
v 0.00119701 0.01616962 -0.06647535
v 0.00122356 0.01652821 -0.06635112
v 0.00116953 0.01579843 -0.06650546
v -0.00155613 0.01714597 -0.06573997
v -0.00372309 0.01659758 -0.06602427
v 0.00012832 0.01721597 -0.06573997
v 0.00657895 -0.01479252 -0.06672812
v -0.00405750 -0.01636094 -0.06648202
v -0.00579136 -0.01567068 -0.06656818
v -0.00750162 -0.01493249 -0.06655527
v -0.00573534 -0.01551920 -0.06663426
v -0.00394173 -0.01589269 -0.06667896
v -0.00891595 0.01331873 -0.06650212
v -0.01184541 0.01079671 -0.06650212
v -0.01198310 0.01092222 -0.06647535
v -0.01319980 0.00941566 -0.06647535
v -0.01070362 0.01242131 -0.06642495
v -0.01048571 -0.01281282 -0.06659922
v -0.01513390 -0.00521677 -0.06654102
v -0.01341195 -0.01047607 -0.06624985
v -0.01168794 -0.01261126 -0.06610677
v -0.02013797 0.00914304 -0.05609215
v -0.02158606 0.00980050 -0.05253692
v -0.01931302 0.01077685 -0.05609215
v -0.01599394 0.00637180 -0.06573997
v -0.01772747 0.00640630 -0.06272648
v -0.01617566 0.00584577 -0.06573997
v -0.01816281 0.00504144 -0.06272648
v -0.02079985 0.00751659 -0.05609215
v -0.01865708 0.00847068 -0.05949976
v -0.01789279 0.00998435 -0.05949976
v -0.01391360 0.00832473 -0.06647535
v -0.01246657 0.01136288 -0.06615926
v -0.01257152 0.01145854 -0.06602427
v -0.01384796 0.00987801 -0.06602427
v -0.01393884 0.00994283 -0.06588810
v -0.01459682 0.00873350 -0.06602427
v -0.01223348 0.01211396 -0.06573997
v -0.00968497 -0.05275971 0.01674822
v -0.01796704 -0.04652145 0.01674121
v -0.01448126 -0.05262337 0.01565973
v -0.02630578 -0.04686487 0.00298579
v -0.02800128 -0.04217771 0.00591339
v -0.01121426 -0.02211595 0.02600000
v -0.00557813 -0.02416847 0.02600000
v -0.00411093 -0.06175596 0.01278856
v -0.00038257 -0.06211836 0.01309164
v -0.00627746 -0.06082028 0.01311000
v 0.01298311 -0.06351473 0.01286233
v 0.03378009 -0.06063880 0.01308876
v 0.03684206 -0.05761170 0.01431569
v 0.03297498 -0.05915394 0.01431642
v 0.03596436 -0.05581944 0.01558690
v 0.03227310 -0.05722753 0.01558788
v 0.03411944 -0.05204598 0.01761189
v 0.03079769 -0.05317473 0.01761278
v 0.04750711 -0.05201479 0.01311479
v 0.04521910 -0.05405813 0.01311213
v 0.02064434 -0.05706588 0.01669122
v 0.03767514 -0.05996742 0.01204143
v 0.03715535 -0.05928161 0.01309546
v 0.04546074 -0.05433223 0.01280156
v 0.04095815 -0.05793059 0.01243856
v 0.04270050 -0.05706234 0.01204516
v 0.02674434 -0.06340864 0.01204187
v 0.05633517 -0.04381701 0.00439036
v 0.05518308 -0.04580982 0.00438462
v 0.05221596 -0.04916563 0.00819614
v 0.05166992 -0.04856049 0.01165909
v 0.05546185 -0.04044324 0.01309318
v 0.05591878 -0.04076107 0.01245467
v 0.05932668 -0.03006251 0.01276309
v 0.05980062 -0.02633736 0.01300569
v 0.05867316 -0.03158952 0.01304650
v 0.06004660 -0.02638168 0.01274290
v 0.05836740 -0.03366699 0.01277667
v 0.05697389 -0.03213379 0.01430986
v 0.05403506 -0.03561230 0.01558000
v 0.05365638 -0.04386407 0.01310426
v 0.04826279 -0.05167973 0.01280383
v 0.04729491 -0.05463802 0.00821472
v 0.05111776 -0.04905595 0.01206406
v 0.05121741 -0.04913001 0.01165653
v 0.05209628 -0.04739158 0.01245170
v 0.05095803 -0.04893514 0.01245072
v 0.05225920 -0.04750410 0.01206778
v 0.05075573 -0.04878132 0.01280431
v 0.05188990 -0.04724857 0.01280322
v 0.03405339 -0.06136609 0.01224168
v 0.01223875 -0.06324476 0.01306893
v 0.02295506 -0.06339192 0.01277711
v 0.02498774 -0.06101102 0.01431793
v 0.06059999 -0.02648501 0.01181347
v 0.06044941 -0.02645609 0.01214213
v 0.06040417 -0.03022950 0.01012245
v 0.05861416 -0.03749901 0.00820725
v 0.05662296 -0.04102353 0.01010601
v 0.06123097 -0.02486200 -0.01078510
v 0.06116244 -0.02200003 -0.01179585
v 0.06330889 -0.02200000 -0.00323706
v 0.05297101 -0.03935374 -0.02019046
v 0.05684078 -0.03205815 -0.01749982
v 0.05700115 -0.03137965 -0.01749984
v 0.05010847 -0.04689798 -0.01749995
v 0.05204402 -0.04385031 -0.01770788
v 0.05437027 -0.03950791 -0.01749981
v 0.05475945 -0.04190576 -0.01408449
v 0.05565350 -0.04002748 -0.01410268
v -0.02291761 0.01214986 0.02600000
v -0.02883527 0.01573917 0.01245339
v -0.03120503 0.00989019 0.01271533
v -0.03225918 -0.00852614 0.01303762
v -0.03233489 -0.01138006 0.01266724
v -0.03222324 -0.02211248 0.00152466
v -0.03156228 -0.02413875 0.01141939
v -0.03260264 -0.01587449 0.00578249
v -0.03230093 0.00691710 0.01193628
v -0.03257740 0.00586963 0.01139841
v -0.03288539 0.00377758 0.01140749
v -0.00844288 0.03164164 0.01271512
v 0.02591692 0.02527800 0.02627116
v 0.02772591 0.02527768 0.02628348
v 0.02772715 0.02525641 0.02632787
v 0.02953147 0.02528061 0.02617129
v -0.00850832 0.03156413 0.01282584
v -0.01089929 0.03122505 0.01167180
v 0.02773442 0.02490633 0.02658175
v 0.01792965 0.00158989 0.02700000
v -0.01376326 -0.04754711 0.01765668
v 0.05983729 -0.02611467 0.01300376
v 0.06142331 -0.02488836 0.01019000
v 0.06020075 -0.02594798 0.01265287
v 0.06356620 0.02202920 0.01415067
v 0.06406718 0.01936463 0.01358150
v 0.06340238 0.02472765 0.01441313
v 0.06347337 0.02490023 0.01432674
v 0.06350887 0.02233411 0.01421580
v 0.04155621 -0.05024320 0.01668493
v 0.04301068 -0.04644094 0.01760923
v 0.04362236 -0.04180218 0.01857425
v 0.04048473 -0.04619169 0.01830116
v 0.05140717 -0.03122713 0.01760480
v 0.05225502 -0.03511409 0.01667984
v 0.01924896 -0.06434618 0.01162939
v 0.01699719 -0.06438047 0.01162661
v 0.01699662 -0.06423916 0.01196214
v 0.01699653 -0.06421697 0.01201481
v -0.00136254 -0.06288096 0.01200579
v 0.01259775 -0.06563726 0.00639834
v 0.01153538 -0.06408714 0.01203411
v 0.01153308 -0.06414942 0.01192388
v 0.01152861 -0.06426887 0.01162304
v -0.00077308 -0.06493454 -0.00000000
v -0.00698880 -0.06355201 -0.00000000
v -0.00930842 -0.06273711 -0.00000000
v 0.04939933 -0.05375284 0.00063703
v 0.00148506 -0.01693405 -0.06635305
v 0.04542482 -0.04958041 -0.02106973
v 0.04266308 -0.05077108 -0.02252191
v -0.00037752 -0.01671180 -0.06653892
v 0.05786171 -0.02633887 -0.01750000
v 0.01669933 -0.00262841 -0.06620073
v 0.01657172 -0.00076573 -0.06635414
v 0.01673924 -0.00077342 -0.06625536
v 0.01655233 -0.00260479 -0.06631082
v 0.01569501 -0.00622908 -0.06636983
v 0.01476797 -0.00784087 -0.06653230
v 0.01596829 0.00102235 -0.06650011
v 0.01575701 0.00278274 -0.06649853
v 0.01617291 0.00103545 -0.06647269
v 0.01655415 0.00105986 -0.06633869
v 0.01191490 0.01099658 -0.06647535
v 0.01054546 0.01231596 -0.06647535
v 0.01088760 0.01271554 -0.06625493
v 0.01511983 0.00634222 -0.06642246
v 0.01515291 0.00635606 -0.06641233
v 0.01543447 0.00647408 -0.06625105
v 0.01445614 0.00810550 -0.06635112
v 0.01402276 -0.00957976 -0.06642052
v 0.01437092 -0.00944709 -0.06621144
v 0.04223705 -0.05461209 -0.01749971
v 0.04586561 -0.05168321 -0.01749999
v -0.00404265 0.02008721 -0.05949976
v -0.02603802 0.02009229 -0.01750000
v -0.02688934 0.01820050 -0.02318829
v -0.01799195 0.01767008 -0.04892007
v -0.02088372 0.01413550 -0.04892007
v -0.02202142 0.01228816 -0.04892007
v 0.00256078 0.03283557 -0.02551362
v -0.00136211 0.03255601 -0.02341278
v -0.02905657 0.01585535 0.01134910
v -0.03110465 0.01126783 0.01137066
v -0.03141910 0.00995488 0.01219733
v -0.01644640 0.00312100 -0.06625493
v -0.01635369 0.00118876 -0.06642495
v -0.01634373 -0.00369174 -0.06627106
v -0.01692713 -0.00188593 -0.06601032
v -0.03147135 -0.00653663 -0.02790299
v -0.03142520 -0.01319677 -0.02587633
v -0.03164999 0.00199110 -0.02786186
v -0.03246875 -0.00000000 -0.02318815
v -0.02180292 -0.04816746 0.01440060
v -0.02633166 -0.04253908 0.01330766
v -0.02840619 -0.03620308 0.01333124
v -0.03002990 -0.03154020 0.01265023
v -0.03059323 -0.02843030 0.01265421
v -0.03106525 -0.02509226 0.01270787
v -0.02985248 -0.03150846 0.01292806
v -0.02942543 -0.03523405 0.01219456
v -0.02932093 -0.03521201 0.01245002
v -0.02945508 -0.03731784 0.00586733
v -0.02969778 -0.03483543 0.01139756
v -0.02851961 -0.03889122 0.01192390
v -0.02950632 -0.03525033 0.01193148
v -0.02857964 -0.03890511 0.01165551
v -0.02956302 -0.03526076 0.01166424
v -0.03032975 -0.03159058 0.01183661
v -0.02207272 0.00138860 -0.05609215
v -0.02644442 -0.03554250 -0.02584089
v -0.03089320 -0.02029722 -0.02518996
v -0.02869233 0.01036875 -0.03312309
v -0.02624569 0.01191606 -0.03894130
v -0.02426805 0.01101818 -0.04522314
v -0.01696839 0.01148534 -0.05949976
v -0.01437066 -0.05587275 -0.01880497
v -0.01368945 -0.05748762 -0.01633241
v -0.01116557 -0.05862058 -0.01639087
v 0.06068046 0.02613449 -0.01798542
v 0.06072840 0.02605876 -0.01802614
v 0.06196804 0.02559041 -0.01670788
v 0.06081711 0.02555593 -0.01822718
v 0.05844093 0.02571064 -0.02084139
v 0.05965687 0.02584625 -0.01949160
v 0.06056757 0.02626621 -0.01789076
v 0.06165642 0.02622799 -0.01646666
v 0.06062660 0.02620399 -0.01794008
v 0.05827000 0.02620836 -0.02065744
v 0.05816762 0.02633823 -0.02055168
v 0.05598463 0.02570266 -0.02309463
v 0.05838310 0.02597036 -0.02077676
v 0.01354502 0.00983653 -0.06625493
v 0.05669064 0.02650435 -0.02159976
v 0.05110787 0.02649033 -0.02605827
v 0.05118256 0.02636623 -0.02618403
v 0.00736300 0.01484807 -0.06635112
v 0.00537546 0.01567748 -0.06635112
v 0.00542945 0.01583496 -0.06625493
v 0.00531818 0.01551042 -0.06642495
v 0.00749387 0.01511199 -0.06615926
v 0.00206352 0.03218045 -0.02847625
v 0.06688410 0.02596023 0.00045051
v -0.00088535 0.03275351 -0.02199540
v -0.00296705 0.03241181 -0.02254100
v 0.00533880 0.03278577 -0.02776860
v 0.00545078 0.03282363 -0.02752157
v -0.00832863 0.03186140 0.01220027
v 0.03131750 0.02530328 0.02589048
v 0.03308749 0.02531266 0.02553216
v -0.00830070 0.03177317 0.01245249
v -0.00862867 0.03195706 0.01141221
v 0.06285367 0.02561994 0.01393903
v -0.00826888 0.03196643 0.01167659
v 0.03311862 0.02524897 0.02566103
v 0.03134635 0.02520916 0.02606091
v 0.03312816 0.02521856 0.02570023
v 0.02955842 0.02500094 0.02644243
v 0.06306794 0.02548157 0.01418508
v 0.06311667 0.02542544 0.01424040
v 0.06617663 0.02581099 0.00615755
v 0.01175748 0.03215475 -0.03079396
v 0.00012769 0.02370636 -0.05253692
v 0.06643908 0.02606641 -0.00494691
v 0.06652641 0.02602868 -0.00496472
v 0.06604064 0.02611224 -0.00669997
v 0.06595313 0.02614060 -0.00667623
v 0.06569576 0.02607289 -0.00847105
v 0.06620995 0.02602781 -0.00674666
v 0.06628904 0.02597216 -0.00676890
v 0.06229925 0.02637166 -0.01473762
v 0.06321293 0.02633150 -0.01320563
v 0.06329205 0.02631283 -0.01325014
v 0.01180092 0.03217176 -0.03068165
v 0.05786132 0.02651602 -0.02024076
v 0.01007355 0.03242057 -0.03020716
v 0.01020813 0.03244870 -0.02989280
v 0.00850764 0.03263842 -0.02933177
v 0.00684731 0.03273244 -0.02863650
v 0.00534821 0.03280566 -0.02767893
v 0.06660619 0.02595265 0.00180831
v 0.06130249 0.02641018 -0.01620687
v 0.05792467 0.02649827 -0.02030456
v -0.00369201 0.01645902 -0.06615926
v 0.00124530 0.01682200 -0.06615926
v -0.00290520 0.01613741 -0.06642495
v -0.00086264 0.01637413 -0.06642495
v -0.00957618 0.01430516 -0.06573997
v 0.06705423 0.02520485 -0.00520082
v 0.06669115 0.02592606 -0.00499913
v 0.06676592 0.02586216 -0.00501520
v 0.06661089 0.02598178 -0.00498222
v 0.06711689 0.02574466 -0.00324048
v 0.06683403 0.02579097 -0.00503018
v 0.06717803 0.02566731 -0.00325011
v 0.06689453 0.02571360 -0.00504386
v 0.06730951 0.02541128 -0.00327316
v 0.06702451 0.02545744 -0.00507560
v 0.06699008 0.02554546 -0.00506666
v 0.06705005 0.02536859 -0.00508285
v 0.06733541 0.02532248 -0.00327871
v 0.06723078 0.02558505 -0.00325882
v 0.06739371 0.02553877 -0.00145505
v 0.06596982 0.02580522 -0.00856964
v 0.06654076 0.02567752 -0.00684274
v 0.06602018 0.02572299 -0.00858862
v 0.06751526 0.02537275 0.00044429
v 0.06754049 0.02530493 0.00000008
v 0.06751487 0.02538301 0.00000017
v 0.06747305 0.02536513 -0.00146411
v 0.06727084 0.02575044 0.00045063
v 0.06483673 0.01715300 0.01268158
v 0.06374925 0.02477315 0.01404066
v 0.06495667 0.01967550 0.01249987
v 0.06686994 0.02580117 0.00348408
v 0.06646718 0.02567141 0.00622212
v 0.06691923 0.02501631 0.00591687
v 0.05703017 -0.02050314 0.01557638
v 0.05955018 0.02481350 0.01664824
v 0.03986947 0.02029791 0.02450996
v 0.03987569 0.02496087 0.02450006
v 0.03316686 0.02497068 0.02585597
v 0.03987718 0.02491527 0.02450608
v 0.05768877 0.02513360 0.01732908
v 0.05770577 0.02505252 0.01736963
v 0.03991729 0.02509813 0.02443830
v 0.05951444 0.02506893 0.01658014
v 0.05771947 0.02496873 0.01740180
v 0.06291253 0.02523168 0.01460156
v 0.06320231 0.02529123 0.01433669
v 0.06323786 0.02521528 0.01437612
v 0.06351165 0.02523829 0.01409360
v 0.05603486 0.00832506 0.01751995
v 0.05733847 0.00946588 0.01701104
v 0.05781701 0.01244488 0.01692315
v 0.05760081 0.01299533 0.01704522
v 0.05780767 0.01042337 0.01683691
v -0.01657180 0.02837154 0.01246048
v -0.01280893 0.03026370 0.01246673
v -0.00838119 0.03198775 0.01141247
v -0.00840899 0.03241489 -0.00000006
v -0.00429010 0.03263216 -0.01681063
v -0.00390551 0.03265617 -0.01750000
v -0.00855406 0.03236884 -0.00057120
v 0.06342450 0.02537901 0.01401942
v 0.06370130 0.02533213 0.01374616
v 0.06354962 0.02560514 0.01324510
v 0.06370525 0.02551948 0.01332000
v 0.06427473 0.02548900 0.01236257
v 0.06426463 0.02549638 0.01235776
v 0.00344596 0.01686767 -0.06573997
v 0.00118326 0.01598382 -0.06650212
v -0.00085302 0.01619141 -0.06647535
v -0.00087194 0.01655049 -0.06635112
v 0.00317085 0.01552108 -0.06650546
v -0.00574387 0.01601091 -0.06602427
v -0.00408977 -0.01649092 -0.06638703
v -0.00214964 -0.01605383 -0.06669804
v -0.00398295 -0.01605974 -0.06663085
v -0.01304813 0.00930747 -0.06650212
v -0.01058418 0.01228270 -0.06647535
v -0.01350161 -0.01054718 -0.06613314
v -0.02229554 0.00805710 -0.05253692
v -0.02371677 0.00857070 -0.04892007
v -0.02296207 0.01042523 -0.04892007
v -0.02070178 0.01155179 -0.05253692
v -0.01633896 0.00511757 -0.06588810
v -0.01974352 0.00548020 -0.05949976
v -0.01927029 0.00696384 -0.05949976
v -0.01480140 0.00661875 -0.06647535
v -0.01373236 0.00979554 -0.06615926
v -0.02084566 -0.05513916 -0.00470892
v -0.02076788 -0.05487322 -0.00704763
v -0.02263933 -0.05295961 -0.00468357
v -0.01092625 -0.06216876 -0.00000000
v -0.02630589 -0.04712624 -0.00000000
v -0.02525320 -0.04899523 0.00299867
v -0.00741599 -0.02366008 0.02600000
v -0.00421182 -0.06219461 0.01220947
v 0.00287491 -0.06253111 0.01308462
v -0.01372732 -0.05567771 0.01440595
v -0.00693003 -0.06102153 0.01279302
v -0.00697792 -0.06118318 0.01260918
v -0.00971732 -0.06009399 0.01279928
v 0.01428528 -0.06330117 0.01306532
v 0.03505554 -0.05396189 0.01668696
v 0.04062777 -0.05740692 0.01310355
v 0.03757327 -0.05976428 0.01243556
v 0.04490826 -0.05433573 0.01311177
v 0.04257267 -0.05688484 0.01244020
v 0.05481768 -0.04528834 0.00819247
v 0.05312730 -0.04646558 0.01166904
v 0.05443611 -0.04433145 0.01167908
v 0.05309907 -0.04651160 0.01166883
v 0.05391001 -0.04778883 0.00438050
v 0.05542630 -0.04052677 0.01309354
v 0.05682591 -0.03955492 0.01170353
v 0.05629808 -0.04068129 0.01169752
v 0.05559038 -0.04219148 0.01168947
v 0.05716534 -0.03720018 0.01278629
v 0.04845483 -0.05185653 0.01244724
v 0.04841705 -0.05240442 0.01164234
v 0.05035718 -0.05021268 0.01165167
v 0.05181048 -0.04835897 0.01166005
v 0.05432473 -0.04424790 0.01207589
v 0.03409187 -0.06146727 0.01204127
v 0.01922314 -0.06364202 0.01277015
v 0.01923360 -0.06393318 0.01242676
v 0.02298540 -0.06368432 0.01243031
v 0.02900392 -0.06027277 0.01431716
v 0.02526507 -0.06273751 0.01307515
v 0.06086451 -0.03042619 0.00825325
v 0.06054348 -0.02474360 -0.01260303
v 0.06334227 -0.02200000 -0.00297828
v 0.04953079 -0.04728898 -0.01805052
v 0.05444239 -0.03932706 -0.01749983
v 0.05318674 -0.04114969 -0.01832880
v 0.05611292 -0.04051529 -0.01227929
v -0.02290000 0.01221783 0.02600000
v -0.03201512 0.00686036 0.01271755
v -0.03230578 -0.01137852 0.01271559
v -0.03140810 -0.02513110 0.01168290
v -0.03280341 -0.00854969 0.01142525
v -0.03214528 -0.02125652 0.00567692
v -0.03237312 -0.01582263 0.01142718
v -0.03236834 -0.02122804 -0.00000000
v -0.03269655 0.00187477 0.01272015
v -0.03281467 0.00188096 0.01247159
v -0.03272916 0.00376297 0.01226559
v -0.03222974 0.00690338 0.01220460
v 0.02773054 0.02516553 0.02644806
v 0.02590539 0.02499833 0.02654336
v 0.02590626 0.02504328 0.02652328
v 0.06432905 0.01943955 0.01335529
v 0.06354656 0.02516102 0.01412276
v 0.06332349 0.02488367 0.01446722
v 0.06342242 0.02273344 0.01430184
v 0.04028908 -0.04868810 0.01761012
v 0.04389703 -0.04282589 0.01830408
v 0.05253749 -0.03927248 0.01558099
v 0.01924227 -0.06416967 0.01204363
v 0.01699658 -0.06420386 0.01203638
v 0.01699759 -0.06397603 0.01241112
v 0.01296948 -0.06399321 0.01228987
v 0.01296039 -0.06429809 0.01162397
v 0.01429472 -0.06380223 0.01259054
v 0.04404612 -0.05020575 -0.02184575
v -0.00038087 -0.01686068 -0.06645352
v 0.01688749 -0.00078065 -0.06614020
v 0.01489963 -0.00791060 -0.06644582
v 0.01555623 -0.00617393 -0.06646413
v 0.01462389 -0.00776524 -0.06660290
v 0.01615851 -0.00441012 -0.06638493
v 0.01599817 -0.00436682 -0.06647142
v 0.01620663 -0.00255159 -0.06647784
v 0.01638720 -0.00257902 -0.06640456
v 0.01638767 -0.00075775 -0.06643217
v 0.01540309 -0.00611384 -0.06654231
v 0.01523803 -0.00604980 -0.06660111
v 0.01601448 -0.00252313 -0.06652727
v 0.01563969 -0.00427247 -0.06658141
v 0.01582403 -0.00432060 -0.06653792
v 0.01430826 -0.00760162 -0.06668551
v 0.01488599 -0.00591542 -0.06665094
v 0.01506436 -0.00598315 -0.06663790
v 0.01414312 -0.00751701 -0.06669375
v 0.01471534 0.00617316 -0.06650609
v 0.01535346 0.00450620 -0.06649958
v 0.01477936 0.00619990 -0.06649820
v 0.01544953 -0.00422360 -0.06659983
v 0.01650075 0.00291417 -0.06623611
v 0.01636989 0.00104806 -0.06641799
v 0.01615356 0.00285284 -0.06641603
v 0.01535526 0.00644083 -0.06630962
v 0.04174279 -0.05493265 -0.01749974
v 0.04254560 -0.05438009 -0.01749974
v -0.01691378 0.01661120 -0.05253692
v -0.01837045 0.01498447 -0.05253692
v -0.01082138 0.03165399 0.00000000
v 0.00365014 0.03282284 -0.02652517
v -0.00312338 0.03231934 -0.02318829
v 0.00007328 0.03278708 -0.02302481
v 0.00036403 0.03278713 -0.02344644
v -0.02903840 0.01584652 0.01162844
v -0.03149015 0.00997576 0.01192608
v -0.01617120 0.00117549 -0.06647535
v -0.01630296 -0.00181619 -0.06642959
v -0.01708744 0.00000000 -0.06593336
v -0.01692868 -0.00000000 -0.06610586
v -0.01682364 0.00122292 -0.06615926
v -0.01674466 -0.00000000 -0.06625172
v -0.01700664 0.00000000 -0.06602116
v -0.01669587 0.00121363 -0.06625493
v -0.01657227 0.00314489 -0.06615926
v -0.01899739 -0.05160828 0.01440280
v -0.01924273 -0.04825946 0.01565549
v -0.02751163 -0.03915440 0.01332146
v -0.02888032 -0.03511447 0.01313908
v -0.02904637 -0.03515177 0.01292512
v -0.03030081 -0.03158592 0.01193667
v -0.03039000 -0.03159817 0.01140543
v -0.03056300 -0.02842580 0.01270225
v -0.03068114 -0.02844292 0.01245646
v -0.03147290 -0.02175522 0.01269755
v -0.03170704 -0.02100897 0.01238714
v -0.03128354 -0.02511797 0.01220894
v -0.03153031 -0.02189145 0.01257158
v -0.02999926 -0.03153472 0.01269822
v -0.02819788 -0.03880671 0.01268784
v -0.02919399 -0.03518446 0.01269456
v -0.02832780 -0.03884179 0.01244350
v -0.02884356 -0.03813148 0.01138841
v -0.02366032 -0.00000000 -0.05251614
v -0.02206785 -0.00000000 -0.05607042
v -0.02177049 -0.00000000 -0.05673410
v -0.02365993 0.00148845 -0.05253692
v -0.01831524 0.01239698 -0.05609215
v -0.01371524 -0.05695266 -0.01749995
v -0.01133018 -0.05945302 -0.01415758
v 0.06182429 0.02601935 -0.01659307
v 0.06076987 0.02597803 -0.01806176
v 0.06297643 0.02563621 -0.01518824
v 0.06086686 0.02563155 -0.01814920
v 0.06080450 0.02589361 -0.01809194
v 0.06083214 0.02580686 -0.01811655
v 0.06372231 0.02601322 -0.01349741
v 0.06377615 0.02593644 -0.01352939
v 0.06284236 0.02597857 -0.01509387
v 0.06273192 0.02612530 -0.01501968
v 0.06266777 0.02618823 -0.01497717
v 0.06359520 0.02614696 -0.01342318
v 0.06539133 0.02576763 -0.01028859
v 0.06476864 0.02546103 -0.01200666
v 0.06344867 0.02624812 -0.01333899
v 0.06419206 0.02624347 -0.01170954
v 0.06427225 0.02620630 -0.01174899
v 0.06237552 0.02635316 -0.01478668
v 0.06050426 0.02632027 -0.01783819
v 0.06159028 0.02628240 -0.01641758
v 0.05811031 0.02639148 -0.02049298
v 0.05946024 0.02624115 -0.01930416
v 0.05959713 0.02601656 -0.01943333
v 0.05121465 0.02629458 -0.02623855
v 0.00755696 0.01523921 -0.06602427
v 0.00743696 0.01499722 -0.06625493
v 0.06669760 0.02602246 -0.00140278
v 0.06678791 0.02600281 -0.00140843
v 0.06689148 0.02593554 -0.00320745
v 0.06722227 0.02580598 -0.00000018
v 0.06732526 0.02571058 0.00000018
v 0.06708889 0.02588018 0.00045139
v -0.00298945 0.03265645 -0.01972601
v -0.00315849 0.03268271 -0.01890909
v -0.00219115 0.03271521 -0.02023564
v -0.00212562 0.03271713 -0.02032396
v -0.00097542 0.03275608 -0.02163357
v -0.00299003 0.03269412 -0.01900618
v 0.00539859 0.03281895 -0.02760183
v -0.00345833 0.03267917 -0.01825849
v 0.03980936 0.02534935 0.02415783
v 0.02952706 0.02529712 0.02612614
v -0.00841909 0.03185602 0.01220772
v -0.00843945 0.03192242 0.01194795
v -0.00834888 0.03192708 0.01194287
v -0.00845221 0.03196642 0.01168299
v -0.00823624 0.03185871 0.01219019
v -0.00852703 0.03191016 0.01195124
v -0.00853984 0.03195450 0.01168459
v -0.00861381 0.03190131 0.01190216
v -0.00866298 0.03194778 0.01141207
v 0.06296287 0.02556839 0.01406492
v 0.06266470 0.02558143 0.01422926
v 0.06273707 0.02552221 0.01433910
v 0.06290834 0.02559854 0.01400218
v 0.03136331 0.02509544 0.02615960
v 0.03135831 0.02513654 0.02613066
v 0.02955387 0.02508927 0.02639774
v 0.02955637 0.02504588 0.02642244
v 0.03315208 0.02510483 0.02579751
v 0.03314502 0.02514593 0.02576900
v 0.03135262 0.02517465 0.02609761
v 0.06301636 0.02552936 0.01412624
v 0.06526767 0.02573121 0.00921017
v 0.01173581 0.03214132 -0.03084726
v 0.06635028 0.02609489 -0.00492907
v 0.06449221 0.02604127 -0.01185884
v 0.06455476 0.02597050 -0.01189070
v 0.06522077 0.02599789 -0.01021329
v 0.06507441 0.02611691 -0.01015074
v 0.06515019 0.02606151 -0.01018296
v 0.06550466 0.02541669 -0.01034380
v 0.06600944 0.02530389 -0.00903478
v 0.06548871 0.02550513 -0.01033501
v 0.06411051 0.02627138 -0.01166968
v 0.06561410 0.02611958 -0.00844255
v 0.06544384 0.02618530 -0.00838394
v 0.06552969 0.02615708 -0.00841336
v 0.06491221 0.02620081 -0.01008267
v -0.00366397 0.01633402 -0.06625493
v 0.06727910 0.02569829 -0.00144435
v 0.06734061 0.02562097 -0.00144987
v 0.06720988 0.02576947 -0.00143855
v 0.06713394 0.02583340 -0.00143255
v 0.06735267 0.02523409 -0.00328317
v 0.06749920 0.02527641 -0.00146792
v 0.06727466 0.02549925 -0.00326652
v 0.06694669 0.02563131 -0.00505606
v 0.06636271 0.02590831 -0.00678992
v 0.06642980 0.02583716 -0.00680941
v 0.06749164 0.02545380 0.00000025
v 0.06756177 0.02516571 -0.00000000
v 0.06494350 0.02487250 0.01175227
v 0.06495930 0.01965103 0.01249557
v 0.06435703 0.02232386 0.01334079
v 0.06387699 0.02487166 0.01385304
v 0.06403141 0.02481931 0.01361247
v 0.06637529 0.02573043 0.00620209
v 0.06662559 0.02552225 0.00625541
v 0.06712522 0.02559281 0.00351165
v 0.06674761 0.02533125 0.00627906
v 0.06724939 0.02540143 0.00352270
v 0.06719314 0.02550139 0.00351804
v 0.06741498 0.02558024 0.00044827
v 0.06251614 0.02467798 0.01503032
v 0.05772982 0.02488366 0.01742553
v 0.06129385 0.02491699 0.01572653
v 0.03983814 0.02011412 0.02451405
v 0.03993621 0.02491527 0.02448748
v 0.03992458 0.02505298 0.02445725
v 0.03985847 0.02514170 0.02443059
v 0.03990828 0.02514170 0.02441490
v 0.05764547 0.02528202 0.01722435
v 0.03988547 0.02522114 0.02435561
v 0.03989763 0.02518293 0.02438722
v 0.05761980 0.02534678 0.01716163
v 0.05941435 0.02536548 0.01637844
v 0.05766858 0.02521056 0.01728046
v 0.05927527 0.02554318 0.01609205
v 0.05931170 0.02551214 0.01616748
v 0.05756253 0.02545251 0.01702073
v 0.05934744 0.02547204 0.01624122
v 0.06103229 0.02553491 0.01527649
v 0.06114921 0.02538707 0.01548101
v 0.06111223 0.02544508 0.01541662
v 0.06295078 0.02510979 0.01465725
v 0.06289557 0.02527019 0.01457646
v 0.05792277 0.01092233 0.01680533
v 0.05792315 0.01197531 0.01685294
v -0.00847496 0.03198587 0.01141272
v 0.06347080 0.02531136 0.01405901
v 0.06316172 0.02536167 0.01429122
v 0.06356696 0.02559651 0.01325347
v 0.06377112 0.02547109 0.01335139
v 0.06383063 0.02541304 0.01337937
v 0.06562935 0.02552112 0.00933540
v 0.06554759 0.02559163 0.00930770
v 0.06570040 0.02544291 0.00935904
v 0.06576487 0.02535199 0.00937996
v 0.06437290 0.02538789 0.01240858
v 0.06655197 0.02560072 0.00624018
v 0.06581846 0.02525261 0.00939673
v 0.06669229 0.02543100 0.00626868
v 0.06681985 0.02511174 0.00629028
v 0.00913869 0.01361398 -0.06642495
v 0.00728454 0.01468985 -0.06642495
v 0.01077933 0.01258909 -0.06635112
v -0.00389885 -0.01571864 -0.06670652
v -0.00402175 -0.01621665 -0.06656430
v -0.00221709 -0.01656435 -0.06655179
v -0.00217313 -0.01623245 -0.06666931
v -0.01651659 0.00485883 -0.06573997
v -0.01885522 -0.05707403 -0.00473420
v -0.01999791 -0.05637053 -0.00000000
v -0.02236838 -0.05370860 -0.00000000
v -0.01728946 -0.05865355 -0.00000000
v -0.01667476 -0.05876521 -0.00475926
v -0.01432232 -0.06022871 -0.00478392
v -0.01433636 -0.06053422 -0.00000000
v -0.01076834 -0.06222423 -0.00000000
v -0.00418170 -0.06206379 0.01241478
v -0.00639541 -0.06318776 0.00625750
v -0.00861947 -0.06288079 0.00312712
v -0.00857559 -0.06251760 0.00623503
v -0.02134823 -0.05439227 0.00606283
v -0.01984934 -0.05597457 0.00608830
v -0.02122486 -0.05396499 0.00906120
v -0.01560636 -0.05448133 0.01440493
v 0.03730302 -0.05055703 0.01761100
v 0.04954727 -0.05025944 0.01280439
v 0.03744688 -0.05950969 0.01279081
v 0.05593339 -0.04332389 0.00819336
v 0.05358060 -0.04724035 0.00819341
v 0.05609255 -0.04084463 0.01208504
v 0.05825146 -0.03720606 0.01010220
v 0.05738772 -0.03728786 0.01245568
v 0.05949492 -0.03357017 0.01010717
v 0.05864630 -0.03468995 0.01173587
v 0.05944847 -0.03193308 0.01175772
v 0.04860682 -0.05199531 0.01205617
v 0.05415607 -0.04415072 0.01245338
v 0.05322233 -0.04191816 -0.01749991
v 0.05651243 -0.04093235 -0.01044858
v -0.03213410 0.00688439 0.01246617
v -0.03198694 -0.01623245 0.01271523
v -0.03210424 -0.01624062 0.01247044
v -0.03088678 -0.02847122 0.01184173
v -0.03216752 -0.02209286 0.00287839
v -0.03294401 -0.00507415 0.01142102
v -0.03135785 -0.02512614 0.01194767
v -0.03186802 -0.02116889 0.01169696
v -0.03231731 -0.01625443 0.01169106
v -0.03191184 -0.02106597 0.01142335
v -0.03184940 -0.02104880 0.01190903
v -0.03227014 -0.01625165 0.01195513
v -0.03264455 0.00375404 0.01246702
v -0.03286175 -0.00000000 0.01246912
v -0.03294600 -0.00000000 0.01226859
v 0.02772949 0.02520004 0.02641086
v 0.02773149 0.02512743 0.02648157
v 0.06046894 -0.02599511 0.01225517
v 0.06427789 0.01781024 0.01328959
v 0.06326791 0.02513516 0.01440903
v 0.06343850 0.02506647 0.01429552
v 0.06329221 0.02505226 0.01443518
v 0.06313631 0.02503823 0.01456525
v 0.06331070 0.02496799 0.01445452
v 0.04149467 -0.04613147 0.01809575
v 0.04099723 -0.04620248 0.01818966
v 0.04381037 -0.04234329 0.01842565
v 0.04389952 -0.04335987 0.01818485
v 0.04196354 -0.04598575 0.01802273
v 0.04279592 -0.04549006 0.01794498
v 0.04340673 -0.04480411 0.01796342
v 0.04364534 -0.04436419 0.01801130
v 0.05084912 -0.03857616 0.01668086
v 0.01924231 -0.06417067 0.01204128
v 0.01428555 -0.06420510 0.01196533
v 0.01428975 -0.06402378 0.01228948
v 0.01699916 -0.06370395 0.01273775
v 0.01446967 -0.00768497 -0.06665473
v 0.01630244 -0.00444973 -0.06628218
v 0.01619111 -0.00074968 -0.06648575
v 0.01397999 0.00783852 -0.06650212
v 0.01321843 -0.00903487 -0.06672917
v 0.01555030 0.00456383 -0.06647208
v 0.01581554 -0.00249439 -0.06655046
v 0.01672165 0.00107058 -0.06623855
v 0.01633545 0.00288497 -0.06633649
v 0.01591698 0.00467130 -0.06633788
v 0.01607804 0.00471856 -0.06623763
v 0.01529546 0.00641578 -0.06633998
v 0.00267505 0.03284138 -0.02537994
v 0.00261708 0.03284231 -0.02544770
v 0.00133233 0.03282105 -0.02424256
v 0.00397299 0.03284511 -0.02656726
v 0.00203316 0.03281901 -0.02513816
v -0.02899429 0.01582363 0.01190820
v -0.01610735 -0.00179478 -0.06648323
v -0.01627526 -0.00000000 -0.06646118
v -0.01665281 -0.00185494 -0.06625260
v -0.01702864 0.00000000 -0.06599726
v -0.01703302 -0.00189812 -0.06587593
v -0.01696527 0.00123322 -0.06602427
v -0.02047427 -0.04994751 0.01440171
v -0.02095035 -0.05226263 0.01305297
v -0.02034675 -0.05263353 0.01322236
v -0.02110554 -0.05238422 0.01285595
v -0.01976011 -0.05385289 0.01284457
v -0.02299028 -0.04629095 0.01439948
v -0.02252574 -0.04984140 0.01325496
v -0.02804751 -0.03876531 0.01291765
v -0.03041815 -0.02840426 0.01293238
v -0.03118565 -0.02510664 0.01246341
v -0.03145255 -0.02187001 0.01270871
v -0.01963226 0.01328842 -0.05253692
v 0.06177428 0.02609549 -0.01655505
v 0.06195363 0.02567823 -0.01669521
v 0.05967684 0.02575885 -0.01951188
v 0.06186749 0.02593822 -0.01662632
v 0.06279039 0.02605505 -0.01505876
v 0.06366171 0.02608376 -0.01346184
v 0.06606205 0.02563717 -0.00860485
v 0.06543224 0.02568190 -0.01030744
v 0.06526166 0.02535439 -0.01094745
v 0.06433252 0.02540688 -0.01289915
v 0.06259893 0.02624296 -0.01493188
v 0.06252649 0.02628887 -0.01488454
v 0.06245163 0.02632562 -0.01483589
v 0.06152071 0.02632803 -0.01636626
v 0.05805008 0.02643607 -0.02043159
v 0.05951165 0.02617210 -0.01935227
v 0.05940393 0.02630294 -0.01925183
v 0.05963031 0.02593258 -0.01946542
v 0.06687804 0.02597412 -0.00141431
v 0.06695841 0.02595052 -0.00000017
v 0.06696668 0.02593622 -0.00142035
v 0.06705243 0.02588919 -0.00142646
v 0.06662831 0.02604892 -0.00317175
v 0.06698876 0.02592656 0.00045115
v 0.00013489 0.03279008 -0.02296920
v 0.00689477 0.03275071 -0.02855380
v 0.03979220 0.02534935 0.02416323
v 0.03982964 0.02534272 0.02417116
v 0.03982435 0.02528608 0.02429293
v 0.03310855 0.02527491 0.02561948
v 0.03981398 0.02531194 0.02425108
v 0.03133958 0.02523958 0.02602115
v 0.03133244 0.02526552 0.02597902
v 0.03132504 0.02528678 0.02593522
v -0.00846149 0.03169994 0.01259362
v -0.01089406 0.03120760 0.01183942
v -0.01088581 0.03118246 0.01194107
v -0.01085958 0.03110253 0.01226425
v -0.00836155 0.03197061 0.01168034
v -0.00850660 0.03184321 0.01221263
v 0.06264717 0.02559003 0.01420250
v 0.03136758 0.02505205 0.02618406
v 0.03315810 0.02506143 0.02582162
v 0.03313701 0.02518405 0.02573641
v 0.06331836 0.02549394 0.01392761
v 0.06461030 0.02589349 -0.01191937
v 0.06465819 0.02581151 -0.01194449
v 0.06382260 0.02585468 -0.01355737
v 0.06442355 0.02610471 -0.01182424
v 0.06591139 0.02588251 -0.00854809
v 0.06584559 0.02595359 -0.00852424
v 0.06611983 0.02546027 -0.00862880
v 0.06664243 0.02541474 -0.00687634
v 0.06612670 0.02607462 -0.00672356
v 0.06482836 0.02622888 -0.01004788
v 0.06499466 0.02616346 -0.01011713
v 0.06697255 0.02587978 -0.00321899
v 0.06706704 0.02528014 -0.00508843
v 0.06743791 0.02545303 -0.00145981
v 0.06658345 0.02559166 -0.00685621
v 0.06648939 0.02575981 -0.00682709
v 0.06754573 0.02527068 0.00000006
v 0.06398614 0.02488960 0.01367592
v 0.06409259 0.02483119 0.01349399
v 0.06475004 0.02111069 0.01276594
v 0.06454758 0.02225645 0.01299015
v 0.06747160 0.02548012 0.00044647
v 0.06734653 0.02567179 0.00044967
v 0.06741876 0.02559034 0.00000034
v 0.05954215 0.02489897 0.01663367
v 0.03992136 0.01975314 0.02448055
v 0.03993399 0.02496087 0.02448170
v 0.03994372 0.02487077 0.02448666
v 0.03994372 0.02029791 0.02448666
v 0.03993013 0.02500699 0.02447169
v 0.03985134 0.02518293 0.02440180
v 0.03986451 0.02509813 0.02445493
v 0.05938186 0.02542301 0.01631197
v 0.05947123 0.02522816 0.01649389
v 0.05750080 0.02552315 0.01686772
v 0.03984186 0.02531194 0.02424230
v 0.03985735 0.02528608 0.02428254
v 0.05759199 0.02540385 0.01709335
v 0.06107302 0.02549450 0.01534802
v 0.06099077 0.02556614 0.01520329
v 0.06280360 0.02544274 0.01443943
v -0.00854434 0.03197287 0.01141249
v -0.00491669 0.03258971 -0.01543254
v -0.00856225 0.03238086 -0.00017861
v -0.00705803 0.03238727 -0.01009678
v -0.00584758 0.03250984 -0.01333767
v -0.00628446 0.03246371 -0.01241667
v 0.06387950 0.02536280 0.01340228
v 0.06586011 0.02514604 0.00940900
v 0.06451795 0.02514212 0.01247405
v 0.06679046 0.02522429 0.00628632
v 0.00720325 0.01452593 -0.06647535
v 0.01066446 0.01245494 -0.06642495
v 0.00923712 0.01376062 -0.06635112
v -0.00223679 -0.01671184 -0.06646796
v -0.00219576 -0.01640371 -0.06661983
v -0.01641870 0.00514220 -0.06573997
v -0.01877423 -0.05679851 -0.00708426
v -0.02442687 -0.05068797 -0.00000000
v -0.02409562 -0.05100940 0.00301171
v -0.02282769 -0.05289676 0.00302484
v -0.02144404 -0.05464670 0.00303803
v -0.02272682 -0.05266319 0.00603735
v -0.01660828 -0.05908735 -0.00000000
v -0.01181615 -0.06148087 -0.00480802
v -0.01279284 -0.06127406 -0.00000000
v -0.02619391 -0.04669855 0.00596187
v -0.02697644 -0.04362979 0.01137203
v -0.02606068 -0.04639228 0.00891853
v -0.02606266 -0.04574548 0.01136631
v -0.02585144 -0.04608575 0.01163724
v -0.00702151 -0.06133008 0.01241127
v -0.00849754 -0.06192765 0.00930452
v -0.01059803 -0.06116933 0.00927172
v -0.02109597 -0.05349911 0.01137278
v -0.02151370 -0.05304110 0.01136935
v -0.01973042 -0.05551958 0.00909718
v -0.01822849 -0.05740453 0.00611365
v -0.01465129 -0.05983357 0.00616358
v -0.01638539 -0.05818238 0.00916852
v -0.01649294 -0.05868825 0.00613878
v -0.01360578 -0.05790538 0.01314863
v -0.01175584 -0.05671977 0.01440694
v -0.01264418 -0.05839708 0.01314211
v -0.00965130 -0.05992004 0.01297101
v 0.03841354 -0.05230335 0.01668594
v 0.04974488 -0.05042448 0.01244910
v 0.03569156 -0.06029035 0.01278865
v 0.05779382 -0.03715239 0.01171831
v 0.05859180 -0.03373887 0.01245707
v 0.05986038 -0.03019901 0.01177386
v 0.01810671 -0.06333112 0.01306320
v 0.01700145 -0.06333991 0.01305979
v 0.01700031 -0.06333990 0.01305980
v 0.05378838 -0.04072966 -0.01749986
v -0.03261030 -0.01139403 0.01185445
v -0.03264790 -0.00854339 0.01227087
v -0.03275608 -0.00854796 0.01185367
v -0.03219897 -0.01624704 0.01221602
v -0.03174663 -0.02113457 0.01222404
v -0.03297459 -0.00431830 0.01142010
v -0.03170550 -0.02193937 0.01210057
v -0.03180017 -0.02196493 0.01161617
v -0.03078451 -0.02845759 0.01220395
v -0.03237284 -0.01582591 0.01142718
v -0.03283842 0.00377387 0.01184227
v -0.03290955 0.00188580 0.01221324
v -0.03298014 0.00188924 0.01194840
v -0.03310138 -0.00000000 0.01141488
v -0.03284269 -0.00431310 0.01221547
v -0.03274858 -0.00430947 0.01247224
v -0.03295850 -0.00431762 0.01168607
v 0.02772835 0.02523046 0.02637057
v 0.02954761 0.02516847 0.02633516
v 0.02590733 0.02508666 0.02649848
v 0.02773364 0.02499801 0.02655581
v 0.06374677 0.02526191 0.01377510
v 0.06381869 0.02511005 0.01381982
v 0.06384469 0.02503084 0.01383534
v 0.06397178 0.02496796 0.01366960
v 0.06345893 0.02498345 0.01431419
v 0.06315284 0.02495271 0.01458507
v 0.04063962 -0.04619495 0.01826746
v 0.04240260 -0.04576894 0.01797154
v 0.04177970 -0.04604289 0.01805136
v 0.04381296 -0.04388010 0.01808544
v 0.04311311 -0.04518566 0.01794223
v 0.01296420 -0.06417475 0.01196477
v 0.01430035 -0.06354635 0.01286040
v 0.01336820 -0.00913550 -0.06672535
v 0.01595907 0.00281846 -0.06647093
v 0.01573977 0.00461934 -0.06641728
v 0.00391959 0.03283557 -0.02663868
v 0.00127326 0.03281642 -0.02430317
v -0.01651755 -0.00000000 -0.06637736
v -0.01620590 -0.00000000 -0.06647261
v -0.02216355 -0.05071811 0.01306760
v -0.02511975 -0.04577312 0.01310221
v -0.02696691 -0.04239498 0.01267919
v -0.02787901 -0.03871826 0.01313031
v 0.06171807 0.02616540 -0.01651271
v 0.06085286 0.02571910 -0.01813558
v 0.05969045 0.02567162 -0.01952641
v 0.06190351 0.02585342 -0.01665450
v 0.06386124 0.02576929 -0.01358111
v 0.06392992 0.02550486 -0.01362626
v 0.06352381 0.02620196 -0.01338201
v 0.06337102 0.02628510 -0.01329481
v 0.05934358 0.02635662 -0.01919606
v 0.06688599 0.02596888 -0.00000011
v 0.06710032 0.02588721 -0.00000027
v 0.06680617 0.02598252 -0.00319561
v -0.00284650 0.03269694 -0.01891517
v -0.00305073 0.03269218 -0.01890926
v 0.03978115 0.02536090 0.02411865
v 0.03980320 0.02533305 0.02420761
v 0.03982578 0.02533305 0.02420050
v 0.03983414 0.02525569 0.02433244
v -0.00839100 0.03176681 0.01246222
v -0.01083228 0.03102131 0.01246632
v -0.00857355 0.03176985 0.01237659
v 0.06326026 0.02553969 0.01387691
v 0.06528505 0.02592694 -0.01024125
v 0.06434984 0.02615992 -0.01178743
v 0.06577333 0.02601734 -0.00849843
v 0.06609524 0.02554915 -0.00861825
v 0.06613615 0.02537179 -0.00863656
v 0.06704807 0.02581585 -0.00323006
v 0.06661732 0.02550362 -0.00686741
v 0.06451969 0.02241427 0.01302104
v 0.06406940 0.02497662 0.01348630
v 0.06445485 0.02527070 0.01244614
v 0.06476530 0.02100473 0.01274630
v 0.06741773 0.02559167 0.00000033
v 0.03987172 0.01993243 0.02450176
v 0.03987311 0.02500699 0.02448965
v 0.03984319 0.02522114 0.02436893
v 0.03316304 0.02501647 0.02584112
v 0.05944431 0.02530019 0.01643943
v 0.05753196 0.02549232 0.01694508
v -0.00535826 0.03254989 -0.01466261
v -0.00767398 0.03233216 -0.00772065
v -0.00664003 0.03243405 -0.01118205
v 0.06393483 0.02528393 0.01342764
v 0.06432418 0.02543807 0.01238575
v 0.00903671 0.01346207 -0.06647535
v 0.00932991 0.01389884 -0.06625493
v -0.02273054 -0.05317716 -0.00000000
v -0.01993934 -0.05624861 0.00305120
v -0.01475770 -0.06026589 -0.00000000
v -0.01656920 -0.05899727 0.00307732
v -0.02786715 -0.04193404 0.00885001
v -0.02514434 -0.04880599 0.00598677
v -0.02501249 -0.04846852 0.00895371
v -0.02588686 -0.04609607 0.01136563
v -0.00706031 -0.06146064 0.01220126
v -0.02265768 -0.05158962 0.01136355
v -0.02247209 -0.05182509 0.01136449
v -0.02164373 -0.05279049 0.01163633
v -0.02026451 -0.05441077 0.01137959
v -0.01811488 -0.05692334 0.00913301
v -0.01723281 -0.05701086 0.01141359
v -0.01455043 -0.05930451 0.00920357
v -0.01271212 -0.06084834 0.00618796
v -0.01261848 -0.06029756 0.00923802
v -0.01073627 -0.06209190 0.00311511
v -0.01229301 -0.05857665 0.01313973
v -0.01246621 -0.05893204 0.01280354
v -0.01011390 -0.05952905 0.01312756
v -0.01737036 -0.05312426 0.01440388
v -0.01779933 -0.05508856 0.01318788
v -0.01961502 -0.05371815 0.01303770
v -0.01663021 -0.05625668 0.01300916
v -0.00681595 -0.06063904 0.01311246
v 0.04990106 -0.05055400 0.01206006
v 0.03580556 -0.06055326 0.01243454
v 0.05769042 -0.03740904 0.01171674
v 0.05756610 -0.03735882 0.01209570
v 0.05904797 -0.03330949 0.01174681
v 0.05973474 -0.03016567 0.01212457
v 0.05990334 -0.03001814 0.01177554
v 0.01922308 -0.06364011 0.01277182
v -0.03265826 -0.01139600 0.01142689
v -0.03250176 -0.01138868 0.01227076
v -0.03181587 -0.02196899 0.01142227
v -0.03174949 -0.02183317 0.01195003
v -0.03085858 -0.02846746 0.01194161
v -0.03233510 -0.01625490 0.01142687
v -0.03274352 0.00376440 0.01220995
v -0.03305472 -0.00000000 0.01184738
v 0.02955094 0.02513036 0.02636853
v 0.02954394 0.02520298 0.02629813
v 0.02773234 0.02508634 0.02651091
v 0.06378601 0.02518748 0.01379972
v 0.06386404 0.02495101 0.01384636
v 0.06372652 0.02501493 0.01400412
v 0.04231522 -0.04581209 0.01798173
v 0.04320640 -0.04506442 0.01794896
v 0.00051528 0.03279119 -0.02362210
v -0.01657146 -0.00000000 -0.06634754
v -0.01640196 -0.00000000 -0.06641735
v -0.02011546 -0.05417674 0.01215943
v -0.01862867 -0.05555603 0.01216211
v -0.02001215 -0.05408386 0.01240278
v -0.01853375 -0.05545264 0.01240075
v -0.02246502 -0.04992991 0.01325403
v -0.02232591 -0.05082675 0.01286715
v -0.02124736 -0.05249428 0.01263952
v -0.02449454 -0.04655511 0.01328313
v -0.02423477 -0.04746519 0.01309215
v -0.02455741 -0.04762761 0.01266180
v -0.02529041 -0.04584908 0.01289446
v -0.02544429 -0.04591667 0.01266819
v -0.02736205 -0.04252350 0.01164611
v -0.02681415 -0.04234219 0.01290770
v 0.06193221 0.02576631 -0.01667746
v 0.06389193 0.02568165 -0.01360049
v 0.06295431 0.02572456 -0.01517183
v 0.06288723 0.02589709 -0.01512459
v 0.06472962 0.02563810 -0.01198331
v 0.06469803 0.02572592 -0.01196584
v 0.06546467 0.02559395 -0.01032292
v 0.06391473 0.02559309 -0.01361549
v 0.05928013 0.02640158 -0.01913774
v 0.06709132 0.02589122 -0.00000026
v 0.06671798 0.02602034 -0.00318365
v 0.03309812 0.02529617 0.02557629
v 0.03987196 0.02525569 0.02432052
v -0.00837415 0.03171393 0.01258642
v -0.00847841 0.03175326 0.01246868
v 0.06534213 0.02584977 -0.01026646
v 0.06458551 0.02485449 0.01250000
v 0.06453749 0.02508066 0.01248213
v 0.06456127 0.02500587 0.01249196
v 0.06402528 0.02511616 0.01346808
v 0.06477902 0.01959718 0.01280608
v 0.03996935 0.01994817 0.02447340
v 0.03986939 0.02505298 0.02447463
v -0.00599621 0.03233766 -0.01750000
v -0.00734762 0.03236136 -0.00897962
v 0.06388738 0.02535157 0.01340589
v 0.06438094 0.02537640 0.01241227
v -0.01894365 -0.05725919 -0.00000000
v -0.01831193 -0.05769676 0.00306432
v -0.01471986 -0.06015803 0.00309015
v -0.02384379 -0.04984761 0.01136112
v -0.02386063 -0.05042941 0.00898932
v -0.02497697 -0.04791062 0.01136213
v -0.00996134 -0.06073279 0.01173389
v -0.00947384 -0.06099306 0.01150064
v -0.00712216 -0.06166802 0.01175415
v -0.00450016 -0.06243033 0.01154377
v -0.01711229 -0.05689207 0.01192245
v -0.01703969 -0.05679816 0.01216698
v -0.01695406 -0.05668619 0.01240071
v -0.02027052 -0.05431178 0.01164392
v -0.01877528 -0.05579774 0.01139527
v -0.01721569 -0.05702227 0.01141380
v -0.01068402 -0.06174040 0.00621181
v -0.01277264 -0.06118694 0.00310277
v -0.00971223 -0.05761780 0.01440788
v -0.01534525 -0.05788585 0.01222126
v -0.00983403 -0.06040064 0.01240816
v -0.01817203 -0.05505137 0.01302239
v -0.00957312 -0.05971106 0.01312509
v 0.05877381 -0.03379799 0.01210916
v -0.03298005 0.00277319 0.01141054
v -0.03301141 0.00244054 0.01141155
v -0.03302602 0.00189126 0.01168047
v -0.03302869 -0.00000000 0.01194825
v -0.03291281 -0.00431582 0.01195230
v 0.02953998 0.02523340 0.02625801
v 0.02773305 0.02504295 0.02653573
v 0.06359757 0.02499910 0.01416409
v 0.06361365 0.02491700 0.01417632
v 0.06374426 0.02493396 0.01401583
v 0.04234466 -0.04579755 0.01797830
v -0.01648611 -0.00183639 -0.06635147
v -0.01989315 -0.05397541 0.01263213
v -0.02137363 -0.05259112 0.01240619
v -0.02148258 -0.05267335 0.01215894
v -0.02370520 -0.04937476 0.01241616
v -0.02357156 -0.04929937 0.01265518
v -0.02288105 -0.05118273 0.01163280
v -0.02280956 -0.05113993 0.01190000
v -0.02398284 -0.04952377 0.01163261
v -0.02157288 -0.05274000 0.01190113
v -0.02789794 -0.04115029 0.01137945
v -0.02843546 -0.03887007 0.01218774
v -0.02557897 -0.04597484 0.01242605
v -0.02721054 -0.04247672 0.01217981
v -0.02469205 -0.04769390 0.01242099
v -0.02664377 -0.04228250 0.01311839
v 0.06292459 0.02581196 -0.01515062
v 0.06475307 0.02554939 -0.01199688
v 0.06456176 0.02500283 0.01249212
v 0.06404258 0.02506147 0.01347522
v 0.06396140 0.02524605 0.01343982
v 0.03992155 0.01994026 0.02449005
v -0.01834169 -0.05776659 -0.00000000
v -0.02399041 -0.05079765 0.00601197
v -0.02259985 -0.05226493 0.00902519
v -0.00710161 -0.06175594 0.01152250
v -0.00426011 -0.06240394 0.01177249
v -0.00709395 -0.06157359 0.01198142
v -0.01881939 -0.05575667 0.01139480
v -0.01870862 -0.05564190 0.01191263
v -0.01717120 -0.05696711 0.01167030
v -0.01055653 -0.05933560 0.01313004
v -0.01544669 -0.05804282 0.01183900
v -0.01488855 -0.05716465 0.01315880
v -0.00977848 -0.06025485 0.01261107
v -0.01521661 -0.05768432 0.01257324
v -0.01685637 -0.05655743 0.01262066
v -0.03307264 -0.00000000 0.01168134
v -0.03296028 -0.00000000 0.01221326
v 0.02953580 0.02525935 0.02621549
v 0.06357523 0.02508086 0.01414628
v 0.06375577 0.02485364 0.01402271
v -0.02247376 -0.05092462 0.01264737
v -0.02440419 -0.04755097 0.01288640
v -0.02325323 -0.04911601 0.01308101
v -0.02020185 -0.05425293 0.01190531
v -0.02709966 -0.04244004 0.01243552
v -0.02569253 -0.04602274 0.01217117
v -0.02729823 -0.04250460 0.01191548
v 0.06406862 0.02497909 0.01348598
v 0.06401439 0.02513830 0.01346327
v -0.02578360 -0.04605979 0.01190702
v -0.02489838 -0.04779188 0.01190356
v -0.02496791 -0.04782259 0.01163409
v -0.02480616 -0.04774887 0.01216708
v -0.00423802 -0.06230828 0.01199462
v -0.00427679 -0.06247528 0.01154534
v -0.01960198 -0.05502781 0.01138656
v -0.01877287 -0.05570950 0.01165567
v -0.01551888 -0.05815207 0.01143416
v -0.01481339 -0.05856937 0.01144273
v -0.01164157 -0.06014476 0.01147848
v -0.01261204 -0.05922974 0.01240424
v -0.01280508 -0.05961842 0.01146567
v -0.01542235 -0.05800516 0.01193072
v -0.01528093 -0.05778509 0.01239725
v -0.01506335 -0.05744230 0.01288786
v -0.01674792 -0.05641358 0.01282420
v -0.01842498 -0.05533292 0.01262544
v -0.02260482 -0.05101020 0.01241082
v -0.02342012 -0.04921266 0.01287766
v -0.02391194 -0.04948753 0.01190132
v -0.02381912 -0.04943773 0.01216372
v -0.01547437 -0.05808472 0.01168373
v -0.01272613 -0.05946084 0.01195379
v -0.01499631 -0.05733581 0.01299177
v -0.01510012 -0.05750037 0.01281238
v -0.01830382 -0.05519851 0.01283342
v -0.02271720 -0.05108226 0.01216055
v -0.01266963 -0.05934639 0.01217688
v -0.01272673 -0.05946203 0.01195011
v -0.00988333 -0.06052971 0.01219269
v -0.00992588 -0.06064072 0.01196707
f 1 2 3
f 4 5 6
f 7 8 9
f 10 11 12
f 13 14 15
f 13 15 16
f 17 12 18
f 19 20 21
f 22 23 24
f 24 23 25
f 26 27 28
f 29 28 27
f 30 31 32
f 33 34 35
f 36 37 38
f 39 40 41
f 42 43 44
f 45 46 47
f 46 48 47
f 48 46 49
f 50 51 52
f 53 54 55
f 56 57 58
f 59 60 61
f 60 62 61
f 63 62 64
f 65 66 67
f 68 69 70
f 69 68 71
f 61 72 59
f 73 74 75
f 76 77 78
f 36 77 73
f 74 73 77
f 74 77 76
f 78 77 38
f 38 77 36
f 79 80 81
f 82 83 80
f 80 83 81
f 84 85 86
f 85 87 86
f 88 89 90
f 91 92 93
f 94 95 96
f 88 95 94
f 97 95 88
f 98 99 100
f 101 102 103
f 104 105 106
f 104 106 107
f 108 109 110
f 111 112 110
f 108 110 112
f 113 114 115
f 116 117 113
f 118 119 120
f 118 120 121
f 8 7 122
f 123 124 125
f 126 123 125
f 127 128 129
f 127 130 128
f 131 132 133
f 134 135 136
f 137 138 139
f 140 141 142
f 143 144 145
f 146 147 148
f 149 147 146
f 150 147 149
f 140 151 152
f 153 154 155
f 48 49 156
f 157 158 159
f 1 158 157
f 160 161 162
f 163 164 165
f 166 167 168
f 165 169 170
f 164 171 169
f 164 169 165
f 165 170 172
f 165 173 163
f 172 174 173
f 172 173 165
f 175 176 177
f 178 10 12
f 17 178 12
f 179 180 181
f 179 181 182
f 183 182 181
f 184 18 185
f 18 184 17
f 185 186 16
f 18 186 185
f 16 186 13
f 187 14 188
f 189 187 188
f 190 191 133
f 192 193 194
f 195 196 197
f 164 198 171
f 164 166 198
f 168 198 166
f 23 199 25
f 168 199 198
f 197 200 195
f 201 200 197
f 201 195 200
f 202 203 26
f 26 203 27
f 204 205 26
f 204 206 207
f 208 33 35
f 33 208 209
f 208 210 209
f 210 208 211
f 3 212 1
f 213 210 211
f 214 215 158
f 157 159 216
f 217 218 215
f 210 219 209
f 220 221 222
f 221 223 222
f 224 225 226
f 34 227 228
f 229 228 227
f 228 230 231
f 230 228 229
f 229 227 232
f 233 232 227
f 234 232 235
f 232 234 229
f 36 236 37
f 225 236 226
f 236 225 37
f 237 238 239
f 239 240 237
f 241 237 240
f 241 240 242
f 243 242 240
f 244 240 239
f 243 240 244
f 243 245 242
f 246 245 177
f 246 242 245
f 175 177 245
f 177 247 246
f 242 248 241
f 246 248 242
f 247 248 246
f 249 250 251
f 251 250 252
f 253 254 255
f 256 257 258
f 259 260 261
f 260 259 262
f 263 264 265
f 44 266 265
f 43 266 44
f 267 268 269
f 270 268 267
f 264 263 271
f 51 272 273
f 50 52 274
f 275 274 32
f 46 45 276
f 45 252 276
f 46 277 49
f 154 49 277
f 278 277 276
f 276 277 46
f 51 279 52
f 45 47 279
f 280 281 282
f 283 284 285
f 285 286 287
f 288 289 290
f 291 243 244
f 261 292 259
f 293 294 295
f 264 296 293
f 265 293 295
f 264 293 265
f 297 280 298
f 297 299 280
f 281 280 299
f 299 300 286
f 297 300 299
f 301 302 303
f 301 304 302
f 301 305 304
f 306 283 305
f 53 307 308
f 309 308 310
f 55 311 312
f 312 311 313
f 53 314 307
f 55 314 53
f 312 314 55
f 315 314 312
f 8 316 9
f 316 317 9
f 57 56 318
f 319 56 58
f 320 321 322
f 320 322 323
f 324 325 326
f 57 325 58
f 62 327 328
f 328 327 60
f 60 327 62
f 329 330 331
f 332 66 333
f 66 332 67
f 334 67 332
f 335 334 332
f 336 337 338
f 339 337 96
f 96 337 336
f 340 341 342
f 341 343 342
f 342 344 340
f 343 345 342
f 67 345 65
f 346 345 67
f 342 345 344
f 344 345 346
f 334 347 67
f 347 346 67
f 348 349 350
f 343 349 348
f 350 349 343
f 343 351 350
f 341 351 343
f 68 352 71
f 353 71 352
f 354 355 356
f 357 355 358
f 358 355 353
f 359 360 361
f 362 363 182
f 78 364 76
f 365 364 366
f 78 38 367
f 78 367 364
f 5 368 6
f 365 368 5
f 369 370 9
f 369 9 371
f 369 371 372
f 61 373 72
f 72 373 372
f 79 81 374
f 73 375 36
f 79 375 73
f 374 375 79
f 376 375 374
f 375 236 36
f 332 333 377
f 378 379 380
f 80 381 75
f 381 80 79
f 73 75 381
f 79 73 381
f 382 383 93
f 82 384 83
f 345 343 385
f 345 385 65
f 84 386 387
f 387 386 4
f 84 86 386
f 355 357 388
f 389 390 391
f 68 390 358
f 392 390 68
f 85 393 394
f 395 364 365
f 364 395 76
f 74 396 75
f 396 395 87
f 76 396 74
f 395 396 76
f 397 398 399
f 398 400 399
f 399 401 397
f 401 399 82
f 80 401 82
f 322 402 323
f 403 404 328
f 60 403 328
f 403 60 59
f 405 406 407
f 408 405 407
f 89 409 90
f 409 99 90
f 99 409 100
f 410 92 91
f 411 412 413
f 412 410 413
f 410 412 92
f 225 414 37
f 415 416 417
f 230 416 415
f 234 416 229
f 230 229 416
f 418 419 420
f 420 419 235
f 419 234 235
f 411 421 97
f 421 95 97
f 95 421 96
f 422 96 421
f 411 413 421
f 422 421 413
f 417 423 415
f 424 425 98
f 425 102 90
f 102 425 103
f 99 425 90
f 99 98 425
f 426 427 428
f 106 427 107
f 429 98 100
f 429 424 98
f 430 431 432
f 107 431 104
f 433 431 107
f 109 434 435
f 109 108 434
f 116 110 436
f 116 437 110
f 315 312 438
f 314 439 307
f 439 314 315
f 440 441 442
f 443 187 189
f 14 443 15
f 187 443 14
f 112 444 108
f 444 434 108
f 439 445 307
f 446 445 439
f 447 448 449
f 449 450 137
f 451 135 452
f 121 453 454
f 316 8 455
f 316 455 317
f 318 317 455
f 456 457 458
f 457 459 458
f 460 461 462
f 437 461 110
f 461 437 462
f 111 110 461
f 460 111 461
f 463 464 465
f 466 467 468
f 409 469 100
f 469 429 100
f 123 470 471
f 123 471 124
f 126 129 472
f 126 472 123
f 128 472 129
f 267 269 472
f 472 473 474
f 123 472 475
f 476 472 269
f 473 472 476
f 477 472 474
f 475 472 477
f 478 479 480
f 481 478 480
f 338 482 483
f 484 485 486
f 149 487 150
f 488 489 490
f 488 490 149
f 487 490 491
f 149 490 487
f 138 492 139
f 492 493 494
f 493 492 495
f 496 492 134
f 492 496 495
f 497 498 499
f 500 501 152
f 502 503 504
f 141 505 142
f 506 142 505
f 507 508 509
f 510 508 507
f 511 512 513
f 512 514 515
f 516 515 514
f 162 514 511
f 511 514 512
f 515 517 512
f 22 24 518
f 25 519 24
f 520 519 25
f 144 521 522
f 521 144 143
f 517 523 512
f 524 525 526
f 527 526 525
f 497 528 498
f 151 528 486
f 486 528 529
f 529 528 497
f 485 530 486
f 486 530 151
f 530 500 152
f 151 530 152
f 146 531 532
f 531 533 532
f 161 534 153
f 153 534 154
f 154 534 49
f 534 156 49
f 39 535 536
f 516 535 515
f 535 537 536
f 535 516 537
f 538 539 168
f 199 539 25
f 539 199 168
f 520 25 539
f 134 540 496
f 496 540 541
f 542 543 544
f 545 543 542
f 539 546 520
f 546 539 538
f 546 547 548
f 494 549 492
f 492 549 139
f 538 168 550
f 167 550 168
f 167 495 550
f 298 551 297
f 552 173 174
f 176 175 553
f 554 555 22
f 169 556 170
f 169 171 556
f 557 556 171
f 558 11 10
f 558 559 11
f 64 560 63
f 561 560 64
f 360 359 562
f 181 563 183
f 564 565 566
f 567 565 568
f 568 565 564
f 184 569 17
f 569 178 17
f 570 569 571
f 191 572 133
f 573 574 190
f 574 191 190
f 192 575 190
f 194 575 192
f 190 575 573
f 19 576 20
f 198 577 171
f 171 577 557
f 23 577 199
f 199 577 198
f 578 579 20
f 20 580 578
f 576 580 20
f 581 195 582
f 201 582 195
f 542 583 545
f 542 544 583
f 533 584 532
f 533 585 584
f 586 587 145
f 205 587 586
f 588 589 207
f 207 589 204
f 584 589 532
f 586 145 590
f 591 592 593
f 594 205 586
f 594 202 26
f 205 594 26
f 30 595 596
f 595 30 32
f 279 595 52
f 274 595 32
f 274 52 595
f 48 597 47
f 597 596 47
f 228 231 598
f 228 598 34
f 34 598 35
f 599 35 598
f 599 600 35
f 600 208 35
f 600 31 211
f 208 600 211
f 601 602 275
f 50 602 603
f 275 602 274
f 274 602 50
f 601 275 604
f 601 604 605
f 33 606 34
f 607 233 606
f 227 606 233
f 34 606 227
f 33 209 608
f 608 606 33
f 606 608 607
f 156 609 48
f 609 597 48
f 597 609 212
f 610 609 156
f 213 211 611
f 31 611 211
f 611 31 30
f 612 212 3
f 213 612 3
f 613 215 214
f 614 615 616
f 617 614 616
f 618 614 617
f 614 619 615
f 620 617 621
f 620 618 617
f 215 622 217
f 216 623 157
f 623 216 2
f 1 157 623
f 1 623 2
f 624 625 216
f 213 625 210
f 213 3 625
f 2 625 3
f 216 625 2
f 626 216 159
f 158 626 159
f 215 626 158
f 218 626 215
f 617 627 621
f 628 624 616
f 624 628 219
f 615 628 616
f 629 630 631
f 101 103 630
f 101 630 629
f 632 633 634
f 633 635 634
f 635 419 418
f 224 226 636
f 222 636 226
f 223 636 222
f 239 637 244
f 637 256 258
f 638 247 177
f 176 638 177
f 639 638 176
f 640 641 642
f 241 643 644
f 248 643 241
f 645 643 248
f 646 647 648
f 649 647 646
f 650 42 44
f 649 650 44
f 251 651 249
f 651 652 249
f 652 651 653
f 249 654 250
f 278 655 656
f 276 655 278
f 254 657 658
f 254 658 255
f 656 659 278
f 660 659 661
f 254 662 657
f 663 662 254
f 664 665 666
f 666 665 42
f 665 43 42
f 665 667 43
f 43 263 668
f 668 266 43
f 265 668 263
f 266 668 265
f 128 130 669
f 669 472 128
f 472 669 267
f 466 670 467
f 426 272 671
f 671 672 426
f 673 50 603
f 672 674 426
f 427 674 107
f 426 674 427
f 433 107 674
f 426 675 272
f 676 675 426
f 277 677 154
f 154 677 155
f 677 277 278
f 678 273 45
f 279 678 45
f 273 678 51
f 279 51 678
f 279 47 679
f 595 279 679
f 680 681 682
f 260 262 681
f 683 681 262
f 260 681 684
f 281 685 282
f 447 449 685
f 282 685 686
f 306 687 283
f 687 284 283
f 284 687 306
f 688 689 690
f 289 691 692
f 288 691 289
f 693 694 695
f 303 696 697
f 637 258 698
f 698 291 244
f 637 698 244
f 292 699 259
f 294 699 292
f 293 699 294
f 293 296 700
f 298 280 701
f 282 701 280
f 686 701 282
f 692 702 301
f 301 702 305
f 305 702 306
f 691 702 692
f 305 283 703
f 285 703 283
f 287 703 285
f 287 286 703
f 300 703 286
f 704 705 706
f 405 707 708
f 408 707 405
f 309 709 710
f 309 710 308
f 711 710 709
f 308 710 53
f 53 710 711
f 53 712 54
f 711 712 53
f 311 713 313
f 713 714 715
f 319 716 717
f 405 708 718
f 405 718 719
f 720 718 708
f 721 718 720
f 722 319 717
f 322 722 717
f 325 723 58
f 723 325 324
f 723 324 407
f 406 723 407
f 714 724 119
f 725 724 325
f 325 724 326
f 119 118 726
f 726 714 119
f 714 726 715
f 715 727 713
f 713 727 313
f 404 728 328
f 320 323 729
f 729 403 320
f 730 369 372
f 731 730 372
f 731 732 730
f 731 733 732
f 733 373 61
f 731 372 733
f 373 733 372
f 62 734 61
f 62 328 735
f 64 62 735
f 728 735 328
f 736 735 728
f 737 738 739
f 740 737 739
f 350 741 348
f 422 741 350
f 742 348 741
f 413 741 422
f 410 741 413
f 410 742 741
f 743 744 745
f 344 746 747
f 347 746 346
f 746 344 346
f 351 748 482
f 392 749 750
f 750 389 391
f 389 750 751
f 353 752 358
f 352 752 353
f 68 358 752
f 68 752 352
f 355 753 353
f 753 355 354
f 353 753 71
f 754 360 69
f 71 754 69
f 360 754 361
f 183 755 182
f 362 182 755
f 363 362 756
f 757 758 759
f 760 759 363
f 757 759 760
f 192 759 193
f 758 193 759
f 564 568 568
f 564 354 568
f 354 356 568
f 566 566 564
f 564 566 354
f 354 566 753
f 753 566 71
f 754 71 566
f 754 566 361
f 359 566 566
f 361 566 359
f 366 761 365
f 365 761 368
f 7 9 762
f 370 762 9
f 375 376 763
f 375 763 236
f 220 763 376
f 222 763 220
f 226 763 222
f 236 763 226
f 379 764 380
f 377 333 764
f 379 765 766
f 400 767 768
f 398 767 400
f 399 769 82
f 400 769 399
f 82 769 384
f 93 770 91
f 383 770 93
f 384 771 772
f 772 383 382
f 773 772 382
f 384 772 83
f 772 773 83
f 220 774 382
f 382 774 773
f 220 376 774
f 374 774 376
f 374 81 774
f 83 774 81
f 773 774 83
f 775 776 65
f 65 776 66
f 66 776 333
f 776 777 333
f 385 778 65
f 778 775 65
f 384 779 771
f 769 779 384
f 780 781 782
f 766 783 784
f 781 783 766
f 781 780 783
f 785 780 782
f 386 786 4
f 4 786 5
f 87 786 86
f 386 86 786
f 395 786 87
f 5 786 365
f 786 395 365
f 787 387 4
f 388 787 4
f 390 787 358
f 787 357 358
f 787 388 357
f 355 788 356
f 388 788 355
f 568 356 788
f 389 789 390
f 387 789 84
f 787 789 387
f 787 390 789
f 84 789 790
f 393 791 394
f 85 84 792
f 85 792 393
f 793 792 794
f 790 792 84
f 790 794 792
f 393 795 791
f 791 796 394
f 791 397 796
f 797 798 799
f 799 798 717
f 800 798 797
f 402 798 800
f 322 717 798
f 402 322 798
f 403 59 801
f 403 801 320
f 320 801 321
f 802 88 94
f 89 88 803
f 409 89 803
f 802 803 88
f 804 805 803
f 802 804 803
f 91 806 410
f 410 806 742
f 770 806 91
f 807 412 411
f 807 808 809
f 92 807 809
f 412 807 92
f 810 416 234
f 419 810 234
f 416 810 417
f 635 810 419
f 633 417 810
f 635 633 810
f 425 811 103
f 811 425 424
f 424 432 811
f 431 812 104
f 813 814 815
f 813 689 816
f 817 818 819
f 820 821 822
f 823 824 825
f 823 826 824
f 818 826 819
f 824 826 818
f 436 827 116
f 116 827 435
f 435 827 109
f 109 827 110
f 436 110 827
f 437 828 462
f 820 828 821
f 463 829 464
f 439 830 446
f 439 315 830
f 831 440 832
f 445 833 307
f 833 834 310
f 115 835 836
f 114 835 115
f 113 835 114
f 434 837 435
f 838 839 840
f 841 842 840
f 842 838 840
f 843 842 841
f 842 843 838
f 844 845 846
f 843 841 847
f 448 848 449
f 449 848 450
f 849 850 447
f 447 850 448
f 851 848 852
f 848 851 450
f 138 853 854
f 853 138 137
f 450 853 137
f 855 856 451
f 135 857 136
f 451 857 135
f 136 857 856
f 856 857 451
f 858 859 19
f 860 861 862
f 458 863 864
f 458 864 456
f 457 865 459
f 456 865 457
f 16 866 185
f 865 867 459
f 453 868 454
f 869 868 867
f 867 868 453
f 455 870 318
f 318 870 57
f 325 870 725
f 325 57 870
f 119 871 120
f 458 120 871
f 724 725 871
f 724 871 119
f 870 871 725
f 871 870 455
f 455 8 872
f 458 872 8
f 872 871 455
f 871 872 458
f 863 873 874
f 458 873 863
f 8 873 458
f 122 873 8
f 874 873 122
f 875 876 877
f 878 879 880
f 881 879 882
f 883 884 885
f 886 878 880
f 887 888 889
f 890 891 817
f 465 891 889
f 477 892 475
f 893 892 477
f 894 476 895
f 894 896 476
f 468 467 897
f 898 897 467
f 899 897 898
f 900 897 899
f 429 901 424
f 424 901 432
f 430 432 901
f 476 902 473
f 896 902 476
f 903 904 905
f 906 907 908
f 907 909 908
f 909 907 910
f 123 911 470
f 912 911 123
f 913 914 915
f 916 917 918
f 845 916 846
f 846 916 915
f 919 920 921
f 744 922 745
f 923 924 925
f 912 925 924
f 912 123 925
f 919 921 926
f 925 927 923
f 927 928 929
f 923 930 924
f 481 931 478
f 932 478 931
f 481 933 931
f 933 934 935
f 935 934 923
f 930 934 936
f 923 934 930
f 935 923 937
f 926 938 929
f 939 940 747
f 939 479 940
f 941 344 747
f 344 941 340
f 940 941 747
f 940 942 941
f 340 941 341
f 339 943 337
f 96 943 339
f 351 943 350
f 482 943 351
f 422 943 96
f 350 943 422
f 337 944 338
f 943 944 337
f 908 945 946
f 946 945 947
f 947 948 949
f 330 950 331
f 949 951 947
f 952 953 954
f 915 955 846
f 956 957 958
f 959 956 958
f 960 961 962
f 530 485 963
f 964 963 485
f 500 963 965
f 530 963 500
f 484 132 966
f 484 966 485
f 485 966 964
f 484 967 132
f 487 968 150
f 968 969 150
f 969 968 970
f 138 854 971
f 971 492 138
f 492 971 134
f 135 971 854
f 135 134 971
f 614 972 973
f 972 614 618
f 498 974 506
f 528 974 498
f 151 974 528
f 974 151 140
f 142 974 140
f 506 974 142
f 969 975 150
f 147 975 148
f 150 975 147
f 970 976 969
f 976 505 977
f 505 976 506
f 978 979 980
f 980 981 978
f 978 141 982
f 141 140 982
f 140 152 982
f 501 982 152
f 983 984 985
f 503 986 987
f 505 986 977
f 141 988 505
f 989 990 991
f 41 992 507
f 507 992 510
f 40 992 41
f 993 992 40
f 994 993 40
f 238 993 994
f 995 996 997
f 508 998 509
f 999 998 508
f 1000 998 1001
f 998 999 1001
f 160 1002 1003
f 1003 1002 1004
f 160 162 1002
f 511 1002 162
f 1005 1002 511
f 507 1006 41
f 517 1006 1007
f 507 509 1006
f 1008 1006 509
f 1009 1010 519
f 1010 518 24
f 519 1010 24
f 1011 1012 1009
f 1010 1012 1013
f 1009 1012 1010
f 1014 1015 1016
f 991 1017 989
f 989 1017 1018
f 1019 1020 522
f 521 1019 522
f 1019 521 1021
f 1022 1019 1021
f 517 1007 1023
f 1023 523 517
f 512 1024 513
f 523 1024 512
f 524 1025 525
f 1026 1025 524
f 148 1027 146
f 531 146 1027
f 537 1028 1029
f 1028 153 155
f 1029 1028 155
f 537 516 1028
f 527 1030 526
f 1030 1031 526
f 978 1032 141
f 1032 988 141
f 981 1032 978
f 981 1033 1032
f 1034 1035 987
f 1036 526 1037
f 1031 1037 526
f 610 1038 214
f 160 1003 1038
f 613 1038 1003
f 214 1038 613
f 610 214 1039
f 1 1039 158
f 158 1039 214
f 609 610 1039
f 212 1039 1
f 609 1039 212
f 160 1040 161
f 534 161 1040
f 1038 1040 160
f 1040 1038 610
f 534 1040 156
f 610 156 1040
f 134 136 1041
f 1041 540 134
f 543 1042 544
f 544 1042 1043
f 1043 1042 541
f 545 1044 543
f 543 1044 547
f 543 547 1045
f 546 1045 547
f 1042 543 1045
f 1045 546 538
f 1042 1045 538
f 1046 549 494
f 550 1047 538
f 538 1047 1042
f 1042 1047 541
f 1048 300 297
f 551 1048 297
f 174 1049 1050
f 1051 1049 174
f 1052 1049 1051
f 1049 1052 1050
f 551 298 1052
f 302 1053 303
f 303 1053 696
f 1052 1054 1050
f 1054 174 1050
f 174 1054 552
f 1055 701 1056
f 701 1055 298
f 1052 298 1055
f 1054 1052 1055
f 176 1057 639
f 639 1057 1058
f 1058 1057 696
f 1058 1059 639
f 518 1060 22
f 1060 554 22
f 518 1061 1060
f 554 1060 645
f 555 1062 22
f 22 1062 23
f 23 1062 577
f 1063 1064 1065
f 1066 1063 1065
f 11 1066 1065
f 559 1066 11
f 1063 1066 1067
f 736 1068 1069
f 360 1069 1068
f 736 1069 64
f 562 64 1069
f 183 1070 755
f 183 1071 1072
f 563 1071 183
f 565 1073 566
f 14 1074 188
f 1075 1076 188
f 204 1077 206
f 26 1077 204
f 28 1077 26
f 443 1078 1079
f 443 1080 15
f 1081 131 133
f 572 1081 133
f 19 1082 576
f 1082 580 576
f 1044 1083 547
f 1044 545 1083
f 580 1084 578
f 579 1085 20
f 1084 581 1086
f 1084 1086 578
f 1086 581 1087
f 582 1087 581
f 1088 583 544
f 583 1088 856
f 856 1088 136
f 1041 136 1088
f 1089 1090 205
f 589 588 1091
f 204 1092 205
f 589 1092 204
f 589 584 1092
f 1093 205 1092
f 584 585 1092
f 1093 1092 585
f 489 1094 1091
f 1091 1094 589
f 589 1095 532
f 1095 589 488
f 149 1095 488
f 146 532 1095
f 146 1095 149
f 144 1096 145
f 590 145 1096
f 144 522 1096
f 594 1097 591
f 594 1098 1097
f 593 1099 1100
f 592 1099 593
f 600 599 1101
f 604 275 1101
f 604 1101 599
f 32 1101 275
f 31 1101 32
f 600 1101 31
f 604 1102 605
f 1102 598 231
f 598 1102 599
f 599 1102 604
f 611 1103 213
f 612 213 1103
f 612 1103 212
f 212 1103 597
f 1103 611 30
f 1104 1105 1106
f 613 1105 1104
f 1107 1105 1003
f 1003 1105 613
f 613 1108 215
f 1108 613 1104
f 1106 1108 1104
f 620 1109 618
f 219 1110 624
f 1110 625 624
f 219 210 1110
f 625 1110 210
f 616 1111 617
f 627 617 1111
f 624 1111 616
f 216 1111 624
f 1112 628 615
f 628 1112 219
f 629 631 1113
f 631 603 1113
f 629 1113 101
f 602 1113 603
f 1113 602 601
f 632 1114 633
f 808 1114 809
f 635 1115 634
f 223 634 1115
f 1116 1115 418
f 635 418 1115
f 223 1115 636
f 636 1115 1116
f 221 1117 223
f 223 1117 634
f 634 1117 632
f 1118 632 1117
f 92 1119 93
f 809 1119 92
f 1118 1119 632
f 1114 1119 809
f 632 1119 1114
f 605 1120 1121
f 1102 1120 605
f 231 1120 1102
f 1122 1123 1061
f 518 1122 1061
f 1010 1013 1122
f 1010 1122 518
f 1060 1124 645
f 1060 1061 1124
f 1124 643 645
f 643 1124 644
f 657 1125 1126
f 1125 257 256
f 662 1125 657
f 1125 662 257
f 1127 1125 256
f 1125 1127 1126
f 1126 1128 657
f 658 657 1128
f 658 1128 1029
f 1029 1128 537
f 537 1128 536
f 1126 536 1128
f 638 1129 247
f 641 1130 555
f 641 640 1130
f 1130 1062 555
f 1131 646 648
f 646 1131 661
f 1131 660 661
f 666 42 1132
f 650 1132 42
f 652 1132 249
f 1132 654 249
f 654 1132 650
f 666 1132 664
f 652 664 1132
f 646 1133 649
f 650 649 1133
f 654 650 1133
f 661 1133 646
f 1134 653 1135
f 427 1135 428
f 427 106 1135
f 1134 1135 106
f 1136 1137 428
f 676 1137 1136
f 426 428 1137
f 676 426 1137
f 251 1138 651
f 1136 1138 251
f 1136 428 1138
f 1135 1138 428
f 651 1138 653
f 1135 653 1138
f 653 1139 1140
f 652 653 1140
f 664 1140 1139
f 652 1140 664
f 1141 106 105
f 1142 1141 1139
f 654 1143 250
f 659 1143 661
f 661 1143 1133
f 1133 1143 654
f 656 1143 659
f 655 1143 656
f 1143 655 250
f 250 1144 252
f 655 1144 250
f 276 252 1144
f 1144 655 276
f 253 1145 254
f 1145 663 254
f 1131 1145 253
f 663 1145 1131
f 1146 1147 1148
f 1148 1147 648
f 1147 1131 648
f 1131 1147 663
f 255 1149 253
f 660 1149 255
f 253 1149 1131
f 1131 1149 660
f 660 255 1150
f 677 278 1150
f 659 1150 278
f 660 1150 659
f 662 663 1151
f 1147 1151 663
f 288 290 1152
f 292 261 1153
f 662 1154 257
f 294 1155 295
f 1155 1156 295
f 265 295 1157
f 1156 1157 295
f 265 1157 44
f 647 1157 1156
f 649 44 1157
f 1157 647 649
f 1148 1158 1159
f 1156 1158 647
f 647 1158 648
f 1148 648 1158
f 664 1139 1160
f 665 1160 1139
f 1160 665 664
f 1161 268 270
f 1161 670 466
f 1162 1161 466
f 1161 1162 268
f 898 1163 682
f 670 1163 467
f 467 1163 898
f 1164 1165 1166
f 1167 1165 1168
f 1168 1165 1164
f 1166 1169 1170
f 1171 1166 1170
f 1166 1171 1164
f 1172 1167 1173
f 1168 1173 1167
f 1172 1173 667
f 1174 1168 1164
f 1175 683 1176
f 1176 700 296
f 700 1176 683
f 264 1176 296
f 271 1176 264
f 898 1177 899
f 899 1177 1175
f 1175 1177 683
f 898 682 1177
f 681 1177 682
f 1177 681 683
f 1176 271 1178
f 1176 1178 1175
f 673 1179 50
f 1179 51 50
f 671 1179 672
f 673 672 1179
f 51 1179 272
f 671 272 1179
f 673 1180 672
f 674 1180 433
f 1180 674 672
f 630 433 1180
f 630 1180 631
f 631 1180 603
f 603 1180 673
f 1181 273 272
f 675 1181 272
f 1136 251 1182
f 1136 1182 676
f 251 252 1182
f 45 1182 252
f 273 1182 45
f 658 1183 255
f 1150 255 1183
f 1150 1183 677
f 677 1183 155
f 1029 155 1183
f 658 1029 1183
f 596 1184 47
f 679 47 1184
f 595 1184 596
f 679 1184 595
f 693 1185 694
f 680 1185 681
f 684 1185 693
f 681 1185 684
f 447 1186 849
f 690 1186 447
f 690 849 1186
f 685 1187 686
f 685 449 1187
f 285 1188 286
f 1188 299 286
f 685 1189 447
f 447 1189 1190
f 1189 685 281
f 1190 1189 281
f 1191 1163 670
f 1191 1192 1193
f 690 1194 849
f 689 1194 690
f 888 1195 1196
f 1197 1198 1199
f 1200 1201 691
f 702 1201 306
f 1201 702 691
f 691 1202 1200
f 695 1200 1202
f 288 1202 691
f 261 1203 695
f 695 1203 693
f 693 1203 684
f 260 1203 261
f 260 684 1203
f 284 306 1204
f 1205 284 1204
f 1201 1204 306
f 1204 1201 1205
f 695 694 1206
f 695 1206 1200
f 289 1207 290
f 1207 697 1208
f 697 1209 303
f 289 692 1209
f 1207 289 1209
f 1207 1209 697
f 301 1209 692
f 301 303 1209
f 1207 1210 290
f 1208 1210 1207
f 1208 1211 1210
f 698 258 1212
f 700 683 1213
f 700 1213 699
f 699 1213 259
f 259 1213 262
f 683 262 1213
f 699 293 1214
f 700 1214 293
f 1214 700 699
f 957 1215 958
f 1215 957 721
f 1216 1217 1218
f 1219 959 958
f 705 1220 706
f 1221 1220 705
f 720 708 1220
f 707 1220 708
f 407 1222 408
f 1223 408 1222
f 55 54 1222
f 1223 1222 54
f 324 1224 1222
f 324 1222 407
f 311 1222 1224
f 311 55 1222
f 711 1225 712
f 709 1225 711
f 54 1226 1223
f 712 1226 54
f 1220 1226 706
f 1226 1220 707
f 1226 707 408
f 1223 1226 408
f 713 1227 714
f 724 1227 326
f 1227 724 714
f 324 1227 1224
f 326 1227 324
f 1224 1227 311
f 1227 713 311
f 318 56 1228
f 1228 1229 318
f 1229 1228 321
f 322 321 1228
f 722 322 1228
f 319 1228 56
f 722 1228 319
f 318 1230 317
f 1229 1230 318
f 317 1230 9
f 719 1231 405
f 405 1231 406
f 723 1231 58
f 1231 723 406
f 1231 319 58
f 319 1231 716
f 1232 799 717
f 716 1232 717
f 718 1232 719
f 1231 719 1232
f 1231 1232 716
f 726 1233 715
f 727 715 1233
f 727 1233 1234
f 727 1235 313
f 728 1236 1237
f 729 323 1238
f 1239 1240 732
f 558 1241 559
f 1241 558 10
f 1242 1243 1241
f 61 1244 733
f 64 1245 736
f 735 1245 64
f 736 1245 735
f 335 1246 334
f 1247 1246 335
f 1248 1249 1250
f 1251 1249 1248
f 1252 1253 1249
f 336 338 1254
f 804 1254 338
f 96 1254 94
f 336 1254 96
f 94 1254 802
f 802 1254 804
f 68 70 1255
f 1256 68 1255
f 749 1255 70
f 1256 1255 749
f 392 68 1257
f 1256 1257 68
f 392 1257 749
f 1257 1256 749
f 1258 750 391
f 750 1258 392
f 390 1258 391
f 390 392 1258
f 1259 750 749
f 750 1259 751
f 1260 1259 749
f 751 1259 1260
f 1261 1262 1263
f 1260 1262 1264
f 1265 1266 749
f 1260 749 1266
f 1262 1266 1263
f 1266 1262 1260
f 1267 360 1068
f 1268 1267 1068
f 360 1267 69
f 749 70 1269
f 1265 749 1269
f 69 1269 70
f 363 1270 760
f 756 1270 363
f 757 1271 758
f 1272 1271 757
f 758 1271 193
f 760 1273 757
f 1273 1272 757
f 755 1274 362
f 362 1274 1275
f 1276 6 1277
f 1276 1277 1278
f 761 1279 368
f 1279 761 366
f 122 7 1280
f 122 1280 1281
f 762 1280 7
f 370 1280 762
f 369 1280 370
f 1281 1280 369
f 571 1282 1281
f 874 122 1282
f 1281 1282 122
f 874 1282 863
f 570 1283 1242
f 1242 1283 1243
f 1283 1240 1243
f 1242 1284 570
f 178 1284 10
f 569 1284 178
f 569 570 1284
f 784 1285 1286
f 1286 1285 739
f 1286 739 1287
f 738 1287 739
f 377 1287 332
f 1286 1287 377
f 738 1247 1287
f 332 1287 335
f 1247 335 1287
f 764 1288 377
f 1286 1288 784
f 377 1288 1286
f 764 379 1288
f 784 1288 766
f 379 766 1288
f 767 398 1289
f 767 1289 764
f 764 1290 767
f 777 1290 333
f 1290 764 333
f 400 768 1291
f 769 400 1291
f 779 769 1291
f 770 383 1292
f 770 1292 1293
f 1293 1292 771
f 772 771 1292
f 772 1292 383
f 1294 780 1295
f 1294 783 780
f 1264 1295 1296
f 780 1296 1295
f 1297 789 389
f 789 1297 790
f 785 782 1298
f 393 1299 795
f 792 1299 393
f 1298 782 1299
f 781 1299 782
f 795 1299 781
f 781 766 1300
f 795 781 1300
f 795 1301 791
f 1300 1301 795
f 1300 766 1301
f 796 1302 394
f 87 1302 396
f 85 394 1302
f 87 85 1302
f 396 1302 75
f 75 1302 796
f 401 1303 397
f 796 397 1303
f 796 1303 75
f 80 75 1303
f 1303 401 80
f 1304 1305 1251
f 1306 1307 1308
f 952 954 1309
f 961 1309 962
f 409 1310 469
f 803 1310 409
f 469 1310 743
f 803 805 1310
f 744 743 1310
f 744 1310 805
f 1311 742 1312
f 1311 1312 1293
f 806 1312 742
f 1312 770 1293
f 770 1312 806
f 1311 1313 385
f 778 385 1313
f 778 1313 775
f 1293 1313 1311
f 742 1314 348
f 1311 1314 742
f 343 348 1314
f 385 343 1314
f 385 1314 1311
f 807 1315 808
f 411 97 1315
f 1315 807 411
f 630 1316 433
f 811 432 1316
f 1316 630 103
f 811 1316 103
f 431 1316 432
f 431 433 1316
f 1317 1318 430
f 1318 431 430
f 1318 1317 105
f 431 1318 812
f 104 1318 105
f 812 1318 104
f 814 1319 815
f 890 1320 891
f 889 1320 887
f 891 1320 889
f 1321 1322 890
f 890 1322 1320
f 1322 1323 1324
f 1320 1322 1324
f 1322 1321 1325
f 1322 1325 1323
f 1326 1327 814
f 1323 1327 1324
f 1328 1329 816
f 1329 1326 816
f 1326 1330 816
f 1326 814 1330
f 816 1330 813
f 813 1330 814
f 817 819 1331
f 1331 1332 1321
f 1331 1321 890
f 817 1331 890
f 115 1333 113
f 116 1334 437
f 828 437 1334
f 1334 116 113
f 828 1334 821
f 1333 1334 113
f 1333 821 1334
f 1335 1336 1337
f 1338 1335 1337
f 1339 1338 1337
f 438 1340 315
f 830 315 1340
f 313 1341 312
f 438 1341 1340
f 832 1342 831
f 1343 1344 1345
f 1346 1344 1343
f 876 1347 877
f 1347 876 441
f 442 1348 440
f 440 1348 1349
f 1349 1348 442
f 1350 1351 443
f 1352 1353 111
f 881 882 1354
f 881 1354 444
f 308 1355 310
f 1355 833 310
f 308 307 1355
f 833 1355 307
f 117 1356 113
f 113 1356 835
f 835 1356 836
f 444 1357 434
f 837 309 1358
f 837 1358 834
f 1359 1360 1361
f 1362 1361 1360
f 1359 1361 1363
f 903 1364 904
f 1365 1366 903
f 903 1366 1364
f 1367 1368 843
f 959 1369 1370
f 844 1371 841
f 847 841 1371
f 1372 854 1373
f 1374 1375 1376
f 1377 592 1378
f 592 1377 1099
f 859 1377 1378
f 1377 860 1379
f 1380 865 456
f 864 1380 456
f 865 1381 1382
f 1380 1381 865
f 1282 1381 863
f 864 863 1381
f 1380 864 1381
f 866 1383 185
f 16 1384 866
f 1385 1386 1382
f 1386 1387 1382
f 453 120 867
f 121 120 120
f 453 121 120
f 867 120 459
f 458 120 120
f 120 458 459
f 868 1388 454
f 1233 1389 1390
f 1391 1390 1389
f 442 441 1392
f 1393 876 875
f 1394 1393 875
f 1339 1395 460
f 1339 1352 1395
f 460 1395 111
f 1352 111 1395
f 1396 1397 1339
f 1353 1397 1396
f 889 1398 465
f 1399 1400 1401
f 1402 1403 1217
f 1403 1368 1217
f 1404 1403 878
f 705 704 1405
f 1402 1405 704
f 1402 1217 1405
f 705 1405 1221
f 1216 1405 1217
f 904 885 1406
f 884 1406 885
f 905 1406 130
f 905 904 1406
f 669 130 1406
f 1407 884 883
f 1408 1407 883
f 1407 1406 884
f 1408 267 1407
f 1337 1409 1339
f 1339 1409 1396
f 1336 1409 1337
f 1410 1411 1412
f 1410 1412 1413
f 1414 1415 1416
f 1413 1416 1415
f 1417 1415 1414
f 886 880 1418
f 886 1418 1419
f 886 1419 1420
f 1404 878 1420
f 886 1420 878
f 1353 1396 1421
f 1353 1421 881
f 1421 1422 880
f 879 1421 880
f 879 881 1421
f 1423 895 476
f 895 1423 1162
f 476 269 1423
f 268 1423 269
f 1162 1423 268
f 895 1162 1424
f 466 1424 1162
f 468 1424 466
f 895 1424 894
f 1171 1170 1425
f 1426 1427 1425
f 1171 1425 1427
f 1426 1428 1429
f 1426 1430 1427
f 1427 1430 900
f 1430 897 900
f 897 1430 468
f 902 1431 473
f 473 1431 474
f 1431 477 474
f 1431 893 477
f 1432 469 743
f 893 1433 892
f 1431 1434 893
f 1434 1431 902
f 126 1435 129
f 844 1436 845
f 1436 844 841
f 1436 916 845
f 916 1436 917
f 841 840 1436
f 127 1437 130
f 130 1437 905
f 1438 1437 127
f 905 1437 903
f 1437 1439 903
f 918 1437 1438
f 1439 1437 918
f 903 1440 1365
f 1439 1440 903
f 839 1440 840
f 839 1365 1440
f 1436 840 1440
f 1436 1440 917
f 917 1440 918
f 918 1440 1439
f 1441 907 906
f 912 1441 911
f 471 470 1442
f 911 1442 470
f 471 1442 124
f 1433 1443 892
f 483 1444 338
f 920 1444 483
f 804 338 1444
f 804 1444 805
f 920 919 1445
f 922 1445 919
f 1444 920 1445
f 1445 922 744
f 805 1445 744
f 1444 1445 805
f 892 1446 475
f 1443 1446 892
f 929 1447 926
f 928 1447 929
f 926 1447 919
f 1447 922 919
f 927 1448 928
f 475 1448 123
f 925 123 1448
f 927 925 1448
f 1446 1448 475
f 928 1448 1446
f 930 1449 924
f 1449 912 924
f 1449 1441 912
f 907 1449 910
f 1441 1449 907
f 931 1450 932
f 938 1450 1451
f 931 933 1452
f 935 1452 933
f 1450 1452 1451
f 1452 1450 931
f 929 1453 927
f 938 1453 929
f 927 1453 923
f 938 1451 1453
f 937 1453 1451
f 937 923 1453
f 932 1454 1455
f 938 926 1454
f 1450 1454 932
f 938 1454 1450
f 1455 1454 921
f 926 921 1454
f 942 1456 1455
f 940 1456 942
f 1455 1456 932
f 1456 940 479
f 1456 479 478
f 932 1456 478
f 921 1457 1455
f 942 1455 1457
f 920 1457 921
f 483 1457 920
f 1458 943 482
f 482 338 1458
f 947 1459 946
f 951 1459 947
f 1459 1460 946
f 1460 1459 951
f 953 1461 954
f 954 1461 1462
f 1462 1461 1463
f 1461 951 1463
f 1464 1465 946
f 1464 906 1465
f 1465 908 946
f 908 1465 906
f 1460 1466 946
f 946 1466 1464
f 955 1464 1466
f 1464 914 1467
f 1464 1467 906
f 1464 1468 914
f 955 1468 1464
f 915 914 1468
f 955 915 1468
f 1469 960 962
f 956 1469 962
f 956 959 1469
f 1470 1471 1472
f 1473 1474 1475
f 1476 1473 1475
f 574 573 1473
f 574 1473 191
f 1473 1476 191
f 1477 1470 1472
f 132 131 1478
f 1479 1478 131
f 964 1478 1479
f 967 1480 491
f 491 1480 1481
f 1480 499 1481
f 499 1480 497
f 499 498 1482
f 968 499 1482
f 968 1482 970
f 506 1482 498
f 1482 976 970
f 976 1482 506
f 968 487 1483
f 491 1481 1483
f 487 491 1483
f 499 1483 1481
f 968 1483 499
f 1484 1485 501
f 501 500 1486
f 965 1486 500
f 981 1487 1033
f 1488 1487 1489
f 1490 502 504
f 1491 1492 983
f 1492 984 983
f 1022 1021 1492
f 984 1492 1021
f 1493 986 503
f 502 1493 503
f 1027 148 1493
f 1027 1493 502
f 505 1494 986
f 988 1494 505
f 986 1494 987
f 1034 987 1494
f 1495 1494 988
f 992 1496 510
f 993 1496 992
f 1006 1497 1007
f 1497 1006 1498
f 1498 1499 1497
f 1497 1499 1007
f 1500 995 1501
f 997 1501 995
f 996 1502 1491
f 1503 1008 509
f 1499 1498 1503
f 996 1491 1504
f 996 1504 997
f 983 1504 1491
f 997 1504 983
f 1505 1026 524
f 1036 1505 526
f 524 526 1505
f 1506 1107 1003
f 1004 1506 1003
f 511 513 1507
f 1507 1005 511
f 1005 1508 1509
f 1508 1004 1509
f 1002 1510 1004
f 1510 1002 1005
f 1004 1510 1509
f 1005 1509 1510
f 1006 1511 1498
f 1511 1006 1008
f 1503 1498 1511
f 1503 1511 1008
f 1006 1512 41
f 535 1512 515
f 517 515 1512
f 517 1512 1006
f 39 41 1512
f 535 39 1512
f 1513 1514 1016
f 1014 1515 1516
f 592 1517 1378
f 1097 1098 1517
f 1517 592 591
f 1097 1517 591
f 859 1378 1518
f 1517 1518 1378
f 1519 1520 1521
f 1518 1520 859
f 859 1520 19
f 1519 19 1520
f 1522 1521 1520
f 1520 1518 1522
f 1001 1523 1524
f 999 1523 1001
f 1525 1523 999
f 1526 508 510
f 999 1526 1525
f 508 1526 999
f 991 1527 1017
f 1528 1015 1529
f 1530 1529 1022
f 1019 1022 1529
f 1015 1020 1529
f 1019 1529 1020
f 1024 1531 513
f 1507 513 1531
f 523 1532 1531
f 1024 523 1531
f 1507 1531 1005
f 1028 516 1533
f 514 1533 516
f 161 153 1533
f 1028 1533 153
f 161 1533 162
f 162 1533 514
f 988 1534 1495
f 1535 1536 987
f 1035 1535 987
f 1537 1538 1539
f 519 520 1540
f 519 1540 1009
f 164 1541 166
f 1046 166 1541
f 1541 164 163
f 1542 1541 163
f 166 1543 167
f 1046 1543 166
f 1046 494 1543
f 493 1543 494
f 495 1543 493
f 167 1543 495
f 1544 1047 550
f 541 1544 496
f 1047 1544 541
f 305 1545 304
f 1048 304 1545
f 703 1545 305
f 703 300 1545
f 1048 1545 300
f 1048 551 1546
f 1052 1546 551
f 1547 1546 1051
f 1052 1051 1546
f 1054 1548 552
f 1055 1548 1054
f 552 1549 1550
f 163 1551 1542
f 1550 1542 1551
f 1550 1551 552
f 173 1551 163
f 552 1551 173
f 553 1552 176
f 172 1553 174
f 174 1553 1051
f 577 1554 557
f 1062 1554 577
f 1130 1554 1062
f 557 1554 640
f 1554 1130 640
f 1064 1555 179
f 179 1555 180
f 1555 1556 180
f 1066 1557 1067
f 1557 1066 559
f 1241 1557 559
f 1241 1243 1557
f 562 1558 360
f 360 1558 1069
f 1069 1558 562
f 1070 183 1559
f 755 1560 1561
f 1070 1560 755
f 1276 1562 6
f 1562 4 6
f 4 1562 388
f 1562 788 388
f 1071 1563 1072
f 1071 563 1563
f 181 180 1564
f 1556 1564 180
f 563 181 1564
f 1565 1566 188
f 1074 1565 188
f 1566 1567 188
f 1567 1075 188
f 1568 1569 1570
f 28 1570 1569
f 1077 28 1569
f 1076 1571 188
f 1571 1572 188
f 1079 1573 443
f 1079 1574 1573
f 16 15 1575
f 16 1575 1384
f 29 1576 28
f 1577 1576 29
f 28 1576 1570
f 189 188 1578
f 1081 572 1579
f 131 1579 1479
f 1081 1579 131
f 1479 1579 1472
f 1472 1579 1477
f 19 1580 1082
f 548 547 1581
f 1083 1581 547
f 1084 1582 196
f 1084 580 1582
f 195 1583 196
f 1583 1084 196
f 581 1583 195
f 1084 1583 581
f 1584 1585 1586
f 1539 1585 1584
f 196 1587 197
f 197 1587 1586
f 20 1588 21
f 1085 1588 20
f 1086 1589 578
f 1589 579 578
f 1589 1085 579
f 1589 1588 1085
f 1589 1590 21
f 1588 1589 21
f 1591 1592 1593
f 1594 1595 1593
f 1595 1591 1593
f 1539 1596 1597
f 1596 1598 1597
f 1580 1599 1082
f 1041 540 540
f 1088 540 1041
f 540 1088 544
f 1043 540 544
f 540 540 541
f 1043 541 540
f 1089 205 1600
f 1093 1600 205
f 1601 984 1021
f 521 1601 1021
f 521 143 1601
f 1090 1602 205
f 1090 1089 1603
f 1600 1603 1089
f 1093 585 1603
f 1093 1603 1600
f 589 1604 488
f 1094 1604 589
f 488 1604 489
f 1094 489 1604
f 590 1605 586
f 1606 1605 590
f 1098 1605 1606
f 1605 594 586
f 594 1605 1098
f 1606 590 1607
f 1096 1607 590
f 596 1608 30
f 1608 1103 30
f 597 1608 596
f 1103 1608 597
f 1108 1609 215
f 980 979 1610
f 980 1610 1611
f 1109 1610 1612
f 1613 1610 979
f 1612 1610 1613
f 1109 1614 618
f 1614 1109 1612
f 1615 1616 621
f 1616 1615 1611
f 621 1616 620
f 620 1616 1109
f 1610 1616 1611
f 1616 1610 1109
f 1615 1617 1611
f 1611 1617 980
f 980 1617 981
f 1615 1489 1617
f 1487 1617 1489
f 1487 981 1617
f 622 1618 217
f 1618 218 217
f 608 209 1619
f 1620 608 1619
f 1619 1621 1620
f 1621 1619 1112
f 1113 1622 101
f 1121 1622 605
f 1121 101 1622
f 601 605 1622
f 1622 1113 601
f 1114 1623 633
f 423 1623 1624
f 808 1624 1623
f 1114 808 1623
f 633 1623 417
f 417 1623 423
f 1625 1117 221
f 1117 1625 1118
f 382 93 1625
f 1119 1625 93
f 1119 1118 1625
f 220 1625 221
f 220 382 1625
f 1123 1626 1061
f 1626 1124 1061
f 1124 1626 644
f 644 1626 1627
f 989 1628 990
f 1626 1123 1628
f 1626 1628 1627
f 1018 1629 989
f 989 1629 1628
f 1628 1629 1627
f 241 1629 237
f 241 644 1629
f 1627 1629 644
f 1127 1630 994
f 994 1630 238
f 238 1630 239
f 1630 637 239
f 637 1630 256
f 256 1630 1127
f 1127 994 1631
f 536 1631 39
f 1126 1631 536
f 1127 1631 1126
f 40 39 1631
f 40 1631 994
f 1129 641 1632
f 641 555 1632
f 1129 1632 247
f 645 1632 554
f 554 1632 555
f 248 1632 645
f 248 247 1632
f 638 1633 1129
f 1633 1059 642
f 641 1633 642
f 1129 1633 641
f 639 1633 638
f 1059 1633 639
f 1317 1634 105
f 1634 1141 105
f 1141 1142 1635
f 653 1635 1139
f 1142 1139 1635
f 1134 1635 653
f 1134 106 1635
f 1141 1635 106
f 1147 1146 1636
f 1151 1147 1636
f 662 1636 1146
f 1151 1636 662
f 1212 1637 1638
f 1639 1640 1152
f 1153 1640 1639
f 1152 1640 288
f 288 1640 1202
f 1202 1640 695
f 695 1640 261
f 1153 261 1640
f 662 1146 1641
f 662 1641 1154
f 1148 1641 1146
f 1154 1641 1148
f 1639 1642 1153
f 1153 1642 292
f 292 1642 294
f 1155 294 1642
f 1155 1643 1156
f 1158 1643 1159
f 1158 1156 1643
f 1642 1643 1155
f 1169 1644 1170
f 1644 1425 1170
f 1165 1645 1166
f 1169 1166 1645
f 1646 1174 1164
f 1171 1646 1164
f 1646 1171 1427
f 1427 900 1646
f 667 1647 43
f 1173 1647 667
f 43 1647 263
f 271 263 1647
f 1173 1168 1648
f 1174 1648 1168
f 1648 1647 1173
f 1178 1648 1174
f 1178 271 1648
f 1647 1648 271
f 1174 1649 1178
f 1646 900 1649
f 1646 1649 1174
f 899 1649 900
f 1175 1649 899
f 1178 1649 1175
f 675 676 1650
f 1182 1650 676
f 1181 675 1650
f 1181 1650 273
f 1650 1182 273
f 1187 1651 686
f 1187 449 1651
f 1652 1651 1653
f 137 1651 449
f 139 1651 137
f 1653 1651 139
f 1542 1654 1653
f 1654 1652 1653
f 1056 1654 1550
f 1550 1654 1542
f 1190 281 1655
f 1188 1190 1655
f 299 1655 281
f 1188 1655 299
f 1188 1656 1190
f 690 447 1656
f 1190 1656 447
f 690 1656 688
f 1191 1657 1163
f 680 682 1657
f 1163 1657 682
f 1657 1658 680
f 1658 1657 1193
f 1191 1193 1657
f 1161 1659 670
f 1659 1191 670
f 1161 270 1659
f 1659 1192 1191
f 1660 1196 1661
f 1195 1661 1196
f 1661 1195 1197
f 1662 1661 1199
f 1197 1199 1661
f 1662 1663 1401
f 1658 1664 680
f 680 1664 1185
f 1201 1665 1205
f 1201 1200 1665
f 1206 1665 1200
f 1210 1666 1638
f 1211 1666 1210
f 1211 291 1666
f 1211 175 1667
f 1211 1667 291
f 291 1667 243
f 245 1667 175
f 243 1667 245
f 553 175 1668
f 1211 1668 175
f 553 1668 1208
f 1668 1211 1208
f 1637 1669 1159
f 1669 1637 1212
f 1148 1159 1669
f 1154 1148 1669
f 1216 1670 1671
f 1218 1670 1216
f 1219 1221 1672
f 1219 1672 1216
f 1405 1672 1221
f 1216 1672 1405
f 1219 1673 1221
f 1673 1220 1221
f 1220 1673 720
f 720 1673 721
f 1673 1215 721
f 1215 1673 958
f 958 1673 1219
f 1219 1674 959
f 1674 1369 959
f 1216 1671 1674
f 1216 1674 1219
f 1225 1675 712
f 1675 704 706
f 1226 1675 706
f 1675 1226 712
f 882 1676 709
f 709 1676 1225
f 1675 1676 704
f 1676 1675 1225
f 72 1677 59
f 801 59 1677
f 1677 72 372
f 1677 1230 1229
f 1232 1678 799
f 799 1678 797
f 1390 1679 1233
f 1233 726 1680
f 1680 1389 1233
f 1235 1681 1682
f 727 1681 1235
f 1237 1683 728
f 736 1683 1068
f 728 1683 736
f 1683 1268 1068
f 1268 1683 1237
f 1237 1684 1268
f 1684 1685 1268
f 1236 1250 1684
f 1237 1236 1684
f 1249 1684 1250
f 1685 1684 1253
f 1249 1253 1684
f 1685 1253 1686
f 1263 1686 1261
f 1685 1686 1268
f 1238 1687 729
f 1236 1687 1250
f 728 404 1687
f 728 1687 1236
f 403 1687 404
f 729 1687 403
f 734 1688 61
f 1689 1690 1239
f 1689 1691 1690
f 1692 734 1693
f 1692 1693 1694
f 734 62 1693
f 1694 1693 62
f 560 1695 63
f 939 1696 1697
f 1246 1697 1696
f 1246 1696 334
f 939 747 1696
f 347 334 1696
f 746 1696 747
f 1696 746 347
f 910 1698 909
f 1246 1699 1697
f 740 1700 737
f 331 1701 329
f 1700 740 1701
f 751 1702 389
f 1702 1297 389
f 1297 1702 790
f 1251 1703 1249
f 1249 1703 1252
f 1305 1703 1251
f 1704 1262 1261
f 1264 1704 1295
f 1262 1704 1264
f 1295 1704 1294
f 1294 1704 1705
f 1686 1253 1706
f 1686 1706 1261
f 1261 1706 1704
f 1704 1706 1705
f 1266 1707 1263
f 1707 1266 1265
f 1267 1708 69
f 1708 1269 69
f 1709 194 193
f 1271 1709 193
f 194 1709 1710
f 1270 1711 760
f 1270 756 1711
f 1712 1713 1714
f 1715 1716 1717
f 1718 755 1561
f 755 1718 1274
f 364 1719 366
f 367 1719 364
f 1720 1719 367
f 1719 1720 366
f 366 1720 1279
f 568 1721 568
f 788 1721 568
f 1722 368 1278
f 1277 1722 1278
f 368 1722 6
f 1277 6 1722
f 1279 1723 368
f 1279 1717 1723
f 368 1723 1278
f 1723 1716 1278
f 1716 1723 1717
f 1724 1283 570
f 1724 570 571
f 1281 1724 571
f 1281 369 1725
f 1724 1281 1725
f 1724 1725 1283
f 730 732 1725
f 730 1725 369
f 1240 1725 732
f 1283 1725 1240
f 1284 1726 10
f 1284 1242 1726
f 10 1726 1241
f 1241 1726 1242
f 1703 1727 1252
f 1703 1305 1727
f 1706 1728 1705
f 1727 1728 1252
f 1729 1728 1727
f 1730 1728 1729
f 1252 1728 1253
f 1728 1706 1253
f 1731 1732 1306
f 1307 1306 1732
f 329 1733 330
f 1731 1306 1733
f 1734 1733 1306
f 330 1733 950
f 1733 1734 950
f 1701 1733 329
f 1733 1701 740
f 1285 1735 739
f 1733 1735 1731
f 739 1735 740
f 740 1735 1733
f 398 380 1736
f 1289 398 1736
f 764 1736 380
f 1289 1736 764
f 1291 1737 779
f 1313 1737 775
f 1738 1291 768
f 1290 777 1738
f 767 1738 768
f 1290 1738 767
f 1285 1739 1730
f 1294 1730 1739
f 1739 1285 784
f 783 1739 784
f 1294 1739 783
f 1294 1740 1730
f 1294 1705 1740
f 1730 1740 1728
f 1728 1740 1705
f 785 1741 780
f 780 1741 1296
f 1742 1743 1744
f 1742 1744 1296
f 1744 1745 1264
f 1296 1744 1264
f 792 793 1746
f 1746 1299 792
f 1298 1746 793
f 1299 1746 1298
f 1747 378 380
f 1747 379 378
f 1747 765 379
f 765 1747 766
f 1747 1301 766
f 791 1748 397
f 1301 1748 791
f 1747 1748 1301
f 397 1748 398
f 398 1748 380
f 1748 1747 380
f 1248 1250 1749
f 1248 1749 1251
f 1251 1749 1750
f 1751 1752 1304
f 1305 1304 1752
f 1751 1308 1752
f 1307 1752 1308
f 1727 1752 1753
f 1727 1305 1752
f 1752 1732 1753
f 1732 1752 1307
f 956 1754 957
f 1755 957 1754
f 956 962 1754
f 1309 1754 962
f 1293 771 1756
f 1293 1756 1313
f 1313 1756 1737
f 779 1756 771
f 1737 1756 779
f 102 1757 90
f 1758 1757 102
f 88 90 1757
f 1315 1759 808
f 808 1759 1624
f 1759 423 1624
f 1758 102 1760
f 102 101 1760
f 1121 1760 101
f 848 1761 852
f 1762 850 849
f 826 1763 819
f 1325 1764 1323
f 1327 1764 814
f 1319 814 1764
f 1332 1765 1766
f 1332 1766 1321
f 1766 1325 1321
f 1320 1324 1767
f 1320 1767 887
f 1767 888 887
f 1326 1768 1327
f 1329 1768 1326
f 1329 1328 1768
f 1769 1768 1328
f 1767 1768 1769
f 1327 1768 1324
f 1767 1324 1768
f 822 1770 820
f 825 820 1770
f 825 1770 823
f 1333 115 1771
f 1772 1773 1774
f 1775 1772 1776
f 1777 1772 1774
f 1776 1772 1777
f 1773 1778 1774
f 1779 1778 1773
f 1780 1781 463
f 1782 1781 1780
f 1781 825 824
f 1783 1784 1411
f 1336 1784 1783
f 1338 1785 1780
f 1780 1785 1782
f 1339 460 1785
f 1338 1339 1785
f 460 462 1785
f 1782 1785 462
f 1341 313 1786
f 1787 1788 1682
f 1786 1788 1341
f 1786 313 1788
f 1235 1788 313
f 1788 1235 1682
f 438 312 1789
f 1341 1789 312
f 1789 1341 438
f 1790 1791 1792
f 1793 1794 1344
f 1344 1794 1345
f 1795 1577 1796
f 29 27 1796
f 1577 29 1796
f 1797 1798 1799
f 1799 1798 441
f 1798 1347 441
f 1349 1800 440
f 1790 1801 1802
f 1801 1803 1802
f 1801 1392 1803
f 1804 1800 1349
f 443 1805 1078
f 1351 1805 443
f 881 444 1806
f 1806 1353 881
f 444 112 1806
f 112 111 1806
f 1353 1806 111
f 116 1807 117
f 117 1807 1356
f 116 435 1807
f 837 434 1808
f 1357 1808 434
f 837 1808 309
f 1358 309 1809
f 1358 1809 834
f 310 1809 309
f 834 1809 310
f 1810 1811 1812
f 1813 1814 836
f 1811 1815 1812
f 446 1816 445
f 1817 1816 1813
f 1361 1818 1363
f 1792 1818 1819
f 1361 1820 1819
f 1804 1819 1820
f 1821 1820 1361
f 1804 1820 1800
f 1800 1820 440
f 832 440 1820
f 1822 1823 1824
f 1778 1823 1774
f 1824 1823 1778
f 1825 1826 1827
f 1828 1826 1825
f 1829 1830 1828
f 1826 1828 1830
f 1831 1825 1827
f 1366 1831 1364
f 1403 1404 1832
f 1403 1832 1368
f 1218 1217 1833
f 1368 1833 1217
f 1218 1833 1367
f 1833 1368 1367
f 1674 1834 1369
f 1369 1835 1370
f 1835 1371 1370
f 1371 1835 847
f 1834 1835 1369
f 1670 1835 1671
f 1670 1218 1835
f 1218 1367 1835
f 843 1835 1367
f 847 1835 843
f 135 1836 452
f 452 1837 451
f 451 1837 1838
f 451 1839 855
f 1838 1839 451
f 1840 1841 1842
f 1842 1841 855
f 856 1841 1840
f 855 1841 856
f 1843 1844 1845
f 1592 1846 1593
f 582 1847 1087
f 1374 1376 1848
f 1374 1848 1849
f 583 1850 545
f 545 1850 201
f 201 1850 582
f 1850 1847 582
f 1847 1850 1374
f 1375 1374 1851
f 1851 1850 583
f 1850 1851 1374
f 856 1840 1851
f 583 856 1851
f 860 1852 861
f 1377 1852 860
f 1853 862 1854
f 1853 1854 593
f 1855 27 1856
f 1857 1858 1859
f 1860 1861 1862
f 1863 1864 861
f 1864 1863 1861
f 1865 1862 1863
f 1861 1863 1862
f 1866 1867 1868
f 1869 1866 1859
f 1870 1871 1867
f 1868 1871 1864
f 1867 1871 1868
f 1872 1873 1099
f 1853 1874 862
f 1872 1874 1873
f 1873 1874 1853
f 862 1875 860
f 571 1876 1282
f 1385 1876 571
f 1282 1876 1385
f 1385 1382 1877
f 1381 1877 1382
f 1385 1877 1282
f 1282 1877 1381
f 1383 1878 185
f 185 1878 184
f 184 1878 569
f 569 1878 571
f 571 1878 1385
f 1387 1386 1879
f 1384 1879 866
f 869 1880 1881
f 1881 1880 1387
f 867 1880 869
f 1387 1880 1382
f 1382 1880 865
f 867 865 1880
f 1882 454 1883
f 1388 1883 454
f 1884 1885 1389
f 1886 1887 1888
f 876 1889 441
f 1392 441 1889
f 1393 1890 876
f 1393 1803 1890
f 1891 1394 1886
f 1891 1886 1888
f 1397 1892 1339
f 1397 1353 1892
f 1400 1893 1401
f 1893 1894 1895
f 1893 1400 1894
f 1417 1414 1896
f 1417 1896 1897
f 1894 1896 1895
f 1897 1896 1894
f 1406 1898 669
f 1407 1898 1406
f 669 1898 267
f 1407 267 1898
f 1410 1413 1899
f 1415 1899 1413
f 1411 1900 1783
f 1410 1900 1411
f 1408 1901 267
f 1418 1902 1419
f 1830 1902 1422
f 1422 1902 880
f 1418 880 1902
f 1829 1419 1902
f 1902 1830 1829
f 1829 1903 1419
f 1420 1419 1903
f 1828 1903 1829
f 1420 1903 1404
f 1421 1396 1904
f 1421 1904 1422
f 1830 1422 1904
f 1409 1904 1396
f 1830 1904 1409
f 1429 1428 1905
f 896 894 1905
f 896 1905 1428
f 1429 1905 1426
f 1905 1430 1426
f 1424 1905 894
f 1424 468 1905
f 1430 1905 468
f 1432 1906 469
f 1907 1908 1433
f 1432 743 1908
f 1432 1908 1907
f 743 745 1908
f 1443 1908 745
f 1443 1433 1908
f 1909 1433 893
f 1434 1909 893
f 1433 1909 1907
f 1909 1434 1910
f 129 1911 127
f 1435 1911 129
f 127 1911 1438
f 1438 1911 1435
f 125 1912 126
f 1912 1435 126
f 124 1912 125
f 1912 1913 1435
f 913 1913 914
f 1913 1914 914
f 1915 916 918
f 1913 913 1915
f 915 1915 913
f 916 1915 915
f 1446 1916 928
f 1447 928 1916
f 1447 1916 922
f 1446 1443 1916
f 922 1916 745
f 745 1916 1443
f 937 1917 935
f 1917 1452 935
f 1451 1917 937
f 1452 1917 1451
f 941 942 1918
f 1457 1918 942
f 1918 1457 483
f 482 1918 483
f 748 1918 482
f 943 1919 944
f 1458 1919 943
f 944 1919 338
f 1458 338 1919
f 1920 1921 1922
f 1462 1463 1923
f 1924 1462 1923
f 1923 1925 1924
f 951 949 1923
f 951 1923 1463
f 1734 1926 950
f 1734 1306 1926
f 1921 1920 1927
f 1924 1928 1462
f 1462 1928 954
f 1929 954 1928
f 1920 1922 1928
f 1929 1928 1922
f 1930 1442 911
f 1467 1930 906
f 1914 1930 914
f 1930 1467 914
f 955 1931 846
f 846 1931 844
f 1371 844 1931
f 961 960 1932
f 1932 1933 961
f 1931 1932 1371
f 1933 1934 961
f 1309 1934 952
f 961 1934 1309
f 953 952 1934
f 951 1935 1460
f 1934 1935 953
f 1934 1933 1935
f 1461 1935 951
f 1935 1461 953
f 1370 1936 959
f 1469 959 1936
f 1469 1936 960
f 1371 1936 1370
f 1932 960 1936
f 1932 1936 1371
f 1471 1937 1472
f 963 964 1937
f 963 1937 965
f 965 1937 1471
f 1472 1937 1479
f 964 1479 1937
f 1473 1938 1474
f 194 1710 1938
f 1938 575 194
f 575 1938 573
f 1473 573 1938
f 1477 1939 1470
f 1475 1939 1476
f 1477 1476 1939
f 1720 1940 1941
f 367 1940 1720
f 966 132 1942
f 1478 1942 132
f 966 1942 964
f 1942 1478 964
f 1480 967 1943
f 529 1943 486
f 529 497 1943
f 1480 1943 497
f 1485 1944 1613
f 1485 1484 1944
f 501 1945 982
f 1485 1945 501
f 979 1945 1613
f 1613 1945 1485
f 1946 1484 501
f 1486 1946 501
f 1946 1944 1484
f 1488 1947 1487
f 1534 1947 1495
f 1487 1947 1033
f 1032 1033 1947
f 1948 1949 527
f 527 1949 1950
f 1950 1949 1951
f 997 983 1949
f 985 1949 983
f 1951 1949 985
f 1490 504 1952
f 1952 1950 1951
f 533 1953 585
f 1954 1027 502
f 1490 1954 502
f 1953 1954 1490
f 1027 1954 531
f 531 1954 533
f 1953 533 1954
f 1492 1955 1022
f 1956 1955 1492
f 986 1957 977
f 1493 1957 986
f 1957 976 977
f 975 1957 148
f 1493 148 1957
f 975 969 1957
f 976 1957 969
f 1499 1500 1958
f 1499 1958 1007
f 1023 1007 1958
f 523 1958 1532
f 1023 1958 523
f 1949 1948 1959
f 1502 1960 1491
f 1524 1960 1001
f 1955 1960 1524
f 1960 1955 1956
f 1000 1001 1960
f 1000 1960 1502
f 1499 1961 1500
f 1503 1961 1499
f 1500 1961 995
f 996 995 1961
f 998 1962 509
f 509 1962 1503
f 998 1000 1962
f 1508 1963 1004
f 1506 1004 1963
f 1505 1963 1026
f 1508 1026 1963
f 1506 1963 1107
f 1105 1107 1963
f 1105 1963 1106
f 1106 1963 1505
f 1122 1964 1123
f 1123 1964 1965
f 1122 1013 1964
f 1012 1964 1013
f 990 1966 991
f 991 1966 1967
f 1968 1515 1014
f 1514 1513 1969
f 1519 1970 1971
f 1972 1970 1519
f 1973 1971 1970
f 1597 1970 1974
f 1974 1970 1972
f 1598 1970 1597
f 1973 1970 1598
f 1521 1975 1519
f 1519 1975 1972
f 1516 1975 1976
f 1976 1975 1521
f 1972 1975 1974
f 1515 1975 1516
f 1974 1975 1515
f 1015 1977 1016
f 1528 1977 1015
f 1513 1016 1977
f 1513 1977 1528
f 1523 1978 1524
f 1978 1955 1524
f 1526 510 1979
f 1496 1979 510
f 1017 1979 1018
f 1496 1018 1979
f 1967 1980 1981
f 1967 1981 991
f 1982 1983 1980
f 1967 1984 1980
f 1984 1982 1980
f 1985 1986 1530
f 1983 1986 1985
f 1983 1982 1986
f 1528 1986 1513
f 1982 1513 1986
f 1530 1986 1529
f 1529 1986 1528
f 1987 1025 1026
f 1508 1987 1026
f 1032 1988 988
f 1534 988 1988
f 1947 1988 1032
f 1988 1947 1534
f 1535 1035 1989
f 1035 1034 1989
f 1535 1989 1536
f 1536 1989 1036
f 503 1990 504
f 1990 503 987
f 1536 1990 987
f 1991 1992 1538
f 1538 1992 1539
f 1585 1992 1991
f 1539 1992 1585
f 1537 1993 548
f 1540 1994 1009
f 1011 1009 1994
f 1011 1994 1995
f 1046 1996 549
f 1541 1996 1046
f 549 1996 139
f 1997 139 1996
f 1998 550 495
f 496 1998 495
f 1546 1999 1048
f 1999 302 304
f 1048 1999 304
f 1547 1999 1546
f 1999 1053 302
f 1548 2000 552
f 1549 552 2000
f 2000 1548 1055
f 1549 2000 1055
f 1550 2001 1056
f 1549 2001 1550
f 2001 1055 1056
f 1055 2001 1549
f 2002 1057 176
f 1552 2002 176
f 1058 2003 1059
f 1058 696 2003
f 1053 2003 696
f 2004 1999 1547
f 1059 2005 642
f 172 170 2006
f 1553 172 2006
f 2005 1553 2006
f 1555 1064 2007
f 1067 2008 1690
f 1557 2008 1067
f 1690 2008 1239
f 2008 1557 1243
f 1239 2008 1240
f 1240 2008 1243
f 1690 2009 1067
f 1691 2009 1690
f 1063 1067 2009
f 1072 2010 183
f 2010 1559 183
f 2010 1072 2011
f 1562 1276 2012
f 1716 2013 2012
f 1278 2012 1276
f 1716 2012 1278
f 1721 2014 568
f 560 561 2015
f 561 64 2016
f 562 2016 64
f 2015 561 2016
f 562 2017 2016
f 443 2018 1080
f 1573 2018 443
f 1079 2019 1574
f 1574 2019 2020
f 2021 2019 1079
f 2019 2021 2020
f 2020 2021 2022
f 1080 2023 15
f 2023 1575 15
f 2018 2023 1080
f 1883 2024 1882
f 1576 1577 2025
f 1578 2025 1577
f 1576 2025 1570
f 1568 1570 2025
f 2025 2026 1568
f 1578 188 2025
f 2026 2025 1572
f 1572 2025 188
f 1477 2027 1476
f 1579 2027 1477
f 2027 1579 572
f 2027 572 191
f 1476 2027 191
f 19 2028 1580
f 1519 2028 19
f 1971 2028 1519
f 2028 1599 1580
f 1973 2028 1971
f 1598 2028 1973
f 1581 1083 2029
f 1585 2029 1586
f 201 197 2029
f 1586 2029 197
f 201 2029 545
f 1083 545 2029
f 1585 1991 2029
f 1581 2029 548
f 1538 2029 1991
f 548 2029 1537
f 1538 1537 2029
f 1582 580 2030
f 1582 2030 196
f 1082 2030 580
f 1599 2030 1082
f 1598 2030 2028
f 2028 2030 1599
f 2031 2032 1591
f 2032 858 19
f 858 2032 2031
f 1595 2033 1591
f 1595 1860 2033
f 1591 2033 1862
f 1860 1862 2033
f 1594 2034 1595
f 2031 2035 858
f 2035 1591 1862
f 2035 2031 1591
f 984 2036 985
f 1601 2036 984
f 2036 1601 2037
f 1601 143 2037
f 2038 587 205
f 1602 2038 205
f 587 2038 145
f 145 2038 1602
f 1602 1090 2039
f 1603 2039 1090
f 2040 1607 1522
f 1518 2040 1522
f 1517 2040 1518
f 1517 1098 2040
f 1606 2040 1098
f 1607 2040 1606
f 1096 2041 1607
f 1607 2041 1522
f 1522 2041 1521
f 1976 1521 2041
f 622 2042 2043
f 2044 2043 2042
f 622 215 2042
f 1609 2042 215
f 2044 2042 2045
f 2046 972 618
f 1614 2046 618
f 1111 2047 627
f 1618 627 2047
f 1618 2047 218
f 626 218 2047
f 626 2047 216
f 2047 1111 216
f 1615 2048 1489
f 2049 2048 1615
f 1618 622 2050
f 1618 2050 627
f 627 2050 621
f 621 2050 1615
f 2049 1615 2050
f 1112 2051 219
f 1619 2051 1112
f 219 2051 209
f 1619 209 2051
f 1621 2052 1620
f 2052 2053 607
f 608 2052 607
f 1620 2052 608
f 2054 1629 1018
f 1496 2054 1018
f 993 2054 1496
f 1629 2054 237
f 2054 238 237
f 2054 993 238
f 1141 2055 1139
f 1634 2055 1141
f 1634 1172 2055
f 667 2055 1172
f 665 1139 2055
f 665 2055 667
f 1152 290 2056
f 1210 2056 290
f 1638 2056 1210
f 1637 2056 1638
f 1643 2057 1159
f 1642 1639 2057
f 1642 2057 1643
f 2058 1165 1167
f 1165 2058 1645
f 1651 2059 686
f 1651 1652 2059
f 1654 2059 1652
f 701 686 2059
f 1056 2059 1654
f 701 2059 1056
f 1188 285 2060
f 2061 2062 2063
f 2063 2062 2060
f 1205 2064 284
f 2065 1664 1658
f 2066 2067 2068
f 2062 2061 2069
f 1662 1401 2070
f 1893 2070 1401
f 1893 2071 2070
f 2070 1661 1662
f 1661 2070 1660
f 888 2072 889
f 1198 1197 2073
f 2074 2073 1197
f 1769 1328 2075
f 2076 2074 1197
f 1195 2076 1197
f 1769 2076 1195
f 1206 2077 1205
f 1664 2077 1185
f 1185 2077 694
f 2077 1206 694
f 1205 2078 1206
f 1665 2078 1205
f 1665 1206 2078
f 257 2079 258
f 1666 2080 1638
f 2080 1212 1638
f 1666 291 2080
f 1212 2080 698
f 698 2080 291
f 879 2081 882
f 1676 882 2081
f 879 878 2081
f 1403 2081 878
f 2081 1403 1402
f 704 2081 1402
f 1676 2081 704
f 1677 372 2082
f 1677 2082 1230
f 371 2082 372
f 371 9 2082
f 1230 2082 9
f 2083 1677 1229
f 1677 2083 801
f 1229 321 2083
f 801 2083 321
f 2084 1678 1232
f 718 721 2084
f 2084 1232 718
f 1678 2085 797
f 800 797 2085
f 800 2085 2086
f 1680 726 454
f 726 118 454
f 454 121 454
f 121 454 118
f 1681 2087 1682
f 1681 727 2088
f 61 2089 1244
f 1688 2089 61
f 1695 2090 63
f 1694 2090 1695
f 63 2090 62
f 1694 62 2090
f 1689 1692 2091
f 1689 2091 1691
f 1698 2092 909
f 945 2092 947
f 909 2092 908
f 908 2092 945
f 1449 2093 910
f 2093 1698 910
f 479 2094 480
f 1697 2094 939
f 939 2094 479
f 1246 1247 2095
f 1246 2095 1699
f 1702 751 2096
f 1702 2096 1745
f 1260 2096 751
f 1260 1264 2096
f 1745 2096 1264
f 2097 1702 1745
f 1744 1743 2097
f 1744 2097 1745
f 790 2097 1743
f 1702 2097 790
f 1267 2098 1265
f 2098 1707 1265
f 1707 2098 1263
f 1267 1268 2098
f 1686 1263 2098
f 1686 2098 1268
f 1265 2099 1267
f 1708 1267 2099
f 1269 2099 1265
f 1708 2099 1269
f 1709 1271 2100
f 2101 1273 760
f 1711 756 2102
f 2103 2104 1714
f 2105 1718 1561
f 1718 2105 2104
f 1274 2106 1275
f 2107 2108 1714
f 2103 1714 2108
f 1279 2109 1717
f 1717 2109 2110
f 1941 2109 1720
f 1720 2109 1279
f 2111 2112 2113
f 2111 2107 2112
f 2107 1714 2112
f 1713 2112 1714
f 2112 2114 2113
f 2114 2115 2110
f 2115 2114 2112
f 1731 2116 1732
f 1735 2116 1731
f 2117 1737 1291
f 1738 2117 1291
f 1737 2117 775
f 776 775 2117
f 776 2117 777
f 1738 777 2117
f 2118 1741 785
f 1298 2118 785
f 793 2118 1298
f 1742 2118 1743
f 1296 2118 1742
f 1741 2118 1296
f 794 2118 793
f 1743 2118 790
f 790 2118 794
f 1749 1250 2119
f 1749 2119 1238
f 1687 2119 1250
f 1238 2119 1687
f 2120 1749 1238
f 402 2120 323
f 1238 323 2120
f 800 2121 2120
f 800 2120 402
f 1750 2120 2121
f 1749 2120 1750
f 1309 2122 1754
f 2122 1309 954
f 1929 2122 954
f 2123 1757 1758
f 1759 2123 1758
f 1757 2123 88
f 97 88 2123
f 1315 97 2123
f 1759 1315 2123
f 423 2124 415
f 1120 2125 1121
f 1121 2125 1760
f 1760 2125 1758
f 1765 2126 2127
f 448 2128 848
f 1761 848 2128
f 850 2129 448
f 448 2129 2128
f 1762 2130 815
f 849 2130 1762
f 1194 2130 849
f 2130 813 815
f 813 2130 689
f 2130 1194 689
f 1319 2131 815
f 2132 2133 2134
f 1763 2135 819
f 1331 819 2135
f 1331 2135 1332
f 826 823 2136
f 1763 826 2136
f 1327 1323 2137
f 1764 2137 1323
f 1327 2137 1764
f 1766 2138 1325
f 1764 2138 1319
f 2138 1764 1325
f 2139 1769 1195
f 1769 2139 1767
f 1195 888 2139
f 1767 2139 888
f 2140 1779 822
f 1771 2140 1333
f 821 2140 822
f 1333 2140 821
f 1782 462 2141
f 1781 1782 2141
f 828 2141 462
f 1781 2141 825
f 825 2141 820
f 828 820 2141
f 829 463 2142
f 1781 2142 463
f 829 2142 464
f 818 2142 824
f 824 2142 1781
f 2143 2144 2145
f 2145 1336 1335
f 1336 2145 1784
f 2144 1411 2145
f 1784 2145 1411
f 2143 2146 2144
f 1413 2146 1416
f 1412 2146 1413
f 2144 2146 1411
f 1412 1411 2146
f 2145 1335 2147
f 1341 2148 1787
f 2148 1788 1787
f 1788 2148 1341
f 1818 2149 1363
f 1792 1791 2149
f 2149 1818 1792
f 2150 2088 2151
f 1341 1787 2152
f 1341 2152 1340
f 1342 832 2153
f 1820 2153 832
f 1821 2153 1820
f 2154 2155 2156
f 2157 2020 2022
f 2154 2157 2155
f 1885 1884 2158
f 1798 1797 2159
f 1798 2159 1347
f 2160 1344 1346
f 2159 2160 1346
f 2160 2159 1797
f 440 2160 441
f 441 2160 1799
f 2160 1797 1799
f 2161 2162 2163
f 1795 2164 1577
f 1577 2164 1578
f 1887 2165 2166
f 2167 1801 1790
f 1792 2167 1790
f 2167 1792 1819
f 1804 2167 1819
f 1356 2168 836
f 1807 2168 1356
f 2168 1813 836
f 2168 1817 1813
f 1808 2169 309
f 1808 1357 2169
f 309 2169 709
f 1354 2169 444
f 1357 444 2169
f 882 709 2169
f 1354 882 2169
f 2170 2171 2172
f 2172 2173 2170
f 2173 1815 1362
f 2174 2175 2176
f 2177 1811 2178
f 1810 2178 1811
f 2179 2178 1810
f 1822 2180 1811
f 2180 1814 1811
f 1814 2180 836
f 836 2180 115
f 1771 115 2180
f 1822 1824 2180
f 2181 2180 1824
f 833 2182 834
f 445 2182 833
f 1816 2182 445
f 1816 1817 2182
f 1811 2183 1815
f 1815 2183 1362
f 1361 2183 1811
f 1361 1362 2183
f 2184 1361 1811
f 1814 2184 1811
f 2184 1821 1361
f 1813 2184 1814
f 1816 2184 1813
f 2185 1816 446
f 830 2185 446
f 1340 2185 830
f 2186 2185 2152
f 2152 2185 1340
f 1819 2187 1361
f 1818 2187 1819
f 1361 2187 1818
f 1823 1822 2188
f 1811 2188 1822
f 1777 1774 2188
f 1823 2188 1774
f 2177 2188 1811
f 2177 1777 2188
f 1778 2189 1824
f 2181 1824 2189
f 1778 1779 2189
f 2140 2189 1779
f 2140 1771 2189
f 2180 2189 1771
f 2189 2180 2181
f 1903 1828 2190
f 1903 2190 838
f 1336 1783 2191
f 1409 1336 2191
f 1783 1827 2191
f 1826 2191 1827
f 2191 1830 1409
f 1830 2191 1826
f 1831 2192 1364
f 904 2192 885
f 1364 2192 904
f 2193 2192 1831
f 1835 2194 1671
f 2194 1835 1834
f 1674 1671 2194
f 1834 1674 2194
f 854 2195 135
f 1372 2195 854
f 2196 2197 2176
f 2175 2196 2176
f 2175 2198 2196
f 2199 2200 2197
f 2201 2200 2199
f 2200 2201 2202
f 2203 2204 2205
f 2206 2204 2207
f 2207 2204 2203
f 2208 2201 2209
f 2201 2208 2202
f 2210 2211 2212
f 2213 1842 855
f 1839 2213 855
f 1837 452 2214
f 2213 1839 2214
f 2214 2215 2213
f 2215 2214 2216
f 1845 2217 1843
f 1592 1590 2218
f 1846 1592 2218
f 1846 2218 1087
f 1087 2218 1086
f 1589 2218 1590
f 1589 1086 2218
f 1594 1593 2219
f 1374 1849 2220
f 2221 2222 1844
f 1842 2223 1840
f 1851 1840 2223
f 2224 859 858
f 1865 2224 858
f 2224 1377 859
f 2224 1852 1377
f 2225 1854 862
f 861 2225 862
f 203 2226 27
f 1856 27 2226
f 2227 2228 1855
f 1855 2228 27
f 2228 1796 27
f 1856 2229 1855
f 2229 2227 1855
f 1869 2230 2231
f 2230 2232 2231
f 2231 2233 1869
f 2234 2233 2231
f 2234 1870 2233
f 1867 2233 1870
f 1866 2233 1867
f 1866 1869 2233
f 1866 2235 1859
f 2236 2235 2237
f 2236 2237 2238
f 2239 1873 1853
f 593 1100 2239
f 1853 593 2239
f 1099 2239 1100
f 1873 2239 1099
f 1099 2240 1872
f 2241 2240 1379
f 1377 2240 1099
f 1379 2240 1377
f 2242 1874 1872
f 2240 2242 1872
f 1874 2242 862
f 2240 2241 2242
f 2241 862 2242
f 1379 860 2243
f 1878 2244 1385
f 1383 2244 1878
f 2244 1386 1385
f 2244 1879 1386
f 866 2244 1383
f 1879 2244 866
f 1384 2245 1879
f 1575 2245 1384
f 1387 2245 1881
f 1879 2245 1387
f 831 2246 440
f 2158 2247 1885
f 2248 2247 2249
f 1389 2250 1391
f 2251 2252 1888
f 1887 2251 1888
f 2166 2251 1887
f 1392 2253 1803
f 876 2253 1889
f 1889 2253 1392
f 2254 1393 1394
f 1393 2254 2255
f 1393 2256 1803
f 2255 2256 1393
f 1339 2257 1352
f 1892 2257 1339
f 1353 1352 2257
f 1892 1353 2257
f 1899 2258 883
f 1415 2258 1899
f 1901 2258 1415
f 1408 883 2258
f 1901 1408 2258
f 2259 1899 883
f 883 885 2259
f 2193 1410 2259
f 1899 2259 1410
f 2192 2259 885
f 2192 2193 2259
f 2193 2260 1410
f 1410 2260 1900
f 1831 1827 2260
f 1831 2260 2193
f 1783 2260 1827
f 1900 2260 1783
f 1415 1417 2261
f 2261 1901 1415
f 1832 1404 2262
f 1903 2262 1404
f 838 2262 1903
f 843 2262 838
f 1368 2262 843
f 1832 2262 1368
f 1906 2263 469
f 469 2263 429
f 901 429 2263
f 430 2263 1317
f 901 2263 430
f 1644 2264 1425
f 1426 2264 1428
f 1425 2264 1426
f 1910 2265 1909
f 1909 2265 1907
f 1442 2266 124
f 124 2266 1912
f 1930 1914 2266
f 1930 2266 1442
f 1913 2266 1914
f 1913 1912 2266
f 1435 2267 1438
f 1438 2267 918
f 2267 1915 918
f 1913 2267 1435
f 1915 2267 1913
f 941 2268 341
f 1918 2268 941
f 2268 1918 748
f 341 2268 351
f 2268 748 351
f 1927 2269 1921
f 1751 2269 1308
f 1308 2269 1927
f 2269 2270 1921
f 1304 1251 2270
f 1750 2270 1251
f 1304 2270 1751
f 2270 2269 1751
f 800 2271 2121
f 800 2086 2271
f 2270 2271 1921
f 2271 1750 2121
f 2271 2270 1750
f 1921 2272 1922
f 2085 2272 2086
f 2271 2086 2272
f 2271 2272 1921
f 1923 949 2273
f 1923 2273 1925
f 2273 948 331
f 948 2273 949
f 1306 1308 2274
f 1926 1306 2274
f 1926 2274 1924
f 1924 2275 1928
f 2274 2275 1924
f 1927 1920 2275
f 1928 2275 1920
f 1927 2275 1308
f 2274 1308 2275
f 1930 2276 906
f 911 2276 1930
f 906 2276 1441
f 1441 2276 911
f 1931 955 2277
f 1932 2277 1933
f 1932 1931 2277
f 2277 1466 1460
f 1466 2277 955
f 1935 2277 1460
f 1935 1933 2277
f 2278 224 2279
f 636 2279 224
f 2279 636 1116
f 2278 2280 224
f 225 224 2280
f 414 225 2280
f 607 2281 233
f 1940 2282 2283
f 37 2282 38
f 367 2282 1940
f 2282 367 38
f 967 484 2284
f 1943 967 2284
f 486 2284 484
f 1943 2284 486
f 2285 1614 1612
f 982 2286 978
f 1945 2286 982
f 978 2286 979
f 1945 979 2286
f 1939 2287 1470
f 1944 2288 2289
f 1946 2288 1944
f 2289 2288 2290
f 1947 2291 1495
f 1494 1495 2291
f 1490 2292 1953
f 1952 1951 2292
f 1952 2292 1490
f 1501 997 2293
f 1959 1501 2293
f 1949 2293 997
f 1959 2293 1949
f 1501 2294 1500
f 2294 1958 1500
f 1958 2294 1532
f 1960 2295 1491
f 1956 2295 1960
f 1492 1491 2295
f 2295 1956 1492
f 1962 1000 2296
f 1502 2296 1000
f 1502 996 2296
f 1961 2296 996
f 2296 1961 1503
f 1962 2296 1503
f 1964 2297 1965
f 2298 2297 2299
f 2298 2300 2297
f 1966 990 2301
f 1965 2301 1123
f 1628 2301 990
f 1628 1123 2301
f 1016 2302 1014
f 2302 1968 1014
f 1995 2303 2304
f 1995 2304 2305
f 1974 1515 2306
f 1968 2306 1515
f 2302 2306 1968
f 1514 2306 1016
f 2302 1016 2306
f 1523 1525 2307
f 1523 2307 1978
f 1527 2308 1017
f 1017 2308 1979
f 1979 2308 1526
f 1526 2308 1525
f 1527 2309 1980
f 1981 1980 2309
f 2309 1527 991
f 1981 2309 991
f 1984 2310 2300
f 1984 1967 2310
f 2298 2311 2300
f 2311 1984 2300
f 2311 2298 2299
f 2305 2311 2299
f 1005 2312 1508
f 1987 1508 2312
f 1531 2312 1005
f 1531 1532 2312
f 1987 2312 1532
f 1989 2313 2314
f 1989 2314 2315
f 1505 2315 1106
f 2315 1505 1036
f 1989 2315 1036
f 1990 2316 504
f 1037 2316 1990
f 1952 504 2316
f 1952 2316 1950
f 2316 1037 1031
f 1030 2316 1031
f 1030 527 2316
f 1950 2316 527
f 1990 2317 1037
f 1037 2317 1036
f 1990 1536 2317
f 1036 2317 1536
f 1993 2318 548
f 1540 520 2318
f 546 2318 520
f 548 2318 546
f 1996 2319 1997
f 1653 139 2319
f 1997 2319 139
f 1653 2319 1542
f 1541 1542 2319
f 1541 2319 1996
f 2320 1544 550
f 1998 2320 550
f 1544 2320 496
f 1998 496 2320
f 2002 1552 2321
f 1552 553 2321
f 2002 2321 1057
f 1208 2321 553
f 697 2321 1208
f 697 696 2321
f 1057 2321 696
f 1051 2322 1547
f 2004 1547 2322
f 1553 2322 1051
f 2004 2322 1553
f 1999 2323 1053
f 2004 2323 1999
f 556 2324 170
f 2006 170 2324
f 2005 2324 642
f 2006 2324 2005
f 1064 1063 2325
f 2325 2007 1064
f 1555 2326 1556
f 2007 2326 1555
f 1691 2326 2009
f 2325 2326 2007
f 2009 2326 1063
f 2325 1063 2326
f 1559 2327 1070
f 1070 2327 2011
f 2010 2327 1559
f 2011 2327 2010
f 1716 2328 2013
f 1715 2328 1716
f 565 567 2329
f 2330 2331 2014
f 2014 1721 2332
f 1721 788 2332
f 2014 2332 2330
f 1562 2332 788
f 2332 2012 2330
f 2012 2332 1562
f 1556 2333 1564
f 2334 2333 1556
f 1564 2333 563
f 2334 563 2333
f 2015 2335 2336
f 1351 2337 1805
f 1578 2338 189
f 189 2338 443
f 2339 443 2338
f 1592 1591 2340
f 2032 2340 1591
f 2237 2341 2238
f 2342 1861 1860
f 1595 2342 1860
f 2034 2342 1595
f 858 2343 1865
f 2035 2343 858
f 1865 2343 1862
f 2343 2035 1862
f 2037 2344 2036
f 143 145 2345
f 1015 2346 1020
f 1015 1014 2346
f 1014 1516 2346
f 1976 2346 1516
f 2347 1108 1106
f 2045 2347 2348
f 2315 2347 1106
f 2315 2314 2347
f 2349 2347 2314
f 2348 2347 2349
f 2048 2049 2350
f 2048 2350 1489
f 2350 1488 1489
f 2043 2351 622
f 2351 2050 622
f 1947 1488 2352
f 1152 2353 1639
f 2056 2353 1152
f 2057 1639 2353
f 2353 2056 1637
f 1637 1159 2353
f 2057 2353 1159
f 1172 2354 1167
f 2354 2058 1167
f 1634 2354 1172
f 1634 1317 2354
f 1656 2355 688
f 2062 2355 2060
f 1188 2355 1656
f 2060 2355 1188
f 2065 2356 1664
f 2077 2356 1205
f 2077 1664 2356
f 1205 2356 2064
f 2064 2356 2357
f 2357 2356 2065
f 1658 1193 2358
f 2358 2065 1658
f 2064 2357 2359
f 2360 2359 2357
f 2360 2361 2362
f 2063 2362 2061
f 2359 2362 2063
f 2362 2359 2360
f 2363 2061 2362
f 2363 2362 2361
f 2360 2357 2364
f 2358 2365 2364
f 2065 2364 2357
f 2358 2364 2065
f 2066 2068 2366
f 2367 2368 2365
f 2364 2365 2368
f 2364 2368 2360
f 2360 2368 2361
f 2366 2361 2368
f 2366 2368 2367
f 2369 2370 2371
f 2365 2371 2367
f 2370 2372 2373
f 2369 2372 2370
f 2370 2373 2374
f 2067 2370 2374
f 2375 2374 2373
f 1198 2374 2375
f 2067 2376 2370
f 2376 2371 2370
f 2371 2376 2367
f 2067 2066 2376
f 689 688 2377
f 689 2377 816
f 2069 2378 2379
f 2363 2068 2378
f 2363 2378 2061
f 2378 2069 2061
f 2075 2380 1769
f 2380 2076 1769
f 1669 2381 1154
f 2079 2381 1669
f 1154 2381 257
f 2079 257 2381
f 2382 1669 1212
f 1669 2382 2079
f 1212 258 2382
f 2079 2382 258
f 957 2383 721
f 2084 721 2383
f 2384 2085 1678
f 1755 2384 957
f 957 2384 2383
f 2084 2384 1678
f 2383 2384 2084
f 1680 2385 1389
f 454 2385 1680
f 2385 454 454
f 1882 2385 454
f 1389 2385 1882
f 2087 2386 1682
f 2151 2387 727
f 2387 2088 727
f 2088 2387 2151
f 2150 2388 2389
f 2150 2389 2088
f 2390 2089 1688
f 1688 734 2390
f 2089 2390 1244
f 1244 2390 733
f 2091 1692 2391
f 1692 1694 2391
f 1695 2391 1694
f 1695 560 2391
f 2015 2391 560
f 2336 2391 2015
f 2091 2391 2336
f 930 2392 1449
f 2392 2093 1449
f 930 936 2392
f 481 480 2393
f 1701 2394 1700
f 1700 2394 737
f 2395 2396 2397
f 1699 2395 2397
f 2095 2395 1699
f 2398 2395 2095
f 2092 1698 2399
f 2396 2092 2399
f 2397 2399 1698
f 2396 2399 2397
f 2400 2396 948
f 2396 2400 2092
f 948 947 2400
f 2092 2400 947
f 2401 1474 2402
f 1938 2402 1474
f 1709 2402 1710
f 2402 1938 1710
f 1711 2403 760
f 2403 2101 760
f 756 362 2404
f 2102 756 2404
f 1275 2404 362
f 2405 2404 1275
f 1713 1712 2406
f 2115 2406 1712
f 2112 1713 2406
f 2112 2406 2115
f 1717 2407 1715
f 2110 2407 1717
f 2115 2407 2110
f 2104 2408 1718
f 2104 2103 2408
f 2409 1712 1714
f 2104 2409 1714
f 1560 2410 1561
f 2411 2412 2413
f 2411 2413 1560
f 2410 1560 2413
f 2103 2414 1274
f 2106 1274 2414
f 2106 2414 2103
f 2415 2405 2416
f 2108 2416 2103
f 2106 2103 2416
f 1275 2416 2405
f 2106 2416 1275
f 2108 2417 2416
f 2416 2417 2415
f 2109 2418 2110
f 2110 2418 2114
f 2109 1941 2418
f 2114 2418 2113
f 1285 1730 2419
f 2419 2420 1285
f 2116 2419 1730
f 2420 2419 2116
f 1285 2421 1735
f 2420 2421 1285
f 2116 1735 2421
f 2116 2421 2420
f 1729 2422 1730
f 1730 2422 2116
f 1753 2422 1727
f 1727 2422 1729
f 1732 2422 1753
f 2116 2422 1732
f 1754 2423 1755
f 2122 2423 1754
f 2384 1755 2423
f 1922 2423 1929
f 2423 2122 1929
f 2272 2423 1922
f 1759 1758 2424
f 2125 2424 1758
f 2124 2424 2125
f 1759 2424 423
f 423 2424 2124
f 2125 1120 2425
f 230 2425 231
f 1120 231 2425
f 2425 230 415
f 2124 2425 415
f 2125 2425 2124
f 2127 2426 2427
f 1761 2428 852
f 852 2428 851
f 2129 2429 2128
f 2131 2430 2431
f 2432 2433 2434
f 2435 2436 2437
f 2438 2210 2212
f 2439 853 450
f 2440 2441 2442
f 1777 2443 1776
f 2177 2443 1777
f 2179 2443 2178
f 2178 2443 2177
f 2444 2445 2132
f 2132 2445 2133
f 1770 2446 823
f 2136 823 2446
f 1763 2447 2135
f 2134 2447 2132
f 1766 1765 2448
f 2138 1766 2448
f 2127 2448 1765
f 2427 2448 2127
f 465 464 2449
f 2142 2449 464
f 2449 891 465
f 891 2449 817
f 817 2449 818
f 2142 818 2449
f 1780 463 2450
f 1338 1780 2450
f 465 2450 463
f 1338 2450 1335
f 2147 1335 2450
f 1398 2450 465
f 2147 2450 1398
f 2145 2451 2143
f 2147 2451 2145
f 1363 2452 1359
f 2453 2452 1363
f 1359 2452 2453
f 2171 2454 2198
f 2217 2455 1843
f 2456 2455 2217
f 1843 2457 1844
f 2457 2221 1844
f 2458 2459 2460
f 2151 2458 2150
f 727 2458 2151
f 727 1234 2458
f 2461 2458 2460
f 2458 2461 2150
f 2462 2461 2460
f 2150 2462 2388
f 2461 2462 2150
f 2459 2463 2460
f 2463 2462 2460
f 1821 2464 2153
f 2249 2465 1234
f 2458 1234 2465
f 2458 2465 2459
f 2247 2465 2249
f 831 2465 2247
f 1794 1793 2466
f 2155 2467 2022
f 2467 2157 2022
f 2157 2467 2155
f 2468 2157 2154
f 2469 2468 2154
f 2469 2470 2471
f 2470 2469 2154
f 2472 1344 2470
f 2472 2470 2154
f 2473 2468 2469
f 2473 2474 2475
f 2471 2474 2469
f 2473 2469 2474
f 2158 1884 2476
f 1389 1882 2476
f 1389 2476 1884
f 2474 2158 2476
f 2024 2476 1882
f 2477 2478 2479
f 2159 2480 1347
f 1347 2480 877
f 2477 877 2480
f 2478 2477 2480
f 2159 1346 2480
f 2481 2482 2483
f 2484 2481 2483
f 2481 2485 2486
f 2482 2481 2486
f 2162 2487 2163
f 2488 2477 2479
f 2165 2488 2479
f 2167 2489 1801
f 1801 2489 1392
f 1804 1349 2489
f 2167 1804 2489
f 442 2489 1349
f 1392 2489 442
f 2168 1807 2490
f 837 2490 435
f 1807 435 2490
f 834 2490 837
f 2182 2490 834
f 2168 2490 1817
f 2182 1817 2490
f 2173 2491 2170
f 1360 2491 1362
f 1362 2491 2173
f 2492 2493 2432
f 2493 2433 2432
f 2494 2493 2492
f 2495 2174 2496
f 2492 2496 2494
f 2497 2498 853
f 2497 2499 2498
f 1810 2500 2179
f 2500 1810 1812
f 2501 2175 2174
f 2495 2501 2174
f 2173 2502 1815
f 2502 2173 2172
f 2503 2502 2172
f 2502 2503 2504
f 2441 2504 2442
f 1828 1825 2505
f 2190 1828 2505
f 1831 2505 1825
f 1366 2505 1831
f 839 2505 1365
f 2505 1366 1365
f 839 838 2505
f 2190 2505 838
f 2506 2456 2507
f 2201 2507 2209
f 2201 2199 2507
f 2506 2507 2199
f 2506 2508 2456
f 2508 2455 2456
f 2455 2508 2509
f 1836 2510 452
f 2207 452 2510
f 135 2510 1836
f 2195 2510 135
f 2207 2510 2206
f 2216 2511 2203
f 2207 2203 2511
f 2207 2511 452
f 2511 2214 452
f 2214 2511 2216
f 2205 2512 2203
f 2216 2203 2512
f 2208 2513 2202
f 2211 2513 2205
f 2512 2205 2513
f 2512 2513 2208
f 2197 2514 2176
f 2200 2514 2197
f 2202 2515 2200
f 2515 2514 2200
f 2215 2216 2516
f 2215 2516 2213
f 1837 2517 1838
f 2517 1839 1838
f 1848 2518 1849
f 1847 1374 2519
f 2220 2519 1374
f 1847 2519 1087
f 1087 2519 2220
f 1846 2520 1593
f 2219 1593 2520
f 2521 2219 2520
f 2521 2520 2522
f 2523 1790 1802
f 2523 2222 2221
f 1790 2523 1791
f 1791 2523 2221
f 2524 2525 1845
f 2217 1845 2525
f 2526 2527 2528
f 2527 2529 2528
f 2224 1865 2530
f 2224 2530 1852
f 1852 2530 861
f 2530 1863 861
f 1863 2530 1865
f 2234 2531 1870
f 2532 2225 861
f 1864 2532 861
f 1871 2532 1864
f 203 202 2533
f 203 2533 2226
f 2229 2534 2227
f 2231 2535 2234
f 2232 2535 2231
f 2485 2536 2486
f 2230 2537 2232
f 2538 2539 2540
f 2541 2538 2542
f 2541 2539 2538
f 2540 2543 2538
f 2537 2543 2540
f 2543 2537 2230
f 1343 1345 2544
f 2545 2546 2547
f 2548 2545 2547
f 2478 2548 2479
f 2542 2549 2550
f 1858 1857 2549
f 1866 1868 2551
f 2551 2235 1866
f 2237 2551 1868
f 2235 2551 2237
f 2236 1857 2552
f 2236 2552 2235
f 1859 2552 1857
f 2235 2552 1859
f 1875 2553 860
f 2243 860 2553
f 2243 2553 1875
f 2554 2243 1875
f 862 2554 1875
f 2241 2554 862
f 2241 1379 2554
f 2243 2554 1379
f 2471 2555 2474
f 2246 831 2555
f 2247 2555 831
f 2238 2556 2236
f 2251 2556 2252
f 2557 2251 2166
f 2557 2166 1857
f 2236 2557 1857
f 2556 2557 2236
f 2557 2556 2251
f 1890 1803 2558
f 2253 2558 1803
f 1890 2558 876
f 2558 2253 876
f 1891 2559 1394
f 2559 2254 1394
f 2255 2559 1891
f 2254 2559 2255
f 1891 1888 2560
f 2560 2255 1891
f 2561 2562 2255
f 2562 2256 2255
f 2222 2562 2561
f 1803 2562 1802
f 2256 2562 1803
f 1802 2562 2523
f 2523 2562 2222
f 2524 2563 2564
f 2565 2563 2561
f 2561 2566 2222
f 2524 1845 2566
f 2566 2563 2524
f 2563 2566 2561
f 1845 1844 2566
f 2222 2566 1844
f 2526 2567 1375
f 2564 2568 2524
f 2526 2528 2568
f 2567 2568 2564
f 2567 2526 2568
f 2524 2568 2525
f 2525 2568 2528
f 1851 2569 1375
f 2223 2569 1851
f 2570 2571 2143
f 2143 2571 2146
f 1196 2572 888
f 888 2572 2072
f 1428 2573 896
f 2264 2573 1428
f 2573 2264 1910
f 896 2573 902
f 2573 1434 902
f 2573 1910 1434
f 2265 2574 1907
f 2574 1432 1907
f 2574 1906 1432
f 2058 2575 1645
f 2574 2575 1906
f 2264 2576 1910
f 2576 2265 1910
f 1644 1169 2576
f 2576 2264 1644
f 1926 1924 2577
f 1926 2577 950
f 2273 331 2577
f 950 2577 331
f 2279 2578 2278
f 2278 2578 2579
f 2278 2579 2580
f 2278 2580 2280
f 2581 2578 2582
f 2582 2583 2584
f 420 235 2583
f 2583 2582 420
f 2053 2585 607
f 2585 2281 607
f 1944 2289 2586
f 2586 2285 1612
f 1613 2586 1612
f 1944 2586 1613
f 619 2587 615
f 1112 615 2587
f 1621 1112 2587
f 2585 2588 2281
f 2585 2053 2588
f 2052 2588 2053
f 1621 2588 2052
f 2587 2589 1621
f 1621 2589 2588
f 2590 2591 2592
f 1475 2593 1939
f 2593 2287 1939
f 2292 2594 1953
f 1953 2594 585
f 1603 585 2594
f 2344 1603 2594
f 1978 2595 1955
f 1955 2595 1022
f 1022 2595 1530
f 2595 1985 1530
f 2307 2595 1978
f 1959 2596 1501
f 2596 2294 1501
f 1964 1012 2597
f 2597 2297 1964
f 1012 1011 2597
f 1995 2597 1011
f 1995 2305 2597
f 2305 2299 2597
f 2297 2597 2299
f 2301 2598 1966
f 2297 2300 2598
f 2297 2598 1965
f 2301 1965 2598
f 2310 2598 2300
f 1966 2598 1967
f 2310 1967 2598
f 2304 2303 2599
f 2304 2599 2305
f 2599 2311 2305
f 1995 2600 2303
f 1994 2600 1995
f 1994 1540 2600
f 1969 2601 1514
f 1514 2601 2306
f 2318 2602 1540
f 2602 2318 1993
f 2600 1540 2602
f 2600 2602 2603
f 2602 1993 2604
f 2605 2308 1527
f 2307 1525 2605
f 2308 2605 1525
f 1984 2606 1982
f 2311 2606 1984
f 1982 2606 1513
f 1969 1513 2606
f 2599 1969 2606
f 2599 2606 2311
f 2003 1053 2607
f 2323 2607 1053
f 2003 2607 1059
f 1059 2607 2005
f 2005 2607 1553
f 2608 2324 556
f 557 640 2608
f 556 557 2608
f 640 642 2608
f 2324 2608 642
f 2326 2609 1556
f 2335 2609 2336
f 2609 2326 1691
f 2091 2609 1691
f 2609 2091 2336
f 2011 2610 1070
f 2611 2610 2011
f 1070 2610 1560
f 1560 2610 2411
f 2411 2610 2611
f 1715 2612 2328
f 2407 2612 1715
f 2115 2612 2407
f 2012 2613 2330
f 2012 2013 2613
f 2329 2614 565
f 2612 2615 2328
f 2412 2615 1712
f 2616 2617 2618
f 2619 2620 2617
f 2616 2619 2617
f 2621 2334 1556
f 2334 2621 2335
f 2609 2621 1556
f 2609 2335 2621
f 2334 2622 563
f 2623 2622 2334
f 2337 2624 1805
f 1350 2625 1351
f 2337 1351 2625
f 2030 2626 196
f 1598 2626 2030
f 1584 2626 1539
f 1596 1539 2626
f 1596 2626 1598
f 1587 196 2626
f 1584 1586 2626
f 1587 2626 1586
f 2032 2627 2340
f 1590 2627 21
f 1592 2627 1590
f 2340 2627 1592
f 2627 19 21
f 2627 2032 19
f 1868 2628 2237
f 2341 2237 2628
f 2628 2629 2341
f 2630 2629 2628
f 1864 2631 1868
f 1868 2631 2628
f 2628 2631 2630
f 2342 2034 2632
f 2631 2632 2630
f 2633 2634 2344
f 2344 2634 1603
f 2039 2635 1602
f 2345 2635 2039
f 1602 2635 145
f 2345 145 2635
f 2633 2636 2634
f 2634 2636 2345
f 2345 2636 143
f 2344 2037 2637
f 2638 2639 2640
f 2639 2037 143
f 2640 2639 143
f 2041 2641 1976
f 2346 1976 2641
f 1096 522 2641
f 2641 2041 1096
f 1020 2641 522
f 2346 2641 1020
f 2042 1609 2642
f 1609 1108 2642
f 2347 2642 1108
f 2042 2642 2045
f 2045 2642 2347
f 2045 2643 2044
f 2044 2643 2043
f 2351 2043 2643
f 2351 2643 2050
f 2348 2349 2644
f 2352 2644 2349
f 2348 2644 2045
f 2350 2644 1488
f 2352 1488 2644
f 2644 2643 2045
f 2643 2644 2350
f 2349 2645 2352
f 2349 2314 2645
f 2313 2645 2314
f 1192 2646 1193
f 2358 1193 2646
f 2369 2646 1192
f 2358 2646 2365
f 2646 2371 2365
f 2371 2646 2369
f 2359 2647 2064
f 284 2647 285
f 2064 2647 284
f 2060 285 2647
f 2060 2647 2063
f 2359 2063 2647
f 2361 2648 2363
f 2366 2648 2361
f 2363 2648 2068
f 2366 2068 2648
f 2372 2649 2373
f 1663 2649 2372
f 2375 2373 2649
f 1662 1199 2649
f 1662 2649 1663
f 1198 2649 1199
f 2375 2649 1198
f 1663 2650 1401
f 2372 2650 1663
f 1399 1401 2650
f 1400 1399 2650
f 1894 1400 2650
f 1894 2650 1897
f 267 2650 270
f 1417 1897 2650
f 2261 1417 2650
f 1901 2650 267
f 2261 2650 1901
f 2374 1198 2651
f 2374 2651 2067
f 2376 2066 2652
f 2376 2652 2367
f 2366 2652 2066
f 2367 2652 2366
f 2377 688 2653
f 2069 2653 2062
f 2355 2653 688
f 2653 2355 2062
f 2069 2379 2654
f 2655 2654 2379
f 2654 2653 2069
f 2653 2654 2377
f 2075 1328 2656
f 816 2656 1328
f 2380 2075 2656
f 2380 2656 2655
f 2377 2656 816
f 2654 2656 2377
f 2656 2654 2655
f 2076 2657 2074
f 2380 2657 2076
f 2657 2655 2074
f 2655 2657 2380
f 1342 2658 831
f 2659 2658 1342
f 831 2658 2660
f 2659 2660 2658
f 1342 2661 2659
f 2659 2661 2087
f 2153 2661 1342
f 2464 2661 2153
f 2088 2662 1681
f 1681 2662 2087
f 1692 2663 734
f 2390 734 2663
f 1689 1239 2663
f 1689 2663 1692
f 1239 732 2663
f 733 2663 732
f 2390 2663 733
f 934 2664 936
f 934 933 2664
f 481 2664 933
f 2393 2664 481
f 2392 2665 2093
f 2664 2393 2665
f 2666 1699 2397
f 1699 2666 1697
f 2094 1697 2666
f 2095 2667 2398
f 2394 2667 2095
f 2394 2668 737
f 2668 2394 2095
f 738 737 2668
f 738 2668 1247
f 2668 2095 1247
f 2395 2669 2396
f 2396 2669 948
f 2395 2398 2669
f 948 2669 331
f 331 2669 1701
f 2667 2669 2398
f 1701 2669 2394
f 2394 2669 2667
f 2402 2670 2401
f 2100 2670 1709
f 1709 2670 2402
f 2671 2672 2670
f 2670 2672 2401
f 2673 2674 2671
f 1271 1272 2675
f 2100 1271 2675
f 2675 2676 2100
f 2415 2677 2405
f 2405 2677 2404
f 1718 2678 1274
f 2408 2678 1718
f 2103 1274 2678
f 2408 2103 2678
f 2105 2679 2104
f 2409 2104 2679
f 2409 2679 1712
f 2412 1712 2679
f 2413 2412 2679
f 2413 2679 2105
f 2410 2680 1561
f 2413 2680 2410
f 2105 1561 2680
f 2680 2413 2105
f 2384 2681 2085
f 2423 2681 2384
f 2272 2085 2681
f 2681 2423 2272
f 2126 2682 2127
f 2682 2426 2127
f 2128 2683 1761
f 2428 1761 2683
f 2429 2683 2128
f 2431 2684 2131
f 2684 1762 815
f 2131 2684 815
f 2426 2685 2427
f 2427 2685 2430
f 2426 2434 2685
f 2434 2686 2432
f 2686 2682 2435
f 2426 2686 2434
f 2682 2686 2426
f 2435 2437 2687
f 2492 2432 2687
f 2686 2687 2432
f 2686 2435 2687
f 2688 2689 2212
f 2689 2438 2212
f 2497 2690 2499
f 853 2690 2497
f 2439 2690 853
f 450 2691 2439
f 2440 2692 2693
f 2445 2693 2692
f 2133 2692 2436
f 2445 2692 2133
f 2694 2443 2179
f 2443 2694 1776
f 1775 1776 2695
f 2445 2695 2693
f 1775 2695 2444
f 2695 2445 2444
f 2694 2695 1776
f 2695 2694 2693
f 1779 1773 2696
f 1779 2696 822
f 2696 1770 822
f 2696 2446 1770
f 2447 2697 2135
f 1332 2697 1765
f 2135 2697 1332
f 2126 1765 2697
f 2126 2697 2134
f 2134 2697 2447
f 2136 2698 1763
f 2698 2447 1763
f 2444 2132 2698
f 2447 2698 2132
f 2448 2699 2138
f 2131 1319 2699
f 2138 2699 1319
f 2430 2131 2699
f 2430 2699 2427
f 2448 2427 2699
f 2700 2453 2701
f 2700 2701 2702
f 2454 2703 2509
f 2703 2455 2509
f 1359 2704 1360
f 2704 2491 1360
f 2453 2704 1359
f 2700 2704 2453
f 2221 2705 1791
f 2457 2705 2221
f 2149 1791 2705
f 2701 2149 2705
f 2388 2706 2660
f 2462 2706 2388
f 2660 2706 831
f 2463 2706 2462
f 2707 2464 1821
f 2185 2707 1816
f 2185 2186 2707
f 2464 2707 2186
f 2184 1816 2707
f 2184 2707 1821
f 2472 2708 1344
f 2154 2708 2472
f 2708 2154 2156
f 2708 2709 2466
f 2161 2710 2711
f 2711 2710 2712
f 2161 2713 2162
f 2713 2161 2711
f 2714 2713 2711
f 2155 2022 2715
f 2155 2715 2156
f 2018 1573 2716
f 2023 2716 1575
f 2716 2023 2018
f 2475 2717 2718
f 2474 2717 2475
f 2024 2717 2476
f 2476 2717 2474
f 868 2717 1388
f 869 2717 868
f 2718 2717 869
f 1388 2717 1883
f 1883 2717 2024
f 2718 2719 2475
f 2245 2719 1881
f 1881 2719 869
f 2718 869 2719
f 2470 2720 2471
f 2160 440 2720
f 2160 2720 1344
f 2470 1344 2720
f 2246 2720 440
f 2720 2555 2471
f 2555 2720 2246
f 2473 2475 2721
f 2473 2721 2468
f 2719 2721 2475
f 2722 2480 1346
f 2480 2722 2478
f 2481 2484 2723
f 2723 2164 1795
f 2164 2723 2484
f 2724 2723 1795
f 2724 2485 2723
f 2481 2723 2485
f 2487 2725 2163
f 2482 2486 2725
f 2725 2487 2482
f 2165 1887 2726
f 2488 2165 2726
f 1394 2726 1886
f 1887 1886 2726
f 2493 2727 2433
f 2728 2729 2727
f 2433 2727 2729
f 2496 2730 2495
f 2492 2730 2496
f 2687 2437 2730
f 2687 2730 2492
f 2731 2732 2515
f 2515 2732 2514
f 2733 2498 2499
f 2734 1372 2733
f 2501 2735 2175
f 2171 2735 2172
f 2172 2735 2503
f 2501 2503 2735
f 2171 2198 2735
f 2175 2735 2198
f 2504 2736 2502
f 1815 2736 1812
f 2502 2736 1815
f 2500 1812 2736
f 2500 2736 2441
f 2441 2736 2504
f 2501 2737 2503
f 2737 2504 2503
f 2501 2495 2737
f 2504 2737 2442
f 2454 2509 2738
f 2508 2738 2509
f 2196 2198 2738
f 2454 2738 2198
f 2510 2739 2206
f 2739 2510 2195
f 2195 1372 2739
f 2734 2739 1372
f 2734 2206 2739
f 2740 2208 2209
f 2740 2512 2208
f 2512 2740 2216
f 2516 2740 2209
f 2516 2216 2740
f 2205 2741 2211
f 2204 2741 2205
f 2741 2688 2212
f 2211 2741 2212
f 2515 2202 2742
f 2513 2742 2202
f 2742 2513 2211
f 2742 2211 2210
f 2731 2742 2210
f 2515 2742 2731
f 2743 2214 1839
f 2517 2743 1839
f 2214 2743 1837
f 2517 1837 2743
f 2522 2744 2521
f 2745 2744 2522
f 1846 2746 2520
f 2747 2522 2746
f 2520 2746 2522
f 2518 2746 1849
f 2516 2748 2213
f 2748 2529 2527
f 2213 2748 1842
f 1842 2748 2527
f 2749 2525 2528
f 2529 2749 2528
f 2525 2749 2217
f 2217 2749 2456
f 2749 2529 2750
f 2748 2516 2750
f 2748 2750 2529
f 2507 2750 2209
f 2516 2209 2750
f 2225 2751 1854
f 2751 2531 1854
f 2531 2751 1870
f 2532 2751 2225
f 1871 1870 2751
f 2532 1871 2751
f 594 2752 202
f 594 591 2752
f 2534 2753 2227
f 2531 2753 1854
f 1854 2753 2534
f 2229 1856 2754
f 2534 2229 2754
f 2755 1854 2754
f 2534 2754 1854
f 2234 2756 2531
f 2535 2756 2234
f 2756 2753 2531
f 2537 2540 2757
f 2537 2757 2536
f 2536 2757 2486
f 2725 2486 2757
f 2537 2758 2232
f 2536 2758 2537
f 2724 2758 2485
f 2485 2758 2536
f 2541 2542 2759
f 2550 2759 2542
f 1869 2760 2230
f 2230 2760 2543
f 1869 1859 2760
f 1858 2760 1859
f 1794 2761 1345
f 2544 1345 2761
f 2466 2761 1794
f 2709 2761 2466
f 2546 2762 2763
f 2763 2762 2710
f 2710 2762 2712
f 2546 2763 2764
f 2759 2764 2541
f 2546 2764 2547
f 2547 2764 2759
f 2547 2765 2548
f 2759 2765 2547
f 2759 2550 2765
f 2550 2479 2765
f 2548 2765 2479
f 2545 2766 2544
f 2548 2766 2545
f 2544 2766 1343
f 2548 2478 2766
f 2722 2766 2478
f 1343 2766 1346
f 2766 2722 1346
f 2549 2767 2550
f 2550 2767 2479
f 2479 2767 2165
f 2767 2549 1857
f 2165 2767 2166
f 2166 2767 1857
f 2474 2768 2158
f 2555 2768 2474
f 2247 2158 2768
f 2555 2247 2768
f 2247 2248 2769
f 2247 2770 1885
f 2771 2770 2247
f 1885 2770 1389
f 1389 2770 2250
f 2250 2770 1391
f 1391 2770 1390
f 2770 1679 1390
f 2772 2773 2247
f 2771 2773 1234
f 2252 2774 1888
f 2560 1888 2774
f 2560 2774 2255
f 1848 1376 2775
f 2518 1848 2775
f 1375 2775 1376
f 2567 2775 1375
f 2775 2776 2518
f 2776 2775 2567
f 2526 1375 2777
f 2569 2777 1375
f 2527 2777 1842
f 2527 2526 2777
f 2223 1842 2777
f 2777 2569 2223
f 2571 2570 2778
f 1896 2778 1895
f 2778 1414 1416
f 2778 1896 1414
f 2146 2778 1416
f 2571 2778 2146
f 2070 2779 1660
f 2779 2070 2071
f 1660 2779 1196
f 2779 2572 1196
f 2570 2143 2780
f 2572 2780 2072
f 2780 2779 2570
f 2779 2780 2572
f 2575 2781 1906
f 2263 2781 1317
f 2781 2263 1906
f 2354 1317 2781
f 2354 2781 2058
f 2575 2058 2781
f 2576 2782 2265
f 2574 2265 2782
f 2574 2782 2575
f 2575 2782 1645
f 1645 2782 1169
f 2576 1169 2782
f 1925 2783 1924
f 2577 1924 2783
f 2273 2783 1925
f 2577 2783 2273
f 2279 2784 2578
f 1116 418 2784
f 2784 2279 1116
f 420 2784 418
f 2582 2784 420
f 2578 2784 2582
f 2280 2785 414
f 414 2785 37
f 2282 37 2785
f 2786 2283 2785
f 2787 2786 2785
f 2282 2785 2283
f 2788 2580 2579
f 2580 2788 2787
f 2590 2789 2788
f 2787 2788 2789
f 2581 2582 2790
f 2281 2791 233
f 2791 232 233
f 2792 2791 2281
f 232 2791 235
f 2583 235 2791
f 2583 2791 2584
f 2584 2791 2792
f 2793 1940 2283
f 1940 2793 1941
f 2794 2793 2795
f 2794 2796 2797
f 2796 2794 2795
f 2586 2289 2798
f 2586 2798 2285
f 619 2799 2587
f 2799 2589 2587
f 2589 2799 2800
f 2801 2802 2592
f 2591 2803 2592
f 2804 2803 2591
f 2805 2806 2807
f 2808 2809 2287
f 2810 2809 2808
f 1471 1470 2809
f 2287 2809 1470
f 2288 1946 2811
f 2288 2811 2290
f 2344 2812 2036
f 2594 2812 2344
f 2036 2812 985
f 2292 2812 2594
f 1951 985 2812
f 2292 1951 2812
f 2595 2307 2813
f 2605 2813 2307
f 1983 1985 2813
f 2595 2813 1985
f 2596 1959 2814
f 1959 1948 2814
f 1025 2814 525
f 527 2814 1948
f 525 2814 527
f 2603 2815 2600
f 2306 2816 1974
f 2601 2816 2306
f 1974 2816 1597
f 2817 2604 1993
f 1494 2818 1034
f 2819 2818 1494
f 2818 2645 2313
f 2645 2818 2819
f 2291 2820 1494
f 2819 1494 2820
f 2645 2819 2820
f 2323 2004 2821
f 2821 2607 2323
f 2004 1553 2821
f 2607 2821 1553
f 2822 2617 2620
f 2823 2824 2822
f 2611 2825 2411
f 2826 2411 2825
f 2619 2825 2620
f 2826 2825 2619
f 565 2827 1073
f 2614 2827 565
f 1073 2827 2614
f 2619 2828 2826
f 2828 2615 2412
f 2411 2828 2412
f 2826 2828 2411
f 2618 2829 2616
f 2328 2829 2013
f 2616 2829 2619
f 2615 2829 2328
f 2615 2830 1712
f 2830 2115 1712
f 2831 2617 2331
f 2330 2831 2331
f 2016 2832 2015
f 2017 2832 2016
f 2335 2833 2334
f 2834 2833 2335
f 2833 2623 2334
f 2623 2833 2834
f 566 2835 359
f 1073 2835 566
f 2836 2837 2623
f 2837 2622 2623
f 2836 2823 2837
f 1563 563 2837
f 2622 2837 563
f 1563 2837 1072
f 2823 1072 2837
f 2614 2838 1073
f 2824 2838 2329
f 2838 2614 2329
f 1805 2839 1078
f 2624 2839 1805
f 2839 1079 1078
f 2839 2021 1079
f 2625 2840 2337
f 2162 2840 2487
f 2625 1350 2841
f 443 2841 1350
f 2339 2841 443
f 2338 1578 2842
f 2164 2842 1578
f 2164 2484 2842
f 2556 2238 2843
f 2556 2843 2252
f 2844 2845 2846
f 2629 2630 2847
f 2632 2847 2630
f 2847 2632 2034
f 2631 2848 2632
f 1861 2848 1864
f 2631 1864 2848
f 2342 2848 1861
f 2632 2848 2342
f 2849 2345 2039
f 2345 2849 2634
f 1603 2849 2039
f 2634 2849 1603
f 2638 2850 2037
f 2638 2640 2850
f 2344 2851 2633
f 2637 2851 2344
f 2640 143 2852
f 2636 2852 143
f 2850 2640 2852
f 2851 2637 2852
f 2852 2636 2633
f 2851 2852 2633
f 2037 2853 2638
f 2350 2049 2854
f 2643 2350 2854
f 2050 2854 2049
f 2643 2854 2050
f 2352 2855 1947
f 2645 2855 2352
f 1947 2855 2291
f 2291 2855 2820
f 2820 2855 2645
f 2856 2372 2369
f 2856 2650 2372
f 1192 2856 2369
f 2650 2856 270
f 1659 270 2856
f 1659 2856 1192
f 2651 2857 2067
f 2067 2857 2068
f 2857 2378 2068
f 2378 2857 2379
f 2655 2858 2074
f 2074 2858 2073
f 2655 2379 2858
f 2073 2858 1198
f 2651 1198 2858
f 2857 2858 2379
f 2857 2651 2858
f 2386 2087 2859
f 2661 2859 2087
f 2464 2186 2859
f 2859 2661 2464
f 2152 2859 2186
f 2152 1787 2859
f 1787 1682 2859
f 2386 2859 1682
f 2860 2662 2088
f 2660 2860 2388
f 2662 2860 2087
f 2659 2860 2660
f 2087 2860 2659
f 2093 2861 1698
f 2392 936 2862
f 2665 2392 2862
f 2664 2862 936
f 2665 2862 2664
f 2670 2863 2671
f 2673 2671 2863
f 2101 2864 1273
f 1273 2864 1272
f 2677 2415 2865
f 2404 2866 2102
f 2677 2866 2404
f 2102 2866 1711
f 2682 2867 2435
f 2133 2436 2867
f 2435 2867 2436
f 2133 2867 2134
f 2867 2126 2134
f 2126 2867 2682
f 2868 2683 2429
f 2684 2431 2868
f 2869 2429 2129
f 2429 2869 2868
f 2868 2869 2684
f 2129 850 2869
f 2684 2869 1762
f 1762 2869 850
f 2430 2870 2431
f 2685 2870 2430
f 2728 2871 2729
f 851 2872 450
f 2872 2691 450
f 2873 2692 2440
f 2440 2442 2873
f 2436 2873 2437
f 2692 2873 2436
f 2874 2694 2179
f 2440 2874 2441
f 2440 2693 2874
f 2694 2874 2693
f 2500 2874 2179
f 2500 2441 2874
f 2446 2875 2136
f 2875 2698 2136
f 2444 2875 1775
f 2698 2875 2444
f 2149 2876 1363
f 2701 2876 2149
f 2453 1363 2876
f 2701 2453 2876
f 2455 2877 1843
f 2877 2457 1843
f 2877 2705 2457
f 2703 2702 2877
f 2703 2877 2455
f 2703 2878 2702
f 2878 2703 2454
f 2878 2454 2171
f 2170 2878 2171
f 2706 2879 831
f 2465 831 2879
f 2879 2706 2465
f 2706 2463 2880
f 2706 2880 2465
f 2463 2459 2880
f 2465 2880 2459
f 2466 1793 2881
f 2881 2708 2466
f 1344 2881 1793
f 2708 2881 1344
f 2709 2882 2883
f 2708 2882 2709
f 2882 2708 2156
f 2883 2882 2762
f 2762 2882 2712
f 2163 2884 2161
f 2884 2710 2161
f 2468 2885 2157
f 2721 2885 2468
f 2245 1575 2886
f 2245 2886 2719
f 2719 2887 2721
f 2886 2887 2719
f 2716 2887 1575
f 2886 1575 2887
f 2726 2888 2488
f 2477 2888 877
f 2488 2888 2477
f 877 2888 875
f 2888 1394 875
f 1394 2888 2726
f 2889 2727 2493
f 2889 2493 2494
f 2732 2889 2494
f 2732 2731 2889
f 2730 2890 2495
f 2737 2890 2442
f 2737 2495 2890
f 2873 2442 2890
f 2890 2730 2437
f 2873 2890 2437
f 2496 2891 2494
f 2891 2732 2494
f 2496 2174 2891
f 2174 2176 2891
f 2514 2891 2176
f 2732 2891 2514
f 2499 2892 2733
f 2733 2892 2734
f 2733 2893 2498
f 1373 854 2893
f 1373 2893 1372
f 2733 1372 2893
f 853 2893 854
f 2498 2893 853
f 2508 2894 2738
f 2506 2199 2894
f 2508 2506 2894
f 2197 2894 2199
f 2196 2894 2197
f 2738 2894 2196
f 2741 2204 2895
f 2204 2206 2895
f 2734 2895 2206
f 2892 2895 2734
f 2741 2895 2688
f 2892 2688 2895
f 2747 2896 2522
f 2896 2745 2522
f 2744 2897 2846
f 2745 2897 2744
f 2563 2898 2564
f 2898 2567 2564
f 2898 2776 2567
f 2899 2746 1846
f 2220 1849 2899
f 2746 2899 1849
f 2507 2456 2900
f 2750 2507 2900
f 2749 2900 2456
f 2750 2900 2749
f 2901 2533 202
f 2752 2901 202
f 2753 2902 2227
f 2756 2902 2753
f 2228 2227 2902
f 2756 2535 2902
f 2757 2903 2725
f 2539 2903 2540
f 2757 2540 2903
f 2725 2903 2163
f 2884 2163 2903
f 1795 2904 2724
f 2902 2904 2228
f 1796 2904 1795
f 2228 2904 1796
f 2543 2905 2538
f 2760 2905 2543
f 2538 2905 2542
f 2760 1858 2905
f 2542 2905 2549
f 2549 2905 1858
f 2546 2545 2906
f 2544 2906 2545
f 2761 2906 2544
f 2762 2906 2883
f 2762 2546 2906
f 2709 2883 2906
f 2906 2761 2709
f 2907 2772 2247
f 2769 2907 2247
f 2770 2908 1679
f 1233 2908 1234
f 1679 2908 1233
f 2247 2909 2771
f 2773 2909 2247
f 2773 2771 2909
f 2843 2910 2252
f 2774 2911 2255
f 2911 2774 2565
f 2561 2255 2911
f 2565 2561 2911
f 2778 2912 1895
f 2778 2570 2912
f 1893 1895 2912
f 1893 2912 2071
f 2071 2912 2779
f 2779 2912 2570
f 2451 2913 2143
f 2780 2143 2913
f 1398 2913 2147
f 2451 2147 2913
f 2780 2913 2072
f 2913 1398 889
f 2072 2913 889
f 2580 2914 2280
f 2280 2914 2785
f 2787 2914 2580
f 2785 2914 2787
f 2915 2591 2590
f 2788 2915 2590
f 2788 2579 2915
f 2584 2916 2582
f 2790 2582 2916
f 2790 2917 2581
f 2804 2917 2807
f 2916 2917 2790
f 2584 2917 2916
f 2793 2918 1941
f 2918 2793 2794
f 2418 2918 2113
f 2418 1941 2918
f 2793 2919 2795
f 2795 2919 2920
f 2919 2793 2283
f 2786 2919 2283
f 2921 2796 2795
f 2796 2921 2797
f 2798 2922 2285
f 2923 2924 2925
f 2925 2924 2802
f 2801 2592 2926
f 2803 2926 2592
f 2804 2927 2803
f 2806 2928 2927
f 2804 2807 2927
f 2806 2927 2807
f 2806 2805 2929
f 2930 2929 2805
f 2929 2930 2931
f 2588 2932 2281
f 2809 2810 2933
f 2810 2808 2934
f 2933 2810 2934
f 2935 2934 2811
f 2811 2934 2290
f 2936 2937 2593
f 2936 2593 1475
f 1474 2936 1475
f 2401 2936 1474
f 2672 2938 2401
f 2936 2401 2938
f 2936 2938 2937
f 2674 2938 2671
f 2671 2938 2672
f 2937 2939 2593
f 2940 2811 1946
f 1946 1486 2940
f 2605 1527 2941
f 2605 2941 2813
f 1527 1980 2941
f 1983 2941 1980
f 2813 2941 1983
f 2942 2814 1025
f 1532 2942 1987
f 1987 2942 1025
f 2294 2942 1532
f 2596 2942 2294
f 2814 2942 2596
f 2600 2943 2303
f 2815 2943 2600
f 2815 2603 2944
f 2943 2815 2944
f 2943 2944 2303
f 2599 2303 2944
f 2599 2944 1969
f 2944 2601 1969
f 2602 2945 2603
f 2604 2945 2602
f 2816 2946 1597
f 2817 2946 2604
f 1597 2946 1539
f 1537 1539 2946
f 2947 1993 1537
f 1993 2947 2817
f 2946 2947 1537
f 2817 2947 2946
f 2818 2948 1034
f 2313 2948 2818
f 1989 1034 2948
f 2313 1989 2948
f 2617 2949 2331
f 2822 2949 2617
f 2329 567 2949
f 2329 2949 2824
f 2822 2824 2949
f 2331 2949 2014
f 567 568 2949
f 2014 2949 568
f 2822 2950 2823
f 2823 2950 1072
f 2620 2950 2822
f 2825 2611 2950
f 2825 2950 2620
f 2829 2951 2013
f 2829 2618 2951
f 2330 2951 2618
f 2613 2013 2951
f 2613 2951 2330
f 2828 2952 2615
f 2829 2615 2952
f 2619 2952 2828
f 2829 2952 2619
f 2612 2953 2615
f 2830 2615 2953
f 2953 2612 2115
f 2830 2953 2115
f 2618 2954 2330
f 2831 2330 2954
f 2617 2954 2618
f 2831 2954 2617
f 2335 2955 2834
f 2834 2955 2832
f 2335 2015 2955
f 2832 2955 2015
f 2838 2956 1073
f 2625 2957 2840
f 2482 2957 2483
f 2487 2957 2482
f 2840 2957 2487
f 2624 2337 2958
f 2840 2958 2337
f 2713 2958 2162
f 2958 2840 2162
f 2841 2959 2625
f 2957 2959 2483
f 2625 2959 2957
f 2844 2960 2341
f 2341 2960 2238
f 2843 2238 2960
f 2845 2961 2846
f 2846 2961 2744
f 2744 2961 2521
f 2844 2962 2845
f 2961 2845 2962
f 2637 2037 2963
f 2852 2637 2963
f 2639 2638 2964
f 2853 2964 2638
f 2639 2964 2037
f 2037 2964 2853
f 2389 2965 2088
f 2088 2965 2860
f 2389 2388 2965
f 2860 2965 2388
f 1698 2966 2397
f 2861 2966 1698
f 2967 2665 2393
f 2861 2967 2393
f 2665 2967 2093
f 2861 2093 2967
f 2968 2969 2970
f 2971 2970 2969
f 2863 2670 2972
f 2863 2972 2676
f 2670 2100 2972
f 2676 2972 2100
f 2973 2974 2673
f 2863 2973 2673
f 2864 2975 1272
f 2976 2975 2864
f 2675 1272 2975
f 2675 2975 2976
f 2977 2978 2979
f 2918 2794 2980
f 2865 2981 2677
f 2866 2677 2981
f 2981 2865 2979
f 2978 2981 2979
f 2870 2982 2431
f 2868 2431 2982
f 2868 2982 2683
f 2983 2428 2984
f 2871 2983 2984
f 2683 2984 2428
f 2982 2984 2683
f 2685 2434 2985
f 2985 2870 2685
f 2433 2985 2434
f 2433 2729 2985
f 2986 2987 2689
f 2438 2987 2728
f 2689 2987 2438
f 2871 2728 2987
f 2983 2987 2986
f 2871 2987 2983
f 2986 2689 2988
f 2988 2892 2499
f 2689 2688 2988
f 2892 2988 2688
f 2986 2989 2983
f 2872 2989 2691
f 2983 2989 2428
f 2428 2989 851
f 2989 2872 851
f 2696 1773 2990
f 2875 2990 1775
f 2696 2990 2446
f 2990 2875 2446
f 1772 2990 1773
f 1772 1775 2990
f 2705 2991 2701
f 2877 2991 2705
f 2701 2991 2702
f 2877 2702 2991
f 2702 2992 2700
f 2878 2992 2702
f 2992 2704 2700
f 2878 2170 2992
f 2491 2992 2170
f 2704 2992 2491
f 2715 2993 2156
f 2156 2993 2882
f 2714 2711 2993
f 2715 2714 2993
f 2712 2993 2711
f 2882 2993 2712
f 2541 2994 2539
f 2994 2903 2539
f 2903 2994 2884
f 2764 2994 2541
f 2764 2763 2994
f 2710 2994 2763
f 2884 2994 2710
f 2885 2995 2157
f 2020 2995 1574
f 2157 2995 2020
f 1573 1574 2995
f 2716 1573 2995
f 2887 2716 2996
f 2995 2996 2716
f 2885 2996 2995
f 2721 2996 2885
f 2887 2996 2721
f 2889 2997 2727
f 2728 2997 2438
f 2727 2997 2728
f 2438 2997 2210
f 2731 2210 2997
f 2889 2731 2997
f 2896 2998 2745
f 2897 2745 2998
f 2896 2747 2998
f 2746 2998 2747
f 2998 2746 2518
f 2776 2999 2518
f 2518 2999 3000
f 3001 2844 2846
f 2844 3001 2960
f 2898 3001 2776
f 3001 2999 2776
f 2999 3001 3000
f 3002 2899 1846
f 2899 3002 2220
f 1846 1087 3002
f 2220 3002 1087
f 2755 3003 1854
f 1854 3003 593
f 593 3003 591
f 2902 2535 3004
f 2535 2232 3004
f 2758 3004 2232
f 3004 2904 2902
f 2758 2724 3004
f 2904 3004 2724
f 2907 2769 3005
f 2769 2248 3005
f 2907 3005 2772
f 2249 1234 3005
f 2249 3005 2248
f 2773 3005 1234
f 3005 2773 2772
f 2771 3006 2770
f 3006 2908 2770
f 1234 3006 2771
f 2908 3006 1234
f 2774 3007 2565
f 2565 3007 2910
f 2252 3007 2774
f 2910 3007 2252
f 2563 2565 3008
f 3008 2898 2563
f 2578 3009 2579
f 2917 3010 2581
f 3010 2917 2804
f 2804 2591 3010
f 2915 3010 2591
f 2915 2579 3010
f 3009 3010 2579
f 2917 2584 3011
f 3011 2805 2807
f 2917 3011 2807
f 3012 3013 2923
f 2921 3014 2797
f 3013 3014 2920
f 3013 3012 3014
f 2920 3014 2795
f 2795 3014 2921
f 3015 3016 3017
f 2799 3016 2800
f 614 3018 619
f 3019 3020 2969
f 2971 2969 3020
f 2971 3020 3021
f 2926 3022 2801
f 2802 3022 2925
f 2802 2801 3022
f 2927 3023 2803
f 2927 2928 3023
f 2806 3024 2928
f 2932 3025 2930
f 2589 2800 3025
f 2589 3025 2588
f 2588 3025 2932
f 2931 3025 2800
f 2930 3025 2931
f 2792 2281 3026
f 2932 3026 2281
f 2792 3026 2584
f 3011 2584 3026
f 3026 2932 2930
f 2930 2805 3026
f 3011 3026 2805
f 2933 3027 2809
f 3027 2935 1486
f 3027 1486 965
f 1471 3027 965
f 2809 3027 1471
f 3020 3028 3021
f 3029 2922 2798
f 2938 3030 2937
f 2937 3030 2939
f 2811 3031 2935
f 2940 3031 2811
f 2935 3031 1486
f 2940 1486 3031
f 2816 2601 3032
f 2944 3032 2601
f 2944 2603 3032
f 2945 3032 2603
f 3032 2945 2604
f 2946 3032 2604
f 2946 2816 3032
f 2017 3033 2832
f 2832 3033 3034
f 3033 2017 562
f 3034 3033 562
f 2832 3035 2834
f 3034 3035 2832
f 2956 2834 3035
f 2835 3035 359
f 562 359 3035
f 3034 562 3035
f 2956 3036 2834
f 2838 3037 2956
f 3037 2838 2824
f 3036 2956 3037
f 2823 3037 2824
f 2836 3037 2823
f 2623 3037 2836
f 3038 2839 2624
f 2958 3038 2624
f 3038 2958 2713
f 2713 2714 3038
f 2484 2483 3039
f 2959 3039 2483
f 2842 2484 3039
f 2338 3039 2339
f 2842 3039 2338
f 2841 2339 3039
f 2959 2841 3039
f 2847 3040 2629
f 1594 3041 2034
f 2034 3041 2847
f 3041 3040 2847
f 2961 3042 2521
f 2962 3042 2961
f 3040 3042 2962
f 3041 3042 3040
f 2850 3043 2037
f 2963 2037 3043
f 2852 3043 2850
f 2963 3043 2852
f 2966 2861 3044
f 2861 2393 3044
f 3044 2666 2397
f 2966 3044 2397
f 2393 480 3044
f 2094 3044 480
f 2666 3044 2094
f 3045 2970 2971
f 2970 3045 2974
f 2673 3045 2674
f 2974 3045 2673
f 2970 2974 3046
f 3046 3047 2968
f 2970 3046 2968
f 3048 3049 2977
f 3012 2923 3050
f 2925 3050 2923
f 3051 3050 2925
f 3014 3012 3052
f 3050 3052 3012
f 3051 2925 3053
f 3022 3053 2925
f 2980 3054 2918
f 2918 3054 2113
f 2111 2113 3054
f 2111 3055 2107
f 2107 3055 2108
f 3055 2417 2108
f 2865 3056 2979
f 3055 3057 2417
f 2977 3058 3048
f 2977 2979 3058
f 3056 3058 2979
f 2981 3059 2866
f 2403 3059 2101
f 2864 2101 3059
f 2403 1711 3059
f 2866 3059 1711
f 2864 3059 2978
f 3059 2981 2978
f 2985 3060 2870
f 2982 2870 3060
f 3060 2984 2982
f 2984 3060 2871
f 2871 3060 2729
f 2985 2729 3060
f 2989 3061 2691
f 2989 2986 3061
f 2691 3061 2439
f 2690 3061 2499
f 2439 3061 2690
f 3061 2988 2499
f 2988 3061 2986
f 3000 3062 2518
f 3062 2998 2518
f 2897 3062 3000
f 2998 3062 2897
f 3063 3001 2846
f 3001 3063 3000
f 2960 3064 2843
f 2910 2843 3064
f 3008 3064 2898
f 2910 3064 2565
f 3008 2565 3064
f 2755 2226 3065
f 2755 3065 3003
f 2533 3065 2226
f 2901 3065 2533
f 2901 2752 3065
f 2752 591 3065
f 3003 3065 591
f 3010 3066 2581
f 3066 3010 3009
f 2581 3066 2578
f 3009 2578 3066
f 2919 3067 2920
f 3013 2920 3067
f 3067 2919 2786
f 3013 3067 2789
f 2789 3067 2787
f 2787 3067 2786
f 3013 2789 3068
f 3013 3068 2923
f 3068 2590 2592
f 2590 3068 2789
f 2924 2923 3068
f 2802 3068 2592
f 2924 3068 2802
f 3018 3017 3069
f 3016 3069 3017
f 3018 3069 619
f 2799 3069 3016
f 3069 2799 619
f 3017 3070 3071
f 3018 3070 3017
f 2046 1614 3070
f 972 3070 973
f 2046 3070 972
f 3023 3072 2803
f 2968 3073 2969
f 3073 3019 2969
f 3024 3074 2928
f 3073 3074 3019
f 3027 3075 2935
f 3027 2933 3075
f 3075 2934 2935
f 2934 3075 2933
f 3019 3076 3020
f 3074 3076 3019
f 2287 3077 2808
f 2593 3077 2287
f 2939 3077 2593
f 2934 3078 2290
f 2290 3078 2289
f 2798 2289 3078
f 3029 2798 3078
f 3079 3080 3021
f 2835 3081 3035
f 3035 3081 2956
f 1073 3081 2835
f 2956 3081 1073
f 2834 3082 2623
f 3036 3082 2834
f 3082 3037 2623
f 3037 3082 3036
f 2839 3083 2021
f 3038 3083 2839
f 2021 3083 2022
f 3038 2714 3083
f 3083 2715 2022
f 2715 3083 2714
f 2629 3084 2341
f 3040 3084 2629
f 2962 3084 3040
f 2844 2341 3084
f 3084 2962 2844
f 2521 3085 2219
f 3042 3085 2521
f 2219 3085 1594
f 3085 3041 1594
f 3085 3042 3041
f 2973 3086 2974
f 3046 2974 3086
f 3049 3087 2977
f 2978 2977 3087
f 2864 3087 2976
f 2978 3087 2864
f 2676 3088 2863
f 3088 2973 2863
f 2675 2976 3088
f 2675 3088 2676
f 3022 3089 3053
f 3073 2968 3089
f 3047 3089 2968
f 3053 3089 3047
f 3056 3090 3091
f 3090 3057 3091
f 3056 2865 3090
f 3057 3090 2417
f 2417 3090 2415
f 2865 2415 3090
f 3092 2794 2797
f 3092 2980 2794
f 3054 3092 2111
f 3092 3054 2980
f 3055 2111 3092
f 3057 3055 3092
f 2897 3093 2846
f 3093 3063 2846
f 3000 3093 2897
f 3063 3093 3000
f 3001 3094 2960
f 2960 3094 3064
f 3001 2898 3094
f 3064 3094 2898
f 3095 3096 3091
f 3092 2797 3095
f 3057 3095 3091
f 3092 3095 3057
f 3014 3097 2797
f 3095 2797 3097
f 3095 3097 3096
f 3052 3097 3014
f 3096 3097 3052
f 3096 3098 3091
f 3056 3091 3098
f 3058 3056 3098
f 3070 3099 3071
f 2922 3099 2285
f 3071 3099 2922
f 2285 3099 1614
f 3070 1614 3099
f 3070 3100 973
f 3100 3070 3018
f 614 973 3100
f 614 3100 3018
f 2803 3101 2926
f 3072 3101 2803
f 3072 3023 3102
f 3101 3072 3102
f 3102 3089 3022
f 3089 3102 3073
f 3074 3073 3102
f 2926 3102 3022
f 3101 3102 2926
f 3023 2928 3102
f 3074 3102 2928
f 3074 3024 3103
f 3024 2806 3103
f 3103 2929 3104
f 2929 3103 2806
f 3016 3015 3105
f 3105 2931 2800
f 3016 3105 2800
f 3079 3106 2934
f 3078 2934 3106
f 3078 3106 3029
f 2929 3107 3104
f 3107 2929 2931
f 3105 3107 2931
f 3108 3028 3020
f 3076 3108 3020
f 3028 3109 3021
f 3079 3021 3109
f 3106 3109 3028
f 3106 3079 3109
f 3110 2934 2808
f 3030 3111 2939
f 3111 3110 2939
f 3111 3080 3079
f 3021 3112 2971
f 3080 3112 3021
f 3045 3112 2674
f 3112 3045 2971
f 3046 3113 3047
f 3086 3113 3046
f 3049 3048 3113
f 3049 3113 3086
f 3088 3114 2973
f 3086 2973 3114
f 3086 3114 3049
f 3049 3114 3087
f 3087 3114 2976
f 3088 2976 3114
f 3115 3096 3052
f 3096 3115 3098
f 3115 3050 3051
f 3050 3115 3052
f 3058 3116 3048
f 3098 3116 3058
f 3115 3116 3098
f 3115 3051 3116
f 3076 3074 3117
f 3103 3117 3074
f 3076 3117 3104
f 3117 3103 3104
f 3108 3118 3028
f 3108 3076 3118
f 3104 3118 3076
f 2939 3119 3077
f 3110 3119 2939
f 3077 3119 2808
f 2808 3119 3110
f 3079 3120 3111
f 3111 3120 3110
f 2934 3120 3079
f 3110 3120 2934
f 3111 3121 3080
f 3121 3112 3080
f 3111 3030 3121
f 3112 3121 2674
f 2938 2674 3121
f 3030 2938 3121
f 3113 3122 3047
f 3122 3053 3047
f 3053 3122 3051
f 3116 3051 3122
f 3113 3048 3122
f 3116 3122 3048
f 3106 3028 3123
f 3118 3123 3028
f 3107 3124 3104
f 3104 3124 3118
f 3107 3105 3124
f 3118 3124 3105
f 3118 3125 3123
f 3106 3125 3029
f 3123 3125 3106
f 2922 3125 3071
f 3029 3125 2922
f 3126 3125 3118
f 3105 3015 3126
f 3118 3105 3126
f 3125 3126 3071
f 3017 3071 3126
f 3017 3126 3015
f 11 1065 2026
f 1567 2026 1075
f 967 2026 132
f 207 2026 588
f 1571 2026 1572
f 14 13 2026
f 186 18 2026
f 490 2026 491
f 190 2026 192
f 11 2026 12
f 179 182 2026
f 759 2026 363
f 18 12 2026
f 132 2026 133
f 1091 588 2026
f 186 2026 13
f 190 133 2026
f 207 206 2026
f 363 2026 182
f 490 489 2026
f 1064 179 2026
f 1565 1074 2026
f 2026 759 192
f 967 491 2026
f 1064 2026 1065
f 1074 14 2026
f 1075 2026 1076
f 1077 2026 206
f 1569 2026 1077
f 1091 2026 489
f 1565 2026 1566
f 1567 1566 2026
f 1568 2026 1569
f 1571 1076 2026
f 2755 2754 2226
f 2226 2754 1856
f 2011 1072 2950
f 2611 2011 2950

