# https://github.com/mikedh/trimesh
v -0.00296174 -0.02098968 0.01250000
v -0.00311281 -0.02109116 0.01200000
v -0.00286324 -0.02140053 0.01200000
v 0.00286375 -0.02110839 0.01250000
v 0.00265586 -0.02138268 0.01250000
v 0.00270546 -0.02158144 0.01200000
v 0.00257670 -0.02145744 0.01250000
v 0.00259992 -0.02170239 0.01200000
v 0.00224993 -0.02176610 0.01250000
v 0.00235750 -0.02189795 0.01200000
v 0.00222746 -0.02178732 0.01250000
v 0.00209116 -0.02211281 0.01200000
v 0.00188567 -0.02201694 0.01250000
v 0.00198365 -0.02217214 0.01200000
v 0.00173830 -0.02211593 0.01250000
v 0.00157659 -0.02239678 0.01200000
v 0.00149747 -0.02222528 0.01250000
v 0.00151886 -0.02242864 0.01200000
v 0.00120173 -0.02235955 0.01250000
v 0.00114501 -0.02255658 0.01200000
v 0.00109169 -0.02238892 0.01250000
v 0.00090040 -0.02264030 0.01200000
v 0.00067077 -0.02250128 0.01250000
v 0.00070395 -0.02267104 0.01200000
v 0.00063237 -0.02251153 0.01250000
v 0.00025512 -0.02274127 0.01200000
v 0.00024171 -0.02254895 0.01250000
v 0.00025459 -0.02274135 0.01200000
v 0.00004577 -0.02256772 0.01250000
v -0.00019564 -0.02273265 0.01200000
v -0.00018556 -0.02255154 0.01250000
v -0.00039895 -0.02272872 0.01200000
v -0.00054208 -0.02252660 0.01250000
v -0.00063808 -0.02268177 0.01200000
v -0.00060840 -0.02251071 0.01250000
v -0.00104038 -0.02260279 0.01200000
v -0.00101931 -0.02241224 0.01250000
v -0.00107195 -0.02259061 0.01200000
v -0.00111515 -0.02238927 0.01250000
v -0.00150229 -0.02242449 0.01200000
v -0.00142834 -0.02225666 0.01250000
v -0.00165019 -0.02236740 0.01200000
v -0.00165779 -0.02215950 0.01250000
v -0.00188755 -0.02222417 0.01200000
v -0.00179752 -0.02207075 0.01250000
v -0.00220986 -0.02202969 0.01200000
v -0.00214524 -0.02184989 0.01250000
v -0.00225224 -0.02199271 0.01200000
v -0.00215522 -0.02184355 0.01250000
v -0.00257555 -0.02171059 0.01200000
v -0.00245022 -0.02157889 0.01250000
v -0.00270239 -0.02159992 0.01200000
v -0.00259386 -0.02145003 0.01250000
v -0.00272560 -0.02128517 0.01250000
v 0.00301866 -0.02122250 0.01200000
v 0.00302969 -0.02120986 0.01200000
v 0.00301181 -0.02091304 0.01250000
v 0.00326928 -0.02081279 0.01200000
v 0.00311027 -0.02072539 0.01250000
v 0.00336740 -0.02065019 0.01200000
v 0.00328561 -0.02039122 0.01250000
v 0.00347358 -0.02037512 0.01200000
v 0.00331188 -0.02031137 0.01250000
v 0.00360279 -0.02004038 0.01200000
v 0.00345708 -0.01987006 0.01250000
v 0.00362766 -0.01991372 0.01200000
v 0.00346979 -0.01983145 0.01250000
v 0.00352722 -0.01945778 0.01250000
v 0.00371248 -0.01948169 0.01200000
v 0.00355932 -0.01924901 0.01250000
v 0.00372872 -0.01939895 0.01200000
v 0.00355631 -0.01901479 0.01250000
v 0.00373614 -0.01901512 0.01200000
v 0.00374135 -0.01874541 0.01200000
v 0.00355176 -0.01865977 0.01250000
v 0.00371518 -0.01857816 0.01200000
v 0.00354060 -0.01859784 0.01250000
v 0.00364731 -0.01814439 0.01200000
v 0.00346656 -0.01818667 0.01250000
v 0.00344731 -0.01807981 0.01250000
v 0.00364030 -0.01809960 0.01200000
v 0.00334347 -0.01778950 0.01250000
v 0.00351309 -0.01772789 0.01200000
v 0.00324884 -0.01752495 0.01250000
v 0.00342864 -0.01748114 0.01200000
v 0.00318302 -0.01740696 0.01250000
v 0.00334343 -0.01732673 0.01200000
v 0.00311281 -0.01690884 0.01200000
v 0.00296174 -0.01701032 0.01250000
v -0.00342978 -0.00316350 0.00070000
v -0.00338946 -0.00305904 0.00070000
v -0.00340582 -0.00305143 0.00081674
v -0.00850416 -0.00306544 0.00070000
v -0.00845375 -0.00315676 0.00070000
v -0.00843705 -0.00314901 0.00081674
v -0.00801383 -0.00365140 0.00105043
v -0.00805007 -0.00368152 0.00093401
v -0.00794178 -0.00380418 0.00093401
v -0.00599045 -0.00462211 0.00105043
v -0.00599126 -0.00466923 0.00093401
v -0.00581450 -0.00466656 0.00093401
v -0.00581673 -0.00461949 0.00105043
v -0.00581949 -0.00456132 0.00116453
v -0.00598945 -0.00456388 0.00116453
v -0.00495749 -0.00411262 0.00147743
v -0.00499818 -0.00402265 0.00156702
v -0.00526453 -0.00412372 0.00156702
v -0.00368194 -0.00358139 0.00070000
v -0.00363064 -0.00349637 0.00070000
v -0.00364590 -0.00348562 0.00081674
v -0.00325402 -0.00270817 0.00070000
v -0.00322893 -0.00258038 0.00070000
v -0.00324561 -0.00257604 0.00081674
v -0.00315056 -0.00174126 0.00070000
v -0.00317157 -0.00160702 0.00070000
v -0.00318850 -0.00160867 0.00081674
v -0.00434669 -0.00126895 0.00185020
v -0.00436134 -0.00127502 0.00185400
v -0.00429922 -0.00144764 0.00185853
v -0.00357662 -0.00094962 0.00126642
v -0.00358001 -0.00095102 0.00127177
v -0.00348458 -0.00120808 0.00127476
v -0.00461801 -0.00227541 0.00190000
v -0.00463727 -0.00233129 0.00190000
v -0.00442205 -0.00239730 0.00188296
v -0.00468775 -0.00247770 0.00190000
v -0.00448781 -0.00257398 0.00188296
v -0.00476793 -0.00262857 0.00190000
v -0.00457475 -0.00274291 0.00188296
v -0.00478831 -0.00266691 0.00190000
v -0.00468210 -0.00290145 0.00188296
v -0.00485688 -0.00276493 0.00190000
v -0.00485815 -0.00276611 0.00190000
v -0.00459886 -0.00216765 0.00190000
v -0.00437633 -0.00220675 0.00188296
v -0.00458065 -0.00206516 0.00190000
v -0.00435496 -0.00202279 0.00188296
v -0.00457989 -0.00201000 0.00190000
v -0.00435501 -0.00183896 0.00188296
v -0.00457748 -0.00183525 0.00190000
v -0.00437598 -0.00165800 0.00188296
v -0.00459811 -0.00169663 0.00190000
v -0.00441699 -0.00148228 0.00188296
v -0.00463400 -0.00154620 0.00190000
v -0.00460873 -0.00162531 0.00190000
v -0.00714311 -0.00259415 0.00190000
v -0.00719528 -0.00248946 0.00190000
v -0.00741436 -0.00254104 0.00188151
v -0.00720260 -0.00247273 0.00190000
v -0.00720961 -0.00245613 0.00190000
v -0.00689639 -0.00291626 0.00190000
v -0.00694105 -0.00286611 0.00190000
v -0.00710536 -0.00302004 0.00188296
v -0.00703255 -0.00276334 0.00190000
v -0.00722451 -0.00287703 0.00188296
v -0.00713235 -0.00261060 0.00190000
v -0.00732598 -0.00272139 0.00188296
v -0.00682439 -0.00297535 0.00190000
v -0.00697014 -0.00314832 0.00188296
v -0.00672420 -0.00305757 0.00190000
v -0.00682069 -0.00326002 0.00188296
v -0.00669753 -0.00307314 0.00190000
v -0.00664824 -0.00335892 0.00188296
v -0.00654166 -0.00316417 0.00190000
v -0.00647606 -0.00343161 0.00188296
v -0.00640068 -0.00321935 0.00190000
v -0.00606110 -0.00328959 0.00190000
v -0.00609165 -0.00328965 0.00190000
v -0.00607280 -0.00351792 0.00188296
v -0.00612239 -0.00328971 0.00190000
v -0.00627660 -0.00348802 0.00188296
v -0.00622930 -0.00326662 0.00190000
v -0.00634224 -0.00324223 0.00190000
v -0.00586876 -0.00352135 0.00188296
v -0.00603284 -0.00328953 0.00190000
v -0.00605432 -0.00328957 0.00190000
v -0.00548034 -0.00322049 0.00190000
v -0.00553943 -0.00323639 0.00190000
v -0.00547282 -0.00345176 0.00188296
v -0.00569850 -0.00327918 0.00190000
v -0.00566775 -0.00349896 0.00188296
v -0.00587953 -0.00329712 0.00190000
v -0.00592027 -0.00330116 0.00190000
v -0.00538149 -0.00317527 0.00190000
v -0.00528811 -0.00338167 0.00188296
v -0.00527196 -0.00312516 0.00190000
v -0.00511366 -0.00328934 0.00188296
v -0.00523121 -0.00309742 0.00190000
v -0.00495317 -0.00317706 0.00188296
v -0.00507986 -0.00299438 0.00190000
v -0.00480872 -0.00304699 0.00188296
v -0.00497426 -0.00288440 0.00190000
v -0.00487934 -0.00278580 0.00190000
v -0.00490180 -0.00280668 0.00190000
v -0.00492027 -0.00282817 0.00190000
v -0.00379738 -0.00104116 0.00154265
v -0.00374207 -0.00128380 0.00156702
v -0.00364733 -0.00125594 0.00147743
v -0.00356120 -0.00123061 0.00137955
v -0.00364032 -0.00097603 0.00136721
v -0.00373000 -0.00101322 0.00146739
v -0.00373593 -0.00101568 0.00147401
v -0.00351216 -0.00092289 0.00116442
v -0.00346271 -0.00105105 0.00116453
v -0.00351091 -0.00092237 0.00116244
v -0.00350988 -0.00092194 0.00115998
v -0.00341815 -0.00118855 0.00116453
v -0.00340782 -0.00103158 0.00105043
v -0.00336227 -0.00117212 0.00105043
v -0.00336341 -0.00101583 0.00093401
v -0.00331706 -0.00115882 0.00093401
v -0.00326404 -0.00114345 0.00070000
v -0.00331207 -0.00099743 0.00070000
v -0.00346280 -0.00090242 0.00104817
v -0.00346136 -0.00090182 0.00104474
v -0.00341473 -0.00088248 0.00093398
v -0.00445831 -0.00131523 0.00187912
v -0.00467860 -0.00140658 0.00190000
v -0.00447375 -0.00132163 0.00188282
v -0.00447203 -0.00132092 0.00188268
v -0.00406166 -0.00115075 0.00173729
v -0.00412477 -0.00117692 0.00176590
v -0.00406550 -0.00137891 0.00177555
v -0.00413691 -0.00118196 0.00177140
v -0.00423450 -0.00122242 0.00181564
v -0.00401774 -0.00113254 0.00170747
v -0.00402798 -0.00113678 0.00171442
v -0.00395255 -0.00134570 0.00171688
v -0.00418156 -0.00141305 0.00182280
v -0.00426278 -0.00123415 0.00182846
v -0.00319581 -0.00145209 0.00070000
v -0.00322092 -0.00129163 0.00070000
v -0.00321089 -0.00145490 0.00081674
v -0.00324315 -0.00129706 0.00081674
v -0.00324651 -0.00146111 0.00093401
v -0.00327835 -0.00130532 0.00093401
v -0.00329293 -0.00146920 0.00105043
v -0.00332422 -0.00131610 0.00105043
v -0.00335031 -0.00147920 0.00116453
v -0.00338092 -0.00132941 0.00116453
v -0.00315110 -0.00176878 0.00070000
v -0.00317435 -0.00177031 0.00081674
v -0.00321044 -0.00177241 0.00093401
v -0.00322441 -0.00161287 0.00093401
v -0.00325749 -0.00177514 0.00105043
v -0.00327121 -0.00161835 0.00105043
v -0.00331563 -0.00177852 0.00116453
v -0.00332906 -0.00162513 0.00116453
v -0.00341853 -0.00149109 0.00127476
v -0.00315734 -0.00209202 0.00070000
v -0.00315416 -0.00192719 0.00070000
v -0.00317425 -0.00209072 0.00081674
v -0.00316968 -0.00192742 0.00081674
v -0.00321035 -0.00208865 0.00093401
v -0.00320583 -0.00192747 0.00093401
v -0.00325739 -0.00208594 0.00105043
v -0.00325295 -0.00192754 0.00105043
v -0.00331554 -0.00208259 0.00116453
v -0.00331119 -0.00192762 0.00116453
v -0.00338476 -0.00178254 0.00127476
v -0.00319624 -0.00241385 0.00070000
v -0.00315999 -0.00222924 0.00070000
v -0.00321151 -0.00241137 0.00081674
v -0.00318790 -0.00224884 0.00081674
v -0.00324712 -0.00240511 0.00093401
v -0.00322381 -0.00224471 0.00093401
v -0.00329353 -0.00239696 0.00105043
v -0.00327063 -0.00223931 0.00105043
v -0.00335090 -0.00238688 0.00116453
v -0.00332849 -0.00223265 0.00116453
v -0.00338467 -0.00207862 0.00127476
v -0.00327005 -0.00274969 0.00070000
v -0.00329120 -0.00274348 0.00081674
v -0.00332577 -0.00273290 0.00093401
v -0.00328078 -0.00256764 0.00093401
v -0.00337082 -0.00271910 0.00105043
v -0.00332661 -0.00255669 0.00105043
v -0.00342652 -0.00270206 0.00116453
v -0.00338326 -0.00254316 0.00116453
v -0.00341910 -0.00237490 0.00127476
v -0.00332896 -0.00290231 0.00070000
v -0.00334320 -0.00289717 0.00081674
v -0.00343889 -0.00303684 0.00093401
v -0.00337710 -0.00288458 0.00093401
v -0.00348201 -0.00301781 0.00105043
v -0.00342127 -0.00286818 0.00105043
v -0.00353529 -0.00299430 0.00116453
v -0.00347587 -0.00284790 0.00116453
v -0.00349273 -0.00268179 0.00127476
v -0.00354441 -0.00335346 0.00070000
v -0.00345715 -0.00320886 0.00070000
v -0.00355735 -0.00334589 0.00081674
v -0.00347636 -0.00319931 0.00081674
v -0.00358846 -0.00332745 0.00093401
v -0.00350852 -0.00318279 0.00093401
v -0.00362899 -0.00330343 0.00105043
v -0.00355043 -0.00316125 0.00105043
v -0.00367910 -0.00327373 0.00116453
v -0.00360223 -0.00313463 0.00116453
v -0.00359865 -0.00296634 0.00127476
v -0.00372814 -0.00363434 0.00070000
v -0.00374445 -0.00362221 0.00081674
v -0.00377311 -0.00360018 0.00093401
v -0.00367585 -0.00346536 0.00093401
v -0.00381047 -0.00357146 0.00105043
v -0.00371488 -0.00343896 0.00105043
v -0.00385665 -0.00353596 0.00116453
v -0.00376313 -0.00340634 0.00116453
v -0.00373867 -0.00323843 0.00127476
v -0.00383889 -0.00376127 0.00070000
v -0.00385017 -0.00375149 0.00081674
v -0.00396515 -0.00387589 0.00081674
v -0.00399094 -0.00385055 0.00093401
v -0.00387745 -0.00372777 0.00093401
v -0.00402455 -0.00381752 0.00105043
v -0.00391302 -0.00369686 0.00105043
v -0.00406609 -0.00377670 0.00116453
v -0.00395698 -0.00365865 0.00116453
v -0.00391155 -0.00349376 0.00127476
v -0.00434813 -0.00393766 0.00127476
v -0.00411549 -0.00372817 0.00127476
v -0.00439785 -0.00387516 0.00137955
v -0.00417245 -0.00367220 0.00137955
v -0.00445374 -0.00380490 0.00147743
v -0.00423649 -0.00360927 0.00147743
v -0.00451522 -0.00372762 0.00156702
v -0.00430693 -0.00354006 0.00156702
v -0.00418164 -0.00388736 0.00116453
v -0.00430502 -0.00399185 0.00116453
v -0.00414266 -0.00393063 0.00105043
v -0.00426876 -0.00403743 0.00105043
v -0.00411111 -0.00396564 0.00093401
v -0.00423943 -0.00407431 0.00093401
v -0.00408691 -0.00399250 0.00081674
v -0.00421692 -0.00410260 0.00081674
v -0.00435331 -0.00420442 0.00081674
v -0.00437404 -0.00417480 0.00093401
v -0.00440106 -0.00413620 0.00105043
v -0.00443445 -0.00408848 0.00116453
v -0.00457049 -0.00417756 0.00116453
v -0.00454011 -0.00422724 0.00105043
v -0.00451552 -0.00426745 0.00093401
v -0.00449666 -0.00429829 0.00081674
v -0.00438270 -0.00425558 0.00070000
v -0.00448712 -0.00431321 0.00070000
v -0.00481002 -0.00449141 0.00070000
v -0.00463895 -0.00439700 0.00070000
v -0.00480071 -0.00445923 0.00081674
v -0.00464597 -0.00438336 0.00081674
v -0.00481561 -0.00442628 0.00093401
v -0.00466288 -0.00435140 0.00093401
v -0.00483503 -0.00438335 0.00105043
v -0.00468493 -0.00430976 0.00105043
v -0.00485903 -0.00433028 0.00116453
v -0.00471218 -0.00425828 0.00116453
v -0.00460662 -0.00411848 0.00127476
v -0.00492048 -0.00419443 0.00137955
v -0.00523530 -0.00421804 0.00147743
v -0.00497269 -0.00449154 0.00093401
v -0.00498941 -0.00444748 0.00105043
v -0.00514732 -0.00450185 0.00105043
v -0.00516457 -0.00444622 0.00116453
v -0.00532494 -0.00449043 0.00116453
v -0.00488757 -0.00426719 0.00127476
v -0.00518507 -0.00438008 0.00127476
v -0.00501007 -0.00439302 0.00116453
v -0.00495987 -0.00452534 0.00081674
v -0.00513337 -0.00454686 0.00093401
v -0.00531125 -0.00454704 0.00105043
v -0.00548699 -0.00452428 0.00116453
v -0.00549901 -0.00445609 0.00127476
v -0.00564697 -0.00460606 0.00105043
v -0.00564177 -0.00465289 0.00093401
v -0.00546869 -0.00462805 0.00093401
v -0.00546242 -0.00466365 0.00081674
v -0.00529166 -0.00462798 0.00081674
v -0.00527180 -0.00464945 0.00070000
v -0.00511816 -0.00459686 0.00070000
v -0.00495376 -0.00454060 0.00070000
v -0.00512267 -0.00458140 0.00081674
v -0.00530016 -0.00459284 0.00093401
v -0.00547688 -0.00458164 0.00105043
v -0.00565340 -0.00454817 0.00116453
v -0.00582276 -0.00449215 0.00127476
v -0.00616550 -0.00466067 0.00093401
v -0.00616169 -0.00461370 0.00105043
v -0.00615698 -0.00455565 0.00116453
v -0.00563777 -0.00468882 0.00081674
v -0.00581279 -0.00470268 0.00081674
v -0.00599189 -0.00470538 0.00081674
v -0.00616842 -0.00469670 0.00081674
v -0.00634319 -0.00464039 0.00093401
v -0.00633633 -0.00459377 0.00105043
v -0.00650624 -0.00456314 0.00105043
v -0.00649408 -0.00450619 0.00116453
v -0.00666243 -0.00446438 0.00116453
v -0.00615138 -0.00448663 0.00127476
v -0.00647961 -0.00443846 0.00127476
v -0.00632784 -0.00453615 0.00116453
v -0.00634846 -0.00467616 0.00081674
v -0.00651609 -0.00460923 0.00093401
v -0.00667832 -0.00452042 0.00105043
v -0.00682400 -0.00441289 0.00116453
v -0.00680086 -0.00434762 0.00127476
v -0.00635075 -0.00469411 0.00070000
v -0.00652364 -0.00464458 0.00081674
v -0.00669118 -0.00456575 0.00093401
v -0.00684346 -0.00446778 0.00105043
v -0.00696991 -0.00435621 0.00116453
v -0.00707816 -0.00423055 0.00127476
v -0.00699260 -0.00440985 0.00105043
v -0.00710879 -0.00429265 0.00116453
v -0.00713455 -0.00434489 0.00105043
v -0.00725616 -0.00421406 0.00116453
v -0.00728519 -0.00426455 0.00105043
v -0.00739404 -0.00412906 0.00116453
v -0.00742611 -0.00417768 0.00105043
v -0.00670104 -0.00460053 0.00081674
v -0.00685921 -0.00451220 0.00093401
v -0.00687130 -0.00454627 0.00081674
v -0.00701096 -0.00445325 0.00093401
v -0.00702505 -0.00448655 0.00081674
v -0.00715540 -0.00438715 0.00093401
v -0.00717139 -0.00441957 0.00081674
v -0.00730867 -0.00430541 0.00093401
v -0.00732669 -0.00433675 0.00081674
v -0.00745206 -0.00421701 0.00093401
v -0.00747197 -0.00424719 0.00081674
v -0.00758558 -0.00412310 0.00093401
v -0.00755733 -0.00408538 0.00105043
v -0.00767879 -0.00398882 0.00105043
v -0.00764125 -0.00394430 0.00116453
v -0.00775831 -0.00383946 0.00116453
v -0.00735590 -0.00407126 0.00127476
v -0.00759661 -0.00389135 0.00127476
v -0.00752242 -0.00403876 0.00116453
v -0.00760725 -0.00415203 0.00081674
v -0.00770916 -0.00402485 0.00093401
v -0.00779845 -0.00388167 0.00105043
v -0.00786491 -0.00373211 0.00116453
v -0.00781439 -0.00368475 0.00127476
v -0.00814675 -0.00355816 0.00093401
v -0.00810885 -0.00353017 0.00105043
v -0.00806200 -0.00349557 0.00116453
v -0.00785583 -0.00394202 0.00081674
v -0.00796815 -0.00382891 0.00081674
v -0.00807788 -0.00370462 0.00081674
v -0.00817583 -0.00357964 0.00081674
v -0.00762070 -0.00417034 0.00070000
v -0.00773247 -0.00405249 0.00081674
v -0.00783092 -0.00391582 0.00093401
v -0.00790740 -0.00377195 0.00105043
v -0.00796904 -0.00361417 0.00116453
v -0.00800629 -0.00345443 0.00127476
v -0.00554561 -0.00419177 0.00156702
v -0.00552846 -0.00428902 0.00147743
v -0.00583547 -0.00422406 0.00156702
v -0.00583079 -0.00432269 0.00147743
v -0.00612968 -0.00421911 0.00156702
v -0.00613766 -0.00431754 0.00147743
v -0.00642355 -0.00417600 0.00156702
v -0.00644418 -0.00427257 0.00147743
v -0.00671116 -0.00409466 0.00156702
v -0.00674417 -0.00418773 0.00147743
v -0.00695943 -0.00398985 0.00156702
v -0.00700311 -0.00407841 0.00147743
v -0.00720810 -0.00384723 0.00156702
v -0.00726248 -0.00392966 0.00147743
v -0.00742361 -0.00368616 0.00156702
v -0.00748726 -0.00376166 0.00147743
v -0.00761859 -0.00350119 0.00156702
v -0.00769063 -0.00356873 0.00147743
v -0.00779040 -0.00329498 0.00156702
v -0.00786983 -0.00335364 0.00147743
v -0.00793672 -0.00307055 0.00156702
v -0.00802244 -0.00311956 0.00147743
v -0.00836584 -0.00331607 0.00070000
v -0.00828884 -0.00345559 0.00070000
v -0.00835269 -0.00330837 0.00081674
v -0.00827037 -0.00344330 0.00081674
v -0.00832130 -0.00329043 0.00093401
v -0.00824005 -0.00342359 0.00093401
v -0.00828040 -0.00326704 0.00105043
v -0.00820054 -0.00339791 0.00105043
v -0.00822983 -0.00323813 0.00116453
v -0.00815171 -0.00336617 0.00116453
v -0.00765689 -0.00264161 0.00181689
v -0.00764404 -0.00290323 0.00177555
v -0.00753902 -0.00284319 0.00182280
v -0.00751922 -0.00309469 0.00177555
v -0.00742191 -0.00302282 0.00182280
v -0.00737264 -0.00327061 0.00177555
v -0.00728439 -0.00318787 0.00182280
v -0.00720630 -0.00342842 0.00177555
v -0.00712832 -0.00333593 0.00182280
v -0.00702245 -0.00356583 0.00177555
v -0.00695583 -0.00346485 0.00182280
v -0.00681030 -0.00368750 0.00177555
v -0.00675679 -0.00357900 0.00182280
v -0.00659850 -0.00377692 0.00177555
v -0.00655807 -0.00366290 0.00182280
v -0.00635313 -0.00384631 0.00177555
v -0.00632786 -0.00372800 0.00182280
v -0.00610242 -0.00388309 0.00177555
v -0.00609264 -0.00376251 0.00182280
v -0.00585142 -0.00388731 0.00177555
v -0.00585715 -0.00376647 0.00182280
v -0.00560414 -0.00385977 0.00177555
v -0.00562514 -0.00374062 0.00182280
v -0.00536435 -0.00380171 0.00177555
v -0.00540016 -0.00368616 0.00182280
v -0.00513712 -0.00371548 0.00177555
v -0.00518697 -0.00360526 0.00182280
v -0.00492252 -0.00360190 0.00177555
v -0.00498564 -0.00349869 0.00182280
v -0.00472509 -0.00346379 0.00177555
v -0.00480040 -0.00336911 0.00182280
v -0.00454739 -0.00330378 0.00177555
v -0.00463368 -0.00321899 0.00182280
v -0.00439163 -0.00312473 0.00177555
v -0.00448754 -0.00305100 0.00182280
v -0.00425958 -0.00292971 0.00177555
v -0.00436365 -0.00286803 0.00182280
v -0.00415262 -0.00272189 0.00177555
v -0.00426330 -0.00267305 0.00182280
v -0.00407173 -0.00250454 0.00177555
v -0.00418740 -0.00246913 0.00182280
v -0.00401549 -0.00227014 0.00177555
v -0.00413464 -0.00224921 0.00182280
v -0.00398919 -0.00204383 0.00177555
v -0.00410997 -0.00203688 0.00182280
v -0.00398926 -0.00181769 0.00177555
v -0.00411003 -0.00182471 0.00182280
v -0.00401505 -0.00159508 0.00177555
v -0.00413423 -0.00161585 0.00182280
v -0.00384426 -0.00131385 0.00164715
v -0.00389907 -0.00157486 0.00171688
v -0.00378786 -0.00155548 0.00164715
v -0.00387173 -0.00181086 0.00171688
v -0.00375903 -0.00180431 0.00164715
v -0.00387166 -0.00205060 0.00171688
v -0.00375896 -0.00205708 0.00164715
v -0.00389953 -0.00229051 0.00171688
v -0.00378835 -0.00231004 0.00164715
v -0.00395915 -0.00253900 0.00171688
v -0.00385121 -0.00257204 0.00164715
v -0.00404492 -0.00276942 0.00171688
v -0.00394164 -0.00281499 0.00164715
v -0.00415830 -0.00298973 0.00171688
v -0.00406119 -0.00304729 0.00164715
v -0.00429829 -0.00319648 0.00171688
v -0.00420879 -0.00326528 0.00164715
v -0.00446342 -0.00338629 0.00171688
v -0.00438290 -0.00346541 0.00164715
v -0.00465180 -0.00355592 0.00171688
v -0.00458152 -0.00364426 0.00164715
v -0.00486110 -0.00370234 0.00171688
v -0.00480221 -0.00379864 0.00164715
v -0.00508860 -0.00382275 0.00171688
v -0.00504208 -0.00392560 0.00164715
v -0.00532949 -0.00391416 0.00171688
v -0.00529607 -0.00402198 0.00164715
v -0.00558370 -0.00397571 0.00171688
v -0.00556410 -0.00408688 0.00164715
v -0.00584585 -0.00400490 0.00171688
v -0.00584051 -0.00411766 0.00164715
v -0.00611194 -0.00400043 0.00171688
v -0.00612107 -0.00411295 0.00164715
v -0.00637772 -0.00396144 0.00171688
v -0.00640130 -0.00407183 0.00164715
v -0.00663784 -0.00388788 0.00171688
v -0.00667557 -0.00399427 0.00164715
v -0.00686238 -0.00379308 0.00171688
v -0.00691232 -0.00389432 0.00164715
v -0.00708728 -0.00366410 0.00171688
v -0.00714944 -0.00375833 0.00164715
v -0.00728219 -0.00351843 0.00171688
v -0.00735495 -0.00360473 0.00164715
v -0.00745853 -0.00335113 0.00171688
v -0.00754088 -0.00342834 0.00164715
v -0.00761392 -0.00316463 0.00171688
v -0.00770472 -0.00323170 0.00164715
v -0.00774625 -0.00296166 0.00171688
v -0.00784425 -0.00301769 0.00164715
v -0.00823582 -0.00288168 0.00137697
v -0.00824069 -0.00288370 0.00137114
v -0.00810039 -0.00316413 0.00137955
v -0.00827544 -0.00289811 0.00132949
v -0.00816972 -0.00320376 0.00127476
v -0.00794205 -0.00340698 0.00137955
v -0.00775613 -0.00363013 0.00137955
v -0.00754513 -0.00383030 0.00137955
v -0.00731192 -0.00400460 0.00137955
v -0.00704283 -0.00415893 0.00137955
v -0.00677417 -0.00427235 0.00137955
v -0.00646293 -0.00436037 0.00137955
v -0.00614492 -0.00440703 0.00137955
v -0.00582654 -0.00441238 0.00137955
v -0.00551287 -0.00437744 0.00137955
v -0.00520871 -0.00430380 0.00137955
v -0.00805250 -0.00280566 0.00157747
v -0.00807135 -0.00281348 0.00155968
v -0.00812792 -0.00283694 0.00150632
v -0.00815360 -0.00284758 0.00147554
v -0.00815930 -0.00284995 0.00146870
v -0.00842624 -0.00296064 0.00104867
v -0.00836223 -0.00311246 0.00105043
v -0.00839329 -0.00294698 0.00113090
v -0.00830989 -0.00308689 0.00116453
v -0.00837672 -0.00294011 0.00115882
v -0.00853054 -0.00300389 0.00070000
v -0.00850306 -0.00299250 0.00081566
v -0.00847893 -0.00298249 0.00091722
v -0.00840457 -0.00313314 0.00093401
v -0.00847331 -0.00298016 0.00093123
v -0.00842763 -0.00296122 0.00104521
v -0.00830918 -0.00291210 0.00127263
v -0.00831241 -0.00291344 0.00126718
v -0.00837417 -0.00293905 0.00116312
v -0.00743013 -0.00254758 0.00188009
v -0.00743180 -0.00254827 0.00187994
v -0.00425504 -0.00163692 0.00185853
v -0.00423246 -0.00183183 0.00185853
v -0.00423240 -0.00202984 0.00185853
v -0.00425543 -0.00222799 0.00185853
v -0.00430467 -0.00243323 0.00185853
v -0.00437550 -0.00262354 0.00185853
v -0.00446915 -0.00280550 0.00185853
v -0.00458477 -0.00297627 0.00185853
v -0.00472116 -0.00313303 0.00185853
v -0.00487675 -0.00327314 0.00185853
v -0.00504962 -0.00339407 0.00185853
v -0.00523751 -0.00349352 0.00185853
v -0.00543647 -0.00356902 0.00185853
v -0.00564643 -0.00361985 0.00185853
v -0.00586295 -0.00364397 0.00185853
v -0.00608273 -0.00364028 0.00185853
v -0.00630224 -0.00360807 0.00185853
v -0.00651709 -0.00354731 0.00185853
v -0.00670254 -0.00346902 0.00185853
v -0.00688829 -0.00336249 0.00185853
v -0.00704927 -0.00324217 0.00185853
v -0.00719492 -0.00310400 0.00185853
v -0.00732326 -0.00294996 0.00185853
v -0.00743255 -0.00278232 0.00185853
v -0.00752663 -0.00258760 0.00185337
v -0.00335766 -0.00085882 0.00070000
v -0.00338549 -0.00087036 0.00081430
v -0.00341448 -0.00088238 0.00093340
v -0.00387520 -0.00107343 0.00161071
v -0.00391487 -0.00108988 0.00163764
v -0.00392415 -0.00109373 0.00164394
v -0.00381683 -0.00104923 0.00155966
v -0.00382443 -0.00105237 0.00156631
v -0.00322601 -0.00125905 0.00070000
v -0.00349720 -0.00150481 0.00137955
v -0.00358565 -0.00152023 0.00147743
v -0.00368293 -0.00153718 0.00156702
v -0.00346449 -0.00178718 0.00137955
v -0.00355412 -0.00179239 0.00147743
v -0.00365270 -0.00179812 0.00156702
v -0.00346440 -0.00207403 0.00137955
v -0.00355404 -0.00206887 0.00147743
v -0.00365262 -0.00206320 0.00156702
v -0.00349776 -0.00236109 0.00137955
v -0.00358619 -0.00234555 0.00147743
v -0.00368344 -0.00232847 0.00156702
v -0.00356909 -0.00265841 0.00137955
v -0.00365494 -0.00263213 0.00147743
v -0.00374937 -0.00260322 0.00156702
v -0.00367171 -0.00293410 0.00137955
v -0.00375385 -0.00289786 0.00147743
v -0.00384419 -0.00285799 0.00156702
v -0.00380737 -0.00319771 0.00137955
v -0.00388461 -0.00315194 0.00147743
v -0.00396956 -0.00310159 0.00156702
v -0.00397487 -0.00344509 0.00137955
v -0.00404605 -0.00339037 0.00147743
v -0.00412434 -0.00333019 0.00156702
v -0.00407387 -0.00400645 0.00070000
v -0.00400283 -0.00394914 0.00070000
v -0.00395125 -0.00389003 0.00070000
v -0.00420765 -0.00411437 0.00070000
v -0.00434125 -0.00422214 0.00070000
v -0.00464828 -0.00405035 0.00137955
v -0.00469512 -0.00397375 0.00147743
v -0.00474664 -0.00388951 0.00156702
v -0.00545954 -0.00467882 0.00070000
v -0.00624199 -0.00471547 0.00070000
v -0.00617039 -0.00471685 0.00070000
v -0.00599212 -0.00472029 0.00070000
v -0.00581149 -0.00472378 0.00070000
v -0.00575401 -0.00472490 0.00070000
v -0.00563617 -0.00470646 0.00070000
v -0.00652700 -0.00465951 0.00070000
v -0.00672092 -0.00462144 0.00070000
v -0.00687639 -0.00456143 0.00070000
v -0.00703169 -0.00450148 0.00070000
v -0.00717624 -0.00444568 0.00070000
v -0.00733425 -0.00435034 0.00070000
v -0.00748172 -0.00426135 0.00070000
v -0.00759413 -0.00419352 0.00070000
v -0.00826833 -0.00349275 0.00070000
v -0.00819009 -0.00358974 0.00070000
v -0.00808948 -0.00371446 0.00070000
v -0.00798453 -0.00384456 0.00070000
v -0.00796189 -0.00387263 0.00070000
v -0.00786812 -0.00395445 0.00070000
v -0.00774221 -0.00406432 0.00070000
v -0.00775089 -0.00268059 0.00177077
v -0.00776289 -0.00268557 0.00176488
v -0.00786564 -0.00272817 0.00171447
v -0.00796326 -0.00276865 0.00164290
v -0.00797234 -0.00277242 0.00163624
v -0.00592663 -0.00317213 0.00070000
v -0.00592663 -0.00317213 0.00190000
v -0.00588278 -0.00307909 0.00190000
v -0.00588278 -0.00307909 0.00070000
v -0.00582435 -0.00299446 0.00190000
v -0.00582435 -0.00299446 0.00070000
v -0.00575289 -0.00292049 0.00190000
v -0.00575289 -0.00292049 0.00070000
v -0.00567033 -0.00285917 0.00190000
v -0.00567033 -0.00285917 0.00070000
v -0.00557887 -0.00281213 0.00190000
v -0.00557887 -0.00281213 0.00070000
v -0.00548096 -0.00278064 0.00190000
v -0.00548096 -0.00278064 0.00070000
v -0.00537923 -0.00276554 0.00190000
v -0.00537923 -0.00276554 0.00070000
v -0.00527640 -0.00276724 0.00190000
v -0.00527640 -0.00276724 0.00070000
v -0.00517522 -0.00278568 0.00190000
v -0.00517522 -0.00278568 0.00070000
v -0.00507840 -0.00282039 0.00190000
v -0.00507840 -0.00282039 0.00070000
v -0.00504941 -0.00283071 0.00190000
v -0.00504941 -0.00283071 0.00070000
v -0.00501911 -0.00283605 0.00190000
v -0.00501911 -0.00283605 0.00070000
v -0.00498834 -0.00283625 0.00190000
v -0.00498834 -0.00283625 0.00070000
v -0.00495797 -0.00283130 0.00190000
v -0.00495797 -0.00283130 0.00070000
v -0.00492823 -0.00282883 0.00190000
v -0.00492885 -0.00282135 0.00070000
v -0.00490180 -0.00280668 0.00070000
v -0.00485688 -0.00276493 0.00070000
v -0.00487758 -0.00278769 0.00070000
v -0.00484255 -0.00273782 0.00190000
v -0.00484027 -0.00273903 0.00070000
v -0.00482822 -0.00271071 0.00190000
v -0.00482822 -0.00271071 0.00070000
v -0.00482107 -0.00268078 0.00190000
v -0.00482107 -0.00268078 0.00070000
v -0.00481902 -0.00265008 0.00190000
v -0.00481902 -0.00265008 0.00070000
v -0.00482213 -0.00261946 0.00190000
v -0.00482213 -0.00261946 0.00070000
v -0.00483031 -0.00258980 0.00190000
v -0.00483031 -0.00258980 0.00070000
v -0.00484333 -0.00256192 0.00190000
v -0.00484333 -0.00256192 0.00070000
v -0.00486083 -0.00253661 0.00190000
v -0.00486083 -0.00253661 0.00070000
v -0.00628117 -0.00312559 0.00070000
v -0.00628117 -0.00312559 0.00190000
v -0.00627562 -0.00315586 0.00190000
v -0.00627562 -0.00315586 0.00070000
v -0.00626509 -0.00318477 0.00190000
v -0.00626509 -0.00318477 0.00070000
v -0.00625086 -0.00321007 0.00070000
v -0.00625086 -0.00321007 0.00190000
v -0.00624988 -0.00321152 0.00070000
v -0.00624988 -0.00321152 0.00190000
v -0.00623041 -0.00323535 0.00190000
v -0.00623041 -0.00323535 0.00070000
v -0.00620724 -0.00325559 0.00190000
v -0.00620724 -0.00325559 0.00070000
v -0.00618100 -0.00327168 0.00190000
v -0.00618100 -0.00327168 0.00070000
v -0.00615170 -0.00328069 0.00190000
v -0.00615245 -0.00328316 0.00070000
v -0.00612239 -0.00328971 0.00070000
v -0.00609165 -0.00329114 0.00070000
v -0.00606110 -0.00328742 0.00070000
v -0.00602679 -0.00328475 0.00190000
v -0.00603161 -0.00327864 0.00070000
v -0.00600317 -0.00326611 0.00190000
v -0.00600399 -0.00326507 0.00070000
v -0.00597904 -0.00324707 0.00190000
v -0.00597904 -0.00324707 0.00070000
v -0.00595744 -0.00322515 0.00190000
v -0.00595744 -0.00322515 0.00070000
v -0.00593980 -0.00319993 0.00190000
v -0.00593980 -0.00319993 0.00070000
v -0.00498080 -0.00130438 0.00070000
v -0.00488635 -0.00177104 0.00070000
v -0.00481979 -0.00169264 0.00070000
v -0.00606386 -0.00086825 0.00070000
v -0.00544017 -0.00110562 0.00070000
v -0.00600543 -0.00078362 0.00070000
v -0.00550323 -0.00102638 0.00070000
v -0.00550412 -0.00102507 0.00070000
v -0.00722331 -0.00239636 0.00070000
v -0.00721897 -0.00242682 0.00070000
v -0.00714688 -0.00223656 0.00070000
v -0.00719242 -0.00248818 0.00070000
v -0.00717699 -0.00250806 0.00070000
v -0.00715464 -0.00252922 0.00070000
v -0.00555406 -0.00093516 0.00070000
v -0.00558868 -0.00083832 0.00070000
v -0.00596158 -0.00069059 0.00070000
v -0.00560703 -0.00073712 0.00070000
v -0.00561258 -0.00070685 0.00070000
v -0.00499188 -0.00226033 0.00070000
v -0.00613532 -0.00094222 0.00070000
v -0.00621788 -0.00100355 0.00070000
v -0.00720961 -0.00245613 0.00070000
v -0.00719548 -0.00248347 0.00070000
v -0.00487830 -0.00129584 0.00070000
v -0.00474133 -0.00162615 0.00070000
v -0.00471789 -0.00160621 0.00070000
v -0.00508331 -0.00129609 0.00070000
v -0.00497703 -0.00195490 0.00070000
v -0.00493924 -0.00185925 0.00070000
v -0.00650898 -0.00109717 0.00070000
v -0.00661181 -0.00109547 0.00070000
v -0.00680490 -0.00256662 0.00070000
v -0.00712908 -0.00254634 0.00070000
v -0.00710101 -0.00255896 0.00070000
v -0.00707123 -0.00256671 0.00070000
v -0.00518309 -0.00127119 0.00070000
v -0.00527748 -0.00123035 0.00070000
v -0.00536395 -0.00117467 0.00070000
v -0.00670511 -0.00259152 0.00070000
v -0.00661072 -0.00263236 0.00070000
v -0.00652426 -0.00268805 0.00070000
v -0.00720564 -0.00230663 0.00070000
v -0.00719009 -0.00228008 0.00070000
v -0.00717031 -0.00225650 0.00070000
v -0.00721655 -0.00233540 0.00070000
v -0.00722249 -0.00236560 0.00070000
v -0.00704057 -0.00256937 0.00070000
v -0.00700990 -0.00256688 0.00070000
v -0.00706842 -0.00217007 0.00070000
v -0.00690741 -0.00255833 0.00070000
v -0.00700185 -0.00209167 0.00070000
v -0.00499871 -0.00205544 0.00070000
v -0.00500371 -0.00215816 0.00070000
v -0.00629953 -0.00302440 0.00070000
v -0.00633414 -0.00292755 0.00070000
v -0.00638409 -0.00283765 0.00070000
v -0.00590917 -0.00061565 0.00070000
v -0.00593077 -0.00063756 0.00070000
v -0.00563833 -0.00065119 0.00070000
v -0.00469812 -0.00158263 0.00070000
v -0.00468256 -0.00155608 0.00070000
v -0.00467166 -0.00152731 0.00070000
v -0.00489727 -0.00248767 0.00070000
v -0.00491947 -0.00245212 0.00070000
v -0.00496355 -0.00235919 0.00070000
v -0.00644803 -0.00275709 0.00070000
v -0.00640725 -0.00108207 0.00070000
v -0.00630934 -0.00105058 0.00070000
v -0.00680981 -0.00104233 0.00070000
v -0.00702738 -0.00132611 0.00070000
v -0.00671299 -0.00107703 0.00070000
v -0.00696874 -0.00141060 0.00070000
v -0.00692466 -0.00150352 0.00070000
v -0.00689633 -0.00160238 0.00070000
v -0.00688450 -0.00170455 0.00070000
v -0.00688949 -0.00180727 0.00070000
v -0.00691118 -0.00190781 0.00070000
v -0.00694897 -0.00200346 0.00070000
v -0.00565780 -0.00062736 0.00070000
v -0.00568097 -0.00060712 0.00070000
v -0.00585660 -0.00058407 0.00070000
v -0.00570720 -0.00059103 0.00070000
v -0.00573575 -0.00057955 0.00070000
v -0.00576582 -0.00057301 0.00070000
v -0.00579656 -0.00057157 0.00070000
v -0.00582710 -0.00057530 0.00070000
v -0.00588421 -0.00059765 0.00070000
v -0.00562312 -0.00067794 0.00070000
v -0.00594841 -0.00066278 0.00070000
v -0.00466571 -0.00149712 0.00070000
v -0.00466490 -0.00146636 0.00070000
v -0.00466923 -0.00143589 0.00070000
v -0.00475913 -0.00131637 0.00070000
v -0.00473357 -0.00133349 0.00070000
v -0.00471122 -0.00135465 0.00070000
v -0.00467860 -0.00140658 0.00070000
v -0.00469272 -0.00137924 0.00070000
v -0.00478720 -0.00130375 0.00070000
v -0.00481698 -0.00129601 0.00070000
v -0.00484763 -0.00129334 0.00070000
v -0.00683879 -0.00103200 0.00070000
v -0.00704488 -0.00130079 0.00070000
v -0.00703802 -0.00131181 0.00070000
v -0.00703133 -0.00109778 0.00070000
v -0.00704794 -0.00112369 0.00070000
v -0.00686910 -0.00102666 0.00070000
v -0.00689987 -0.00102647 0.00070000
v -0.00693024 -0.00103141 0.00070000
v -0.00695936 -0.00104136 0.00070000
v -0.00698641 -0.00105603 0.00070000
v -0.00701062 -0.00107502 0.00070000
v -0.00705999 -0.00115200 0.00070000
v -0.00706714 -0.00118193 0.00070000
v -0.00706918 -0.00121263 0.00070000
v -0.00706608 -0.00124325 0.00070000
v -0.00705790 -0.00127291 0.00070000
v -0.00707123 -0.00256671 0.00190000
v -0.00710101 -0.00255896 0.00190000
v -0.00712908 -0.00254634 0.00190000
v -0.00652426 -0.00268805 0.00190000
v -0.00661072 -0.00263236 0.00190000
v -0.00670511 -0.00259152 0.00190000
v -0.00719548 -0.00248347 0.00190000
v -0.00680490 -0.00256662 0.00190000
v -0.00690741 -0.00255833 0.00190000
v -0.00700990 -0.00256688 0.00190000
v -0.00704057 -0.00256937 0.00190000
v -0.00633414 -0.00292755 0.00190000
v -0.00638409 -0.00283765 0.00190000
v -0.00644803 -0.00275709 0.00190000
v -0.00715464 -0.00252922 0.00190000
v -0.00717699 -0.00250806 0.00190000
v -0.00719242 -0.00248818 0.00190000
v -0.00629953 -0.00302440 0.00190000
v -0.00489727 -0.00248767 0.00190000
v -0.00491947 -0.00245212 0.00190000
v -0.00496355 -0.00235919 0.00190000
v -0.00499188 -0.00226033 0.00190000
v -0.00500371 -0.00215816 0.00190000
v -0.00499871 -0.00205544 0.00190000
v -0.00497703 -0.00195490 0.00190000
v -0.00493924 -0.00185925 0.00190000
v -0.00488635 -0.00177104 0.00190000
v -0.00481979 -0.00169264 0.00190000
v -0.00474133 -0.00162615 0.00190000
v -0.00466490 -0.00146636 0.00190000
v -0.00466923 -0.00143589 0.00190000
v -0.00466571 -0.00149712 0.00190000
v -0.00467166 -0.00152731 0.00190000
v -0.00468256 -0.00155608 0.00190000
v -0.00469812 -0.00158263 0.00190000
v -0.00471789 -0.00160621 0.00190000
v -0.00402010 0.00009175 0.00070000
v -0.00414602 0.00020162 0.00070000
v -0.00417853 0.00016278 0.00093169
v -0.00753509 0.00034195 0.00081558
v -0.00754698 0.00035942 0.00070000
v -0.00768057 0.00025164 0.00070000
v -0.00788538 0.00008643 0.00070000
v -0.00793697 0.00002730 0.00070000
v -0.00780152 0.00012999 0.00081558
v -0.00338405 -0.00079728 0.00070000
v -0.00343446 -0.00070594 0.00070000
v -0.00345089 -0.00071356 0.00081558
v -0.00386011 -0.00073989 0.00147090
v -0.00353526 -0.00055417 0.00081558
v -0.00352238 -0.00054662 0.00070000
v -0.00359938 -0.00040710 0.00070000
v -0.00430216 0.00026106 0.00093169
v -0.00501684 0.00068385 0.00081558
v -0.00501184 0.00069873 0.00070000
v -0.00516729 0.00075873 0.00070000
v -0.00589775 0.00076096 0.00104700
v -0.00589695 0.00080734 0.00093169
v -0.00607377 0.00080467 0.00093169
v -0.00748806 0.00027475 0.00104700
v -0.00745522 0.00022781 0.00116008
v -0.00731905 0.00031698 0.00116008
v -0.00851189 -0.00097787 0.00093169
v -0.00845007 -0.00082557 0.00093169
v -0.00849876 -0.00080370 0.00070000
v -0.00856312 -0.00130568 0.00104700
v -0.00860823 -0.00129490 0.00093169
v -0.00864190 -0.00145748 0.00093169
v -0.00824713 -0.00260863 0.00147090
v -0.00815392 -0.00258122 0.00156025
v -0.00821327 -0.00232694 0.00156025
v -0.00748749 -0.00238523 0.00188024
v -0.00794660 -0.00252025 0.00171046
v -0.00725421 -0.00231652 0.00190000
v -0.00840715 -0.00265569 0.00126941
v -0.00833183 -0.00263354 0.00137351
v -0.00848185 -0.00283166 0.00104700
v -0.00857193 -0.00270414 0.00093169
v -0.00852556 -0.00284717 0.00093169
v -0.00852743 -0.00269106 0.00104700
v -0.00847247 -0.00267490 0.00116008
v -0.00842786 -0.00281251 0.00116008
v -0.00783518 -0.00248748 0.00176971
v -0.00805332 -0.00255163 0.00164042
v -0.00772054 -0.00245377 0.00181779
v -0.00861065 -0.00255760 0.00093169
v -0.00856550 -0.00254699 0.00104700
v -0.00859681 -0.00239380 0.00104700
v -0.00869239 -0.00241065 0.00070000
v -0.00866729 -0.00257111 0.00070000
v -0.00847330 -0.00237227 0.00126941
v -0.00854038 -0.00238397 0.00116008
v -0.00856164 -0.00223790 0.00116008
v -0.00850973 -0.00253390 0.00116008
v -0.00752894 -0.00220764 0.00188024
v -0.00727948 -0.00223741 0.00190000
v -0.00871663 -0.00225572 0.00070000
v -0.00866461 -0.00224996 0.00093169
v -0.00873764 -0.00212145 0.00070000
v -0.00867858 -0.00209037 0.00093169
v -0.00873711 -0.00209395 0.00070000
v -0.00864250 -0.00240177 0.00093169
v -0.00861854 -0.00224456 0.00104700
v -0.00857509 -0.00208436 0.00116008
v -0.00850712 -0.00208040 0.00126941
v -0.00863228 -0.00208768 0.00104700
v -0.00857953 -0.00193512 0.00116008
v -0.00863681 -0.00193520 0.00104700
v -0.00857518 -0.00178000 0.00116008
v -0.00863237 -0.00177671 0.00104700
v -0.00856222 -0.00162980 0.00116008
v -0.00861913 -0.00162324 0.00104700
v -0.00868320 -0.00193527 0.00093169
v -0.00867868 -0.00177404 0.00093169
v -0.00866521 -0.00161793 0.00093169
v -0.00850721 -0.00178391 0.00126941
v -0.00847274 -0.00148719 0.00126941
v -0.00853979 -0.00147542 0.00116008
v -0.00850740 -0.00131899 0.00116008
v -0.00859621 -0.00146551 0.00104700
v -0.00846410 -0.00115994 0.00116008
v -0.00839900 -0.00117987 0.00126941
v -0.00729009 -0.00216610 0.00190000
v -0.00731073 -0.00202746 0.00190000
v -0.00755013 -0.00202475 0.00188024
v -0.00730832 -0.00185272 0.00190000
v -0.00755019 -0.00183896 0.00188024
v -0.00730755 -0.00179756 0.00190000
v -0.00752859 -0.00165304 0.00188024
v -0.00728934 -0.00169507 0.00190000
v -0.00748239 -0.00146046 0.00188024
v -0.00727020 -0.00158730 0.00190000
v -0.00851888 -0.00114317 0.00104700
v -0.00841470 -0.00101396 0.00116008
v -0.00846841 -0.00099402 0.00104700
v -0.00835523 -0.00086742 0.00116008
v -0.00840764 -0.00084429 0.00104700
v -0.00828822 -0.00072695 0.00116008
v -0.00833918 -0.00070077 0.00104700
v -0.00856323 -0.00112960 0.00093169
v -0.00829294 -0.00089491 0.00126941
v -0.00815271 -0.00062243 0.00126941
v -0.00821129 -0.00058772 0.00116008
v -0.00826057 -0.00055851 0.00104700
v -0.00812718 -0.00045499 0.00116008
v -0.00817463 -0.00042289 0.00104700
v -0.00803357 -0.00032523 0.00116008
v -0.00807898 -0.00029032 0.00104700
v -0.00838043 -0.00067957 0.00093169
v -0.00830047 -0.00053486 0.00093169
v -0.00821305 -0.00039691 0.00093169
v -0.00811576 -0.00026205 0.00093169
v -0.00725094 -0.00153144 0.00190000
v -0.00720045 -0.00138502 0.00190000
v -0.00741593 -0.00128190 0.00188024
v -0.00712028 -0.00123415 0.00190000
v -0.00732806 -0.00111116 0.00188024
v -0.00709990 -0.00119581 0.00190000
v -0.00721957 -0.00095093 0.00188024
v -0.00797959 -0.00036673 0.00126941
v -0.00777536 -0.00013198 0.00126941
v -0.00782392 -0.00008426 0.00116008
v -0.00770827 0.00002650 0.00116008
v -0.00786479 -0.00004411 0.00104700
v -0.00789787 -0.00001160 0.00093169
v -0.00774661 0.00006906 0.00104700
v -0.00758477 0.00013109 0.00116008
v -0.00754238 0.00007781 0.00126941
v -0.00762043 0.00017592 0.00104700
v -0.00764931 0.00021222 0.00093169
v -0.00777766 0.00010352 0.00093169
v -0.00728353 0.00025889 0.00126941
v -0.00703133 -0.00109778 0.00190000
v -0.00691860 -0.00097362 0.00190000
v -0.00709160 -0.00080384 0.00188024
v -0.00687857 -0.00092952 0.00190000
v -0.00694561 -0.00067238 0.00188024
v -0.00679392 -0.00086312 0.00190000
v -0.00678341 -0.00055891 0.00188024
v -0.00669464 -0.00078524 0.00190000
v -0.00672441 0.00058591 0.00116008
v -0.00674137 0.00064062 0.00104700
v -0.00689937 0.00058622 0.00104700
v -0.00687905 0.00053266 0.00116008
v -0.00705384 0.00052205 0.00104700
v -0.00703023 0.00046985 0.00116008
v -0.00720403 0.00044841 0.00104700
v -0.00717722 0.00039779 0.00116008
v -0.00737314 0.00040542 0.00093169
v -0.00739173 0.00043582 0.00081558
v -0.00722573 0.00048941 0.00093169
v -0.00724240 0.00052090 0.00081558
v -0.00707296 0.00056431 0.00093169
v -0.00708764 0.00059678 0.00081558
v -0.00691583 0.00062958 0.00093169
v -0.00692847 0.00066290 0.00081558
v -0.00675510 0.00068493 0.00093169
v -0.00676566 0.00071897 0.00081558
v -0.00649188 -0.00067563 0.00190000
v -0.00639888 -0.00063904 0.00190000
v -0.00642043 -0.00039475 0.00188024
v -0.00658826 0.00073092 0.00093169
v -0.00657735 0.00068584 0.00104700
v -0.00641163 0.00072046 0.00104700
v -0.00640168 0.00066405 0.00116008
v -0.00623511 0.00068796 0.00116008
v -0.00670425 0.00052087 0.00126941
v -0.00638986 0.00059699 0.00126941
v -0.00656388 0.00063016 0.00116008
v -0.00659664 0.00076556 0.00081558
v -0.00641968 0.00076614 0.00093169
v -0.00624144 0.00074489 0.00104700
v -0.00606887 0.00070112 0.00116008
v -0.00606564 0.00063311 0.00126941
v -0.00572267 0.00079878 0.00093169
v -0.00572642 0.00075254 0.00104700
v -0.00573105 0.00069545 0.00116008
v -0.00625049 0.00082641 0.00081558
v -0.00607546 0.00084027 0.00081558
v -0.00589634 0.00084297 0.00081558
v -0.00571979 0.00083430 0.00081558
v -0.00661640 0.00078673 0.00070000
v -0.00642587 0.00080124 0.00081558
v -0.00624656 0.00079099 0.00093169
v -0.00607158 0.00075834 0.00104700
v -0.00589874 0.00070368 0.00116008
v -0.00573655 0.00062759 0.00126941
v -0.00634891 -0.00062595 0.00190000
v -0.00618141 -0.00058207 0.00190000
v -0.00622342 -0.00034705 0.00188024
v -0.00600867 -0.00056600 0.00190000
v -0.00602026 -0.00032442 0.00188024
v -0.00595964 -0.00056144 0.00190000
v -0.00581405 -0.00032788 0.00188024
v -0.00536123 0.00079680 0.00070000
v -0.00553749 0.00083141 0.00070000
v -0.00536453 0.00078217 0.00081558
v -0.00553973 0.00081375 0.00081558
v -0.00537198 0.00074732 0.00093169
v -0.00554492 0.00077850 0.00093169
v -0.00538166 0.00070196 0.00104700
v -0.00555168 0.00073261 0.00104700
v -0.00539363 0.00064594 0.00116008
v -0.00556003 0.00067594 0.00116008
v -0.00519683 0.00070384 0.00093169
v -0.00520949 0.00065921 0.00104700
v -0.00504425 0.00060655 0.00104700
v -0.00506339 0.00055256 0.00116008
v -0.00491734 0.00049583 0.00116008
v -0.00540785 0.00057936 0.00126941
v -0.00508614 0.00048839 0.00126941
v -0.00522512 0.00060410 0.00116008
v -0.00583354 -0.00056897 0.00190000
v -0.00576582 -0.00057301 0.00190000
v -0.00560808 -0.00035810 0.00188024
v -0.00565892 -0.00059609 0.00190000
v -0.00540649 -0.00041510 0.00188024
v -0.00554596 -0.00062048 0.00190000
v -0.00518711 0.00073812 0.00081558
v -0.00502875 0.00065027 0.00093169
v -0.00489502 0.00054859 0.00104700
v -0.00477833 0.00043221 0.00116008
v -0.00480844 0.00037115 0.00126941
v -0.00512503 -0.00027071 0.00181779
v -0.00532531 -0.00018615 0.00181779
v -0.00536585 -0.00030048 0.00185457
v -0.00555734 -0.00012054 0.00181779
v -0.00558268 -0.00023917 0.00185457
v -0.00579441 -0.00008576 0.00181779
v -0.00580422 -0.00020666 0.00185457
v -0.00603176 -0.00008177 0.00181779
v -0.00602602 -0.00020294 0.00185457
v -0.00626560 -0.00010782 0.00181779
v -0.00624454 -0.00022728 0.00185457
v -0.00649235 -0.00016272 0.00181779
v -0.00645643 -0.00027858 0.00185457
v -0.00670722 -0.00024426 0.00181779
v -0.00660711 -0.00046559 0.00188024
v -0.00691014 -0.00035167 0.00181779
v -0.00709684 -0.00048227 0.00181779
v -0.00726487 -0.00063358 0.00181779
v -0.00741217 -0.00080289 0.00181779
v -0.00753703 -0.00098731 0.00181779
v -0.00763817 -0.00118383 0.00181779
v -0.00771466 -0.00138936 0.00181779
v -0.00776784 -0.00161101 0.00181779
v -0.00779271 -0.00182501 0.00181779
v -0.00779264 -0.00203885 0.00181779
v -0.00776825 -0.00224936 0.00181779
v -0.00487695 0.00059131 0.00093169
v -0.00475299 0.00048359 0.00104700
v -0.00463081 0.00035354 0.00116008
v -0.00453030 0.00021163 0.00126941
v -0.00460227 0.00040321 0.00104700
v -0.00449280 0.00026847 0.00116008
v -0.00446126 0.00031628 0.00104700
v -0.00436430 0.00017808 0.00116008
v -0.00432996 0.00022393 0.00104700
v -0.00424536 0.00008353 0.00116008
v -0.00420843 0.00012732 0.00104700
v -0.00473247 0.00052519 0.00093169
v -0.00457915 0.00044342 0.00093169
v -0.00443571 0.00035500 0.00093169
v -0.00394585 -0.00005795 0.00093169
v -0.00390369 -0.00001813 0.00070000
v -0.00392632 0.00000992 0.00070000
v -0.00428924 0.00003147 0.00126941
v -0.00407115 -0.00017542 0.00126941
v -0.00412818 -0.00002141 0.00116008
v -0.00402148 -0.00012886 0.00116008
v -0.00408870 0.00002010 0.00104700
v -0.00548754 -0.00064335 0.00190000
v -0.00534655 -0.00069854 0.00190000
v -0.00523248 -0.00048857 0.00188024
v -0.00519069 -0.00078956 0.00190000
v -0.00505819 -0.00058852 0.00188024
v -0.00516401 -0.00080515 0.00190000
v -0.00490714 -0.00070141 0.00188024
v -0.00506387 -0.00088740 0.00190000
v -0.00477048 -0.00083106 0.00188024
v -0.00499082 -0.00094740 0.00190000
v -0.00405674 0.00005372 0.00093169
v -0.00397969 -0.00008968 0.00104700
v -0.00391725 -0.00024691 0.00116008
v -0.00387897 -0.00040608 0.00126941
v -0.00387319 -0.00021030 0.00104700
v -0.00382420 -0.00036563 0.00116008
v -0.00377812 -0.00033160 0.00104700
v -0.00373440 -0.00049515 0.00116008
v -0.00368637 -0.00046393 0.00104700
v -0.00365620 -0.00062331 0.00116008
v -0.00360647 -0.00059488 0.00104700
v -0.00383752 -0.00018065 0.00093169
v -0.00374081 -0.00030404 0.00093169
v -0.00364748 -0.00043865 0.00093169
v -0.00356620 -0.00057186 0.00093169
v -0.00788597 -0.00226988 0.00176971
v -0.00791193 -0.00204579 0.00176971
v -0.00791200 -0.00181815 0.00176971
v -0.00788554 -0.00159034 0.00176971
v -0.00782892 -0.00135438 0.00176971
v -0.00774749 -0.00113559 0.00176971
v -0.00763983 -0.00092639 0.00176971
v -0.00750691 -0.00073007 0.00176971
v -0.00735011 -0.00054983 0.00176971
v -0.00717123 -0.00038876 0.00176971
v -0.00697249 -0.00024973 0.00176971
v -0.00675647 -0.00013538 0.00176971
v -0.00652773 -0.00004858 0.00176971
v -0.00628635 0.00000986 0.00176971
v -0.00603742 0.00003759 0.00176971
v -0.00578475 0.00003335 0.00176971
v -0.00553238 -0.00000368 0.00176971
v -0.00528538 -0.00007353 0.00176971
v -0.00507217 -0.00016354 0.00176971
v -0.00492442 -0.00038576 0.00181779
v -0.00485861 -0.00028601 0.00176971
v -0.00475056 -0.00051570 0.00181779
v -0.00467354 -0.00042434 0.00176971
v -0.00459326 -0.00066492 0.00181779
v -0.00450609 -0.00058319 0.00176971
v -0.00445465 -0.00083127 0.00181779
v -0.00435853 -0.00076028 0.00176971
v -0.00433662 -0.00101232 0.00181779
v -0.00423288 -0.00095301 0.00176971
v -0.00800038 -0.00228983 0.00171046
v -0.00810997 -0.00230893 0.00164042
v -0.00802788 -0.00205253 0.00171046
v -0.00813893 -0.00205899 0.00164042
v -0.00802795 -0.00181148 0.00171046
v -0.00813900 -0.00180509 0.00164042
v -0.00799992 -0.00157025 0.00171046
v -0.00810948 -0.00155100 0.00164042
v -0.00793998 -0.00132039 0.00171046
v -0.00804634 -0.00128783 0.00164042
v -0.00785375 -0.00108870 0.00171046
v -0.00795551 -0.00104380 0.00164042
v -0.00773974 -0.00086718 0.00171046
v -0.00783543 -0.00081046 0.00164042
v -0.00759898 -0.00065929 0.00171046
v -0.00768718 -0.00059149 0.00164042
v -0.00743295 -0.00046843 0.00171046
v -0.00751229 -0.00039047 0.00164042
v -0.00724353 -0.00029787 0.00171046
v -0.00731278 -0.00021082 0.00164042
v -0.00703308 -0.00015065 0.00171046
v -0.00709111 -0.00005575 0.00164042
v -0.00680433 -0.00002957 0.00171046
v -0.00685018 0.00007178 0.00164042
v -0.00656212 0.00006235 0.00171046
v -0.00659505 0.00016860 0.00164042
v -0.00630651 0.00012423 0.00171046
v -0.00632583 0.00023378 0.00164042
v -0.00604292 0.00015360 0.00171046
v -0.00604818 0.00026471 0.00164042
v -0.00577536 0.00014911 0.00171046
v -0.00576637 0.00025998 0.00164042
v -0.00550812 0.00010990 0.00171046
v -0.00548489 0.00021868 0.00164042
v -0.00524657 0.00003594 0.00171046
v -0.00520939 0.00014078 0.00164042
v -0.00502079 -0.00005938 0.00171046
v -0.00497159 0.00004038 0.00164042
v -0.00479466 -0.00018907 0.00171046
v -0.00473340 -0.00009622 0.00164042
v -0.00459867 -0.00033554 0.00171046
v -0.00452697 -0.00025050 0.00164042
v -0.00442136 -0.00050375 0.00171046
v -0.00434021 -0.00042767 0.00164042
v -0.00426511 -0.00069128 0.00171046
v -0.00417564 -0.00062519 0.00164042
v -0.00413205 -0.00089537 0.00171046
v -0.00403549 -0.00084016 0.00164042
v -0.00465005 -0.00097559 0.00188024
v -0.00454750 -0.00113289 0.00188024
v -0.00444192 -0.00107253 0.00185457
v -0.00394445 -0.00078811 0.00156025
v -0.00830898 -0.00234363 0.00147090
v -0.00824361 -0.00206508 0.00156025
v -0.00834060 -0.00207072 0.00147090
v -0.00824370 -0.00179907 0.00156025
v -0.00834069 -0.00179349 0.00147090
v -0.00821276 -0.00153286 0.00156025
v -0.00830845 -0.00151605 0.00147090
v -0.00814661 -0.00125713 0.00156025
v -0.00823951 -0.00122870 0.00147090
v -0.00805145 -0.00100146 0.00156025
v -0.00814034 -0.00096224 0.00147090
v -0.00792565 -0.00075700 0.00156025
v -0.00800922 -0.00070747 0.00147090
v -0.00777032 -0.00052759 0.00156025
v -0.00784734 -0.00046838 0.00147090
v -0.00758709 -0.00031698 0.00156025
v -0.00765638 -0.00024889 0.00147090
v -0.00737806 -0.00012875 0.00156025
v -0.00743854 -0.00005272 0.00147090
v -0.00714582 0.00003371 0.00156025
v -0.00719651 0.00011659 0.00147090
v -0.00689339 0.00016733 0.00156025
v -0.00693343 0.00025584 0.00147090
v -0.00662610 0.00026876 0.00156025
v -0.00665487 0.00036155 0.00147090
v -0.00634403 0.00033705 0.00156025
v -0.00636090 0.00043273 0.00147090
v -0.00605315 0.00036946 0.00156025
v -0.00605775 0.00046650 0.00147090
v -0.00575789 0.00036450 0.00156025
v -0.00575004 0.00046133 0.00147090
v -0.00546298 0.00032123 0.00156025
v -0.00544269 0.00041624 0.00147090
v -0.00517435 0.00023961 0.00156025
v -0.00514188 0.00033118 0.00147090
v -0.00492520 0.00013443 0.00156025
v -0.00488223 0.00022156 0.00147090
v -0.00467565 -0.00000869 0.00156025
v -0.00462215 0.00007241 0.00147090
v -0.00445938 -0.00017033 0.00156025
v -0.00439676 -0.00009605 0.00147090
v -0.00426371 -0.00035595 0.00156025
v -0.00419283 -0.00028951 0.00147090
v -0.00409128 -0.00056289 0.00156025
v -0.00401314 -0.00050518 0.00147090
v -0.00378346 -0.00069607 0.00137351
v -0.00371531 -0.00065710 0.00126941
v -0.00394212 -0.00045272 0.00137351
v -0.00412842 -0.00022912 0.00137351
v -0.00433985 -0.00002855 0.00137351
v -0.00457353 0.00014610 0.00137351
v -0.00484317 0.00030074 0.00137351
v -0.00511238 0.00041439 0.00137351
v -0.00542425 0.00050258 0.00137351
v -0.00574290 0.00054933 0.00137351
v -0.00606193 0.00055469 0.00137351
v -0.00637623 0.00051968 0.00137351
v -0.00668101 0.00044588 0.00137351
v -0.00700217 0.00040782 0.00126941
v -0.00696982 0.00033629 0.00137351
v -0.00724257 0.00019191 0.00137351
v -0.00749351 0.00001637 0.00137351
v -0.00771936 -0.00018701 0.00137351
v -0.00791734 -0.00041457 0.00137351
v -0.00808517 -0.00066246 0.00137351
v -0.00822111 -0.00092660 0.00137351
v -0.00832393 -0.00120285 0.00137351
v -0.00839541 -0.00150078 0.00137351
v -0.00842883 -0.00178842 0.00137351
v -0.00842874 -0.00207585 0.00137351
v -0.00839596 -0.00235879 0.00137351
v -0.00357606 -0.00077470 0.00116008
v -0.00352459 -0.00074956 0.00104700
v -0.00348291 -0.00072920 0.00093169
v -0.00494714 -0.00099656 0.00190000
v -0.00485487 -0.00110041 0.00190000
v -0.00475592 -0.00125214 0.00190000
v -0.00474448 -0.00126969 0.00190000
v -0.00665747 -0.00076514 0.00190000
v -0.00857613 -0.00286529 0.00070000
v -0.00862416 -0.00271929 0.00070000
v -0.00866219 -0.00260366 0.00070000
v -0.00873405 -0.00193555 0.00070000
v -0.00873087 -0.00177071 0.00070000
v -0.00872821 -0.00163347 0.00070000
v -0.00869197 -0.00144889 0.00070000
v -0.00855926 -0.00096042 0.00070000
v -0.00861817 -0.00111304 0.00070000
v -0.00859731 -0.00111917 0.00081558
v -0.00863419 -0.00115454 0.00070000
v -0.00864289 -0.00128662 0.00081558
v -0.00865928 -0.00128236 0.00070000
v -0.00804933 -0.00010147 0.00070000
v -0.00816008 -0.00022839 0.00070000
v -0.00820627 -0.00028133 0.00070000
v -0.00825758 -0.00036636 0.00070000
v -0.00834381 -0.00050927 0.00070000
v -0.00843107 -0.00065387 0.00070000
v -0.00845843 -0.00069921 0.00070000
v -0.00801139 -0.00013442 0.00093169
v -0.00797638 -0.00016485 0.00104700
v -0.00793315 -0.00020243 0.00116008
v -0.00734894 0.00036585 0.00104700
v -0.00751466 0.00031275 0.00093169
v -0.00767149 0.00024011 0.00081558
v -0.00781436 0.00014372 0.00070000
v -0.00750550 0.00039287 0.00070000
v -0.00740111 0.00045048 0.00070000
v -0.00724928 0.00053427 0.00070000
v -0.00707818 0.00062870 0.00070000
v -0.00693448 0.00067788 0.00070000
v -0.00677007 0.00073414 0.00070000
v -0.00564622 0.00085275 0.00070000
v -0.00571785 0.00085414 0.00070000
v -0.00589611 0.00085758 0.00070000
v -0.00607674 0.00086107 0.00070000
v -0.00613420 0.00086218 0.00070000
v -0.00625207 0.00084374 0.00070000
v -0.00642869 0.00081610 0.00070000
v -0.00441609 0.00038475 0.00081558
v -0.00455398 0.00048764 0.00070000
v -0.00456139 0.00047432 0.00081558
v -0.00470585 0.00057928 0.00070000
v -0.00471671 0.00055715 0.00081558
v -0.00471196 0.00058297 0.00070000
v -0.00485655 0.00063878 0.00070000
v -0.00426753 0.00030765 0.00070000
v -0.00429407 0.00033081 0.00070000
v -0.00440651 0.00039866 0.00070000
v -0.00379874 -0.00014823 0.00070000
v -0.00369813 -0.00027295 0.00070000
v -0.00361988 -0.00036996 0.00070000
v -0.00826833 -0.00349275 -0.00050000
v -0.00850416 -0.00306544 -0.00050000
v -0.00866219 -0.00260366 -0.00050000
v -0.00873764 -0.00212145 -0.00050000
v -0.00872821 -0.00163347 -0.00050000
v -0.00863419 -0.00115454 -0.00050000
v -0.00845843 -0.00069921 -0.00050000
v -0.00820627 -0.00028133 -0.00050000
v -0.00788538 0.00008643 -0.00050000
v -0.00750550 0.00039287 -0.00050000
v -0.00707818 0.00062870 -0.00050000
v -0.00661640 0.00078673 -0.00050000
v -0.00613420 0.00086218 -0.00050000
v -0.00564622 0.00085275 -0.00050000
v -0.00516729 0.00075873 -0.00050000
v -0.00471196 0.00058297 -0.00050000
v -0.00429407 0.00033081 -0.00050000
v -0.00392632 0.00000992 -0.00050000
v -0.00361988 -0.00036996 -0.00050000
v -0.00338405 -0.00079728 -0.00050000
v -0.00322601 -0.00125905 -0.00050000
v -0.00315056 -0.00174126 -0.00050000
v -0.00315999 -0.00222924 -0.00050000
v -0.00325402 -0.00270817 -0.00050000
v -0.00342978 -0.00316350 -0.00050000
v -0.00368194 -0.00358139 -0.00050000
v -0.00400283 -0.00394914 -0.00050000
v -0.00438270 -0.00425558 -0.00050000
v -0.00481002 -0.00449141 -0.00050000
v -0.00527180 -0.00464945 -0.00050000
v -0.00575401 -0.00472490 -0.00050000
v -0.00624199 -0.00471547 -0.00050000
v -0.00672092 -0.00462144 -0.00050000
v -0.00717624 -0.00444568 -0.00050000
v -0.00759413 -0.00419352 -0.00050000
v -0.00796189 -0.00387263 -0.00050000
v -0.00714688 -0.00223656 0.00190000
v -0.00717031 -0.00225650 0.00190000
v -0.00719009 -0.00228008 0.00190000
v -0.00720564 -0.00230663 0.00190000
v -0.00721655 -0.00233540 0.00190000
v -0.00722249 -0.00236560 0.00190000
v -0.00722331 -0.00239636 0.00190000
v -0.00721897 -0.00242682 0.00190000
v -0.00702738 -0.00132611 0.00190000
v -0.00696874 -0.00141060 0.00190000
v -0.00692466 -0.00150352 0.00190000
v -0.00689633 -0.00160238 0.00190000
v -0.00688450 -0.00170455 0.00190000
v -0.00688949 -0.00180727 0.00190000
v -0.00691118 -0.00190781 0.00190000
v -0.00694897 -0.00200346 0.00190000
v -0.00700185 -0.00209167 0.00190000
v -0.00706842 -0.00217007 0.00190000
v -0.00704488 -0.00130079 0.00190000
v -0.00705790 -0.00127291 0.00190000
v -0.00706608 -0.00124325 0.00190000
v -0.00706918 -0.00121263 0.00190000
v -0.00706714 -0.00118193 0.00190000
v -0.00705999 -0.00115200 0.00190000
v -0.00704794 -0.00112369 0.00190000
v -0.00701062 -0.00107502 0.00190000
v -0.00698641 -0.00105603 0.00190000
v -0.00695936 -0.00104136 0.00190000
v -0.00693024 -0.00103141 0.00190000
v -0.00689987 -0.00102647 0.00190000
v -0.00686910 -0.00102666 0.00190000
v -0.00683879 -0.00103200 0.00190000
v -0.00680981 -0.00104233 0.00190000
v -0.00703802 -0.00131181 0.00190000
v -0.00596158 -0.00069059 0.00190000
v -0.00600543 -0.00078362 0.00190000
v -0.00606386 -0.00086825 0.00190000
v -0.00613532 -0.00094222 0.00190000
v -0.00621788 -0.00100355 0.00190000
v -0.00630934 -0.00105058 0.00190000
v -0.00640725 -0.00108207 0.00190000
v -0.00650898 -0.00109717 0.00190000
v -0.00661181 -0.00109547 0.00190000
v -0.00671299 -0.00107703 0.00190000
v -0.00560703 -0.00073712 0.00190000
v -0.00561258 -0.00070685 0.00190000
v -0.00562312 -0.00067794 0.00190000
v -0.00563833 -0.00065119 0.00190000
v -0.00565780 -0.00062736 0.00190000
v -0.00568097 -0.00060712 0.00190000
v -0.00570720 -0.00059103 0.00190000
v -0.00573575 -0.00057955 0.00190000
v -0.00579656 -0.00057157 0.00190000
v -0.00582710 -0.00057530 0.00190000
v -0.00585660 -0.00058407 0.00190000
v -0.00588421 -0.00059765 0.00190000
v -0.00590917 -0.00061565 0.00190000
v -0.00593077 -0.00063756 0.00190000
v -0.00594841 -0.00066278 0.00190000
v -0.00487830 -0.00129584 0.00190000
v -0.00498080 -0.00130438 0.00190000
v -0.00508331 -0.00129609 0.00190000
v -0.00518309 -0.00127119 0.00190000
v -0.00527748 -0.00123035 0.00190000
v -0.00536395 -0.00117467 0.00190000
v -0.00544017 -0.00110562 0.00190000
v -0.00550323 -0.00102638 0.00190000
v -0.00550412 -0.00102507 0.00190000
v -0.00555406 -0.00093516 0.00190000
v -0.00558868 -0.00083832 0.00190000
v -0.00469272 -0.00137924 0.00190000
v -0.00471122 -0.00135465 0.00190000
v -0.00473357 -0.00133349 0.00190000
v -0.00475913 -0.00131637 0.00190000
v -0.00478720 -0.00130375 0.00190000
v -0.00481698 -0.00129601 0.00190000
v -0.00484763 -0.00129334 0.00190000
v -0.00828617 -0.00418462 -0.00050000
v -0.00785932 -0.00455709 -0.00050000
v -0.00737427 -0.00484977 -0.00050000
v -0.00684576 -0.00505378 -0.00050000
v -0.00628986 -0.00516291 -0.00050000
v -0.00572346 -0.00517386 -0.00050000
v -0.00516375 -0.00508628 -0.00050000
v -0.00462776 -0.00490284 -0.00050000
v -0.00413177 -0.00462912 -0.00050000
v -0.00369084 -0.00427343 -0.00050000
v -0.00331837 -0.00384657 -0.00050000
v -0.00302569 -0.00336152 -0.00050000
v -0.00282168 -0.00283302 -0.00050000
v -0.00271255 -0.00227711 -0.00050000
v -0.00270160 -0.00171071 -0.00050000
v -0.00278918 -0.00115101 -0.00050000
v -0.00297261 -0.00061501 -0.00050000
v -0.00324634 -0.00011902 -0.00050000
v -0.00360203 0.00032191 -0.00050000
v -0.00402889 0.00069437 -0.00050000
v -0.00451394 0.00098706 -0.00050000
v -0.00504244 0.00119106 -0.00050000
v -0.00559834 0.00130020 -0.00050000
v -0.00616475 0.00131115 -0.00050000
v -0.00672445 0.00122357 -0.00050000
v -0.00726045 0.00104013 -0.00050000
v -0.00775644 0.00076641 -0.00050000
v -0.00819737 0.00041071 -0.00050000
v -0.00856983 -0.00001614 -0.00050000
v -0.00886252 -0.00050119 -0.00050000
v -0.00906652 -0.00102970 -0.00050000
v -0.00917566 -0.00158560 -0.00050000
v -0.00918660 -0.00215200 -0.00050000
v -0.00909903 -0.00271171 -0.00050000
v -0.00891559 -0.00324770 -0.00050000
v -0.00864187 -0.00374369 -0.00050000
v -0.00270239 -0.02159992 0.00700000
v 0.00311281 -0.01690884 0.00700000
v 0.00270239 -0.01640008 0.00700000
v 0.00272616 -0.01642501 0.01200000
v 0.00220986 -0.01597031 0.00700000
v 0.00226515 -0.01601142 0.01200000
v 0.00270059 -0.01640208 0.01200000
v 0.00165019 -0.01563260 0.00700000
v 0.00174235 -0.01567935 0.01200000
v 0.00220715 -0.01597458 0.01200000
v 0.00104038 -0.01539721 0.00700000
v 0.00117202 -0.01543786 0.01200000
v 0.00164742 -0.01563915 0.01200000
v -0.00025459 -0.01525865 0.00700000
v -0.00004810 -0.01525031 0.01200000
v 0.00039895 -0.01527128 0.00700000
v 0.00039824 -0.01528153 0.01200000
v 0.00076474 -0.01534309 0.00700000
v 0.00056973 -0.01529353 0.01200000
v 0.00103831 -0.01540582 0.01200000
v -0.00090040 -0.01535970 0.00700000
v -0.00066463 -0.01530937 0.01200000
v -0.00025351 -0.01526998 0.01200000
v -0.00151886 -0.01557136 0.00700000
v -0.00126302 -0.01546910 0.01200000
v -0.00089726 -0.01537147 0.01200000
v -0.00209116 -0.01588720 0.00700000
v -0.00182696 -0.01572514 0.01200000
v -0.00151363 -0.01558288 0.01200000
v -0.00302969 -0.01679014 0.00700000
v -0.00279132 -0.01649579 0.01200000
v -0.00259992 -0.01629761 0.00700000
v -0.00259124 -0.01630681 0.01200000
v -0.00257487 -0.01627740 0.00700000
v -0.00234107 -0.01607051 0.01200000
v -0.00208402 -0.01589783 0.01200000
v -0.00336740 -0.01734981 0.00700000
v -0.00316543 -0.01698938 0.01200000
v -0.00301999 -0.01679749 0.01200000
v -0.00360279 -0.01795962 0.00700000
v -0.00345319 -0.01753782 0.01200000
v -0.00335732 -0.01735510 0.01200000
v -0.00364030 -0.01990040 0.00700000
v -0.00373291 -0.01935759 0.01200000
v -0.00374135 -0.01925459 0.00700000
v -0.00373423 -0.01925450 0.01200000
v -0.00373773 -0.01906750 0.00700000
v -0.00374086 -0.01873829 0.01200000
v -0.00372872 -0.01860105 0.00700000
v -0.00371997 -0.01860239 0.01200000
v -0.00367461 -0.01832541 0.00700000
v -0.00364676 -0.01812614 0.01200000
v -0.00359303 -0.01796284 0.01200000
v -0.00342864 -0.02051886 0.00700000
v -0.00362314 -0.01996713 0.01200000
v -0.00363532 -0.01989951 0.01200000
v -0.00289720 -0.02135842 0.00700000
v -0.00311281 -0.02109116 0.00700000
v -0.00327872 -0.02079052 0.00700000
v -0.00341454 -0.02055029 0.01200000
v -0.00342611 -0.02051795 0.01200000
v -0.00220986 -0.02202969 0.00700000
v -0.00165019 -0.02236740 0.00700000
v -0.00147562 -0.02243479 0.00700000
v -0.00104038 -0.02260279 0.00700000
v -0.00039895 -0.02272872 0.00700000
v 0.00025459 -0.02274135 0.00700000
v 0.00090040 -0.02264030 0.00700000
v 0.00209116 -0.02211281 0.00700000
v 0.00154704 -0.02241309 0.00700000
v 0.00151886 -0.02242864 0.00700000
v 0.00259992 -0.02170239 0.00700000
v 0.00302969 -0.02120986 0.00700000
v 0.00336740 -0.02065019 0.00700000
v 0.00360279 -0.02004038 0.00700000
v 0.00372872 -0.01939895 0.00700000
v 0.00374135 -0.01874541 0.00700000
v 0.00364030 -0.01809960 0.00700000
v 0.00342864 -0.01748114 0.00700000
v 0.00259386 -0.01654997 0.01250000
v 0.00215522 -0.01615645 0.01250000
v 0.00165779 -0.01584050 0.01250000
v 0.00111515 -0.01561073 0.01250000
v 0.00054208 -0.01547340 0.01250000
v -0.00004577 -0.01543228 0.01250000
v -0.00063237 -0.01548847 0.01250000
v -0.00120173 -0.01564045 0.01250000
v -0.00173830 -0.01588407 0.01250000
v -0.00222746 -0.01621268 0.01250000
v -0.00265586 -0.01661732 0.01250000
v -0.00301181 -0.01708696 0.01250000
v -0.00328561 -0.01760878 0.01250000
v -0.00346979 -0.01816855 0.01250000
v -0.00355932 -0.01875099 0.01250000
v -0.00355176 -0.01934023 0.01250000
v -0.00344731 -0.01992019 0.01250000
v -0.00324884 -0.02047505 0.01250000
v -0.00024567 -0.02129609 0.01250000
v 0.00015677 -0.02130386 0.01250000
v -0.00064065 -0.02121854 0.01250000
v -0.00101616 -0.02107359 0.01250000
v -0.00136080 -0.02086563 0.01250000
v -0.00166409 -0.02060099 0.01250000
v -0.00191682 -0.02028770 0.01250000
v 0.00128770 -0.02091682 0.01250000
v 0.00093529 -0.02111130 0.01250000
v 0.00186563 -0.02036080 0.01250000
v 0.00160099 -0.02066409 0.01250000
v 0.00055445 -0.02124164 0.01250000
v -0.00211130 -0.01993529 0.01250000
v -0.00224164 -0.01955445 0.01250000
v -0.00230386 -0.01915677 0.01250000
v -0.00229609 -0.01875433 0.01250000
v -0.00221854 -0.01835935 0.01250000
v -0.00207359 -0.01798384 0.01250000
v -0.00186563 -0.01763920 0.01250000
v -0.00160099 -0.01733591 0.01250000
v -0.00128770 -0.01708318 0.01250000
v -0.00093529 -0.01688870 0.01250000
v -0.00055445 -0.01675836 0.01250000
v -0.00015677 -0.01669614 0.01250000
v 0.00024567 -0.01670391 0.01250000
v 0.00064065 -0.01678146 0.01250000
v 0.00101616 -0.01692641 0.01250000
v 0.00136080 -0.01713436 0.01250000
v 0.00166409 -0.01739901 0.01250000
v 0.00191682 -0.01771230 0.01250000
v 0.00211130 -0.01806471 0.01250000
v 0.00207359 -0.02001616 0.01250000
v 0.00230386 -0.01884323 0.01250000
v 0.00221854 -0.01964065 0.01250000
v 0.00224164 -0.01844555 0.01250000
v 0.00229609 -0.01924567 0.01250000
v -0.00158540 -0.02052529 0.01220000
v -0.00129645 -0.02077742 0.01220000
v -0.00096811 -0.02097554 0.01220000
v -0.00061035 -0.02111364 0.01220000
v -0.00023405 -0.02118751 0.01220000
v 0.00014936 -0.02119492 0.01220000
v 0.00052824 -0.02113564 0.01220000
v 0.00089106 -0.02101147 0.01220000
v 0.00122681 -0.02082618 0.01220000
v 0.00152529 -0.02058540 0.01220000
v 0.00177742 -0.02029645 0.01220000
v 0.00197554 -0.01996811 0.01220000
v 0.00211364 -0.01961035 0.01220000
v 0.00218751 -0.01923405 0.01220000
v 0.00219492 -0.01885064 0.01220000
v 0.00213564 -0.01847176 0.01220000
v 0.00201147 -0.01810894 0.01220000
v 0.00182618 -0.01777319 0.01220000
v 0.00158540 -0.01747471 0.01220000
v 0.00129645 -0.01722258 0.01220000
v 0.00096811 -0.01702446 0.01220000
v 0.00061035 -0.01688636 0.01220000
v 0.00023405 -0.01681248 0.01220000
v -0.00014936 -0.01680508 0.01220000
v -0.00052824 -0.01686436 0.01220000
v -0.00089106 -0.01698853 0.01220000
v -0.00122681 -0.01717382 0.01220000
v -0.00152529 -0.01741460 0.01220000
v -0.00177742 -0.01770355 0.01220000
v -0.00197554 -0.01803189 0.01220000
v -0.00211364 -0.01838965 0.01220000
v -0.00218751 -0.01876595 0.01220000
v -0.00219492 -0.01914936 0.01220000
v -0.00213564 -0.01952824 0.01220000
v -0.00201147 -0.01989106 0.01220000
v -0.00182618 -0.02022681 0.01220000
v -0.00454289 -0.01890872 0.00700000
v -0.00406161 -0.01858540 0.00700000
v -0.00480336 -0.01748126 0.00700000
v -0.00651990 -0.01596584 0.00700000
v -0.00602545 -0.01670186 0.00700000
v -0.00554416 -0.01637853 0.00700000
v -0.01780395 -0.00742680 0.00700000
v -0.01801990 -0.00710000 0.00700000
v -0.01884434 -0.00710000 0.00700000
v 0.00375422 -0.03039270 0.00700000
v 0.00380044 -0.03028850 0.00700000
v 0.00126949 -0.02756077 0.00700000
v 0.02635979 -0.00467880 0.00700000
v 0.02660155 -0.00444704 0.00700000
v 0.02361087 0.00000476 0.00700000
v 0.02943213 0.00400000 0.00700000
v 0.02890380 0.00400000 0.00700000
v 0.02910723 0.00369717 0.00700000
v -0.01241711 -0.02336307 0.00700000
v -0.01277213 -0.02283462 0.00700000
v -0.01304758 -0.02301967 0.00700000
v -0.00850613 -0.02509773 0.00700000
v -0.00635442 -0.02569193 0.00700000
v -0.00893097 -0.02185660 0.00700000
v 0.00111803 -0.02733532 0.00700000
v -0.00030581 -0.02521585 0.00700000
v 0.00104492 -0.02724470 0.00700000
v 0.00085448 -0.02707852 0.00700000
v 0.00132574 -0.02766271 0.00700000
v 0.00140758 -0.02790184 0.00700000
v 0.00344724 -0.03080248 0.00700000
v 0.00144665 -0.02815156 0.00700000
v 0.00144177 -0.02840426 0.00700000
v -0.00009844 -0.02680335 0.00700000
v 0.00015426 -0.02680823 0.00700000
v -0.00034816 -0.02684242 0.00700000
v 0.00040228 -0.02685692 0.00700000
v 0.00063807 -0.02694794 0.00700000
v 0.00034816 -0.02965758 0.00700000
v 0.00009844 -0.02969665 0.00700000
v -0.00000000 -0.03150000 0.00700000
v -0.00015426 -0.02969177 0.00700000
v -0.00213559 -0.03142752 0.00700000
v -0.00130206 -0.02761193 0.00700000
v -0.00117148 -0.02739552 0.00700000
v -0.00401318 -0.02770643 0.00700000
v 0.00139308 -0.02865228 0.00700000
v 0.00130206 -0.02888807 0.00700000
v 0.00117148 -0.02910448 0.00700000
v 0.00058729 -0.02957574 0.00700000
v 0.00213559 -0.03142752 0.00700000
v 0.00080858 -0.02945362 0.00700000
v 0.00246538 -0.03137723 0.00700000
v 0.00100530 -0.02929492 0.00700000
v 0.00278222 -0.03127281 0.00700000
v 0.00307730 -0.03111719 0.00700000
v 0.00334240 -0.03091468 0.00700000
v -0.00040228 -0.02964308 0.00700000
v -0.00063807 -0.02955206 0.00700000
v -0.00246538 -0.03137723 0.00700000
v -0.00085448 -0.02942148 0.00700000
v -0.00255491 -0.03134772 0.00700000
v -0.00104492 -0.02925530 0.00700000
v -0.00120362 -0.02905858 0.00700000
v -0.00132574 -0.02883729 0.00700000
v -0.00140758 -0.02859816 0.00700000
v -0.00400000 -0.02919662 0.00700000
v -0.00144665 -0.02834844 0.00700000
v -0.00400000 -0.02786126 0.00700000
v -0.00144177 -0.02809574 0.00700000
v -0.00139308 -0.02784772 0.00700000
v -0.00100530 -0.02720508 0.00700000
v -0.00080858 -0.02704638 0.00700000
v -0.00058729 -0.02692426 0.00700000
v -0.00375422 -0.03039270 0.00700000
v -0.00400000 -0.02943213 0.00700000
v -0.00388948 -0.03008775 0.00700000
v -0.00397218 -0.02976456 0.00700000
v -0.00357015 -0.03067092 0.00700000
v -0.00334240 -0.03091468 0.00700000
v -0.00307730 -0.03111719 0.00700000
v -0.00278222 -0.03127281 0.00700000
v -0.00402877 -0.02752322 0.00700000
v -0.00411427 -0.02719491 0.00700000
v -0.00495159 -0.02615808 0.00700000
v -0.00525454 -0.02600538 0.00700000
v -0.00467880 -0.02635979 0.00700000
v -0.00444403 -0.02660470 0.00700000
v -0.00425403 -0.02688577 0.00700000
v -0.01132160 -0.02395978 0.00700000
v -0.01398841 -0.02250721 0.00700000
v -0.01351293 -0.02173189 0.00700000
v -0.01431977 -0.02227392 0.00700000
v -0.01559004 -0.01864000 0.00700000
v -0.01617990 -0.01864000 0.00700000
v -0.01647152 -0.02075907 0.00700000
v -0.01626673 -0.01863240 0.00700000
v -0.01635091 -0.01860985 0.00700000
v -0.01667231 -0.01822682 0.00700000
v -0.01897245 -0.01847570 0.00700000
v -0.01664975 -0.01831101 0.00700000
v -0.01873833 -0.01873833 0.00700000
v -0.01661291 -0.01839000 0.00700000
v -0.01642990 -0.01857301 0.00700000
v -0.01650129 -0.01852302 0.00700000
v -0.01656292 -0.01846139 0.00700000
v -0.01667990 -0.01814000 0.00700000
v -0.01671790 -0.01696111 0.00700000
v -0.02075907 -0.01647152 0.00700000
v -0.01922908 -0.01322308 0.00700000
v -0.02182043 -0.01496392 0.00700000
v -0.02600603 -0.00313521 0.00700000
v -0.02738841 -0.00406388 0.00700000
v -0.02719491 -0.00411427 0.00700000
v -0.02635979 -0.00467880 0.00700000
v -0.02615808 -0.00495159 0.00700000
v -0.02600538 -0.00525454 0.00700000
v -0.02590609 -0.00557895 0.00700000
v -0.02509773 -0.00850613 0.00700000
v -0.02688577 -0.00425403 0.00700000
v -0.02660470 -0.00444403 0.00700000
v -0.02395978 -0.01132160 0.00700000
v -0.02250721 -0.01398841 0.00700000
v -0.02965758 -0.00034816 0.00700000
v -0.02969665 -0.00009844 0.00700000
v -0.03150000 0.00000000 0.00700000
v -0.02969177 0.00015426 0.00700000
v -0.03142752 0.00213559 0.00700000
v -0.03091468 -0.00334240 0.00700000
v -0.03067092 -0.00357015 0.00700000
v -0.02910448 -0.00117148 0.00700000
v -0.03039270 -0.00375422 0.00700000
v -0.02888807 -0.00130206 0.00700000
v -0.02957574 -0.00058729 0.00700000
v -0.03142752 -0.00213559 0.00700000
v -0.02945362 -0.00080858 0.00700000
v -0.03137723 -0.00246538 0.00700000
v -0.02929492 -0.00100530 0.00700000
v -0.03127281 -0.00278222 0.00700000
v -0.03111719 -0.00307730 0.00700000
v -0.02905858 0.00120362 0.00700000
v -0.03030100 0.00325809 0.00700000
v -0.02925530 0.00104492 0.00700000
v -0.03134772 0.00255491 0.00700000
v -0.02942148 0.00085448 0.00700000
v -0.03137723 0.00246538 0.00700000
v -0.02955206 0.00063807 0.00700000
v -0.02964308 0.00040228 0.00700000
v -0.02724470 -0.00104492 0.00700000
v -0.02735208 -0.00113155 0.00700000
v -0.02744142 -0.00120362 0.00700000
v -0.02766271 -0.00132574 0.00700000
v -0.02790184 -0.00140758 0.00700000
v -0.02943213 -0.00400000 0.00700000
v -0.02786126 -0.00400000 0.00700000
v -0.02815156 -0.00144665 0.00700000
v -0.02752322 -0.00402877 0.00700000
v -0.02840426 -0.00144177 0.00700000
v -0.02865228 -0.00139308 0.00700000
v -0.02976456 -0.00397218 0.00700000
v -0.03008775 -0.00388948 0.00700000
v -0.03039270 0.00375422 0.00700000
v -0.03055996 0.00364356 0.00700000
v -0.03067092 0.00357015 0.00700000
v -0.03091468 0.00334240 0.00700000
v -0.03111719 0.00307730 0.00700000
v -0.03127281 0.00278222 0.00700000
v -0.02919662 0.00400000 0.00700000
v -0.02943213 0.00400000 0.00700000
v -0.02976456 0.00397218 0.00700000
v -0.03008775 0.00388948 0.00700000
v -0.02660155 0.00444704 0.00700000
v -0.02761193 0.00130206 0.00700000
v -0.02739552 0.00117148 0.00700000
v -0.02680823 -0.00015426 0.00700000
v -0.02290663 -0.00105306 0.00700000
v -0.02680335 0.00009844 0.00700000
v -0.02684242 0.00034816 0.00700000
v -0.02685692 -0.00040228 0.00700000
v -0.02694794 -0.00063807 0.00700000
v -0.02707852 -0.00085448 0.00700000
v -0.02720508 0.00100530 0.00700000
v -0.02704638 0.00080858 0.00700000
v -0.02692426 0.00058729 0.00700000
v -0.02784772 0.00139308 0.00700000
v -0.02660470 0.00444403 0.00700000
v -0.02688577 0.00425403 0.00700000
v -0.02895808 0.00125908 0.00700000
v -0.02883729 0.00132574 0.00700000
v -0.02859816 0.00140758 0.00700000
v -0.02834844 0.00144665 0.00700000
v -0.02786126 0.00400000 0.00700000
v -0.02809574 0.00144177 0.00700000
v -0.02752322 0.00402877 0.00700000
v -0.02719491 0.00411427 0.00700000
v -0.01851855 0.00189482 0.00700000
v -0.02615808 0.00495159 0.00700000
v -0.02635979 0.00467880 0.00700000
v -0.02569193 0.00635442 0.00700000
v -0.02590609 0.00557895 0.00700000
v -0.02600538 0.00525454 0.00700000
v -0.02509773 0.00850613 0.00700000
v -0.02281352 0.00828812 0.00700000
v -0.02429471 0.01049295 0.00700000
v -0.02233223 0.00861144 0.00700000
v -0.02403232 0.01114213 0.00700000
v -0.02395978 0.01132160 0.00700000
v -0.02023947 0.01001734 0.00700000
v -0.02268631 0.01365959 0.00700000
v -0.00998693 0.01690492 0.00700000
v -0.02075907 0.01647152 0.00700000
v -0.02250721 0.01398841 0.00700000
v -0.01398841 0.02250721 0.00700000
v -0.01647152 0.02075907 0.00700000
v -0.01367934 0.02240129 0.00700000
v -0.01753476 0.01981125 0.00700000
v -0.01873833 0.01873833 0.00700000
v -0.00411427 0.02719491 0.00700000
v -0.00425403 0.02688577 0.00700000
v 0.00058862 0.02400949 0.00700000
v -0.00444403 0.02660470 0.00700000
v -0.00467880 0.02635979 0.00700000
v -0.00850613 0.02509773 0.00700000
v -0.01132160 0.02395978 0.00700000
v -0.01152155 0.02385088 0.00700000
v -0.01381423 0.02260208 0.00700000
v -0.00495159 0.02615808 0.00700000
v -0.00525454 0.02600538 0.00700000
v -0.00557895 0.02590609 0.00700000
v -0.00400000 0.02890380 0.00700000
v -0.00400000 0.02786126 0.00700000
v -0.00402877 0.02752322 0.00700000
v -0.00357015 0.03067092 0.00700000
v -0.00372711 0.03043369 0.00700000
v -0.00310380 0.02950586 0.00700000
v -0.00375422 0.03039270 0.00700000
v -0.00388948 0.03008775 0.00700000
v -0.00397218 0.02976456 0.00700000
v -0.00400000 0.02943213 0.00700000
v -0.00014261 0.03149516 0.00700000
v -0.00213559 0.03142752 0.00700000
v -0.00246538 0.03137723 0.00700000
v -0.00278222 0.03127281 0.00700000
v -0.00307730 0.03111719 0.00700000
v -0.00334240 0.03091468 0.00700000
v 0.00100530 0.02720508 0.00700000
v 0.00080858 0.02704638 0.00700000
v -0.00040228 0.02685692 0.00700000
v -0.00015426 0.02680823 0.00700000
v 0.00009844 0.02680335 0.00700000
v 0.00058729 0.02692426 0.00700000
v 0.00034816 0.02684242 0.00700000
v -0.00120362 0.02744142 0.00700000
v -0.00132574 0.02766271 0.00700000
v -0.00140758 0.02790184 0.00700000
v -0.00144665 0.02815156 0.00700000
v -0.00058729 0.02957574 0.00700000
v -0.00034816 0.02965758 0.00700000
v -0.00009844 0.02969665 0.00700000
v 0.00000000 0.03150000 0.00700000
v 0.00015426 0.02969177 0.00700000
v 0.00213559 0.03142752 0.00700000
v -0.00104492 0.02724470 0.00700000
v -0.00144177 0.02840426 0.00700000
v -0.00139308 0.02865228 0.00700000
v -0.00130206 0.02888807 0.00700000
v -0.00063807 0.02694794 0.00700000
v -0.00085448 0.02707852 0.00700000
v -0.00117148 0.02910448 0.00700000
v -0.00100530 0.02929492 0.00700000
v -0.00080858 0.02945362 0.00700000
v 0.00444704 0.02660155 0.00700000
v 0.00130206 0.02761193 0.00700000
v 0.00117148 0.02739552 0.00700000
v 0.00040228 0.02964308 0.00700000
v 0.00063807 0.02955206 0.00700000
v 0.00246538 0.03137723 0.00700000
v 0.00085448 0.02942148 0.00700000
v 0.00255491 0.03134772 0.00700000
v 0.00104492 0.02925530 0.00700000
v 0.00120362 0.02905858 0.00700000
v 0.00139308 0.02784772 0.00700000
v 0.00444403 0.02660470 0.00700000
v 0.00425403 0.02688577 0.00700000
v 0.00132574 0.02883729 0.00700000
v 0.00140758 0.02859816 0.00700000
v 0.00400000 0.02919662 0.00700000
v 0.00144665 0.02834844 0.00700000
v 0.00400000 0.02786126 0.00700000
v 0.00144177 0.02809574 0.00700000
v 0.00402877 0.02752322 0.00700000
v 0.00411427 0.02719491 0.00700000
v 0.00400000 0.02943213 0.00700000
v 0.00307730 0.03111719 0.00700000
v 0.00388948 0.03008775 0.00700000
v 0.00334240 0.03091468 0.00700000
v 0.00375422 0.03039270 0.00700000
v 0.00357015 0.03067092 0.00700000
v 0.00397218 0.02976456 0.00700000
v 0.00278222 0.03127281 0.00700000
v 0.00557895 0.02590609 0.00700000
v 0.00525454 0.02600538 0.00700000
v 0.00488358 0.01761620 0.00700000
v 0.00467880 0.02635979 0.00700000
v 0.00495159 0.02615808 0.00700000
v 0.00635442 0.02569193 0.00700000
v 0.01298096 0.02305595 0.00700000
v 0.01132160 0.02395978 0.00700000
v 0.00963521 0.02080830 0.00700000
v 0.00850613 0.02509773 0.00700000
v 0.01981125 0.01753476 0.00700000
v 0.01873833 0.01873833 0.00700000
v 0.01641216 0.01072043 0.00700000
v 0.01647152 0.02075907 0.00700000
v 0.01398841 0.02250721 0.00700000
v 0.02385088 0.01152155 0.00700000
v 0.02250721 0.01398841 0.00700000
v 0.02190852 0.01441285 0.00700000
v 0.02211211 0.01454962 0.00700000
v 0.02075907 0.01647152 0.00700000
v 0.01892334 0.00698240 0.00700000
v 0.02395978 0.01132160 0.00700000
v 0.02615808 0.00495159 0.00700000
v 0.02600538 0.00525454 0.00700000
v 0.02212832 0.00221162 0.00700000
v 0.02590609 0.00557895 0.00700000
v 0.02509773 0.00850613 0.00700000
v 0.02426359 0.01056994 0.00700000
v 0.02719491 0.00411427 0.00700000
v 0.02688577 0.00425403 0.00700000
v 0.02286912 0.00110889 0.00700000
v 0.02660470 0.00444403 0.00700000
v 0.02635979 0.00467880 0.00700000
v 0.02617429 0.00492967 0.00700000
v 0.02786126 0.00400000 0.00700000
v 0.02752322 0.00402877 0.00700000
v 0.02730148 0.00408652 0.00700000
v 0.03149516 0.00014261 0.00700000
v 0.03142752 0.00213559 0.00700000
v 0.03137723 0.00246538 0.00700000
v 0.03127281 0.00278222 0.00700000
v 0.03111719 0.00307730 0.00700000
v 0.03091468 0.00334240 0.00700000
v 0.03067092 0.00357015 0.00700000
v 0.03039270 0.00375422 0.00700000
v 0.03008775 0.00388948 0.00700000
v 0.02976456 0.00397218 0.00700000
v 0.02954406 0.00399063 0.00700000
v 0.02790184 0.00140758 0.00700000
v 0.02815156 0.00144665 0.00700000
v 0.02957574 0.00058729 0.00700000
v 0.02965758 0.00034816 0.00700000
v 0.02969665 0.00009844 0.00700000
v 0.03150000 -0.00000000 0.00700000
v 0.02969177 -0.00015426 0.00700000
v 0.03142752 -0.00213559 0.00700000
v 0.02761193 -0.00130206 0.00700000
v 0.02739552 -0.00117148 0.00700000
v 0.02720508 -0.00100530 0.00700000
v 0.02704638 -0.00080858 0.00700000
v 0.02692426 -0.00058729 0.00700000
v 0.02840426 0.00144177 0.00700000
v 0.02865228 0.00139308 0.00700000
v 0.02888807 0.00130206 0.00700000
v 0.02786126 -0.00400000 0.00700000
v 0.02943213 -0.00400000 0.00700000
v 0.02859816 -0.00140758 0.00700000
v 0.02976456 -0.00397218 0.00700000
v 0.02883729 -0.00132574 0.00700000
v 0.02684242 -0.00034816 0.00700000
v 0.02680335 -0.00009844 0.00700000
v 0.02680823 0.00015426 0.00700000
v 0.02685692 0.00040228 0.00700000
v 0.02694794 0.00063807 0.00700000
v 0.02707852 0.00085448 0.00700000
v 0.02910448 0.00117148 0.00700000
v 0.02929492 0.00100530 0.00700000
v 0.02945362 0.00080858 0.00700000
v 0.03008775 -0.00388948 0.00700000
v 0.03039270 -0.00375422 0.00700000
v 0.02905858 -0.00120362 0.00700000
v 0.02724470 0.00104492 0.00700000
v 0.02744142 0.00120362 0.00700000
v 0.02766271 0.00132574 0.00700000
v 0.02964308 -0.00040228 0.00700000
v 0.02955206 -0.00063807 0.00700000
v 0.03137723 -0.00246538 0.00700000
v 0.02942148 -0.00085448 0.00700000
v 0.03127281 -0.00278222 0.00700000
v 0.02925530 -0.00104492 0.00700000
v 0.03067092 -0.00357015 0.00700000
v 0.03091468 -0.00334240 0.00700000
v 0.03111719 -0.00307730 0.00700000
v 0.02784772 -0.00139308 0.00700000
v 0.02660470 -0.00444403 0.00700000
v 0.02688577 -0.00425403 0.00700000
v 0.02834844 -0.00144665 0.00700000
v 0.02809574 -0.00144177 0.00700000
v 0.02752322 -0.00402877 0.00700000
v 0.02719491 -0.00411427 0.00700000
v 0.02600538 -0.00525454 0.00700000
v 0.02615808 -0.00495159 0.00700000
v 0.01885924 -0.00318735 0.00700000
v 0.02284863 -0.01342349 0.00700000
v 0.02410571 -0.01099701 0.00700000
v 0.02309632 -0.00949448 0.00700000
v 0.02414448 -0.01092218 0.00700000
v 0.02516749 -0.00829745 0.00700000
v 0.02523208 -0.00805969 0.00700000
v 0.02590609 -0.00557895 0.00700000
v 0.01748483 -0.01991308 0.00700000
v 0.01949988 -0.01794448 0.00700000
v 0.01252078 -0.01659905 0.00700000
v 0.02129458 -0.01577311 0.00700000
v 0.00444403 -0.02660470 0.00700000
v 0.00467880 -0.02635979 0.00700000
v 0.00226823 -0.02348663 0.00700000
v 0.00495159 -0.02615808 0.00700000
v 0.01514268 -0.02176549 0.00700000
v 0.01527220 -0.02165664 0.00700000
v 0.01569474 -0.02132367 0.00700000
v 0.01111910 -0.02405443 0.00700000
v 0.01127812 -0.02399669 0.00700000
v 0.01144460 -0.02396658 0.00700000
v 0.01161378 -0.02396497 0.00700000
v 0.01485029 -0.02253354 0.00700000
v 0.01485451 -0.02236442 0.00700000
v 0.01222229 -0.02423229 0.00700000
v 0.01488719 -0.02219842 0.00700000
v 0.01178080 -0.02399190 0.00700000
v 0.01194090 -0.02404659 0.00700000
v 0.01208948 -0.02412750 0.00700000
v 0.01494738 -0.02204031 0.00700000
v 0.01503337 -0.02189461 0.00700000
v 0.01233555 -0.02435797 0.00700000
v 0.01492685 -0.02286188 0.00700000
v 0.01487463 -0.02270096 0.00700000
v 0.00525454 -0.02600538 0.00700000
v 0.00557895 -0.02590609 0.00700000
v 0.00840020 -0.02513338 0.00700000
v 0.01291150 -0.02452331 0.00700000
v 0.01298398 -0.02448890 0.00700000
v 0.01238899 -0.02441781 0.00700000
v 0.01259601 -0.02453648 0.00700000
v 0.01267465 -0.02455236 0.00700000
v 0.01252092 -0.02450823 0.00700000
v 0.01275482 -0.02455546 0.00700000
v 0.01245132 -0.02446833 0.00700000
v 0.01283445 -0.02454569 0.00700000
v 0.01478206 -0.02344334 0.00700000
v 0.01483996 -0.02338781 0.00700000
v 0.01496429 -0.02309755 0.00700000
v 0.01496454 -0.02301732 0.00700000
v 0.01495121 -0.02317671 0.00700000
v 0.01492564 -0.02325275 0.00700000
v 0.01488824 -0.02332373 0.00700000
v 0.01495195 -0.02293809 0.00700000
v 0.01471603 -0.02348890 0.00700000
v 0.00017547 -0.02489252 0.00700000
v 0.00425403 -0.02688577 0.00700000
v 0.00440335 -0.02666487 0.00700000
v 0.00400000 -0.02786126 0.00700000
v 0.00402877 -0.02752322 0.00700000
v 0.00411427 -0.02719491 0.00700000
v 0.00388948 -0.03008775 0.00700000
v 0.00397218 -0.02976456 0.00700000
v 0.00400000 -0.02943213 0.00700000
v 0.00120362 -0.02744142 0.00700000
v 0.00357015 -0.03067092 0.00700000
v -0.01687460 -0.00812722 0.00700000
v -0.01722288 -0.00794797 0.00700000
v -0.01612968 -0.01114092 0.00700000
v -0.01687460 -0.00387278 0.00700000
v -0.01650096 -0.00375522 0.00700000
v -0.01409757 -0.00729257 0.00700000
v -0.01174160 -0.00819304 0.00700000
v -0.01390582 -0.00695101 0.00700000
v -0.01377482 -0.00658187 0.00700000
v -0.01801990 -0.00490000 0.00700000
v -0.01780395 -0.00457320 0.00700000
v -0.01753569 -0.00428779 0.00700000
v -0.01722288 -0.00405203 0.00700000
v -0.01533798 -0.00820266 0.00700000
v -0.01572134 -0.00828306 0.00700000
v -0.01753569 -0.00771221 0.00700000
v -0.01611279 -0.00370277 0.00700000
v -0.01572134 -0.00371694 0.00700000
v -0.01533798 -0.00379734 0.00700000
v -0.01497382 -0.00394161 0.00700000
v -0.01463942 -0.00414559 0.00700000
v -0.01434449 -0.00440335 0.00700000
v -0.01409757 -0.00470743 0.00700000
v -0.01390582 -0.00504899 0.00700000
v -0.01377482 -0.00541813 0.00700000
v -0.01611279 -0.00829723 0.00700000
v -0.01650096 -0.00824478 0.00700000
v -0.01370835 -0.00580415 0.00700000
v -0.01370835 -0.00619585 0.00700000
v -0.01434449 -0.00759665 0.00700000
v -0.01463942 -0.00785441 0.00700000
v -0.01497382 -0.00805839 0.00700000
v -0.02227622 -0.00496634 0.00700000
v -0.02209101 -0.00491671 0.00700000
v -0.02190000 -0.00490000 0.00700000
v -0.02032228 -0.00490000 0.00700000
v -0.02190000 -0.00710000 0.00700000
v -0.02209101 -0.00708329 0.00700000
v -0.02227622 -0.00703366 0.00700000
v -0.02245000 -0.00695263 0.00700000
v -0.02285263 -0.00655000 0.00700000
v -0.02274265 -0.00670707 0.00700000
v -0.02260707 -0.00684265 0.00700000
v -0.02293366 -0.00637622 0.00700000
v -0.02298329 -0.00619101 0.00700000
v -0.02300000 -0.00600000 0.00700000
v -0.02298329 -0.00580899 0.00700000
v -0.02293366 -0.00562378 0.00700000
v -0.02285263 -0.00545000 0.00700000
v -0.02274265 -0.00529293 0.00700000
v -0.02260707 -0.00515735 0.00700000
v -0.02245000 -0.00504737 0.00700000
v 0.00828370 -0.01029192 0.00700000
v 0.00754195 -0.00918778 0.00700000
v -0.00271060 -0.01607536 0.00700000
v 0.00535196 -0.00592786 0.00700000
v 0.00520734 -0.00607319 0.00700000
v 0.00680114 -0.00808505 0.00700000
v 0.00416679 -0.00682919 0.00700000
v 0.00078035 -0.00940493 0.00700000
v 0.00022065 -0.00949250 0.00700000
v -0.00345140 -0.01497263 0.00700000
v -0.00034576 -0.00948156 0.00700000
v -0.00090166 -0.00937242 0.00700000
v -0.00143016 -0.00916841 0.00700000
v -0.00191521 -0.00887573 0.00700000
v -0.00665638 -0.01020185 0.00700000
v -0.00234207 -0.00850327 0.00700000
v -0.00269776 -0.00806234 0.00700000
v 0.00303974 -0.00740000 0.00700000
v 0.00291841 -0.00768016 0.00700000
v 0.00262573 -0.00816521 0.00700000
v 0.00225327 -0.00859207 0.00700000
v 0.00181234 -0.00894776 0.00700000
v 0.00131634 -0.00922149 0.00700000
v 0.01506789 -0.00099769 0.00700000
v 0.01489361 -0.00099432 0.00700000
v 0.01472257 -0.00096074 0.00700000
v 0.01455995 -0.00089797 0.00700000
v 0.01441070 -0.00080792 0.00700000
v 0.01555764 -0.00083008 0.00700000
v 0.01540503 -0.00091430 0.00700000
v 0.01737669 -0.00098048 0.00700000
v 0.00917566 -0.00227711 0.00700000
v 0.00906652 -0.00283302 0.00700000
v 0.01459497 0.00091430 0.00700000
v 0.01475989 0.00097075 0.00700000
v 0.01417171 0.00379030 0.00700000
v 0.01493211 0.00099769 0.00700000
v 0.01510639 0.00099432 0.00700000
v 0.01527743 0.00096074 0.00700000
v 0.01544005 0.00089797 0.00700000
v 0.01558930 0.00080792 0.00700000
v 0.01524011 -0.00097075 0.00700000
v 0.00918660 -0.00171071 0.00700000
v 0.01427936 -0.00069331 0.00700000
v 0.01416992 -0.00055764 0.00700000
v 0.01410203 0.00044005 0.00700000
v 0.00854016 0.00000706 0.00700000
v 0.01403926 0.00027743 0.00700000
v 0.00864187 -0.00011902 0.00700000
v 0.00775644 -0.00462912 0.00700000
v 0.00726045 -0.00490284 0.00700000
v 0.01419208 0.00058930 0.00700000
v 0.01430669 0.00072064 0.00700000
v 0.01444236 0.00083008 0.00700000
v 0.01572064 0.00069331 0.00700000
v 0.01583008 0.00055764 0.00700000
v 0.01591430 0.00040503 0.00700000
v 0.01597075 0.00024011 0.00700000
v 0.01599769 0.00006789 0.00700000
v 0.01408570 -0.00040503 0.00700000
v 0.01402925 -0.00024011 0.00700000
v 0.00909903 -0.00115101 0.00700000
v 0.01400231 -0.00006789 0.00700000
v 0.00891559 -0.00061501 0.00700000
v 0.01400567 0.00010639 0.00700000
v 0.00886252 -0.00336152 0.00700000
v 0.00856983 -0.00384657 0.00700000
v 0.00819737 -0.00427343 0.00700000
v 0.00609849 -0.00517769 0.00700000
v 0.00616475 -0.00517386 0.00700000
v 0.00672445 -0.00508628 0.00700000
v 0.01599433 -0.00010639 0.00700000
v 0.01596075 -0.00027743 0.00700000
v 0.01589797 -0.00044005 0.00700000
v 0.01580792 -0.00058930 0.00700000
v 0.01569331 -0.00072064 0.00700000
v 0.00738510 0.00307575 0.00700000
v 0.00778256 0.00185252 0.00700000
v 0.00797715 0.00060424 0.00700000
v 0.00828617 0.00032191 0.00700000
v -0.00569196 0.01051163 0.00700000
v -0.00389431 0.00829886 0.00700000
v 0.00235732 0.00802785 0.00700000
v 0.00289331 0.00821128 0.00700000
v 0.00457532 0.00817878 0.00700000
v 0.00510382 0.00797477 0.00700000
v 0.00558887 0.00768209 0.00700000
v 0.01166053 0.00752833 0.00700000
v 0.00601573 0.00730962 0.00700000
v 0.00637142 0.00686869 0.00700000
v 0.00664515 0.00637270 0.00700000
v 0.00682858 0.00583671 0.00700000
v 0.00691616 0.00527700 0.00700000
v 0.00690521 0.00471060 0.00700000
v 0.00682372 0.00427900 0.00700000
v 0.00680881 0.00420001 0.00700000
v 0.00345301 0.00829886 0.00700000
v 0.00401942 0.00828791 0.00700000
v -0.00332790 0.00828791 0.00700000
v -0.00277200 0.00817878 0.00700000
v -0.00224349 0.00797477 0.00700000
v 0.00189041 0.00777344 0.00700000
v 0.00064309 0.00797411 0.00700000
v -0.00064309 0.00797411 0.00700000
v -0.00189041 0.00777344 0.00700000
v -0.00684576 -0.00505378 0.00700000
v -0.00698730 -0.00499914 0.00700000
v -0.00916756 -0.00646382 0.00700000
v -0.00737427 -0.00484977 0.00700000
v -0.00909903 -0.00271171 0.00700000
v -0.00918660 -0.00215200 0.00700000
v -0.01594451 0.00362405 0.00700000
v -0.00891559 -0.00324770 0.00700000
v -0.00785932 -0.00455709 0.00700000
v -0.00828617 -0.00418462 0.00700000
v -0.00864187 -0.00374369 0.00700000
v -0.00917566 -0.00158560 0.00700000
v -0.00906652 -0.00102970 0.00700000
v -0.00886252 -0.00050119 0.00700000
v -0.00548600 0.00775412 0.00700000
v -0.00499000 0.00802785 0.00700000
v -0.00690521 0.00540211 0.00700000
v -0.00679608 0.00595802 0.00700000
v -0.00445401 0.00821128 0.00700000
v -0.00417585 0.00825480 0.00700000
v -0.00691616 0.00483571 0.00700000
v -0.00659207 0.00648652 0.00700000
v -0.00629939 0.00697157 0.00700000
v -0.00592692 0.00739843 0.00700000
v -0.00778256 0.00185252 0.00700000
v -0.00738510 0.00307575 0.00700000
v -0.00797715 0.00060424 0.00700000
v -0.00819737 0.00041071 0.00700000
v -0.00856983 -0.00001614 0.00700000
v -0.00680881 0.00420001 0.00700000
v -0.00682858 0.00427601 0.00700000
v -0.00416679 -0.00682919 0.00700000
v -0.00520734 -0.00607319 0.00700000
v -0.00609849 -0.00517769 0.00700000
v -0.00628986 -0.00516291 0.00700000
v -0.00303974 -0.00740000 0.00700000
v -0.00297149 -0.00756634 0.00700000
v -0.00290706 -0.00768309 0.00700000
v -0.00679291 -0.01858550 0.00700000
v -0.00686539 -0.01861553 0.00700000
v -0.00967272 -0.02075246 0.00700000
v -0.00654437 -0.01829451 0.00700000
v -0.00657440 -0.01836699 0.00700000
v -0.00528464 -0.01780459 0.00700000
v -0.00694168 -0.01863384 0.00700000
v -0.00701990 -0.01864000 0.00700000
v -0.01041353 -0.01964974 0.00700000
v -0.00661539 -0.01843389 0.00700000
v -0.00666635 -0.01849355 0.00700000
v -0.00672601 -0.01854451 0.00700000
v -0.00651990 -0.01703403 0.00700000
v -0.00651990 -0.01814000 0.00700000
v -0.00652606 -0.01821822 0.00700000
v -0.00684889 -0.01359015 0.00700000
v -0.00676990 -0.01362699 0.00700000
v -0.00655005 -0.01388899 0.00700000
v -0.00652750 -0.01397318 0.00700000
v -0.00651990 -0.01406000 0.00700000
v -0.00651990 -0.01492609 0.00700000
v -0.00669851 -0.01367698 0.00700000
v -0.00663688 -0.01373861 0.00700000
v -0.00658689 -0.01381000 0.00700000
v -0.00743763 -0.01356000 0.00700000
v -0.00701990 -0.01356000 0.00700000
v -0.00693308 -0.01356760 0.00700000
v -0.01165517 -0.01356000 0.00700000
v -0.00813612 -0.01356000 0.00700000
v -0.00923042 -0.01193108 0.00700000
v -0.00874913 -0.01160775 0.00700000
v -0.01635091 -0.01359015 0.00700000
v -0.01626673 -0.01356760 0.00700000
v -0.01617990 -0.01356000 0.00700000
v -0.01450456 -0.01356000 0.00700000
v -0.01664975 -0.01388899 0.00700000
v -0.01661291 -0.01381000 0.00700000
v -0.01667231 -0.01397318 0.00700000
v -0.01656292 -0.01373861 0.00700000
v -0.01650129 -0.01367698 0.00700000
v -0.01642990 -0.01362699 0.00700000
v -0.01667990 -0.01701768 0.00700000
v -0.01667990 -0.01693558 0.00700000
v -0.01667990 -0.01406000 0.00700000
v -0.00891048 -0.01864000 0.00700000
v -0.01109186 -0.01864000 0.00700000
v -0.00557895 -0.02590609 0.00700000
v 0.01811749 -0.00208321 0.00700000
v -0.01173030 -0.02373717 0.00700000
v -0.01126031 -0.00786972 0.00700000
v -0.01803727 0.00221815 0.00700000
v -0.00201147 -0.01989106 0.00800000
v -0.00182618 -0.02022681 0.00800000
v -0.00158540 -0.02052529 0.00800000
v -0.00129645 -0.02077742 0.00800000
v -0.00096811 -0.02097554 0.00800000
v -0.00061035 -0.02111364 0.00800000
v -0.00023405 -0.02118751 0.00800000
v 0.00014936 -0.02119492 0.00800000
v 0.00052824 -0.02113564 0.00800000
v 0.00089106 -0.02101147 0.00800000
v 0.00122681 -0.02082618 0.00800000
v 0.00152529 -0.02058540 0.00800000
v 0.00177742 -0.02029645 0.00800000
v 0.00197554 -0.01996811 0.00800000
v 0.00211364 -0.01961035 0.00800000
v 0.00218751 -0.01923405 0.00800000
v 0.00219492 -0.01885064 0.00800000
v 0.00213564 -0.01847176 0.00800000
v 0.00201147 -0.01810894 0.00800000
v 0.00182618 -0.01777319 0.00800000
v 0.00158540 -0.01747471 0.00800000
v 0.00129645 -0.01722258 0.00800000
v 0.00096811 -0.01702446 0.00800000
v 0.00061035 -0.01688636 0.00800000
v 0.00023405 -0.01681248 0.00800000
v -0.00014936 -0.01680508 0.00800000
v -0.00052824 -0.01686436 0.00800000
v -0.00089106 -0.01698853 0.00800000
v -0.00122681 -0.01717382 0.00800000
v -0.00152529 -0.01741460 0.00800000
v -0.00177742 -0.01770355 0.00800000
v -0.00197554 -0.01803189 0.00800000
v -0.00211364 -0.01838965 0.00800000
v -0.00218751 -0.01876595 0.00800000
v -0.00219492 -0.01914936 0.00800000
v -0.00213564 -0.01952824 0.00800000
v -0.01617990 -0.01864000 0.00830000
v -0.00701990 -0.01864000 0.00830000
v -0.00694168 -0.01863384 0.00830000
v -0.00686539 -0.01861553 0.00830000
v -0.00679291 -0.01858550 0.00830000
v -0.00672601 -0.01854451 0.00830000
v -0.00666635 -0.01849355 0.00830000
v -0.00661539 -0.01843389 0.00830000
v -0.00657440 -0.01836699 0.00830000
v -0.00654437 -0.01829451 0.00830000
v -0.00652606 -0.01821822 0.00830000
v -0.00651990 -0.01814000 0.00830000
v -0.00651990 -0.01406000 0.00830000
v -0.00652750 -0.01397318 0.00830000
v -0.00655005 -0.01388899 0.00830000
v -0.00658689 -0.01381000 0.00830000
v -0.00663688 -0.01373861 0.00830000
v -0.00669851 -0.01367698 0.00830000
v -0.00676990 -0.01362699 0.00830000
v -0.00684889 -0.01359015 0.00830000
v -0.00693308 -0.01356760 0.00830000
v -0.00701990 -0.01356000 0.00830000
v -0.01617990 -0.01356000 0.00830000
v -0.01626673 -0.01356760 0.00830000
v -0.01635091 -0.01359015 0.00830000
v -0.01642990 -0.01362699 0.00830000
v -0.01650129 -0.01367698 0.00830000
v -0.01656292 -0.01373861 0.00830000
v -0.01661291 -0.01381000 0.00830000
v -0.01664975 -0.01388899 0.00830000
v -0.01667231 -0.01397318 0.00830000
v -0.01667990 -0.01406000 0.00830000
v -0.01667990 -0.01814000 0.00830000
v -0.01667231 -0.01822682 0.00830000
v -0.01664975 -0.01831101 0.00830000
v -0.01661291 -0.01839000 0.00830000
v -0.01656292 -0.01846139 0.00830000
v -0.01650129 -0.01852302 0.00830000
v -0.01642990 -0.01857301 0.00830000
v -0.01635091 -0.01860985 0.00830000
v -0.01626673 -0.01863240 0.00830000
v -0.00314021 -0.00702646 0.00647823
v -0.00324250 -0.00647065 0.00100000
v -0.00320649 -0.00678000 0.00100000
v -0.00315493 -0.00703035 -0.00050000
v 0.00323156 -0.00659576 -0.00050000
v 0.00324250 -0.00602935 0.00100000
v 0.00324250 -0.00602935 -0.00050000
v 0.00315493 -0.00546965 0.00100000
v 0.00315493 -0.00546965 -0.00050000
v 0.00297149 -0.00493366 0.00100000
v 0.00297149 -0.00493366 -0.00050000
v 0.00269776 -0.00443766 0.00100000
v 0.00269776 -0.00443766 -0.00050000
v 0.00234207 -0.00399673 0.00100000
v 0.00234207 -0.00399673 -0.00050000
v 0.00191521 -0.00362427 0.00100000
v 0.00191521 -0.00362427 -0.00050000
v 0.00143016 -0.00333159 0.00100000
v 0.00143016 -0.00333159 -0.00050000
v 0.00090166 -0.00312758 0.00100000
v 0.00090166 -0.00312758 -0.00050000
v 0.00034576 -0.00301844 0.00100000
v 0.00034576 -0.00301844 -0.00050000
v -0.00022065 -0.00300750 0.00100000
v -0.00022065 -0.00300750 -0.00050000
v -0.00078035 -0.00309507 0.00100000
v -0.00078035 -0.00309507 -0.00050000
v -0.00131634 -0.00327851 0.00100000
v -0.00131634 -0.00327851 -0.00050000
v -0.00181234 -0.00355224 0.00100000
v -0.00181234 -0.00355224 -0.00050000
v -0.00225327 -0.00390793 0.00100000
v -0.00225327 -0.00390793 -0.00050000
v -0.00262573 -0.00433479 0.00100000
v -0.00262573 -0.00433479 -0.00050000
v -0.00291841 -0.00481984 0.00100000
v -0.00291841 -0.00481984 -0.00050000
v -0.00312242 -0.00534834 0.00100000
v -0.00312242 -0.00534834 -0.00050000
v -0.00323156 -0.00590424 0.00100000
v -0.00323156 -0.00590424 -0.00050000
v -0.00324250 -0.00647065 -0.00050000
v 0.00310762 -0.00714762 0.00664747
v 0.00320649 -0.00678000 0.00613397
v 0.00320649 -0.00678000 0.00100000
v -0.00269776 -0.00806234 -0.00050000
v -0.00234207 -0.00850327 -0.00050000
v -0.00191521 -0.00887573 -0.00050000
v -0.00143016 -0.00916841 -0.00050000
v -0.00090166 -0.00937242 -0.00050000
v -0.00034576 -0.00948156 -0.00050000
v 0.00022065 -0.00949250 -0.00050000
v 0.00078035 -0.00940493 -0.00050000
v 0.00131634 -0.00922149 -0.00050000
v 0.00181234 -0.00894776 -0.00050000
v 0.00225327 -0.00859207 -0.00050000
v 0.00262573 -0.00816521 -0.00050000
v 0.00291841 -0.00768016 -0.00050000
v 0.00312242 -0.00715166 -0.00050000
v 0.00323156 -0.00659576 0.00100000
v -0.00297149 -0.00756634 -0.00050000
v -0.00320649 -0.00678000 0.00613397
v 0.00559904 -0.00515199 0.00632541
v 0.00390637 -0.00640237 0.00613397
v 0.00401705 -0.00632195 0.00613397
v 0.00477120 -0.00577403 0.00613397
v 0.00488188 -0.00569362 0.00613397
v 0.00545730 -0.00514469 0.00613397
v 0.00785306 0.00068499 0.00680029
v 0.00785932 0.00069437 -0.00050000
v 0.00828617 0.00032191 -0.00050000
v 0.00743902 0.00095442 0.00613397
v 0.00743902 0.00095442 0.00100000
v 0.00737427 0.00098706 -0.00050000
v 0.00616475 -0.00517386 -0.00050000
v 0.00559834 -0.00516291 -0.00050000
v 0.00545730 -0.00514469 0.00100000
v 0.00504244 -0.00505378 0.00100000
v 0.00737427 0.00098706 0.00100000
v 0.00684576 0.00119106 0.00100000
v 0.00684576 0.00119106 -0.00050000
v 0.00628986 0.00130020 0.00100000
v 0.00628986 0.00130020 -0.00050000
v 0.00572346 0.00131115 0.00100000
v 0.00572346 0.00131115 -0.00050000
v 0.00516375 0.00122357 0.00100000
v 0.00516375 0.00122357 -0.00050000
v 0.00462776 0.00104013 0.00100000
v 0.00462776 0.00104013 -0.00050000
v 0.00413177 0.00076641 0.00100000
v 0.00413177 0.00076641 -0.00050000
v 0.00369084 0.00041071 0.00100000
v 0.00369084 0.00041071 -0.00050000
v 0.00331837 -0.00001614 0.00100000
v 0.00331837 -0.00001614 -0.00050000
v 0.00302569 -0.00050119 0.00100000
v 0.00302569 -0.00050119 -0.00050000
v 0.00282168 -0.00102970 0.00100000
v 0.00282168 -0.00102970 -0.00050000
v 0.00271255 -0.00158560 0.00100000
v 0.00271255 -0.00158560 -0.00050000
v 0.00270160 -0.00215200 0.00100000
v 0.00270160 -0.00215200 -0.00050000
v 0.00278918 -0.00271171 0.00100000
v 0.00278918 -0.00271171 -0.00050000
v 0.00297261 -0.00324770 0.00100000
v 0.00297261 -0.00324770 -0.00050000
v 0.00324634 -0.00374369 0.00100000
v 0.00324634 -0.00374369 -0.00050000
v 0.00360203 -0.00418462 0.00100000
v 0.00360203 -0.00418462 -0.00050000
v 0.00402889 -0.00455709 0.00100000
v 0.00402889 -0.00455709 -0.00050000
v 0.00451394 -0.00484977 0.00100000
v 0.00451394 -0.00484977 -0.00050000
v 0.00504244 -0.00505378 -0.00050000
v 0.00864187 -0.00011902 -0.00050000
v 0.00891559 -0.00061501 -0.00050000
v 0.00909903 -0.00115101 -0.00050000
v 0.00918660 -0.00171071 -0.00050000
v 0.00917566 -0.00227711 -0.00050000
v 0.00906652 -0.00283302 -0.00050000
v 0.00886252 -0.00336152 -0.00050000
v 0.00856983 -0.00384657 -0.00050000
v 0.00819737 -0.00427343 -0.00050000
v 0.00775644 -0.00462912 -0.00050000
v 0.00726045 -0.00490284 -0.00050000
v 0.00672445 -0.00508628 -0.00050000
v 0.00658955 0.00362721 0.00617269
v 0.00679203 0.00415616 0.00693667
v 0.00729615 0.00173674 0.00613397
v 0.00725387 0.00186685 0.00613397
v 0.00696581 0.00275341 0.00613397
v 0.00692353 0.00288352 0.00613397
v 0.00657929 0.00360041 0.00613397
v 0.00142283 0.00739553 0.00618904
v 0.00139108 0.00736986 0.00613397
v 0.00139108 0.00736986 0.00100000
v 0.00186332 0.00775154 0.00695302
v 0.00679608 0.00415470 -0.00050000
v 0.00690521 0.00471060 -0.00050000
v 0.00629939 0.00314114 0.00100000
v 0.00657929 0.00360041 0.00100000
v 0.00659207 0.00362619 -0.00050000
v 0.00104793 0.00697157 -0.00050000
v 0.00075525 0.00648652 0.00100000
v 0.00075525 0.00648652 -0.00050000
v 0.00055124 0.00595802 0.00100000
v 0.00055124 0.00595802 -0.00050000
v 0.00044210 0.00540211 0.00100000
v 0.00044210 0.00540211 -0.00050000
v 0.00043116 0.00483571 0.00100000
v 0.00043116 0.00483571 -0.00050000
v 0.00051873 0.00427601 0.00100000
v 0.00051873 0.00427601 -0.00050000
v 0.00070217 0.00374001 0.00100000
v 0.00070217 0.00374001 -0.00050000
v 0.00097589 0.00324402 0.00100000
v 0.00097589 0.00324402 -0.00050000
v 0.00133159 0.00280309 0.00100000
v 0.00133159 0.00280309 -0.00050000
v 0.00175844 0.00243063 0.00100000
v 0.00175844 0.00243063 -0.00050000
v 0.00224349 0.00213794 0.00100000
v 0.00224349 0.00213794 -0.00050000
v 0.00277200 0.00193394 0.00100000
v 0.00277200 0.00193394 -0.00050000
v 0.00332790 0.00182480 0.00100000
v 0.00332790 0.00182480 -0.00050000
v 0.00389431 0.00181385 0.00100000
v 0.00389431 0.00181385 -0.00050000
v 0.00445401 0.00190143 0.00100000
v 0.00445401 0.00190143 -0.00050000
v 0.00499000 0.00208487 0.00100000
v 0.00499000 0.00208487 -0.00050000
v 0.00548600 0.00235859 0.00100000
v 0.00548600 0.00235859 -0.00050000
v 0.00592692 0.00271429 0.00100000
v 0.00592692 0.00271429 -0.00050000
v 0.00629939 0.00314114 -0.00050000
v 0.00691616 0.00527700 -0.00050000
v 0.00682858 0.00583671 -0.00050000
v 0.00664515 0.00637270 -0.00050000
v 0.00637142 0.00686869 -0.00050000
v 0.00601573 0.00730962 -0.00050000
v 0.00558887 0.00768209 -0.00050000
v 0.00510382 0.00797477 -0.00050000
v 0.00457532 0.00817878 -0.00050000
v 0.00401942 0.00828791 -0.00050000
v 0.00345301 0.00829886 -0.00050000
v 0.00289331 0.00821128 -0.00050000
v 0.00235732 0.00802785 -0.00050000
v 0.00186132 0.00775412 -0.00050000
v 0.00142039 0.00739843 -0.00050000
v 0.00104793 0.00697157 0.00100000
v 0.00046609 0.00747573 0.00613397
v 0.00060290 0.00747573 0.00613397
v -0.00176583 0.00767275 0.00678393
v -0.00046609 0.00747573 0.00613397
v -0.00060290 0.00747573 0.00613397
v -0.00139108 0.00736986 0.00613397
v -0.00663436 0.00374428 0.00634177
v -0.00657929 0.00360041 0.00613397
v -0.00657929 0.00360041 0.00100000
v -0.00682858 0.00427601 -0.00050000
v -0.00664515 0.00374001 -0.00050000
v -0.00637142 0.00324402 -0.00050000
v -0.00224349 0.00797477 -0.00050000
v -0.00175844 0.00768209 -0.00050000
v -0.00139108 0.00736986 0.00100000
v -0.00133159 0.00730962 0.00100000
v -0.00637142 0.00324402 0.00100000
v -0.00601573 0.00280309 0.00100000
v -0.00601573 0.00280309 -0.00050000
v -0.00558887 0.00243063 0.00100000
v -0.00558887 0.00243063 -0.00050000
v -0.00510382 0.00213794 0.00100000
v -0.00510382 0.00213794 -0.00050000
v -0.00457532 0.00193394 0.00100000
v -0.00457532 0.00193394 -0.00050000
v -0.00401942 0.00182480 0.00100000
v -0.00401942 0.00182480 -0.00050000
v -0.00345301 0.00181385 0.00100000
v -0.00345301 0.00181385 -0.00050000
v -0.00289331 0.00190143 0.00100000
v -0.00289331 0.00190143 -0.00050000
v -0.00235732 0.00208487 0.00100000
v -0.00235732 0.00208487 -0.00050000
v -0.00186132 0.00235859 0.00100000
v -0.00186132 0.00235859 -0.00050000
v -0.00142039 0.00271429 0.00100000
v -0.00142039 0.00271429 -0.00050000
v -0.00104793 0.00314114 0.00100000
v -0.00104793 0.00314114 -0.00050000
v -0.00075525 0.00362619 0.00100000
v -0.00075525 0.00362619 -0.00050000
v -0.00055124 0.00415470 0.00100000
v -0.00055124 0.00415470 -0.00050000
v -0.00044210 0.00471060 0.00100000
v -0.00044210 0.00471060 -0.00050000
v -0.00043116 0.00527700 0.00100000
v -0.00043116 0.00527700 -0.00050000
v -0.00051873 0.00583671 0.00100000
v -0.00051873 0.00583671 -0.00050000
v -0.00070217 0.00637270 0.00100000
v -0.00070217 0.00637270 -0.00050000
v -0.00097589 0.00686869 0.00100000
v -0.00097589 0.00686869 -0.00050000
v -0.00133159 0.00730962 -0.00050000
v -0.00332790 0.00828791 -0.00050000
v -0.00277200 0.00817878 -0.00050000
v -0.00445401 0.00821128 -0.00050000
v -0.00389431 0.00829886 -0.00050000
v -0.00499000 0.00802785 -0.00050000
v -0.00548600 0.00775412 -0.00050000
v -0.00592692 0.00739843 -0.00050000
v -0.00629939 0.00697157 -0.00050000
v -0.00659207 0.00648652 -0.00050000
v -0.00679608 0.00595802 -0.00050000
v -0.00690521 0.00540211 -0.00050000
v -0.00691616 0.00483571 -0.00050000
v -0.00774792 0.00075341 0.00663109
v -0.00743902 0.00095442 0.00613397
v -0.00729615 0.00173674 0.00613397
v -0.00692353 0.00288352 0.00613397
v -0.00725387 0.00186685 0.00613397
v -0.00696581 0.00275341 0.00613397
v -0.00726045 0.00104013 0.00100000
v -0.00743902 0.00095442 0.00100000
v -0.00462776 -0.00490284 0.00100000
v -0.00413177 -0.00462912 0.00100000
v -0.00369084 -0.00427343 0.00100000
v -0.00331837 -0.00384657 0.00100000
v -0.00302569 -0.00336152 0.00100000
v -0.00282168 -0.00283302 0.00100000
v -0.00271255 -0.00227711 0.00100000
v -0.00270160 -0.00171071 0.00100000
v -0.00278918 -0.00115101 0.00100000
v -0.00297261 -0.00061501 0.00100000
v -0.00324634 -0.00011902 0.00100000
v -0.00360203 0.00032191 0.00100000
v -0.00402889 0.00069437 0.00100000
v -0.00451394 0.00098706 0.00100000
v -0.00504244 0.00119106 0.00100000
v -0.00559834 0.00130020 0.00100000
v -0.00616475 0.00131115 0.00100000
v -0.00672445 0.00122357 0.00100000
v -0.00572430 -0.00515843 0.00649460
v -0.00545730 -0.00514469 0.00613397
v -0.00545730 -0.00514469 0.00100000
v -0.00516375 -0.00508628 0.00100000
v -0.00390637 -0.00640237 0.00613397
v -0.00488188 -0.00569362 0.00613397
v -0.00401705 -0.00632195 0.00613397
v -0.00477120 -0.00577403 0.00613397
v 0.00120362 0.02905858 0.00250000
v 0.00132574 0.02883729 0.00250000
v 0.00140758 0.02859816 0.00250000
v 0.00144665 0.02834844 0.00250000
v 0.00144177 0.02809574 0.00250000
v 0.00139308 0.02784772 0.00250000
v 0.00130206 0.02761193 0.00250000
v 0.00117148 0.02739552 0.00250000
v 0.00100530 0.02720508 0.00250000
v 0.00080858 0.02704638 0.00250000
v 0.00058729 0.02692426 0.00250000
v 0.00034816 0.02684242 0.00250000
v 0.00009844 0.02680335 0.00250000
v -0.00015426 0.02680823 0.00250000
v -0.00040228 0.02685692 0.00250000
v -0.00063807 0.02694794 0.00250000
v -0.00085448 0.02707852 0.00250000
v -0.00104492 0.02724470 0.00250000
v -0.00120362 0.02744142 0.00250000
v -0.00132574 0.02766271 0.00250000
v -0.00140758 0.02790184 0.00250000
v -0.00144665 0.02815156 0.00250000
v -0.00144177 0.02840426 0.00250000
v -0.00139308 0.02865228 0.00250000
v -0.00130206 0.02888807 0.00250000
v -0.00117148 0.02910448 0.00250000
v -0.00100530 0.02929492 0.00250000
v -0.00080858 0.02945362 0.00250000
v -0.00058729 0.02957574 0.00250000
v -0.00034816 0.02965758 0.00250000
v -0.00009844 0.02969665 0.00250000
v 0.00015426 0.02969177 0.00250000
v 0.00040228 0.02964308 0.00250000
v 0.00063807 0.02955206 0.00250000
v 0.00085448 0.02942148 0.00250000
v 0.00104492 0.02925530 0.00250000
v 0.02945362 0.00080858 0.00250000
v 0.02957574 0.00058729 0.00250000
v 0.02965758 0.00034816 0.00250000
v 0.02969665 0.00009844 0.00250000
v 0.02969177 -0.00015426 0.00250000
v 0.02964308 -0.00040228 0.00250000
v 0.02955206 -0.00063807 0.00250000
v 0.02942148 -0.00085448 0.00250000
v 0.02925530 -0.00104492 0.00250000
v 0.02905858 -0.00120362 0.00250000
v 0.02883729 -0.00132574 0.00250000
v 0.02859816 -0.00140758 0.00250000
v 0.02834844 -0.00144665 0.00250000
v 0.02809574 -0.00144177 0.00250000
v 0.02784772 -0.00139308 0.00250000
v 0.02761193 -0.00130206 0.00250000
v 0.02739552 -0.00117148 0.00250000
v 0.02720508 -0.00100530 0.00250000
v 0.02704638 -0.00080858 0.00250000
v 0.02692426 -0.00058729 0.00250000
v 0.02684242 -0.00034816 0.00250000
v 0.02680335 -0.00009844 0.00250000
v 0.02680823 0.00015426 0.00250000
v 0.02685692 0.00040228 0.00250000
v 0.02694794 0.00063807 0.00250000
v 0.02707852 0.00085448 0.00250000
v 0.02724470 0.00104492 0.00250000
v 0.02744142 0.00120362 0.00250000
v 0.02766271 0.00132574 0.00250000
v 0.02790184 0.00140758 0.00250000
v 0.02815156 0.00144665 0.00250000
v 0.02840426 0.00144177 0.00250000
v 0.02865228 0.00139308 0.00250000
v 0.02888807 0.00130206 0.00250000
v 0.02910448 0.00117148 0.00250000
v 0.02929492 0.00100530 0.00250000
v -0.02905858 0.00120362 0.00250000
v -0.02925530 0.00104492 0.00250000
v -0.02942148 0.00085448 0.00250000
v -0.02955206 0.00063807 0.00250000
v -0.02964308 0.00040228 0.00250000
v -0.02969177 0.00015426 0.00250000
v -0.02969665 -0.00009844 0.00250000
v -0.02965758 -0.00034816 0.00250000
v -0.02957574 -0.00058729 0.00250000
v -0.02945362 -0.00080858 0.00250000
v -0.02929492 -0.00100530 0.00250000
v -0.02910448 -0.00117148 0.00250000
v -0.02888807 -0.00130206 0.00250000
v -0.02865228 -0.00139308 0.00250000
v -0.02840426 -0.00144177 0.00250000
v -0.02815156 -0.00144665 0.00250000
v -0.02790184 -0.00140758 0.00250000
v -0.02766271 -0.00132574 0.00250000
v -0.02744142 -0.00120362 0.00250000
v -0.02724470 -0.00104492 0.00250000
v -0.02883729 0.00132574 0.00250000
v -0.02859816 0.00140758 0.00250000
v -0.02834844 0.00144665 0.00250000
v -0.02809574 0.00144177 0.00250000
v -0.02784772 0.00139308 0.00250000
v -0.02761193 0.00130206 0.00250000
v -0.02739552 0.00117148 0.00250000
v -0.02720508 0.00100530 0.00250000
v -0.02704638 0.00080858 0.00250000
v -0.02692426 0.00058729 0.00250000
v -0.02684242 0.00034816 0.00250000
v -0.02680335 0.00009844 0.00250000
v -0.02680823 -0.00015426 0.00250000
v -0.02685692 -0.00040228 0.00250000
v -0.02694794 -0.00063807 0.00250000
v -0.02707852 -0.00085448 0.00250000
v 0.00104492 -0.02724470 0.00250000
v 0.00085448 -0.02707852 0.00250000
v 0.00063807 -0.02694794 0.00250000
v 0.00040228 -0.02685692 0.00250000
v 0.00015426 -0.02680823 0.00250000
v -0.00009844 -0.02680335 0.00250000
v -0.00034816 -0.02684242 0.00250000
v -0.00058729 -0.02692426 0.00250000
v -0.00080858 -0.02704638 0.00250000
v -0.00100530 -0.02720508 0.00250000
v -0.00117148 -0.02739552 0.00250000
v -0.00130206 -0.02761193 0.00250000
v -0.00139308 -0.02784772 0.00250000
v -0.00144177 -0.02809574 0.00250000
v -0.00144665 -0.02834844 0.00250000
v -0.00140758 -0.02859816 0.00250000
v -0.00132574 -0.02883729 0.00250000
v -0.00120362 -0.02905858 0.00250000
v -0.00104492 -0.02925530 0.00250000
v -0.00085448 -0.02942148 0.00250000
v -0.00063807 -0.02955206 0.00250000
v -0.00040228 -0.02964308 0.00250000
v -0.00015426 -0.02969177 0.00250000
v 0.00009844 -0.02969665 0.00250000
v 0.00034816 -0.02965758 0.00250000
v 0.00058729 -0.02957574 0.00250000
v 0.00080858 -0.02945362 0.00250000
v 0.00100530 -0.02929492 0.00250000
v 0.00117148 -0.02910448 0.00250000
v 0.00130206 -0.02888807 0.00250000
v 0.00139308 -0.02865228 0.00250000
v 0.00144177 -0.02840426 0.00250000
v 0.00144665 -0.02815156 0.00250000
v 0.00140758 -0.02790184 0.00250000
v 0.00132574 -0.02766271 0.00250000
v 0.00120362 -0.02744142 0.00250000
v -0.01390582 -0.00504899 0.00423083
v -0.01406272 -0.00476026 0.00423083
v -0.01409757 -0.00470743 0.00400000
v -0.01404428 -0.00479066 0.00459197
v -0.01400587 -0.00485395 0.00534394
v -0.01396919 -0.00492301 0.00580793
v -0.01393382 -0.00498961 0.00625531
v -0.01393203 -0.00499327 0.00626719
v -0.01392961 -0.00499827 0.00627841
v -0.01392660 -0.00500451 0.00628889
v -0.01392314 -0.00501175 0.00629836
v -0.01391926 -0.00501994 0.00630686
v -0.01390582 -0.00504899 0.00400000
v -0.01377482 -0.00541813 0.00400000
v -0.01377482 -0.00541813 0.00423083
v -0.01376959 -0.00543850 0.00423083
v -0.01370835 -0.00580415 0.00400000
v -0.01377545 -0.00541831 0.00441571
v -0.01391500 -0.00502904 0.00631438
v -0.01391050 -0.00503875 0.00632076
v -0.01390582 -0.00504899 0.00632599
v -0.01390353 -0.00505409 0.00632780
v -0.01390217 -0.00505711 0.00632887
v -0.01389868 -0.00506487 0.00633162
v -0.01389144 -0.00508132 0.00633475
v -0.01388663 -0.00509244 0.00633544
v -0.01388025 -0.00510743 0.00633462
v -0.01387212 -0.00512701 0.00633045
v -0.01387036 -0.00513133 0.00632887
v -0.01386982 -0.00513265 0.00632839
v -0.01386768 -0.00513790 0.00632648
v -0.01386289 -0.00514986 0.00632054
v -0.01385785 -0.00516262 0.00631201
v -0.01385276 -0.00517577 0.00629998
v -0.01384615 -0.00519321 0.00627455
v -0.01384446 -0.00519773 0.00626366
v -0.01385040 -0.00518194 0.00629270
v -0.01384817 -0.00518784 0.00628424
v -0.01384318 -0.00520116 0.00625141
v -0.01382919 -0.00524121 0.00596052
v -0.01381503 -0.00528174 0.00566612
v -0.01434449 -0.00759665 0.00644084
v -0.01435716 -0.00760962 0.00641097
v -0.01436549 -0.00761814 0.00639134
v -0.01436695 -0.00761960 0.00638629
v -0.01438106 -0.00763372 0.00633737
v -0.01438263 -0.00763527 0.00632883
v -0.01438792 -0.00764049 0.00630002
v -0.01439251 -0.00764499 0.00624875
v -0.01439961 -0.00765189 0.00605048
v -0.01434449 -0.00759665 0.00400000
v -0.01463942 -0.00785441 0.00400000
v -0.01446573 -0.00771348 0.00423083
v -0.01409757 -0.00729257 0.00660770
v -0.01410632 -0.00730502 0.00660818
v -0.01413982 -0.00735267 0.00660998
v -0.01417143 -0.00739473 0.00660280
v -0.01418357 -0.00741088 0.00660005
v -0.01421293 -0.00744789 0.00658668
v -0.01424983 -0.00749224 0.00656170
v -0.01425121 -0.00749390 0.00656077
v -0.01425471 -0.00749794 0.00655763
v -0.01427244 -0.00751840 0.00654176
v -0.01429543 -0.00754416 0.00651671
v -0.01430118 -0.00755041 0.00650894
v -0.01431656 -0.00756713 0.00648814
v -0.01431978 -0.00757063 0.00648379
v -0.01392121 -0.00698419 0.00641453
v -0.01396162 -0.00706537 0.00649083
v -0.01401203 -0.00715671 0.00655645
v -0.01401327 -0.00715881 0.00655764
v -0.01403158 -0.00718968 0.00657527
v -0.01404217 -0.00720686 0.00658279
v -0.01405237 -0.00722341 0.00659003
v -0.01407435 -0.00725773 0.00660084
v -0.01390582 -0.00695101 0.00423083
v -0.01380734 -0.00669444 0.00423083
v -0.01377482 -0.00658187 0.00400000
v -0.01382296 -0.00674195 0.00463699
v -0.01388405 -0.00690152 0.00624828
v -0.01388542 -0.00690474 0.00627057
v -0.01388777 -0.00691022 0.00629210
v -0.01389100 -0.00691768 0.00631284
v -0.01389504 -0.00692689 0.00633288
v -0.01390582 -0.00695101 0.00637282
v -0.01434449 -0.00759665 0.00423083
v -0.01409757 -0.00729257 0.00423083
v -0.01409757 -0.00729257 0.00400000
v -0.01390582 -0.00695101 0.00400000
v -0.01801990 -0.00710000 0.00400000
v -0.01780395 -0.00742680 0.00400000
v -0.01753569 -0.00771221 0.00400000
v -0.01722288 -0.00794797 0.00400000
v -0.01687460 -0.00812722 0.00400000
v -0.01650096 -0.00824478 0.00400000
v -0.01611279 -0.00829723 0.00400000
v -0.01572134 -0.00828306 0.00400000
v -0.01533798 -0.00820266 0.00400000
v -0.01497382 -0.00805839 0.00400000
v -0.01370835 -0.00619585 0.00400000
v -0.01434449 -0.00440335 0.00400000
v -0.01463942 -0.00414559 0.00400000
v -0.01497382 -0.00394161 0.00400000
v -0.01533798 -0.00379734 0.00400000
v -0.01572134 -0.00371694 0.00400000
v -0.01611279 -0.00370277 0.00400000
v -0.01650096 -0.00375522 0.00400000
v -0.01687460 -0.00387278 0.00400000
v -0.01722288 -0.00405203 0.00400000
v -0.01753569 -0.00428779 0.00400000
v -0.01780395 -0.00457320 0.00400000
v -0.01801990 -0.00490000 0.00400000
v -0.02190000 -0.00490000 0.00400000
v -0.02209101 -0.00491671 0.00400000
v -0.02227622 -0.00496634 0.00400000
v -0.02245000 -0.00504737 0.00400000
v -0.02260707 -0.00515735 0.00400000
v -0.02274265 -0.00529293 0.00400000
v -0.02285263 -0.00545000 0.00400000
v -0.02293366 -0.00562378 0.00400000
v -0.02298329 -0.00580899 0.00400000
v -0.02300000 -0.00600000 0.00400000
v -0.02298329 -0.00619101 0.00400000
v -0.02293366 -0.00637622 0.00400000
v -0.02285263 -0.00655000 0.00400000
v -0.02274265 -0.00670707 0.00400000
v -0.02260707 -0.00684265 0.00400000
v -0.02245000 -0.00695263 0.00400000
v -0.02227622 -0.00703366 0.00400000
v -0.02209101 -0.00708329 0.00400000
v -0.02190000 -0.00710000 0.00400000
v 0.01408570 -0.00040503 0.00300000
v 0.01416992 -0.00055764 0.00300000
v 0.01427936 -0.00069331 0.00300000
v 0.01441070 -0.00080792 0.00300000
v 0.01455995 -0.00089797 0.00300000
v 0.01472257 -0.00096074 0.00300000
v 0.01489361 -0.00099432 0.00300000
v 0.01506789 -0.00099769 0.00300000
v 0.01524011 -0.00097075 0.00300000
v 0.01540503 -0.00091430 0.00300000
v 0.01555764 -0.00083008 0.00300000
v 0.01569331 -0.00072064 0.00300000
v 0.01580792 -0.00058930 0.00300000
v 0.01589797 -0.00044005 0.00300000
v 0.01596075 -0.00027743 0.00300000
v 0.01599433 -0.00010639 0.00300000
v 0.01599769 0.00006789 0.00300000
v 0.01597075 0.00024011 0.00300000
v 0.01591430 0.00040503 0.00300000
v 0.01583008 0.00055764 0.00300000
v 0.01572064 0.00069331 0.00300000
v 0.01558930 0.00080792 0.00300000
v 0.01544005 0.00089797 0.00300000
v 0.01527743 0.00096074 0.00300000
v 0.01510639 0.00099432 0.00300000
v 0.01493211 0.00099769 0.00300000
v 0.01475989 0.00097075 0.00300000
v 0.01459497 0.00091430 0.00300000
v 0.01444236 0.00083008 0.00300000
v 0.01430669 0.00072064 0.00300000
v 0.01419208 0.00058930 0.00300000
v 0.01410203 0.00044005 0.00300000
v 0.01403926 0.00027743 0.00300000
v 0.01400567 0.00010639 0.00300000
v 0.01400231 -0.00006789 0.00300000
v 0.01402925 -0.00024011 0.00300000
v 0.00213559 -0.03142752 0.00000000
v -0.00000000 -0.03150000 0.00000000
v -0.00213559 -0.03142752 0.00000000
v -0.00246538 -0.03137723 0.00000000
v -0.00255491 -0.03134772 0.00000000
v -0.00278222 -0.03127281 0.00000000
v -0.00307730 -0.03111719 0.00000000
v -0.00334240 -0.03091468 0.00000000
v -0.00357015 -0.03067092 0.00000000
v -0.00375422 -0.03039270 0.00000000
v -0.00388948 -0.03008775 0.00000000
v -0.00397218 -0.02976456 0.00000000
v -0.00400000 -0.02943213 0.00000000
v -0.00400000 -0.02919662 0.00000000
v -0.00400000 -0.02786126 0.00000000
v -0.00402877 -0.02752322 0.00000000
v -0.00411427 -0.02719491 0.00000000
v -0.00425403 -0.02688577 0.00000000
v -0.00444403 -0.02660470 0.00000000
v -0.00467880 -0.02635979 0.00000000
v -0.00495159 -0.02615808 0.00000000
v -0.00525454 -0.02600538 0.00000000
v -0.00557895 -0.02590609 0.00000000
v -0.01132160 -0.02395978 0.00000000
v -0.00850613 -0.02509773 0.00000000
v -0.00635442 -0.02569193 0.00000000
v -0.01398841 -0.02250721 0.00000000
v -0.01647152 -0.02075907 0.00000000
v -0.01873833 -0.01873833 0.00000000
v -0.02075907 -0.01647152 0.00000000
v -0.02250721 -0.01398841 0.00000000
v -0.02395978 -0.01132160 0.00000000
v -0.02509773 -0.00850613 0.00000000
v -0.02590609 -0.00557895 0.00000000
v -0.02688577 -0.00425403 0.00000000
v -0.02660470 -0.00444403 0.00000000
v -0.02635979 -0.00467880 0.00000000
v -0.02615808 -0.00495159 0.00000000
v -0.02600538 -0.00525454 0.00000000
v -0.02752322 -0.00402877 0.00000000
v -0.02719491 -0.00411427 0.00000000
v -0.02786126 -0.00400000 0.00000000
v -0.02943213 -0.00400000 0.00000000
v -0.02976456 -0.00397218 0.00000000
v -0.03008775 -0.00388948 0.00000000
v -0.03039270 -0.00375422 0.00000000
v -0.03067092 -0.00357015 0.00000000
v -0.03091468 -0.00334240 0.00000000
v -0.03111719 -0.00307730 0.00000000
v -0.03127281 -0.00278222 0.00000000
v -0.03137723 -0.00246538 0.00000000
v -0.03142752 -0.00213559 0.00000000
v -0.03150000 0.00000000 0.00000000
v -0.03142752 0.00213559 0.00000000
v -0.03137723 0.00246538 0.00000000
v -0.03134772 0.00255491 0.00000000
v -0.03127281 0.00278222 0.00000000
v -0.03111719 0.00307730 0.00000000
v -0.03091468 0.00334240 0.00000000
v -0.03067092 0.00357015 0.00000000
v -0.03039270 0.00375422 0.00000000
v -0.03008775 0.00388948 0.00000000
v -0.02976456 0.00397218 0.00000000
v -0.02943213 0.00400000 0.00000000
v -0.02919662 0.00400000 0.00000000
v -0.02786126 0.00400000 0.00000000
v -0.02752322 0.00402877 0.00000000
v -0.02719491 0.00411427 0.00000000
v -0.02688577 0.00425403 0.00000000
v -0.02660470 0.00444403 0.00000000
v -0.02660155 0.00444704 0.00000000
v -0.02635979 0.00467880 0.00000000
v -0.02615808 0.00495159 0.00000000
v -0.02600538 0.00525454 0.00000000
v -0.02590609 0.00557895 0.00000000
v -0.02569193 0.00635442 0.00000000
v -0.02509773 0.00850613 0.00000000
v -0.02395978 0.01132160 0.00000000
v -0.02250721 0.01398841 0.00000000
v -0.02075907 0.01647152 0.00000000
v -0.01873833 0.01873833 0.00000000
v -0.01647152 0.02075907 0.00000000
v -0.01132160 0.02395978 0.00000000
v -0.01398841 0.02250721 0.00000000
v -0.00850613 0.02509773 0.00000000
v -0.00557895 0.02590609 0.00000000
v -0.00525454 0.02600538 0.00000000
v -0.00495159 0.02615808 0.00000000
v -0.00467880 0.02635979 0.00000000
v -0.00444403 0.02660470 0.00000000
v -0.00425403 0.02688577 0.00000000
v -0.00411427 0.02719491 0.00000000
v -0.00402877 0.02752322 0.00000000
v -0.00400000 0.02786126 0.00000000
v -0.00400000 0.02943213 0.00000000
v -0.00397218 0.02976456 0.00000000
v -0.00388948 0.03008775 0.00000000
v -0.00375422 0.03039270 0.00000000
v -0.00357015 0.03067092 0.00000000
v -0.00334240 0.03091468 0.00000000
v -0.00307730 0.03111719 0.00000000
v -0.00278222 0.03127281 0.00000000
v -0.00246538 0.03137723 0.00000000
v -0.00213559 0.03142752 0.00000000
v 0.00213559 0.03142752 0.00000000
v 0.00000000 0.03150000 0.00000000
v 0.00246538 0.03137723 0.00000000
v 0.00278222 0.03127281 0.00000000
v 0.00307730 0.03111719 0.00000000
v 0.00334240 0.03091468 0.00000000
v 0.00357015 0.03067092 0.00000000
v 0.00375422 0.03039270 0.00000000
v 0.00388948 0.03008775 0.00000000
v 0.00397218 0.02976456 0.00000000
v 0.00400000 0.02943213 0.00000000
v 0.00400000 0.02786126 -0.00000000
v 0.00402877 0.02752322 -0.00000000
v 0.00411427 0.02719491 -0.00000000
v 0.00425403 0.02688577 -0.00000000
v 0.00444403 0.02660470 -0.00000000
v 0.00444704 0.02660155 -0.00000000
v 0.00467880 0.02635979 -0.00000000
v 0.00495159 0.02615808 -0.00000000
v 0.00525454 0.02600538 -0.00000000
v 0.00557895 0.02590609 0.00000000
v 0.02590609 0.00557895 0.00000000
v 0.02509773 0.00850613 0.00000000
v 0.00850613 0.02509773 0.00000000
v 0.01132160 0.02395978 0.00000000
v 0.01398841 0.02250721 0.00000000
v 0.01647152 0.02075907 0.00000000
v 0.01873833 0.01873833 0.00000000
v 0.02075907 0.01647152 0.00000000
v 0.02250721 0.01398841 0.00000000
v 0.02395978 0.01132160 0.00000000
v 0.02786126 0.00400000 0.00000000
v 0.02752322 0.00402877 0.00000000
v 0.02600538 0.00525454 0.00000000
v 0.02635979 0.00467880 0.00000000
v 0.02615808 0.00495159 0.00000000
v 0.02660470 0.00444403 0.00000000
v 0.02688577 0.00425403 0.00000000
v 0.02719491 0.00411427 0.00000000
v 0.02943213 0.00400000 0.00000000
v 0.02976456 0.00397218 0.00000000
v 0.03008775 0.00388948 0.00000000
v 0.03039270 0.00375422 0.00000000
v 0.03067092 0.00357015 0.00000000
v 0.03091468 0.00334240 0.00000000
v 0.03111719 0.00307730 0.00000000
v 0.03127281 0.00278222 0.00000000
v 0.03137723 0.00246538 0.00000000
v 0.03142752 0.00213559 0.00000000
v 0.03142752 -0.00213559 0.00000000
v 0.03150000 -0.00000000 0.00000000
v 0.03137723 -0.00246538 -0.00000000
v 0.03127281 -0.00278222 -0.00000000
v 0.03111719 -0.00307730 -0.00000000
v 0.03091468 -0.00334240 -0.00000000
v 0.03067092 -0.00357015 -0.00000000
v 0.03039270 -0.00375422 -0.00000000
v 0.03008775 -0.00388948 -0.00000000
v 0.02976456 -0.00397218 -0.00000000
v 0.02943213 -0.00400000 -0.00000000
v 0.02786126 -0.00400000 0.00000000
v 0.02752322 -0.00402877 0.00000000
v 0.02719491 -0.00411427 0.00000000
v 0.02688577 -0.00425403 0.00000000
v 0.02660470 -0.00444403 0.00000000
v 0.02635979 -0.00467880 0.00000000
v 0.02615808 -0.00495159 0.00000000
v 0.02600538 -0.00525454 0.00000000
v 0.02590609 -0.00557895 0.00000000
v 0.02516749 -0.00829745 0.00000000
v 0.02414448 -0.01092218 0.00000000
v 0.02284863 -0.01342349 0.00000000
v 0.01527220 -0.02165664 0.00000000
v 0.01748483 -0.01991308 0.00000000
v 0.01949988 -0.01794448 0.00000000
v 0.02129458 -0.01577311 0.00000000
v 0.01514268 -0.02176549 0.00000000
v 0.01503337 -0.02189461 0.00000000
v 0.01494738 -0.02204031 0.00000000
v 0.01488719 -0.02219842 0.00000000
v 0.01485451 -0.02236442 0.00000000
v 0.01485029 -0.02253354 0.00000000
v 0.01487463 -0.02270096 0.00000000
v 0.01492685 -0.02286188 0.00000000
v 0.01495195 -0.02293809 0.00000000
v 0.01496454 -0.02301732 0.00000000
v 0.01496429 -0.02309755 0.00000000
v 0.01495121 -0.02317671 0.00000000
v 0.01492564 -0.02325275 0.00000000
v 0.01488824 -0.02332373 0.00000000
v 0.01483996 -0.02338781 0.00000000
v 0.01478206 -0.02344334 0.00000000
v 0.01471603 -0.02348890 0.00000000
v 0.01298398 -0.02448890 0.00000000
v 0.01291150 -0.02452331 0.00000000
v 0.01283445 -0.02454569 0.00000000
v 0.01275482 -0.02455546 0.00000000
v 0.01267465 -0.02455236 0.00000000
v 0.01259601 -0.02453648 0.00000000
v 0.01252092 -0.02450823 0.00000000
v 0.01245132 -0.02446833 0.00000000
v 0.01238899 -0.02441781 0.00000000
v 0.01233555 -0.02435797 0.00000000
v 0.01111910 -0.02405443 0.00000000
v 0.01127812 -0.02399669 0.00000000
v 0.01144460 -0.02396658 0.00000000
v 0.01161378 -0.02396497 0.00000000
v 0.01178080 -0.02399190 0.00000000
v 0.01194090 -0.02404659 0.00000000
v 0.01208948 -0.02412750 0.00000000
v 0.01222229 -0.02423229 0.00000000
v 0.00840020 -0.02513338 0.00000000
v 0.00557895 -0.02590609 0.00000000
v 0.00525454 -0.02600538 0.00000000
v 0.00495159 -0.02615808 0.00000000
v 0.00467880 -0.02635979 0.00000000
v 0.00444403 -0.02660470 0.00000000
v 0.00425403 -0.02688577 0.00000000
v 0.00411427 -0.02719491 0.00000000
v 0.00402877 -0.02752322 0.00000000
v 0.00400000 -0.02786126 0.00000000
v 0.00400000 -0.02943213 -0.00000000
v 0.00375422 -0.03039270 -0.00000000
v 0.00388948 -0.03008775 -0.00000000
v 0.00397218 -0.02976456 -0.00000000
v 0.00334240 -0.03091468 -0.00000000
v 0.00357015 -0.03067092 -0.00000000
v 0.00307730 -0.03111719 -0.00000000
v 0.00278222 -0.03127281 -0.00000000
v 0.00246538 -0.03137723 -0.00000000
v -0.00138663 -0.01755873 0.00800000
v -0.00161583 -0.01782141 0.00800000
v -0.00179595 -0.01811990 0.00800000
v -0.00192149 -0.01844513 0.00800000
v -0.00198865 -0.01878723 0.00800000
v -0.00199539 -0.01913578 0.00800000
v -0.00194149 -0.01948022 0.00800000
v -0.00182861 -0.01981006 0.00800000
v -0.00166016 -0.02011528 0.00800000
v -0.00144127 -0.02038663 0.00800000
v -0.00117859 -0.02061583 0.00800000
v -0.00088010 -0.02079595 0.00800000
v -0.00055487 -0.02092149 0.00800000
v -0.00021277 -0.02098865 0.00800000
v 0.00013578 -0.02099539 0.00800000
v 0.00048022 -0.02094149 0.00800000
v 0.00081006 -0.02082861 0.00800000
v 0.00111528 -0.02066016 0.00800000
v 0.00138663 -0.02044127 0.00800000
v 0.00161583 -0.02017859 0.00800000
v 0.00179595 -0.01988010 0.00800000
v 0.00192149 -0.01955487 0.00800000
v 0.00198865 -0.01921277 0.00800000
v 0.00199539 -0.01886422 0.00800000
v 0.00194149 -0.01851979 0.00800000
v 0.00182861 -0.01818994 0.00800000
v 0.00166016 -0.01788472 0.00800000
v 0.00144127 -0.01761338 0.00800000
v 0.00117859 -0.01738417 0.00800000
v 0.00088010 -0.01720405 0.00800000
v 0.00055487 -0.01707851 0.00800000
v 0.00021277 -0.01701135 0.00800000
v -0.00013578 -0.01700461 0.00800000
v -0.00048022 -0.01705851 0.00800000
v -0.00081006 -0.01717139 0.00800000
v -0.00111528 -0.01733984 0.00800000
v -0.00477694 -0.00578194 0.00100000
v -0.00402279 -0.00632986 0.00100000
v -0.00726317 0.00186987 0.00100000
v -0.00697511 0.00275643 0.00100000
v 0.00046609 0.00748550 0.00100000
v 0.00477694 -0.00578194 0.00100000
v 0.00402279 -0.00632986 0.00100000
v -0.00046609 0.00748550 0.00100000
v 0.00697511 0.00275643 0.00100000
v 0.00726317 0.00186987 0.00100000
v 0.00232423 -0.00468860 -0.00050000
v 0.00201778 -0.00430872 -0.00050000
v 0.00165003 -0.00398783 -0.00050000
v 0.00123214 -0.00373568 -0.00050000
v 0.00077681 -0.00355991 -0.00050000
v 0.00029788 -0.00346589 -0.00050000
v -0.00019010 -0.00345646 -0.00050000
v -0.00067230 -0.00353191 -0.00050000
v -0.00113408 -0.00368995 -0.00050000
v -0.00156140 -0.00392577 -0.00050000
v -0.00194128 -0.00423222 -0.00050000
v -0.00226217 -0.00459997 -0.00050000
v -0.00251432 -0.00501786 -0.00050000
v -0.00269009 -0.00547319 -0.00050000
v -0.00278411 -0.00595212 -0.00050000
v -0.00279354 -0.00644010 -0.00050000
v -0.00271809 -0.00692230 -0.00050000
v -0.00256005 -0.00738408 -0.00050000
v -0.00232423 -0.00781140 -0.00050000
v -0.00201778 -0.00819128 -0.00050000
v -0.00165003 -0.00851217 -0.00050000
v -0.00123214 -0.00876432 -0.00050000
v -0.00077681 -0.00894009 -0.00050000
v -0.00029788 -0.00903411 -0.00050000
v 0.00019010 -0.00904354 -0.00050000
v 0.00067230 -0.00896809 -0.00050000
v 0.00113408 -0.00881005 -0.00050000
v 0.00156140 -0.00857423 -0.00050000
v 0.00194128 -0.00826778 -0.00050000
v 0.00226217 -0.00790003 -0.00050000
v 0.00251432 -0.00748214 -0.00050000
v 0.00269009 -0.00702681 -0.00050000
v 0.00278411 -0.00654788 -0.00050000
v 0.00279354 -0.00605990 -0.00050000
v 0.00271809 -0.00557770 -0.00050000
v 0.00256005 -0.00511592 -0.00050000
v 0.00717624 0.00058297 -0.00050000
v 0.00672092 0.00075873 -0.00050000
v 0.00624199 0.00085275 -0.00050000
v 0.00575401 0.00086218 -0.00050000
v 0.00527180 0.00078673 -0.00050000
v 0.00481002 0.00062870 -0.00050000
v 0.00438270 0.00039287 -0.00050000
v 0.00400283 0.00008643 -0.00050000
v 0.00368194 -0.00028133 -0.00050000
v 0.00342978 -0.00069921 -0.00050000
v 0.00325402 -0.00115454 -0.00050000
v 0.00315999 -0.00163347 -0.00050000
v 0.00315056 -0.00212145 -0.00050000
v 0.00322601 -0.00260366 -0.00050000
v 0.00338405 -0.00306544 -0.00050000
v 0.00361988 -0.00349275 -0.00050000
v 0.00392632 -0.00387263 -0.00050000
v 0.00429407 -0.00419352 -0.00050000
v 0.00471196 -0.00444568 -0.00050000
v 0.00516729 -0.00462144 -0.00050000
v 0.00564622 -0.00471547 -0.00050000
v 0.00613420 -0.00472490 -0.00050000
v 0.00661640 -0.00464945 -0.00050000
v 0.00707818 -0.00449141 -0.00050000
v 0.00750550 -0.00425558 -0.00050000
v 0.00788538 -0.00394914 -0.00050000
v 0.00820627 -0.00358139 -0.00050000
v 0.00845843 -0.00316350 -0.00050000
v 0.00863419 -0.00270817 -0.00050000
v 0.00872821 -0.00222924 -0.00050000
v 0.00873764 -0.00174126 -0.00050000
v 0.00866219 -0.00125905 -0.00050000
v 0.00850416 -0.00079728 -0.00050000
v 0.00826833 -0.00036996 -0.00050000
v 0.00796189 0.00000992 -0.00050000
v 0.00759413 0.00033081 -0.00050000
v 0.00645777 0.00475847 -0.00050000
v 0.00646720 0.00524645 -0.00050000
v 0.00639175 0.00572866 -0.00050000
v 0.00623371 0.00619044 -0.00050000
v 0.00599789 0.00661775 -0.00050000
v 0.00569144 0.00699763 -0.00050000
v 0.00532369 0.00731852 -0.00050000
v 0.00490580 0.00757068 -0.00050000
v 0.00445047 0.00774644 -0.00050000
v 0.00397154 0.00784047 -0.00050000
v 0.00348356 0.00784990 -0.00050000
v 0.00300136 0.00777445 -0.00050000
v 0.00253958 0.00761641 -0.00050000
v 0.00211226 0.00738058 -0.00050000
v 0.00173238 0.00707414 -0.00050000
v 0.00141149 0.00670639 -0.00050000
v 0.00115933 0.00628850 -0.00050000
v 0.00098357 0.00583317 -0.00050000
v 0.00088955 0.00535424 -0.00050000
v 0.00088012 0.00486626 -0.00050000
v 0.00095557 0.00438405 -0.00050000
v 0.00111361 0.00392228 -0.00050000
v 0.00134943 0.00349496 -0.00050000
v 0.00165587 0.00311508 -0.00050000
v 0.00202363 0.00279419 -0.00050000
v 0.00244152 0.00254203 -0.00050000
v 0.00289684 0.00236627 -0.00050000
v 0.00337577 0.00227225 -0.00050000
v 0.00386375 0.00226282 -0.00050000
v 0.00434596 0.00233827 -0.00050000
v 0.00480774 0.00249630 -0.00050000
v 0.00523506 0.00273213 -0.00050000
v 0.00561493 0.00303857 -0.00050000
v 0.00593582 0.00340633 -0.00050000
v 0.00618798 0.00382421 -0.00050000
v 0.00636374 0.00427954 -0.00050000
v -0.00244152 0.00757068 -0.00050000
v -0.00289684 0.00774644 -0.00050000
v -0.00337577 0.00784047 -0.00050000
v -0.00386375 0.00784990 -0.00050000
v -0.00434596 0.00777445 -0.00050000
v -0.00480774 0.00761641 -0.00050000
v -0.00523506 0.00738058 -0.00050000
v -0.00561493 0.00707414 -0.00050000
v -0.00593582 0.00670639 -0.00050000
v -0.00618798 0.00628850 -0.00050000
v -0.00636374 0.00583317 -0.00050000
v -0.00645777 0.00535424 -0.00050000
v -0.00646720 0.00486626 -0.00050000
v -0.00639175 0.00438405 -0.00050000
v -0.00623371 0.00392228 -0.00050000
v -0.00599789 0.00349496 -0.00050000
v -0.00569144 0.00311508 -0.00050000
v -0.00532369 0.00279419 -0.00050000
v -0.00490580 0.00254203 -0.00050000
v -0.00445047 0.00236627 -0.00050000
v -0.00397154 0.00227225 -0.00050000
v -0.00348356 0.00226282 -0.00050000
v -0.00300136 0.00233827 -0.00050000
v -0.00253958 0.00249630 -0.00050000
v -0.00211226 0.00273213 -0.00050000
v -0.00173238 0.00303857 -0.00050000
v -0.00141149 0.00340633 -0.00050000
v -0.00115933 0.00382421 -0.00050000
v -0.00098357 0.00427954 -0.00050000
v -0.00088955 0.00475847 -0.00050000
v -0.00088012 0.00524645 -0.00050000
v -0.00095557 0.00572866 -0.00050000
v -0.00111361 0.00619044 -0.00050000
v -0.00134943 0.00661775 -0.00050000
v -0.00165587 0.00699763 -0.00050000
v -0.00202363 0.00731852 -0.00050000
v 0.00274365 0.02843670 0.00250000
v 0.00273439 0.02795744 0.00250000
v 0.00264205 0.02748706 0.00250000
v 0.00246943 0.02703986 0.00250000
v 0.00222177 0.02662943 0.00250000
v 0.00190661 0.02626825 0.00250000
v 0.00153352 0.02596728 0.00250000
v 0.00111383 0.02573566 0.00250000
v 0.00066030 0.02558045 0.00250000
v 0.00018670 0.02550635 0.00250000
v -0.00029257 0.02551561 0.00250000
v -0.00076294 0.02560795 0.00250000
v -0.00121014 0.02578057 0.00250000
v -0.00162057 0.02602823 0.00250000
v -0.00198175 0.02634339 0.00250000
v -0.00228272 0.02671648 0.00250000
v -0.00251434 0.02713617 0.00250000
v -0.00266955 0.02758970 0.00250000
v -0.00274365 0.02806330 0.00250000
v -0.00273439 0.02854257 0.00250000
v -0.00264205 0.02901294 0.00250000
v -0.00246943 0.02946014 0.00250000
v -0.00222177 0.02987057 0.00250000
v -0.00190661 0.03023175 0.00250000
v -0.00153352 0.03053272 0.00250000
v -0.00111383 0.03076434 0.00250000
v -0.00066030 0.03091955 0.00250000
v -0.00018670 0.03099366 0.00250000
v 0.00029257 0.03098439 0.00250000
v 0.00076294 0.03089205 0.00250000
v 0.00121014 0.03071943 0.00250000
v 0.00162057 0.03047177 0.00250000
v 0.00198175 0.03015661 0.00250000
v 0.00228272 0.02978352 0.00250000
v 0.00251434 0.02936383 0.00250000
v 0.00266955 0.02891030 0.00250000
v 0.03047177 -0.00162057 0.00250000
v 0.03015661 -0.00198175 0.00250000
v 0.02978352 -0.00228272 0.00250000
v 0.02936383 -0.00251434 0.00250000
v 0.02891030 -0.00266955 0.00250000
v 0.02843670 -0.00274365 0.00250000
v 0.02795744 -0.00273439 0.00250000
v 0.02748706 -0.00264205 0.00250000
v 0.02703986 -0.00246943 0.00250000
v 0.02662943 -0.00222177 0.00250000
v 0.02626825 -0.00190661 0.00250000
v 0.02596728 -0.00153352 0.00250000
v 0.02573566 -0.00111383 0.00250000
v 0.02558045 -0.00066030 0.00250000
v 0.02550635 -0.00018670 0.00250000
v 0.02551561 0.00029257 0.00250000
v 0.02560795 0.00076294 0.00250000
v 0.02578057 0.00121014 0.00250000
v 0.02602823 0.00162057 0.00250000
v 0.02634339 0.00198175 0.00250000
v 0.02671648 0.00228272 0.00250000
v 0.02713617 0.00251434 0.00250000
v 0.02758970 0.00266955 0.00250000
v 0.02806330 0.00274365 0.00250000
v 0.02854257 0.00273439 0.00250000
v 0.02901294 0.00264205 0.00250000
v 0.02946014 0.00246943 0.00250000
v 0.02987057 0.00222177 0.00250000
v 0.03023175 0.00190661 0.00250000
v 0.03053272 0.00153352 0.00250000
v 0.03076434 0.00111383 0.00250000
v 0.03091955 0.00066030 0.00250000
v 0.03099366 0.00018670 0.00250000
v 0.03098439 -0.00029257 0.00250000
v 0.03089205 -0.00076294 0.00250000
v 0.03071943 -0.00121014 0.00250000
v -0.02573566 0.00111383 0.00250000
v -0.02558045 0.00066030 0.00250000
v -0.02550635 0.00018670 0.00250000
v -0.02551561 -0.00029257 0.00250000
v -0.02560795 -0.00076294 0.00250000
v -0.02578057 -0.00121014 0.00250000
v -0.02602823 -0.00162057 0.00250000
v -0.02634339 -0.00198175 0.00250000
v -0.02671648 -0.00228272 0.00250000
v -0.02713617 -0.00251434 0.00250000
v -0.02758970 -0.00266955 0.00250000
v -0.02806330 -0.00274365 0.00250000
v -0.02854257 -0.00273439 0.00250000
v -0.02901294 -0.00264205 0.00250000
v -0.02946014 -0.00246943 0.00250000
v -0.02987057 -0.00222177 0.00250000
v -0.03023175 -0.00190661 0.00250000
v -0.03053272 -0.00153352 0.00250000
v -0.03076434 -0.00111383 0.00250000
v -0.03091955 -0.00066030 0.00250000
v -0.03099366 -0.00018670 0.00250000
v -0.03098439 0.00029257 0.00250000
v -0.03089205 0.00076294 0.00250000
v -0.03071943 0.00121014 0.00250000
v -0.03047177 0.00162057 0.00250000
v -0.03015661 0.00198175 0.00250000
v -0.02978352 0.00228272 0.00250000
v -0.02936383 0.00251434 0.00250000
v -0.02891030 0.00266955 0.00250000
v -0.02843670 0.00274365 0.00250000
v -0.02795744 0.00273439 0.00250000
v -0.02748706 0.00264205 0.00250000
v -0.02703986 0.00246943 0.00250000
v -0.02662943 0.00222177 0.00250000
v -0.02626825 0.00190661 0.00250000
v -0.02596728 0.00153352 0.00250000
v -0.00264205 -0.02748706 0.00250000
v -0.00246943 -0.02703986 0.00250000
v -0.00222177 -0.02662943 0.00250000
v -0.00190661 -0.02626825 0.00250000
v -0.00153352 -0.02596728 0.00250000
v -0.00111383 -0.02573566 0.00250000
v -0.00066030 -0.02558045 0.00250000
v -0.00018670 -0.02550635 0.00250000
v 0.00029257 -0.02551561 0.00250000
v 0.00076294 -0.02560795 0.00250000
v 0.00121014 -0.02578057 0.00250000
v 0.00162057 -0.02602823 0.00250000
v 0.00198175 -0.02634339 0.00250000
v 0.00228272 -0.02671648 0.00250000
v 0.00251434 -0.02713617 0.00250000
v 0.00266955 -0.02758970 0.00250000
v 0.00274365 -0.02806330 0.00250000
v 0.00273439 -0.02854257 0.00250000
v 0.00264205 -0.02901294 0.00250000
v 0.00246943 -0.02946014 0.00250000
v 0.00222177 -0.02987057 0.00250000
v 0.00190661 -0.03023175 0.00250000
v 0.00153352 -0.03053272 0.00250000
v 0.00111383 -0.03076434 0.00250000
v 0.00066030 -0.03091955 0.00250000
v 0.00018670 -0.03099366 0.00250000
v -0.00029257 -0.03098439 0.00250000
v -0.00076294 -0.03089205 0.00250000
v -0.00121014 -0.03071943 0.00250000
v -0.00162057 -0.03047177 0.00250000
v -0.00198175 -0.03015661 0.00250000
v -0.00228272 -0.02978352 0.00250000
v -0.00251434 -0.02936383 0.00250000
v -0.00266955 -0.02891030 0.00250000
v -0.00274365 -0.02843670 0.00250000
v -0.00273439 -0.02795744 0.00250000
v -0.01538604 -0.00532597 0.00400000
v -0.01537825 -0.00533959 0.00400000
v -0.01544818 -0.00705438 0.00400000
v -0.02141791 -0.00511435 0.00400000
v -0.02140478 -0.00512295 0.00400000
v -0.02139316 -0.00513350 0.00400000
v -0.02138333 -0.00514573 0.00400000
v -0.02136601 -0.00520505 0.00400000
v -0.02141408 -0.00680433 0.00400000
v -0.02141578 -0.00681993 0.00400000
v -0.02141990 -0.00683507 0.00400000
v -0.01615021 -0.00705768 0.00400000
v -0.01616452 -0.00705125 0.00400000
v -0.01617765 -0.00704265 0.00400000
v -0.01618927 -0.00703210 0.00400000
v -0.01619910 -0.00701987 0.00400000
v -0.01620689 -0.00700625 0.00400000
v -0.01621246 -0.00699158 0.00400000
v -0.01621566 -0.00697622 0.00400000
v -0.01616666 -0.00534567 0.00400000
v -0.01611110 -0.00527385 0.00400000
v -0.01609643 -0.00526828 0.00400000
v -0.01540749 -0.00530320 0.00400000
v -0.01539587 -0.00531374 0.00400000
v -0.01548871 -0.00707756 0.00400000
v -0.01547404 -0.00707200 0.00400000
v -0.01546042 -0.00706421 0.00400000
v -0.02214479 -0.00512284 0.00400000
v -0.02213425 -0.00511122 0.00400000
v -0.02137554 -0.00515935 0.00400000
v -0.02136997 -0.00517402 0.00400000
v -0.02136677 -0.00518938 0.00400000
v -0.02142633 -0.00684938 0.00400000
v -0.02143493 -0.00686251 0.00400000
v -0.02144548 -0.00687413 0.00400000
v -0.02145771 -0.00688396 0.00400000
v -0.02147133 -0.00689175 0.00400000
v -0.02148600 -0.00689732 0.00400000
v -0.01621642 -0.00696055 0.00400000
v -0.01616836 -0.00536127 0.00400000
v -0.01616254 -0.00533053 0.00400000
v -0.01615610 -0.00531622 0.00400000
v -0.01614750 -0.00530309 0.00400000
v -0.01613696 -0.00529147 0.00400000
v -0.01612472 -0.00528164 0.00400000
v -0.01608107 -0.00526508 0.00400000
v -0.01606540 -0.00526432 0.00400000
v -0.01546567 -0.00528234 0.00400000
v -0.01545007 -0.00528404 0.00400000
v -0.01543493 -0.00528816 0.00400000
v -0.01542062 -0.00529460 0.00400000
v -0.01541678 -0.00698458 0.00400000
v -0.01541848 -0.00700018 0.00400000
v -0.01542260 -0.00701532 0.00400000
v -0.01542904 -0.00702963 0.00400000
v -0.01543764 -0.00704276 0.00400000
v -0.02215339 -0.00513597 0.00400000
v -0.02215983 -0.00515028 0.00400000
v -0.02150136 -0.00690052 0.00400000
v -0.02151703 -0.00690128 0.00400000
v -0.02212201 -0.00510139 0.00400000
v -0.02210839 -0.00509360 0.00400000
v -0.02209372 -0.00508803 0.00400000
v -0.01550407 -0.00708077 0.00400000
v -0.01551974 -0.00708153 0.00400000
v -0.01611947 -0.00706350 0.00400000
v -0.01613507 -0.00706180 0.00400000
v -0.02211676 -0.00688326 0.00400000
v -0.02213236 -0.00688156 0.00400000
v -0.02214750 -0.00687744 0.00400000
v -0.02216181 -0.00687100 0.00400000
v -0.02220418 -0.00682600 0.00400000
v -0.01536872 -0.00538530 0.00400000
v -0.01537268 -0.00535427 0.00400000
v -0.01536948 -0.00536963 0.00400000
v -0.02217494 -0.00686240 0.00400000
v -0.02218656 -0.00685186 0.00400000
v -0.02219639 -0.00683962 0.00400000
v -0.02207836 -0.00508483 0.00400000
v -0.02206269 -0.00508407 0.00400000
v -0.02216395 -0.00516542 0.00400000
v -0.02216565 -0.00518102 0.00400000
v -0.02146296 -0.00510209 0.00400000
v -0.02144736 -0.00510380 0.00400000
v -0.02143222 -0.00510792 0.00400000
v -0.02221371 -0.00678030 0.00400000
v -0.02220975 -0.00681133 0.00400000
v -0.02221295 -0.00679597 0.00400000
v -0.01440631 -0.00764478 0.00624828
v -0.01433475 -0.00720933 0.00672348
v -0.01434625 -0.00721789 0.00672348
v -0.01430253 -0.00728833 0.00670164
v -0.01439129 -0.00714531 0.00673083
v -0.01431086 -0.00717405 0.00672348
v -0.01430718 -0.00716020 0.00672348
v -0.01431680 -0.00718710 0.00672348
v -0.01414429 -0.00715273 0.00666549
v -0.01414516 -0.00715271 0.00666589
v -0.01414878 -0.00718823 0.00666596
v -0.01430560 -0.00714789 0.00672342
v -0.01430592 -0.00714788 0.00672345
v -0.01439632 -0.00731260 0.00670198
v -0.01438265 -0.00731341 0.00670164
v -0.01438691 -0.00723062 0.00672348
v -0.01440077 -0.00746058 0.00661879
v -0.01437502 -0.00746189 0.00661749
v -0.01437865 -0.00739127 0.00666596
v -0.01440412 -0.00757220 0.00649083
v -0.01436928 -0.00757341 0.00648820
v -0.01437187 -0.00752321 0.00655765
v -0.01427153 -0.00743882 0.00661749
v -0.01407915 -0.00720055 0.00661749
v -0.01401316 -0.00715668 0.00655756
v -0.01407345 -0.00715486 0.00661668
v -0.01401498 -0.00715662 0.00655934
v -0.01409278 -0.00725198 0.00661749
v -0.01411483 -0.00730040 0.00661749
v -0.01414466 -0.00734446 0.00661749
v -0.01418144 -0.00738290 0.00661749
v -0.01422413 -0.00741465 0.00661749
v -0.01430894 -0.00751464 0.00655765
v -0.01432230 -0.00745471 0.00661749
v -0.01436735 -0.00761103 0.00641119
v -0.01440600 -0.00763456 0.00633288
v -0.01440601 -0.00763505 0.00632883
v -0.01440530 -0.00761116 0.00641111
v -0.01440526 -0.00761013 0.00641453
v -0.01440417 -0.00757356 0.00648809
v -0.01440081 -0.00746205 0.00661737
v -0.01440261 -0.00752186 0.00655959
v -0.01440266 -0.00752337 0.00655753
v -0.01439635 -0.00731352 0.00670156
v -0.01439865 -0.00739015 0.00666672
v -0.01439869 -0.00739141 0.00666586
v -0.01439385 -0.00723019 0.00672356
v -0.01439386 -0.00723068 0.00672343
v -0.01414655 -0.00715267 0.00666653
v -0.01422245 -0.00715039 0.00670143
v -0.01422555 -0.00717465 0.00670164
v -0.01422405 -0.00715034 0.00670185
v -0.01407450 -0.00715483 0.00661740
v -0.01407618 -0.00715478 0.00661856
v -0.01423279 -0.00720195 0.00670164
v -0.01424449 -0.00722766 0.00670164
v -0.01426033 -0.00725106 0.00670164
v -0.01429825 -0.00737334 0.00666596
v -0.01432770 -0.00730116 0.00670164
v -0.01435902 -0.00722440 0.00672348
v -0.01415937 -0.00722819 0.00666596
v -0.01417650 -0.00726581 0.00666596
v -0.01419968 -0.00730003 0.00666596
v -0.01422825 -0.00732990 0.00666596
v -0.01433769 -0.00738569 0.00666596
v -0.01435466 -0.00730960 0.00670164
v -0.01437270 -0.00722868 0.00672348
v -0.01430643 -0.00714786 0.00672349
v -0.01426142 -0.00735457 0.00666596
v -0.01427986 -0.00727147 0.00670164
v -0.01432484 -0.00719897 0.00672348
v -0.01433543 -0.00528644 0.00673083
v -0.01384617 -0.00530115 0.00633288
v -0.01384568 -0.00530116 0.00632883
v -0.01383596 -0.00530145 0.00624828
v -0.01387061 -0.00530041 0.00641453
v -0.01390718 -0.00529931 0.00648809
v -0.01390854 -0.00529927 0.00649083
v -0.01395888 -0.00529776 0.00655959
v -0.01402016 -0.00529592 0.00661879
v -0.01401869 -0.00529596 0.00661737
v -0.01409059 -0.00529380 0.00666672
v -0.01416721 -0.00529150 0.00670156
v -0.01416814 -0.00529147 0.00670198
v -0.01425006 -0.00528901 0.00672343
v -0.01425055 -0.00528899 0.00672356
v -0.01417259 -0.00472667 0.00423083
v -0.01409939 -0.00474593 0.00423083
v -0.01481446 -0.00525189 0.00423083
v -0.02131412 -0.00680734 0.00423083
v -0.02126605 -0.00520806 0.00423083
v -0.01781570 -0.00691248 0.00423083
v -0.01776763 -0.00531320 0.00423083
v -0.01487154 -0.00715103 0.00423083
v -0.01772637 -0.00494302 0.00423083
v -0.01770849 -0.00490326 0.00423083
v -0.01671360 -0.00519481 0.00423083
v -0.01775142 -0.00502645 0.00423083
v -0.01677068 -0.00709395 0.00423083
v -0.01733726 -0.00762718 0.00423083
v -0.01741570 -0.00761859 0.00423083
v -0.01782172 -0.00711269 0.00423083
v -0.01776162 -0.00511299 0.00423083
v -0.01777551 -0.00733814 0.00423083
v -0.01780296 -0.00726419 0.00423083
v -0.01781844 -0.00718683 0.00423083
v -0.01753638 -0.00471022 0.00423083
v -0.01749893 -0.00468792 0.00423083
v -0.01745967 -0.00466897 0.00423083
v -0.01741891 -0.00465351 0.00423083
v -0.01733412 -0.00463351 0.00423083
v -0.01724713 -0.00462853 0.00423083
v -0.01424788 -0.00471867 0.00423083
v -0.01768721 -0.00486522 0.00423083
v -0.01766270 -0.00482917 0.00423083
v -0.01763514 -0.00479540 0.00423083
v -0.01749180 -0.00759778 0.00423083
v -0.01756366 -0.00756526 0.00423083
v -0.01762951 -0.00752183 0.00423083
v -0.01760475 -0.00476417 0.00423083
v -0.01757174 -0.00473570 0.00423083
v -0.01768769 -0.00746859 0.00423083
v -0.01773676 -0.00740685 0.00423083
v -0.01726472 -0.00755887 0.00624828
v -0.01432072 -0.00479719 0.00633288
v -0.01432143 -0.00482060 0.00641111
v -0.01424069 -0.00482983 0.00641119
v -0.01391123 -0.00522472 0.00648821
v -0.01432146 -0.00482162 0.00641453
v -0.01432260 -0.00485956 0.00649083
v -0.01424834 -0.00486671 0.00648821
v -0.01402173 -0.00524080 0.00661749
v -0.01432411 -0.00490990 0.00655959
v -0.01432595 -0.00497117 0.00661879
v -0.01427103 -0.00497605 0.00661749
v -0.01425432 -0.00525965 0.00672348
v -0.01425090 -0.00527414 0.00672348
v -0.01416886 -0.00526221 0.00670164
v -0.01426020 -0.00524598 0.00672348
v -0.01386987 -0.00513267 0.00632887
v -0.01390365 -0.00505416 0.00632887
v -0.01395054 -0.00498271 0.00632887
v -0.01392475 -0.00506551 0.00641119
v -0.01384153 -0.00521457 0.00625102
v -0.01385024 -0.00521585 0.00632887
v -0.01383706 -0.00525083 0.00624995
v -0.01432042 -0.00478697 0.00624828
v -0.01432071 -0.00479670 0.00632883
v -0.01424522 -0.00479505 0.00625071
v -0.01423582 -0.00480637 0.00632887
v -0.01423412 -0.00479798 0.00625101
v -0.01417208 -0.00481438 0.00625268
v -0.01415397 -0.00483096 0.00632887
v -0.01415105 -0.00482352 0.00625313
v -0.01410269 -0.00484453 0.00625416
v -0.01407764 -0.00486939 0.00632887
v -0.01407359 -0.00486282 0.00625458
v -0.01403863 -0.00488479 0.00625509
v -0.01400913 -0.00492049 0.00632887
v -0.01400397 -0.00491474 0.00625533
v -0.01398136 -0.00493426 0.00625548
v -0.01394408 -0.00497766 0.00625535
v -0.01432807 -0.00504161 0.00666672
v -0.01433040 -0.00511916 0.00670198
v -0.01430123 -0.00512163 0.00670164
v -0.01433286 -0.00520107 0.00672343
v -0.01432803 -0.00504034 0.00666586
v -0.01428539 -0.00504530 0.00666596
v -0.01424428 -0.00505765 0.00666596
v -0.01421811 -0.00499195 0.00661749
v -0.01416875 -0.00501680 0.00661749
v -0.01417559 -0.00523365 0.00670164
v -0.01409171 -0.00525098 0.00666596
v -0.01426837 -0.00523353 0.00672348
v -0.01418719 -0.00520670 0.00670164
v -0.01410157 -0.00520920 0.00666596
v -0.01427858 -0.00522269 0.00672348
v -0.01432406 -0.00490839 0.00655753
v -0.01425855 -0.00491594 0.00655765
v -0.01419538 -0.00493492 0.00655765
v -0.01413647 -0.00496457 0.00655765
v -0.01408360 -0.00500401 0.00655765
v -0.01417678 -0.00488821 0.00648821
v -0.01411004 -0.00492181 0.00648821
v -0.01405014 -0.00496649 0.00648821
v -0.01399892 -0.00502089 0.00648821
v -0.01420329 -0.00518217 0.00670164
v -0.01411854 -0.00516976 0.00666596
v -0.01403442 -0.00518702 0.00661749
v -0.01396097 -0.00523196 0.00655765
v -0.01429051 -0.00521379 0.00672348
v -0.01422341 -0.00516081 0.00670164
v -0.01414209 -0.00513387 0.00666596
v -0.01405626 -0.00513626 0.00661749
v -0.01397612 -0.00516776 0.00655765
v -0.01430381 -0.00520709 0.00672348
v -0.01416284 -0.00485322 0.00641119
v -0.01409023 -0.00488977 0.00641119
v -0.01402508 -0.00493838 0.00641119
v -0.01396935 -0.00499756 0.00641119
v -0.01389262 -0.00514018 0.00641119
v -0.01395792 -0.00508336 0.00648821
v -0.01403838 -0.00505203 0.00655765
v -0.01412446 -0.00504984 0.00661749
v -0.01420593 -0.00507695 0.00666596
v -0.01427313 -0.00513007 0.00670164
v -0.01431807 -0.00520281 0.00672348
v -0.01433288 -0.00520157 0.00672356
v -0.01424692 -0.00514326 0.00670164
v -0.01417152 -0.00510262 0.00666596
v -0.01408658 -0.00509007 0.00661749
v -0.01400219 -0.00510718 0.00655765
v -0.01392839 -0.00515200 0.00648821
v -0.01387395 -0.00521930 0.00641119
v 0.01500000 -0.00000000 0.00239914
v -0.02578057 -0.00121014 0.00000000
v -0.02560795 -0.00076294 0.00000000
v -0.02410813 -0.00261923 0.00000000
v -0.03099366 -0.00018670 0.00000000
v -0.03091955 -0.00066030 0.00000000
v -0.02987057 -0.00222177 0.00000000
v -0.02946014 -0.00246943 0.00000000
v -0.02748706 0.00264205 0.00000000
v -0.02596728 0.00153352 0.00000000
v -0.02626825 0.00190661 0.00000000
v -0.02662943 0.00222177 0.00000000
v -0.02703986 0.00246943 0.00000000
v -0.03076434 -0.00111383 0.00000000
v -0.03053272 -0.00153352 0.00000000
v -0.03023175 -0.00190661 0.00000000
v -0.02758970 -0.00266955 0.00000000
v -0.02806330 -0.00274365 0.00000000
v -0.02854257 -0.00273439 0.00000000
v -0.02901294 -0.00264205 0.00000000
v -0.02713617 -0.00251434 0.00000000
v -0.02843670 0.00274365 0.00000000
v -0.02891030 0.00266955 0.00000000
v -0.02936383 0.00251434 0.00000000
v -0.02978352 0.00228272 0.00000000
v -0.03015661 0.00198175 0.00000000
v -0.03047177 0.00162057 0.00000000
v -0.03071943 0.00121014 0.00000000
v -0.03089205 0.00076294 0.00000000
v -0.03098439 0.00029257 0.00000000
v -0.02424807 0.00030578 0.00000000
v -0.02671648 -0.00228272 0.00000000
v -0.02551561 -0.00029257 0.00000000
v -0.02550635 0.00018670 0.00000000
v -0.02420598 0.00088110 0.00000000
v -0.02558045 0.00066030 0.00000000
v -0.02573566 0.00111383 0.00000000
v -0.02795744 0.00273439 0.00000000
v -0.02161270 -0.01099789 0.00000000
v -0.02278077 -0.00831258 0.00000000
v -0.02361665 -0.00550605 0.00000000
v -0.02634339 -0.00198175 0.00000000
v -0.02602823 -0.00162057 0.00000000
v -0.02012947 -0.01352282 0.00000000
v -0.01835271 -0.01585057 0.00000000
v -0.01630832 -0.01794717 0.00000000
v -0.01402613 -0.01978207 0.00000000
v -0.01153939 -0.02132850 0.00000000
v -0.02403442 0.00322633 0.00000000
v -0.02274246 0.00833586 0.00000000
v -0.02347029 0.00609984 0.00000000
v 0.00162057 0.03047177 -0.00000000
v 0.00198175 0.03015661 -0.00000000
v -0.00222177 0.02987057 -0.00000000
v -0.00261923 0.02410813 -0.00000000
v -0.00121014 0.02578057 -0.00000000
v -0.00076294 0.02560795 -0.00000000
v 0.00228272 0.02978352 0.00000000
v -0.00066030 0.03091955 -0.00000000
v -0.00018670 0.03099366 -0.00000000
v -0.00190661 0.03023175 -0.00000000
v 0.00030578 0.02424807 -0.00000000
v 0.00153352 0.02596728 -0.00000000
v 0.00190661 0.02626825 -0.00000000
v 0.00222177 0.02662943 -0.00000000
v 0.00246943 0.02703986 -0.00000000
v 0.00264205 0.02748706 -0.00000000
v 0.00273439 0.02795744 -0.00000000
v 0.00274365 0.02843670 -0.00000000
v 0.00266955 0.02891030 -0.00000000
v 0.00251434 0.02936383 -0.00000000
v 0.00121014 0.03071943 -0.00000000
v 0.00076294 0.03089205 -0.00000000
v 0.00029257 0.03098439 -0.00000000
v -0.00111383 0.03076434 -0.00000000
v -0.00153352 0.03053272 -0.00000000
v -0.00246943 0.02946014 -0.00000000
v -0.00029257 0.02551561 -0.00000000
v 0.00018670 0.02550635 -0.00000000
v 0.00088110 0.02420598 -0.00000000
v 0.00066030 0.02558045 -0.00000000
v 0.00111383 0.02573566 -0.00000000
v -0.00266955 0.02758970 -0.00000000
v -0.00274365 0.02806330 -0.00000000
v -0.00273439 0.02854257 -0.00000000
v -0.00264205 0.02901294 -0.00000000
v -0.00251434 0.02713617 -0.00000000
v -0.00228272 0.02671648 -0.00000000
v -0.01099789 0.02161270 0.00000000
v -0.00831258 0.02278077 -0.00000000
v -0.00550605 0.02361665 -0.00000000
v -0.00198175 0.02634339 -0.00000000
v -0.00162057 0.02602823 -0.00000000
v -0.01352282 0.02012947 0.00000000
v -0.01585057 0.01835271 0.00000000
v -0.01794717 0.01630832 0.00000000
v -0.01978207 0.01402613 0.00000000
v -0.02132850 0.01153939 0.00000000
v -0.02256391 0.00888439 0.00000000
v -0.00266955 -0.02891030 0.00000000
v -0.00251434 -0.02936383 0.00000000
v 0.00111383 -0.03076434 0.00000000
v 0.00153352 -0.03053272 0.00000000
v -0.00076294 -0.03089205 0.00000000
v 0.00190661 -0.03023175 0.00000000
v -0.00609984 -0.02347029 0.00000000
v -0.00222177 -0.02662943 0.00000000
v -0.00246943 -0.02703986 0.00000000
v -0.00264205 -0.02748706 0.00000000
v -0.00273439 -0.02795744 0.00000000
v -0.00274365 -0.02843670 0.00000000
v -0.00228272 -0.02978352 0.00000000
v -0.00198175 -0.03015661 0.00000000
v -0.00162057 -0.03047177 0.00000000
v -0.00121014 -0.03071943 0.00000000
v 0.00222177 -0.02987057 0.00000000
v 0.00246943 -0.02946014 0.00000000
v -0.00322633 -0.02403442 0.00000000
v -0.00030578 -0.02424807 0.00000000
v -0.00066030 -0.02558045 0.00000000
v -0.00029257 -0.03098439 0.00000000
v 0.00018670 -0.03099366 0.00000000
v 0.00066030 -0.03091955 0.00000000
v -0.00833586 -0.02274246 0.00000000
v -0.00888439 -0.02256391 0.00000000
v -0.00018670 -0.02550635 0.00000000
v -0.00111383 -0.02573566 0.00000000
v -0.00153352 -0.02596728 0.00000000
v -0.00190661 -0.02626825 0.00000000
v 0.03047177 -0.00162057 -0.00000000
v 0.03071943 -0.00121014 -0.00000000
v 0.03089205 -0.00076294 -0.00000000
v 0.02551561 0.00029257 -0.00000000
v 0.02424807 -0.00030578 -0.00000000
v 0.02560795 0.00076294 -0.00000000
v 0.02410813 0.00261923 -0.00000000
v 0.02578057 0.00121014 -0.00000000
v 0.02987057 0.00222177 -0.00000000
v 0.02748706 -0.00264205 -0.00000000
v 0.03015661 -0.00198175 -0.00000000
v 0.03098439 -0.00029257 -0.00000000
v 0.03099366 0.00018670 -0.00000000
v 0.03091955 0.00066030 -0.00000000
v 0.03023175 0.00190661 -0.00000000
v 0.00266955 -0.02758970 0.00000000
v 0.00274365 -0.02806330 0.00000000
v 0.00273439 -0.02854257 0.00000000
v 0.00264205 -0.02901294 0.00000000
v 0.02703986 -0.00246943 -0.00000000
v 0.02795744 -0.00273439 -0.00000000
v 0.02843670 -0.00274365 -0.00000000
v 0.02891030 -0.00266955 -0.00000000
v 0.02936383 -0.00251434 -0.00000000
v 0.02978352 -0.00228272 -0.00000000
v 0.03076434 0.00111383 -0.00000000
v 0.03053272 0.00153352 -0.00000000
v 0.02946014 0.00246943 -0.00000000
v 0.02758970 0.00266955 -0.00000000
v 0.02806330 0.00274365 -0.00000000
v 0.02854257 0.00273439 -0.00000000
v 0.02901294 0.00264205 -0.00000000
v 0.00251434 -0.02713617 0.00000000
v 0.02403442 -0.00322633 -0.00000000
v 0.02596728 -0.00153352 -0.00000000
v 0.02347029 -0.00609984 -0.00000000
v 0.02626825 -0.00190661 -0.00000000
v 0.02256391 -0.00888439 -0.00000000
v 0.02132850 -0.01153939 -0.00000000
v 0.02550635 -0.00018670 -0.00000000
v 0.02558045 -0.00066030 -0.00000000
v 0.02573566 -0.00111383 -0.00000000
v 0.00162057 -0.02602823 0.00000000
v 0.00261923 -0.02410813 0.00000000
v 0.00198175 -0.02634339 0.00000000
v 0.00550605 -0.02361665 0.00000000
v 0.00228272 -0.02671648 -0.00000000
v 0.02713617 0.00251434 -0.00000000
v 0.00322633 0.02403442 -0.00000000
v 0.00121014 -0.02578057 0.00000000
v 0.00076294 -0.02560795 0.00000000
v 0.00029257 -0.02551561 0.00000000
v 0.00609984 0.02347029 -0.00000000
v 0.00888439 0.02256391 -0.00000000
v 0.01153939 0.02132850 -0.00000000
v 0.00831258 -0.02278077 0.00000000
v 0.01978207 -0.01402613 -0.00000000
v 0.02671648 0.00228272 -0.00000000
v 0.02161270 0.01099789 -0.00000000
v 0.02012947 0.01352282 -0.00000000
v 0.01835271 0.01585057 -0.00000000
v 0.01630832 0.01794717 -0.00000000
v 0.01402613 0.01978207 -0.00000000
v 0.01099789 -0.02161270 -0.00000000
v 0.01352282 -0.02012947 -0.00000000
v 0.01585057 -0.01835271 -0.00000000
v 0.01794717 -0.01630832 -0.00000000
v 0.02662943 -0.00222177 -0.00000000
v 0.02278077 0.00831258 -0.00000000
v 0.02361665 0.00550605 -0.00000000
v 0.02634339 0.00198175 -0.00000000
v 0.02602823 0.00162057 -0.00000000
v 0.00597081 -0.00329083 0.00190000
v 0.00604873 -0.00328840 0.00190000
v 0.00604258 -0.00328331 0.00190000
v 0.00601959 -0.00326427 0.00190000
v 0.00599442 -0.00324657 0.00190000
v 0.00581841 -0.00329559 0.00190000
v 0.00597257 -0.00322491 0.00190000
v 0.00517705 -0.00306651 0.00190000
v 0.00505999 -0.00284111 0.00190000
v 0.00503510 -0.00295273 0.00190000
v 0.00502975 -0.00284680 0.00190000
v 0.00500316 -0.00292713 0.00190000
v 0.00499899 -0.00284736 0.00190000
v 0.00496842 -0.00284410 0.00190000
v 0.00493850 -0.00284090 0.00190000
v 0.00493083 -0.00284009 0.00190000
v 0.00595989 -0.00320819 0.00190000
v 0.00595464 -0.00319990 0.00190000
v 0.00563817 -0.00326339 0.00190000
v 0.00594114 -0.00317225 0.00190000
v 0.00558965 -0.00325472 0.00190000
v 0.00538902 -0.00277209 0.00190000
v 0.00532067 -0.00314717 0.00190000
v 0.00549092 -0.00278600 0.00190000
v 0.00537403 -0.00317713 0.00190000
v 0.00558919 -0.00281634 0.00190000
v 0.00547631 -0.00321394 0.00190000
v 0.00568120 -0.00286230 0.00190000
v 0.00528622 -0.00277499 0.00190000
v 0.00518526 -0.00279462 0.00190000
v 0.00508886 -0.00283045 0.00190000
v 0.00589621 -0.00307973 0.00190000
v 0.00583679 -0.00299579 0.00190000
v 0.00576447 -0.00292266 0.00190000
v -0.00087159 -0.01958552 0.00800000
v -0.00075667 -0.01972798 0.00800000
v 0.00087159 -0.01841448 0.00800000
v -0.00061876 -0.01984831 0.00800000
v 0.00061876 -0.01815169 0.00800000
v 0.00046205 -0.01805713 0.00800000
v -0.00096002 -0.01942528 0.00800000
v -0.00042528 -0.01803998 0.00800000
v -0.00058552 -0.01812841 0.00800000
v -0.00072798 -0.01824333 0.00800000
v -0.00046205 -0.01994287 0.00800000
v -0.00029131 -0.02000878 0.00800000
v -0.00011171 -0.02004404 0.00800000
v 0.00075667 -0.01827202 0.00800000
v 0.00029131 -0.01799122 0.00800000
v 0.00011171 -0.01795596 0.00800000
v -0.00007129 -0.01795242 0.00800000
v -0.00084831 -0.01838124 0.00800000
v -0.00094287 -0.01853795 0.00800000
v -0.00100878 -0.01870869 0.00800000
v -0.00104404 -0.01888829 0.00800000
v 0.00007129 -0.02004758 0.00800000
v 0.00025211 -0.02001928 0.00800000
v 0.00042528 -0.01996002 0.00800000
v 0.00058552 -0.01987159 0.00800000
v 0.00072798 -0.01975667 0.00800000
v 0.00084831 -0.01961876 0.00800000
v -0.00025211 -0.01798072 0.00800000
v -0.00104758 -0.01907129 0.00800000
v -0.00101928 -0.01925211 0.00800000
v 0.00094287 -0.01946205 0.00800000
v 0.00101928 -0.01874789 0.00800000
v 0.00096002 -0.01857472 0.00800000
v 0.00100878 -0.01929131 0.00800000
v 0.00104404 -0.01911171 0.00800000
v 0.00104758 -0.01892871 0.00800000
v 0.00075667 -0.01827202 0.01250000
v 0.00087159 -0.01841448 0.01250000
v 0.00096002 -0.01857472 0.01250000
v 0.00101928 -0.01874789 0.01250000
v 0.00104758 -0.01892871 0.01250000
v 0.00104404 -0.01911171 0.01250000
v 0.00100878 -0.01929131 0.01250000
v 0.00094287 -0.01946205 0.01250000
v 0.00084831 -0.01961876 0.01250000
v 0.00072798 -0.01975667 0.01250000
v 0.00058552 -0.01987159 0.01250000
v 0.00042528 -0.01996002 0.01250000
v 0.00025211 -0.02001928 0.01250000
v 0.00007129 -0.02004758 0.01250000
v -0.00011171 -0.02004404 0.01250000
v -0.00029131 -0.02000878 0.01250000
v -0.00046205 -0.01994287 0.01250000
v -0.00061876 -0.01984831 0.01250000
v -0.00075667 -0.01972798 0.01250000
v -0.00087159 -0.01958552 0.01250000
v -0.00096002 -0.01942528 0.01250000
v -0.00101928 -0.01925211 0.01250000
v -0.00104758 -0.01907129 0.01250000
v -0.00104404 -0.01888829 0.01250000
v -0.00100878 -0.01870869 0.01250000
v -0.00094287 -0.01853795 0.01250000
v -0.00084831 -0.01838124 0.01250000
v -0.00072798 -0.01824333 0.01250000
v -0.00058552 -0.01812841 0.01250000
v -0.00042528 -0.01803998 0.01250000
v -0.00025211 -0.01798072 0.01250000
v -0.00007129 -0.01795242 0.01250000
v 0.00011171 -0.01795596 0.01250000
v 0.00029131 -0.01799122 0.01250000
v 0.00046205 -0.01805713 0.01250000
v 0.00061876 -0.01815169 0.01250000
v -0.00048022 -0.01705851 0.01250000
v -0.00081006 -0.01717139 0.01250000
v -0.00111528 -0.01733984 0.01250000
v -0.00138663 -0.01755873 0.01250000
v -0.00161583 -0.01782141 0.01250000
v -0.00179595 -0.01811990 0.01250000
v -0.00192149 -0.01844513 0.01250000
v -0.00198865 -0.01878723 0.01250000
v -0.00199539 -0.01913578 0.01250000
v -0.00194149 -0.01948022 0.01250000
v -0.00182861 -0.01981006 0.01250000
v -0.00166016 -0.02011528 0.01250000
v -0.00144127 -0.02038663 0.01250000
v -0.00117859 -0.02061583 0.01250000
v -0.00088010 -0.02079595 0.01250000
v -0.00055487 -0.02092149 0.01250000
v -0.00021277 -0.02098865 0.01250000
v 0.00013578 -0.02099539 0.01250000
v 0.00048022 -0.02094149 0.01250000
v 0.00081006 -0.02082861 0.01250000
v 0.00111528 -0.02066016 0.01250000
v 0.00138663 -0.02044127 0.01250000
v 0.00161583 -0.02017859 0.01250000
v 0.00179595 -0.01988010 0.01250000
v 0.00192149 -0.01955487 0.01250000
v 0.00198865 -0.01921277 0.01250000
v 0.00199539 -0.01886422 0.01250000
v 0.00194149 -0.01851979 0.01250000
v 0.00182861 -0.01818994 0.01250000
v 0.00166016 -0.01788472 0.01250000
v 0.00144127 -0.01761338 0.01250000
v 0.00117859 -0.01738417 0.01250000
v 0.00088010 -0.01720405 0.01250000
v 0.00055487 -0.01707851 0.01250000
v 0.00021277 -0.01701135 0.01250000
v -0.00013578 -0.01700461 0.01250000
v 0.00277434 0.00960745 -0.03100000
v 0.00440050 0.00897973 -0.03100000
v -0.00693313 0.00720637 -0.03100000
v 0.00914304 0.00405028 -0.03100000
v 0.00557642 -0.00830081 -0.03100000
v 0.00405028 -0.00914304 -0.03100000
v -0.00830081 -0.00557642 -0.03100000
v -0.00720637 -0.00693313 -0.03100000
v -0.00589297 -0.00807917 -0.03100000
v -0.00405028 0.00914304 -0.03100000
v -0.00240108 0.00970746 -0.03100000
v -0.00067892 0.00997693 -0.03100000
v 0.00589297 0.00807917 -0.03100000
v 0.00720637 0.00693313 -0.03100000
v -0.00807917 0.00589297 -0.03100000
v 0.00240108 -0.00970746 -0.03100000
v 0.00067892 -0.00997693 -0.03100000
v -0.00106387 -0.00994325 -0.03100000
v -0.00914304 -0.00405028 -0.03100000
v 0.00830081 0.00557642 -0.03100000
v -0.00970746 -0.00240108 -0.03100000
v -0.00997693 -0.00067892 -0.03100000
v -0.00994325 0.00106387 -0.03100000
v -0.00557642 0.00830081 -0.03100000
v -0.00277434 -0.00960745 -0.03100000
v -0.00440050 -0.00897973 -0.03100000
v -0.00960745 0.00277434 -0.03100000
v -0.00897973 0.00440050 -0.03100000
v 0.00106387 0.00994325 -0.03100000
v 0.00960745 -0.00277434 -0.03100000
v 0.00970746 0.00240108 -0.03100000
v 0.00994325 -0.00106387 -0.03100000
v 0.00997693 0.00067892 -0.03100000
v 0.00897973 -0.00440050 -0.03100000
v 0.00807917 -0.00589297 -0.03100000
v 0.00693313 -0.00720637 -0.03100000
v -0.00830081 -0.00557642 -0.01100000
v -0.00914304 -0.00405028 -0.01100000
v -0.00970746 -0.00240108 -0.01100000
v -0.00997693 -0.00067892 -0.01100000
v -0.00994325 0.00106387 -0.01100000
v -0.00960745 0.00277434 -0.01100000
v -0.00897973 0.00440050 -0.01100000
v -0.00807917 0.00589297 -0.01100000
v -0.00693313 0.00720637 -0.01100000
v -0.00557642 0.00830081 -0.01100000
v -0.00405028 0.00914304 -0.01100000
v -0.00240108 0.00970746 -0.01100000
v -0.00067892 0.00997693 -0.01100000
v 0.00106387 0.00994325 -0.01100000
v 0.00277434 0.00960745 -0.01100000
v 0.00440050 0.00897973 -0.01100000
v 0.00589297 0.00807917 -0.01100000
v 0.00720637 0.00693313 -0.01100000
v 0.00830081 0.00557642 -0.01100000
v 0.00914304 0.00405028 -0.01100000
v 0.00970746 0.00240108 -0.01100000
v 0.00997693 0.00067892 -0.01100000
v 0.00994325 -0.00106387 -0.01100000
v 0.00960745 -0.00277434 -0.01100000
v 0.00897973 -0.00440050 -0.01100000
v 0.00807917 -0.00589297 -0.01100000
v 0.00693313 -0.00720637 -0.01100000
v 0.00557642 -0.00830081 -0.01100000
v 0.00405028 -0.00914304 -0.01100000
v 0.00240108 -0.00970746 -0.01100000
v 0.00067892 -0.00997693 -0.01100000
v -0.00106387 -0.00994325 -0.01100000
v -0.00277434 -0.00960745 -0.01100000
v -0.00440050 -0.00897973 -0.01100000
v -0.00589297 -0.00807917 -0.01100000
v -0.00720637 -0.00693313 -0.01100000
v -0.02278077 -0.00831258 -0.01100000
v -0.02361665 -0.00550605 -0.01100000
v -0.01630832 -0.01794717 -0.01100000
v -0.01835271 -0.01585057 -0.01100000
v -0.02012947 -0.01352282 -0.01100000
v -0.02161270 -0.01099789 -0.01100000
v 0.00831258 -0.02278077 -0.01100000
v 0.00550605 -0.02361665 -0.01100000
v 0.02256391 -0.00888439 -0.01100000
v 0.02132850 -0.01153939 -0.01100000
v -0.00888439 -0.02256391 -0.01100000
v -0.01153939 -0.02132850 -0.01100000
v -0.01402613 -0.01978207 -0.01100000
v 0.01978207 -0.01402613 -0.01100000
v 0.01794717 -0.01630832 -0.01100000
v 0.01585057 -0.01835271 -0.01100000
v 0.01352282 -0.02012947 -0.01100000
v 0.01099789 -0.02161270 -0.01100000
v 0.02278077 0.00831258 -0.01100000
v 0.02361665 0.00550605 -0.01100000
v 0.00261923 -0.02410813 -0.01100000
v -0.00030578 -0.02424807 -0.01100000
v -0.00322633 -0.02403442 -0.01100000
v -0.00609984 -0.02347029 -0.01100000
v 0.02410813 0.00261923 -0.01100000
v 0.02424807 -0.00030578 -0.01100000
v 0.02403442 -0.00322633 -0.01100000
v 0.02347029 -0.00609984 -0.01100000
v -0.02410813 -0.00261923 -0.01100000
v -0.02424807 0.00030578 -0.01100000
v -0.02403442 0.00322633 -0.01100000
v 0.00888439 0.02256391 -0.01100000
v 0.01153939 0.02132850 -0.01100000
v -0.01794717 0.01630832 -0.01100000
v -0.01585057 0.01835271 -0.01100000
v -0.01352282 0.02012947 -0.01100000
v -0.02347029 0.00609984 -0.01100000
v -0.02256391 0.00888439 -0.01100000
v -0.02132850 0.01153939 -0.01100000
v -0.01978207 0.01402613 -0.01100000
v 0.01402613 0.01978207 -0.01100000
v 0.01630832 0.01794717 -0.01100000
v 0.01835271 0.01585057 -0.01100000
v 0.02012947 0.01352282 -0.01100000
v 0.02161270 0.01099789 -0.01100000
v -0.01099789 0.02161270 -0.01100000
v -0.00831258 0.02278077 -0.01100000
v -0.00550605 0.02361665 -0.01100000
v -0.00261923 0.02410813 -0.01100000
v 0.00030578 0.02424807 -0.01100000
v 0.00322633 0.02403442 -0.01100000
v 0.00609984 0.02347029 -0.01100000
v -0.01726981 -0.00516148 0.00672348
v -0.01726210 -0.00514917 0.00672348
v -0.01732834 -0.00509932 0.00670164
v -0.01719384 -0.00520053 0.00673083
v -0.01727849 -0.00518911 0.00672348
v -0.01727922 -0.00519797 0.00672348
v -0.01727533 -0.00517493 0.00672348
v -0.01717987 -0.00473571 0.00641453
v -0.01722836 -0.00473548 0.00641119
v -0.01722557 -0.00477304 0.00648821
v -0.01717914 -0.00471128 0.00633288
v -0.01717912 -0.00471079 0.00632883
v -0.01723013 -0.00471159 0.00632887
v -0.01768392 -0.00518581 0.00632887
v -0.01767973 -0.00513495 0.00632887
v -0.01769331 -0.00518552 0.00624828
v -0.01768717 -0.00513392 0.00624992
v -0.01768303 -0.00509909 0.00625103
v -0.01766158 -0.00505354 0.00632887
v -0.01766862 -0.00505131 0.00625227
v -0.01765790 -0.00501573 0.00625318
v -0.01762990 -0.00497639 0.00632887
v -0.01763638 -0.00497305 0.00625399
v -0.01761869 -0.00493798 0.00625465
v -0.01758560 -0.00490572 0.00632887
v -0.01759137 -0.00490137 0.00625504
v -0.01756660 -0.00486820 0.00625539
v -0.01752996 -0.00484359 0.00632887
v -0.01753490 -0.00483834 0.00625539
v -0.01750320 -0.00480849 0.00625539
v -0.01746460 -0.00479178 0.00632887
v -0.01746859 -0.00478576 0.00625504
v -0.01743041 -0.00476068 0.00625465
v -0.01739140 -0.00475180 0.00632887
v -0.01739435 -0.00474514 0.00625399
v -0.01735044 -0.00472622 0.00625318
v -0.01731248 -0.00472481 0.00632887
v -0.01731429 -0.00471765 0.00625227
v -0.01726573 -0.00470614 0.00625103
v -0.01723071 -0.00470410 0.00624992
v -0.01717883 -0.00470106 0.00624828
v -0.01721730 -0.00488440 0.00661749
v -0.01718253 -0.00482399 0.00655959
v -0.01722185 -0.00482318 0.00655765
v -0.01718101 -0.00477365 0.00649083
v -0.01718097 -0.00477229 0.00648809
v -0.01720630 -0.00503267 0.00670164
v -0.01718649 -0.00495570 0.00666672
v -0.01721207 -0.00495493 0.00666596
v -0.01718437 -0.00488526 0.00661879
v -0.01718432 -0.00488380 0.00661737
v -0.01720016 -0.00511535 0.00672348
v -0.01718882 -0.00503325 0.00670198
v -0.01718879 -0.00503232 0.00670156
v -0.01719129 -0.00511566 0.00672356
v -0.01719128 -0.00511517 0.00672343
v -0.01736209 -0.00519548 0.00670164
v -0.01736066 -0.00517802 0.00670164
v -0.01735443 -0.00515007 0.00670164
v -0.01734355 -0.00512358 0.00670164
v -0.01736268 -0.00502123 0.00666596
v -0.01730924 -0.00507799 0.00670164
v -0.01725240 -0.00513835 0.00672348
v -0.01744002 -0.00519314 0.00666596
v -0.01743791 -0.00516759 0.00666596
v -0.01742880 -0.00512670 0.00666596
v -0.01741288 -0.00508794 0.00666596
v -0.01739063 -0.00505244 0.00666596
v -0.01736890 -0.00493625 0.00661749
v -0.01732985 -0.00499521 0.00666596
v -0.01728680 -0.00506020 0.00670164
v -0.01724101 -0.00512932 0.00672348
v -0.01751070 -0.00519101 0.00661749
v -0.01750799 -0.00515813 0.00661749
v -0.01749626 -0.00510550 0.00661749
v -0.01747578 -0.00505561 0.00661749
v -0.01744713 -0.00500992 0.00661749
v -0.01741116 -0.00496975 0.00661749
v -0.01734631 -0.00485421 0.00655765
v -0.01732157 -0.00491041 0.00661749
v -0.01729308 -0.00497513 0.00666596
v -0.01726167 -0.00504648 0.00670164
v -0.01722826 -0.00512236 0.00672348
v -0.01757207 -0.00518917 0.00655765
v -0.01756884 -0.00514992 0.00655765
v -0.01755483 -0.00508709 0.00655765
v -0.01753038 -0.00502754 0.00655765
v -0.01749619 -0.00497301 0.00655765
v -0.01745325 -0.00492505 0.00655765
v -0.01740280 -0.00488507 0.00655765
v -0.01729757 -0.00478461 0.00648821
v -0.01728540 -0.00483338 0.00655765
v -0.01727055 -0.00489296 0.00661749
v -0.01725344 -0.00496157 0.00666596
v -0.01723457 -0.00503721 0.00670164
v -0.01721451 -0.00511765 0.00672348
v -0.01762232 -0.00518766 0.00648821
v -0.01761866 -0.00514319 0.00648821
v -0.01760279 -0.00507202 0.00648821
v -0.01757509 -0.00500456 0.00648821
v -0.01753636 -0.00494278 0.00648821
v -0.01748771 -0.00488845 0.00648821
v -0.01743057 -0.00484316 0.00648821
v -0.01736657 -0.00480820 0.00648821
v -0.01765997 -0.00518653 0.00641119
v -0.01765599 -0.00513816 0.00641119
v -0.01763873 -0.00506073 0.00641119
v -0.01760859 -0.00498734 0.00641119
v -0.01756646 -0.00492013 0.00641119
v -0.01751354 -0.00486103 0.00641119
v -0.01745137 -0.00481175 0.00641119
v -0.01738174 -0.00477373 0.00641119
v -0.01730668 -0.00474806 0.00641119
v -0.01774918 -0.00704439 0.00624828
v -0.01773978 -0.00704467 0.00632887
v -0.01771584 -0.00704539 0.00641119
v -0.01767818 -0.00704652 0.00648821
v -0.01762794 -0.00704803 0.00655765
v -0.01756657 -0.00704988 0.00661749
v -0.01749588 -0.00705200 0.00666596
v -0.01741796 -0.00705434 0.00670164
v -0.01733509 -0.00705684 0.00672348
v -0.01724971 -0.00705940 0.00673083
v -0.02126605 -0.00520806 0.00503083
v -0.02131412 -0.00680734 0.00503083
v -0.01773971 -0.00531404 0.00503083
v -0.01778778 -0.00691332 0.00503083
v -0.01671421 -0.00521495 0.00673083
v -0.01677007 -0.00707382 0.00673083
v -0.01729260 -0.00713327 0.00672348
v -0.01730418 -0.00712520 0.00672348
v -0.01735704 -0.00718907 0.00670164
v -0.01726630 -0.00714320 0.00672348
v -0.01725228 -0.00714478 0.00672348
v -0.01727986 -0.00713932 0.00672348
v -0.01726444 -0.00754947 0.00632887
v -0.01734307 -0.00755020 0.00625080
v -0.01734490 -0.00754037 0.00632887
v -0.01734664 -0.00754922 0.00625089
v -0.01742277 -0.00751814 0.00632887
v -0.01741910 -0.00752932 0.00625283
v -0.01749091 -0.00749675 0.00625430
v -0.01749591 -0.00748340 0.00632887
v -0.01750010 -0.00749068 0.00625443
v -0.01756234 -0.00743709 0.00632887
v -0.01755672 -0.00745329 0.00625520
v -0.01761489 -0.00740004 0.00625549
v -0.01762024 -0.00738048 0.00632887
v -0.01762625 -0.00738575 0.00625541
v -0.01766804 -0.00731512 0.00632887
v -0.01766398 -0.00733831 0.00625516
v -0.01770276 -0.00726964 0.00625423
v -0.01770442 -0.00724277 0.00632887
v -0.01771166 -0.00724573 0.00625374
v -0.01773027 -0.00719574 0.00625272
v -0.01772840 -0.00716543 0.00632887
v -0.01773602 -0.00716715 0.00625196
v -0.01774582 -0.00711845 0.00625066
v -0.01773933 -0.00708519 0.00632887
v -0.01774731 -0.00708562 0.00624960
v -0.01733501 -0.00706390 0.00672348
v -0.01741780 -0.00706826 0.00670164
v -0.01749565 -0.00707236 0.00666596
v -0.01756627 -0.00707608 0.00661749
v -0.01762758 -0.00707931 0.00655765
v -0.01767779 -0.00708195 0.00648821
v -0.01771540 -0.00708393 0.00641119
v -0.01725477 -0.00722765 0.00670164
v -0.01728239 -0.00722452 0.00670164
v -0.01730912 -0.00721689 0.00670164
v -0.01733424 -0.00720497 0.00670164
v -0.01743584 -0.00722069 0.00666596
v -0.01737692 -0.00716963 0.00670164
v -0.01731426 -0.00711534 0.00672348
v -0.01725711 -0.00730557 0.00666596
v -0.01729753 -0.00730100 0.00666596
v -0.01733664 -0.00728983 0.00666596
v -0.01737338 -0.00727238 0.00666596
v -0.01740675 -0.00724912 0.00666596
v -0.01752018 -0.00722473 0.00661749
v -0.01745985 -0.00718785 0.00666596
v -0.01739333 -0.00714719 0.00670164
v -0.01732259 -0.00710395 0.00672348
v -0.01725923 -0.00737626 0.00661749
v -0.01731126 -0.00737037 0.00661749
v -0.01736160 -0.00735600 0.00661749
v -0.01740889 -0.00733354 0.00661749
v -0.01745184 -0.00730360 0.00661749
v -0.01748928 -0.00726700 0.00661749
v -0.01760065 -0.00720092 0.00655765
v -0.01754371 -0.00717796 0.00661749
v -0.01747812 -0.00715151 0.00666596
v -0.01740582 -0.00712236 0.00670164
v -0.01732893 -0.00709135 0.00672348
v -0.01726108 -0.00743763 0.00655765
v -0.01732318 -0.00743060 0.00655765
v -0.01738327 -0.00741344 0.00655765
v -0.01743972 -0.00738663 0.00655765
v -0.01749099 -0.00735089 0.00655765
v -0.01753568 -0.00730720 0.00655765
v -0.01757257 -0.00725676 0.00655765
v -0.01766824 -0.00715210 0.00648821
v -0.01761915 -0.00714123 0.00655765
v -0.01755921 -0.00712795 0.00661749
v -0.01749017 -0.00711266 0.00666596
v -0.01741405 -0.00709580 0.00670164
v -0.01733311 -0.00707787 0.00672348
v -0.01726259 -0.00748788 0.00648821
v -0.01733294 -0.00747991 0.00648821
v -0.01740102 -0.00746048 0.00648821
v -0.01746497 -0.00743011 0.00648821
v -0.01752305 -0.00738962 0.00648821
v -0.01757367 -0.00734013 0.00648821
v -0.01761546 -0.00728297 0.00648821
v -0.01764727 -0.00721973 0.00648821
v -0.01726372 -0.00752553 0.00641119
v -0.01734025 -0.00751686 0.00641119
v -0.01741431 -0.00749572 0.00641119
v -0.01748388 -0.00746268 0.00641119
v -0.01754707 -0.00741864 0.00641119
v -0.01760214 -0.00736479 0.00641119
v -0.01764760 -0.00730262 0.00641119
v -0.01768220 -0.00723381 0.00641119
v -0.01770501 -0.00716025 0.00641119
v -0.01546567 -0.00528234 0.00723042
v -0.01616836 -0.00536127 0.00723042
v -0.01551974 -0.00708153 0.00723042
v -0.01621642 -0.00696055 0.00723042
v -0.01611947 -0.00706350 0.00723042
v -0.01541678 -0.00698458 0.00723042
v -0.01536872 -0.00538530 0.00723042
v -0.01536948 -0.00536963 0.00723042
v -0.01550407 -0.00708077 0.00723042
v -0.01542260 -0.00701532 0.00723042
v -0.01541848 -0.00700018 0.00723042
v -0.01540749 -0.00530320 0.00723042
v -0.01542062 -0.00529460 0.00723042
v -0.01548871 -0.00707756 0.00723042
v -0.01547404 -0.00707200 0.00723042
v -0.01546042 -0.00706421 0.00723042
v -0.01543493 -0.00528816 0.00723042
v -0.01545007 -0.00528404 0.00723042
v -0.01606540 -0.00526432 0.00723042
v -0.01608107 -0.00526508 0.00723042
v -0.01616666 -0.00534567 0.00723042
v -0.01609643 -0.00526828 0.00723042
v -0.01615610 -0.00531622 0.00723042
v -0.01612472 -0.00528164 0.00723042
v -0.01614750 -0.00530309 0.00723042
v -0.01613696 -0.00529147 0.00723042
v -0.01611110 -0.00527385 0.00723042
v -0.01616254 -0.00533053 0.00723042
v -0.01613507 -0.00706180 0.00723042
v -0.01621566 -0.00697622 0.00723042
v -0.01621246 -0.00699158 0.00723042
v -0.01544818 -0.00705438 0.00723042
v -0.01543764 -0.00704276 0.00723042
v -0.01542904 -0.00702963 0.00723042
v -0.01537268 -0.00535427 0.00723042
v -0.01537825 -0.00533959 0.00723042
v -0.01538604 -0.00532597 0.00723042
v -0.01620689 -0.00700625 0.00723042
v -0.01619910 -0.00701987 0.00723042
v -0.01618927 -0.00703210 0.00723042
v -0.01539587 -0.00531374 0.00723042
v -0.01617765 -0.00704265 0.00723042
v -0.01616452 -0.00705125 0.00723042
v -0.01615021 -0.00705768 0.00723042
v -0.02216565 -0.00518102 0.00413083
v -0.02221371 -0.00678030 0.00413083
v -0.02215642 -0.00518130 0.00424818
v -0.02220750 -0.00678049 0.00420984
v -0.02215457 -0.00518135 0.00427162
v -0.02220264 -0.00678063 0.00427162
v -0.02219194 -0.00678095 0.00431618
v -0.02213260 -0.00518201 0.00436319
v -0.02216968 -0.00678162 0.00440894
v -0.02212162 -0.00518234 0.00440894
v -0.02209461 -0.00518316 0.00447418
v -0.02211566 -0.00678325 0.00453942
v -0.02206760 -0.00518397 0.00453942
v -0.02204302 -0.00518471 0.00457954
v -0.02206768 -0.00678469 0.00461775
v -0.02199384 -0.00518618 0.00465983
v -0.02204191 -0.00678546 0.00465983
v -0.02197858 -0.00518664 0.00467771
v -0.02200182 -0.00678667 0.00470679
v -0.02190216 -0.00518894 0.00476722
v -0.02195023 -0.00678822 0.00476722
v -0.02193010 -0.00678882 0.00478442
v -0.02181269 -0.00519163 0.00484367
v -0.02184289 -0.00679144 0.00485894
v -0.02141939 -0.00680417 0.00502254
v -0.02138335 -0.00520453 0.00502159
v -0.02145485 -0.00680311 0.00501975
v -0.02140678 -0.00520383 0.00501975
v -0.02153358 -0.00680074 0.00500083
v -0.02149831 -0.00520108 0.00499776
v -0.02159211 -0.00679898 0.00498678
v -0.02154404 -0.00519970 0.00498678
v -0.02164348 -0.00679744 0.00496549
v -0.02160925 -0.00519774 0.00495975
v -0.02172253 -0.00679506 0.00493273
v -0.02167446 -0.00519578 0.00493273
v -0.02174742 -0.00679431 0.00491747
v -0.02171456 -0.00519458 0.00490815
v -0.02179482 -0.00519217 0.00485894
v -0.02207836 -0.00508483 0.00413083
v -0.02208717 -0.00508667 0.00413083
v -0.02208018 -0.00508658 0.00423844
v -0.02210839 -0.00509360 0.00413083
v -0.02211121 -0.00509521 0.00413083
v -0.02210406 -0.00509525 0.00424155
v -0.02213425 -0.00511122 0.00413083
v -0.02214479 -0.00512284 0.00413083
v -0.02213291 -0.00511778 0.00424526
v -0.02126362 -0.00512719 0.00498960
v -0.02126338 -0.00511900 0.00497622
v -0.02137410 -0.00511719 0.00497184
v -0.02126469 -0.00516268 0.00501993
v -0.02126429 -0.00514931 0.00501173
v -0.02137976 -0.00515037 0.00500727
v -0.02126508 -0.00517581 0.00502537
v -0.02138180 -0.00517226 0.00501781
v -0.02126512 -0.00517717 0.00502593
v -0.02132341 -0.00518567 0.00502679
v -0.02126544 -0.00518747 0.00502841
v -0.02132388 -0.00519751 0.00502856
v -0.02126558 -0.00519242 0.00502959
v -0.02126309 -0.00510933 0.00494647
v -0.02126308 -0.00510902 0.00494253
v -0.02136897 -0.00510561 0.00493560
v -0.02126305 -0.00510810 0.00493083
v -0.02138316 -0.00519573 0.00502274
v -0.02138257 -0.00518389 0.00502099
v -0.02144064 -0.00519400 0.00501327
v -0.02143994 -0.00518216 0.00501153
v -0.02149653 -0.00516881 0.00499498
v -0.02134478 -0.00510565 0.00492668
v -0.02136716 -0.00510497 0.00492254
v -0.02147307 -0.00510248 0.00491489
v -0.02147228 -0.00510181 0.00490309
v -0.02157356 -0.00509946 0.00488076
v -0.02149852 -0.00519226 0.00499978
v -0.02149771 -0.00518043 0.00499808
v -0.02155440 -0.00519058 0.00498284
v -0.02155348 -0.00517875 0.00498116
v -0.02160729 -0.00516548 0.00495736
v -0.02160990 -0.00518892 0.00496196
v -0.02160887 -0.00517709 0.00496032
v -0.02166321 -0.00518731 0.00493780
v -0.02166208 -0.00517549 0.00493622
v -0.02171220 -0.00516233 0.00490561
v -0.02156857 -0.00509892 0.00486856
v -0.02159020 -0.00509827 0.00486080
v -0.02166875 -0.00509660 0.00483380
v -0.02171539 -0.00518575 0.00490991
v -0.02171415 -0.00517392 0.00490838
v -0.02176520 -0.00518425 0.00487893
v -0.02176386 -0.00517243 0.00487746
v -0.02181319 -0.00518281 0.00484454
v -0.02181176 -0.00517099 0.00484313
v -0.02185863 -0.00518144 0.00480723
v -0.02185711 -0.00516963 0.00480590
v -0.02180946 -0.00515941 0.00484059
v -0.02189740 -0.00515677 0.00476343
v -0.02166170 -0.00509612 0.00482152
v -0.02170507 -0.00509482 0.00479770
v -0.02175699 -0.00509395 0.00477481
v -0.02174823 -0.00509352 0.00476348
v -0.02183678 -0.00509155 0.00470480
v -0.02190162 -0.00518015 0.00476695
v -0.02190002 -0.00516834 0.00476570
v -0.02194189 -0.00517894 0.00472393
v -0.02194020 -0.00516713 0.00472277
v -0.02197453 -0.00515445 0.00467545
v -0.02180976 -0.00509167 0.00471469
v -0.02182720 -0.00509115 0.00469535
v -0.02190676 -0.00508945 0.00462497
v -0.02190022 -0.00508895 0.00461437
v -0.02196572 -0.00508767 0.00453669
v -0.02197918 -0.00517782 0.00467847
v -0.02197742 -0.00516601 0.00467740
v -0.02201356 -0.00517678 0.00463047
v -0.02201173 -0.00516498 0.00462948
v -0.02203951 -0.00515249 0.00457815
v -0.02204452 -0.00517585 0.00458063
v -0.02204264 -0.00516405 0.00457975
v -0.02207240 -0.00517502 0.00452843
v -0.02207046 -0.00516321 0.00452765
v -0.02209125 -0.00515094 0.00447319
v -0.02195378 -0.00508734 0.00452970
v -0.02197276 -0.00508677 0.00449970
v -0.02201266 -0.00508626 0.00444146
v -0.02213436 -0.00517315 0.00436366
v -0.02209655 -0.00517429 0.00447509
v -0.02209456 -0.00516249 0.00447442
v -0.02211742 -0.00517366 0.00441957
v -0.02211539 -0.00516186 0.00441900
v -0.02212885 -0.00514981 0.00436238
v -0.02200002 -0.00508595 0.00443620
v -0.02201832 -0.00508540 0.00439355
v -0.02204678 -0.00508524 0.00434091
v -0.02214783 -0.00517275 0.00430576
v -0.02213229 -0.00516136 0.00436320
v -0.02214574 -0.00516095 0.00430541
v -0.02215167 -0.00514912 0.00424760
v -0.02215730 -0.00517246 0.00424825
v -0.02216312 -0.00517229 0.00418894
v -0.02216395 -0.00516542 0.00413083
v -0.02215519 -0.00516067 0.00424802
v -0.02216100 -0.00516049 0.00418882
v -0.02216261 -0.00516051 0.00413083
v -0.02215922 -0.00514894 0.00413083
v -0.02215983 -0.00515028 0.00413083
v -0.02126475 -0.00516457 0.00502071
v -0.02138086 -0.00516103 0.00501323
v -0.02149499 -0.00515760 0.00499051
v -0.02160518 -0.00515429 0.00495309
v -0.02170955 -0.00515115 0.00490160
v -0.02180631 -0.00514824 0.00483692
v -0.02189380 -0.00514561 0.00476016
v -0.02197052 -0.00514331 0.00467263
v -0.02203517 -0.00514136 0.00457583
v -0.02208664 -0.00513982 0.00447142
v -0.02212404 -0.00513869 0.00436118
v -0.02214675 -0.00513801 0.00424700
v -0.02215339 -0.00513597 0.00413083
v -0.02149312 -0.00514696 0.00498471
v -0.02160257 -0.00514367 0.00494754
v -0.02170623 -0.00514056 0.00489640
v -0.02180233 -0.00513767 0.00483216
v -0.02188923 -0.00513506 0.00475591
v -0.02196544 -0.00513276 0.00466897
v -0.02202965 -0.00513083 0.00457283
v -0.02208077 -0.00512930 0.00446912
v -0.02211792 -0.00512818 0.00435962
v -0.02214047 -0.00512750 0.00424621
v -0.02214780 -0.00512743 0.00413083
v -0.02126413 -0.00514409 0.00500727
v -0.02137850 -0.00514046 0.00500000
v -0.02149092 -0.00513708 0.00497763
v -0.02159946 -0.00513382 0.00494077
v -0.02170227 -0.00513073 0.00489005
v -0.02179757 -0.00512786 0.00482634
v -0.02188375 -0.00512527 0.00475073
v -0.02195933 -0.00512300 0.00466451
v -0.02202301 -0.00512109 0.00456916
v -0.02207370 -0.00511956 0.00446632
v -0.02211055 -0.00511846 0.00435773
v -0.02213195 -0.00510938 0.00413083
v -0.02212464 -0.00510946 0.00424420
v -0.02210249 -0.00511012 0.00435564
v -0.02206598 -0.00511122 0.00446322
v -0.02201575 -0.00511273 0.00456512
v -0.02195266 -0.00511463 0.00465959
v -0.02187778 -0.00511688 0.00474502
v -0.02179240 -0.00511944 0.00481993
v -0.02169797 -0.00512228 0.00488305
v -0.02159612 -0.00512534 0.00493330
v -0.02148858 -0.00512857 0.00496983
v -0.02137719 -0.00513192 0.00499199
v -0.02126393 -0.00513738 0.00500154
v -0.02126363 -0.00512732 0.00498976
v -0.02137569 -0.00512394 0.00498242
v -0.02148584 -0.00512063 0.00496050
v -0.02159218 -0.00511744 0.00492439
v -0.02169291 -0.00511441 0.00487469
v -0.02178628 -0.00511160 0.00481227
v -0.02187072 -0.00510907 0.00473819
v -0.02194477 -0.00510684 0.00465372
v -0.02200716 -0.00510497 0.00456030
v -0.02205683 -0.00510347 0.00445953
v -0.02209293 -0.00510239 0.00435314
v -0.02211484 -0.00510173 0.00424294
v -0.02212201 -0.00510139 0.00413083
v -0.02148287 -0.00511392 0.00495019
v -0.02158790 -0.00511077 0.00491453
v -0.02168737 -0.00510778 0.00486545
v -0.02177959 -0.00510501 0.00480380
v -0.02186297 -0.00510250 0.00473064
v -0.02193610 -0.00510030 0.00464722
v -0.02199772 -0.00509845 0.00455496
v -0.02204677 -0.00509698 0.00445545
v -0.02208242 -0.00509591 0.00435037
v -0.02209372 -0.00508803 0.00413083
v -0.02209245 -0.00509017 0.00424004
v -0.02207111 -0.00509081 0.00434739
v -0.02203594 -0.00509186 0.00445103
v -0.02198756 -0.00509332 0.00454919
v -0.02192678 -0.00509515 0.00464019
v -0.02185465 -0.00509731 0.00472248
v -0.02177240 -0.00509979 0.00479464
v -0.02168143 -0.00510252 0.00485545
v -0.02158331 -0.00510547 0.00490386
v -0.02147972 -0.00510858 0.00493904
v -0.02137242 -0.00511181 0.00496039
v -0.02126327 -0.00511536 0.00496744
v -0.02126320 -0.00511299 0.00496173
v -0.02137071 -0.00510791 0.00494824
v -0.02147643 -0.00510473 0.00492720
v -0.02157851 -0.00510166 0.00489253
v -0.02167519 -0.00509876 0.00484483
v -0.02176482 -0.00509606 0.00478492
v -0.02184586 -0.00509363 0.00471381
v -0.02191694 -0.00509149 0.00463273
v -0.02197683 -0.00508969 0.00454306
v -0.02202450 -0.00508826 0.00444634
v -0.02205916 -0.00508722 0.00434421
v -0.02207441 -0.00508464 0.00413083
v -0.02206748 -0.00508462 0.00423678
v -0.02203280 -0.00508497 0.00433720
v -0.02205146 -0.00508441 0.00426459
v -0.02205394 -0.00508433 0.00423509
v -0.02206269 -0.00508407 0.00413083
v -0.01773861 -0.00525527 0.00501173
v -0.01773969 -0.00521523 0.00494647
v -0.01774020 -0.00521398 0.00493083
v -0.01773894 -0.00522492 0.00497622
v -0.01773926 -0.00521891 0.00496173
v -0.01773872 -0.00523313 0.00498960
v -0.01773861 -0.00524333 0.00500154
v -0.01773895 -0.00528315 0.00502593
v -0.01773873 -0.00526865 0.00501993
v -0.01773928 -0.00529840 0.00502959
v -0.02138333 -0.00514573 0.00413083
v -0.02138263 -0.00514558 0.00414480
v -0.02137620 -0.00515645 0.00414400
v -0.02139316 -0.00513350 0.00413083
v -0.02140478 -0.00512295 0.00413083
v -0.02139856 -0.00512736 0.00414674
v -0.02143222 -0.00510792 0.00413083
v -0.02144736 -0.00510380 0.00413083
v -0.02144114 -0.00510491 0.00415185
v -0.02132541 -0.00519455 0.00421188
v -0.02132030 -0.00519470 0.00421541
v -0.02132010 -0.00520643 0.00421458
v -0.02128704 -0.00517069 0.00423551
v -0.02127437 -0.00517107 0.00423740
v -0.02127439 -0.00518333 0.00423347
v -0.02126558 -0.00519242 0.00423206
v -0.02126570 -0.00519636 0.00423175
v -0.02127456 -0.00519608 0.00423112
v -0.02126495 -0.00517146 0.00423809
v -0.02126512 -0.00517717 0.00423572
v -0.02126429 -0.00514931 0.00424992
v -0.02126469 -0.00516268 0.00424172
v -0.02127450 -0.00515951 0.00424281
v -0.02126338 -0.00511900 0.00428543
v -0.02126362 -0.00512719 0.00427205
v -0.02127635 -0.00512370 0.00427601
v -0.02126309 -0.00510933 0.00431518
v -0.02126312 -0.00511052 0.00431023
v -0.02127890 -0.00510978 0.00430947
v -0.02127482 -0.00520779 0.00423006
v -0.02128649 -0.00519572 0.00422934
v -0.02126305 -0.00510810 0.00433083
v -0.02126307 -0.00510879 0.00432205
v -0.02128059 -0.00510758 0.00432935
v -0.02127988 -0.00510799 0.00432128
v -0.02129698 -0.00510708 0.00432796
v -0.02130254 -0.00510730 0.00431790
v -0.02132680 -0.00510619 0.00432061
v -0.02132480 -0.00510664 0.00431177
v -0.02132768 -0.00510616 0.00432023
v -0.02128660 -0.00518296 0.00423164
v -0.02129259 -0.00518278 0.00423019
v -0.02129949 -0.00517031 0.00423208
v -0.02129859 -0.00518260 0.00422834
v -0.02130442 -0.00518243 0.00422615
v -0.02131153 -0.00516995 0.00422713
v -0.02128341 -0.00520754 0.00422931
v -0.02128664 -0.00520744 0.00422844
v -0.02129235 -0.00519554 0.00422792
v -0.02129830 -0.00520709 0.00422531
v -0.02129821 -0.00519537 0.00422612
v -0.02130024 -0.00520703 0.00422479
v -0.02130391 -0.00519519 0.00422398
v -0.02130944 -0.00520675 0.00422050
v -0.02131018 -0.00518225 0.00422358
v -0.02131576 -0.00518209 0.00422066
v -0.02132296 -0.00516961 0.00422070
v -0.02131603 -0.00520656 0.00421743
v -0.02131499 -0.00519486 0.00421861
v -0.02130954 -0.00519503 0.00422146
v -0.02132119 -0.00518192 0.00421739
v -0.02132642 -0.00518177 0.00421378
v -0.02133360 -0.00516929 0.00421286
v -0.02133143 -0.00518162 0.00420983
v -0.02134276 -0.00516901 0.00420421
v -0.02135631 -0.00510530 0.00430794
v -0.02134631 -0.00510599 0.00430293
v -0.02137120 -0.00510485 0.00429837
v -0.02136674 -0.00510538 0.00429144
v -0.02138322 -0.00510449 0.00429063
v -0.02138574 -0.00510480 0.00427743
v -0.02140854 -0.00510373 0.00426804
v -0.02140212 -0.00510431 0.00426198
v -0.02140881 -0.00510372 0.00426780
v -0.02128782 -0.00515911 0.00424082
v -0.02130090 -0.00515872 0.00423722
v -0.02131355 -0.00515834 0.00423202
v -0.02132556 -0.00515798 0.00422527
v -0.02133674 -0.00515764 0.00421703
v -0.02134637 -0.00515735 0.00420794
v -0.02135538 -0.00515708 0.00419709
v -0.02135134 -0.00516875 0.00419389
v -0.02134722 -0.00516888 0.00419918
v -0.02134455 -0.00518122 0.00419666
v -0.02134026 -0.00518135 0.00420151
v -0.02133893 -0.00519414 0.00419989
v -0.02133031 -0.00519440 0.00420803
v -0.02133030 -0.00520613 0.00420743
v -0.02133021 -0.00520613 0.00420749
v -0.02136302 -0.00515685 0.00418509
v -0.02135861 -0.00516854 0.00418247
v -0.02135517 -0.00516864 0.00418827
v -0.02135220 -0.00518099 0.00418615
v -0.02134852 -0.00518110 0.00419156
v -0.02134700 -0.00519390 0.00419018
v -0.02134313 -0.00519402 0.00419515
v -0.02134262 -0.00520576 0.00419510
v -0.02133855 -0.00520588 0.00419918
v -0.02136912 -0.00515667 0.00417211
v -0.02142977 -0.00510309 0.00424210
v -0.02141744 -0.00510385 0.00424352
v -0.02143808 -0.00510284 0.00422734
v -0.02143043 -0.00510346 0.00422312
v -0.02144559 -0.00510262 0.00421399
v -0.02144082 -0.00510315 0.00420104
v -0.02145593 -0.00510231 0.00418496
v -0.02144836 -0.00510292 0.00417760
v -0.02145688 -0.00510228 0.00417976
v -0.02126428 -0.00514915 0.00425006
v -0.02127477 -0.00514883 0.00424958
v -0.02128890 -0.00514840 0.00424747
v -0.02130278 -0.00514798 0.00424365
v -0.02131619 -0.00514758 0.00423814
v -0.02132893 -0.00514720 0.00423098
v -0.02134078 -0.00514684 0.00422224
v -0.02135099 -0.00514654 0.00421260
v -0.02136055 -0.00514625 0.00420110
v -0.02136865 -0.00514600 0.00418837
v -0.02137512 -0.00514581 0.00417461
v -0.02137983 -0.00514567 0.00415999
v -0.02137356 -0.00515653 0.00415833
v -0.02136337 -0.00518066 0.00416237
v -0.02136676 -0.00516829 0.00416358
v -0.02136111 -0.00518072 0.00416867
v -0.02136442 -0.00516836 0.00417012
v -0.02135852 -0.00518080 0.00417467
v -0.02136173 -0.00516844 0.00417635
v -0.02135552 -0.00518089 0.00418056
v -0.02136151 -0.00519346 0.00416165
v -0.02135931 -0.00519353 0.00416780
v -0.02135678 -0.00519361 0.00417367
v -0.02135384 -0.00519369 0.00417943
v -0.02135061 -0.00519379 0.00418489
v -0.02136261 -0.00520516 0.00415520
v -0.02135998 -0.00520523 0.00416503
v -0.02135884 -0.00520527 0.00416747
v -0.02135345 -0.00520543 0.00417903
v -0.02135262 -0.00520546 0.00418083
v -0.02134650 -0.00520564 0.00418956
v -0.02136864 -0.00516823 0.00415700
v -0.02136760 -0.00518053 0.00414290
v -0.02137115 -0.00516816 0.00414337
v -0.02136662 -0.00518056 0.00414944
v -0.02137013 -0.00516819 0.00415016
v -0.02136518 -0.00518060 0.00415604
v -0.02146155 -0.00510214 0.00415426
v -0.02145286 -0.00510279 0.00415323
v -0.02146170 -0.00510213 0.00415346
v -0.02145420 -0.00510305 0.00413083
v -0.02146296 -0.00510209 0.00413083
v -0.02130015 -0.00510915 0.00430630
v -0.02132102 -0.00510852 0.00430055
v -0.02134120 -0.00510791 0.00429226
v -0.02136036 -0.00510734 0.00428148
v -0.02137819 -0.00510680 0.00426834
v -0.02139355 -0.00510634 0.00425385
v -0.02140792 -0.00510591 0.00423654
v -0.02142011 -0.00510554 0.00421740
v -0.02142985 -0.00510525 0.00419669
v -0.02143693 -0.00510504 0.00417470
v -0.02143087 -0.00510852 0.00413083
v -0.02142968 -0.00510846 0.00415048
v -0.02142574 -0.00510858 0.00417186
v -0.02141912 -0.00510878 0.00419241
v -0.02141001 -0.00510905 0.00421178
v -0.02139862 -0.00510939 0.00422967
v -0.02138518 -0.00510980 0.00424586
v -0.02137081 -0.00511023 0.00425941
v -0.02135414 -0.00511073 0.00427170
v -0.02133623 -0.00511127 0.00428178
v -0.02131736 -0.00511183 0.00428953
v -0.02129784 -0.00511242 0.00429491
v -0.02127797 -0.00511302 0.00429787
v -0.02126320 -0.00511299 0.00429992
v -0.02126335 -0.00511821 0.00428732
v -0.02127711 -0.00511767 0.00428666
v -0.02129565 -0.00511711 0.00428389
v -0.02131386 -0.00511657 0.00427888
v -0.02133146 -0.00511604 0.00427164
v -0.02134818 -0.00511553 0.00426225
v -0.02136373 -0.00511507 0.00425078
v -0.02137713 -0.00511466 0.00423814
v -0.02138967 -0.00511429 0.00422304
v -0.02140030 -0.00511397 0.00420634
v -0.02140879 -0.00511371 0.00418828
v -0.02141497 -0.00511353 0.00416910
v -0.02141864 -0.00511342 0.00414916
v -0.02141791 -0.00511435 0.00413083
v -0.02129363 -0.00512318 0.00427343
v -0.02131059 -0.00512268 0.00426876
v -0.02132699 -0.00512218 0.00426202
v -0.02134256 -0.00512171 0.00425327
v -0.02135705 -0.00512128 0.00424258
v -0.02136954 -0.00512090 0.00423080
v -0.02138122 -0.00512055 0.00421674
v -0.02139112 -0.00512026 0.00420118
v -0.02139904 -0.00512002 0.00418435
v -0.02140479 -0.00511984 0.00416649
v -0.02140821 -0.00511974 0.00414791
v -0.02140937 -0.00511995 0.00413083
v -0.02126376 -0.00513165 0.00426683
v -0.02127570 -0.00513106 0.00426611
v -0.02129179 -0.00513057 0.00426370
v -0.02130760 -0.00513010 0.00425935
v -0.02132288 -0.00512964 0.00425307
v -0.02133739 -0.00512920 0.00424491
v -0.02135089 -0.00512880 0.00423496
v -0.02136252 -0.00512845 0.00422398
v -0.02137341 -0.00512812 0.00421088
v -0.02138263 -0.00512784 0.00419638
v -0.02139001 -0.00512762 0.00418070
v -0.02139537 -0.00512746 0.00416405
v -0.02139132 -0.00513579 0.00413083
v -0.02139029 -0.00513570 0.00414574
v -0.02138731 -0.00513579 0.00416196
v -0.02138229 -0.00513594 0.00417755
v -0.02137537 -0.00513615 0.00419224
v -0.02136673 -0.00513641 0.00420582
v -0.02135653 -0.00513671 0.00421810
v -0.02134563 -0.00513704 0.00422839
v -0.02133299 -0.00513742 0.00423771
v -0.02131939 -0.00513783 0.00424536
v -0.02130507 -0.00513826 0.00425124
v -0.02129027 -0.00513870 0.00425532
v -0.02127519 -0.00513916 0.00425757
v -0.02126393 -0.00513738 0.00426012
v -0.02136997 -0.00517402 0.00413083
v -0.02137554 -0.00515935 0.00413083
v -0.02137715 -0.00515653 0.00413083
v -0.02136677 -0.00518938 0.00413083
v -0.02136861 -0.00518057 0.00413083
v -0.02136658 -0.00519333 0.00413083
v -0.02136565 -0.00519334 0.00414263
v -0.02136469 -0.00519337 0.00414902
v -0.02136329 -0.00519341 0.00415546
v -0.02136449 -0.00520510 0.00414819
v -0.02136499 -0.00520508 0.00414252
v -0.02136601 -0.00520505 0.00413083
v -0.02131589 -0.00686609 0.00424992
v -0.02132986 -0.00686583 0.00424922
v -0.02132874 -0.00685519 0.00424247
v -0.02131624 -0.00687801 0.00426012
v -0.02131655 -0.00688820 0.00427205
v -0.02133233 -0.00688350 0.00426570
v -0.02131698 -0.00690240 0.00429992
v -0.02131709 -0.00690606 0.00431518
v -0.02133807 -0.00690450 0.00430893
v -0.02139549 -0.00681662 0.00419056
v -0.02139902 -0.00681651 0.00418545
v -0.02139783 -0.00680482 0.00418490
v -0.02141985 -0.00684090 0.00415293
v -0.02142175 -0.00684084 0.00414024
v -0.02141745 -0.00682871 0.00413990
v -0.02141578 -0.00681993 0.00413083
v -0.02141535 -0.00681600 0.00413083
v -0.02141473 -0.00681604 0.00413969
v -0.02142243 -0.00684071 0.00413083
v -0.02141990 -0.00683507 0.00413083
v -0.02143493 -0.00686251 0.00413083
v -0.02142633 -0.00684938 0.00413083
v -0.02142750 -0.00685222 0.00414072
v -0.02147133 -0.00689175 0.00413083
v -0.02145771 -0.00688396 0.00413083
v -0.02146176 -0.00688694 0.00414366
v -0.02150136 -0.00690052 0.00413083
v -0.02149637 -0.00689948 0.00413083
v -0.02149562 -0.00689977 0.00414661
v -0.02141408 -0.00680433 0.00413083
v -0.02141331 -0.00680435 0.00413960
v -0.02141294 -0.00681609 0.00415163
v -0.02151703 -0.00690128 0.00413083
v -0.02150824 -0.00690086 0.00413083
v -0.02151555 -0.00690133 0.00414837
v -0.02150748 -0.00690118 0.00414766
v -0.02151417 -0.00690137 0.00416477
v -0.02150410 -0.00690128 0.00417032
v -0.02150683 -0.00690159 0.00419460
v -0.02149798 -0.00690147 0.00419259
v -0.02150645 -0.00690160 0.00419549
v -0.02141562 -0.00682876 0.00415211
v -0.02141417 -0.00682881 0.00415811
v -0.02141643 -0.00684100 0.00416539
v -0.02141233 -0.00682886 0.00416411
v -0.02141014 -0.00682893 0.00416995
v -0.02141148 -0.00684115 0.00417743
v -0.02141256 -0.00680438 0.00414819
v -0.02141169 -0.00680440 0.00415142
v -0.02141152 -0.00681613 0.00415749
v -0.02140857 -0.00680450 0.00416309
v -0.02140972 -0.00681619 0.00416335
v -0.02140805 -0.00680451 0.00416503
v -0.02140758 -0.00681625 0.00416905
v -0.02140376 -0.00680464 0.00417423
v -0.02140756 -0.00682900 0.00417571
v -0.02140465 -0.00682909 0.00418129
v -0.02140506 -0.00684134 0.00418887
v -0.02140068 -0.00680473 0.00418083
v -0.02140222 -0.00681641 0.00418014
v -0.02140507 -0.00681633 0.00417469
v -0.02140138 -0.00682919 0.00418672
v -0.02139777 -0.00682930 0.00419195
v -0.02139722 -0.00684158 0.00419950
v -0.02139383 -0.00682942 0.00419697
v -0.02138858 -0.00684184 0.00420867
v -0.02149416 -0.00690197 0.00422413
v -0.02148914 -0.00690173 0.00421411
v -0.02148459 -0.00690226 0.00423902
v -0.02147766 -0.00690208 0.00423455
v -0.02147686 -0.00690249 0.00425105
v -0.02146365 -0.00690250 0.00425356
v -0.02145428 -0.00690317 0.00427638
v -0.02144821 -0.00690296 0.00426995
v -0.02145404 -0.00690318 0.00427665
v -0.02142552 -0.00685228 0.00415405
v -0.02142192 -0.00685239 0.00416714
v -0.02141672 -0.00685255 0.00417980
v -0.02140997 -0.00685275 0.00419181
v -0.02140173 -0.00685300 0.00420299
v -0.02139265 -0.00685327 0.00421263
v -0.02138180 -0.00685359 0.00422164
v -0.02137826 -0.00684215 0.00421725
v -0.02138354 -0.00684199 0.00421313
v -0.02138066 -0.00682981 0.00421009
v -0.02138550 -0.00682967 0.00420580
v -0.02138351 -0.00681698 0.00420409
v -0.02139164 -0.00681673 0.00419546
v -0.02139069 -0.00680503 0.00419510
v -0.02139075 -0.00680503 0.00419501
v -0.02136981 -0.00685396 0.00422928
v -0.02136684 -0.00684249 0.00422452
v -0.02137265 -0.00684232 0.00422108
v -0.02137016 -0.00683013 0.00421775
v -0.02137556 -0.00682997 0.00421406
v -0.02137380 -0.00681727 0.00421216
v -0.02137877 -0.00681712 0.00420829
v -0.02137837 -0.00680540 0.00420743
v -0.02138245 -0.00680528 0.00420335
v -0.02135684 -0.00685435 0.00423539
v -0.02142834 -0.00690395 0.00429762
v -0.02142976 -0.00690352 0.00428528
v -0.02141359 -0.00690439 0.00430593
v -0.02140936 -0.00690413 0.00429827
v -0.02140025 -0.00690479 0.00431345
v -0.02138730 -0.00690479 0.00430866
v -0.02137123 -0.00690566 0.00432380
v -0.02136387 -0.00690550 0.00431621
v -0.02136603 -0.00690582 0.00432475
v -0.02143507 -0.00686266 0.00413083
v -0.02143459 -0.00686269 0.00414132
v -0.02143248 -0.00686275 0.00415545
v -0.02142867 -0.00686286 0.00416934
v -0.02142316 -0.00686303 0.00418276
v -0.02141600 -0.00686324 0.00419550
v -0.02140726 -0.00686351 0.00420736
v -0.02139763 -0.00686380 0.00421757
v -0.02138613 -0.00686414 0.00422713
v -0.02137341 -0.00686452 0.00423523
v -0.02135965 -0.00686494 0.00424171
v -0.02134505 -0.00686538 0.00424642
v -0.02134306 -0.00685476 0.00423983
v -0.02134638 -0.00683084 0.00422892
v -0.02134796 -0.00684306 0.00423268
v -0.02135268 -0.00683065 0.00422667
v -0.02135450 -0.00684286 0.00423034
v -0.02135868 -0.00683047 0.00422407
v -0.02136073 -0.00684268 0.00422764
v -0.02136457 -0.00683030 0.00422106
v -0.02134528 -0.00681813 0.00422668
v -0.02135143 -0.00681794 0.00422448
v -0.02135730 -0.00681776 0.00422194
v -0.02136305 -0.00681759 0.00421901
v -0.02136851 -0.00681743 0.00421577
v -0.02133848 -0.00680660 0.00422743
v -0.02134831 -0.00680631 0.00422479
v -0.02135074 -0.00680623 0.00422366
v -0.02136230 -0.00680589 0.00421826
v -0.02136410 -0.00680583 0.00421743
v -0.02137283 -0.00680557 0.00421131
v -0.02134139 -0.00684326 0.00423456
v -0.02132693 -0.00683143 0.00423315
v -0.02132776 -0.00684367 0.00423708
v -0.02133346 -0.00683123 0.00423217
v -0.02133454 -0.00684346 0.00423605
v -0.02134005 -0.00683103 0.00423073
v -0.02134055 -0.00690659 0.00432942
v -0.02133951 -0.00690623 0.00432070
v -0.02133975 -0.00690661 0.00432957
v -0.02131710 -0.00690660 0.00432205
v -0.02131712 -0.00690729 0.00433083
v -0.02149245 -0.00689986 0.00416787
v -0.02148671 -0.00690004 0.00418876
v -0.02147842 -0.00690028 0.00420895
v -0.02146765 -0.00690061 0.00422812
v -0.02145451 -0.00690100 0.00424595
v -0.02144002 -0.00690144 0.00426132
v -0.02142272 -0.00690196 0.00427570
v -0.02140359 -0.00690253 0.00428789
v -0.02138289 -0.00690316 0.00429764
v -0.02136092 -0.00690382 0.00430472
v -0.02131696 -0.00690183 0.00429856
v -0.02133661 -0.00690134 0.00429737
v -0.02135797 -0.00690070 0.00429343
v -0.02137852 -0.00690008 0.00428680
v -0.02139788 -0.00689950 0.00427769
v -0.02141576 -0.00689896 0.00426629
v -0.02143194 -0.00689848 0.00425285
v -0.02144549 -0.00689807 0.00423848
v -0.02145777 -0.00689770 0.00422180
v -0.02146785 -0.00689740 0.00420387
v -0.02147560 -0.00689716 0.00418500
v -0.02148097 -0.00689700 0.00416547
v -0.02148393 -0.00689691 0.00414559
v -0.02148600 -0.00689732 0.00413083
v -0.02147324 -0.00689248 0.00413083
v -0.02147259 -0.00689263 0.00414460
v -0.02146982 -0.00689271 0.00416314
v -0.02146481 -0.00689286 0.00418136
v -0.02145758 -0.00689308 0.00419897
v -0.02144818 -0.00689336 0.00421569
v -0.02143672 -0.00689371 0.00423125
v -0.02142409 -0.00689409 0.00424466
v -0.02140899 -0.00689454 0.00425720
v -0.02139231 -0.00689504 0.00426783
v -0.02137425 -0.00689558 0.00427633
v -0.02135508 -0.00689616 0.00428251
v -0.02133515 -0.00689676 0.00428619
v -0.02131680 -0.00689640 0.00428543
v -0.02145919 -0.00688702 0.00416094
v -0.02145452 -0.00688716 0.00417791
v -0.02144778 -0.00688736 0.00419431
v -0.02143903 -0.00688763 0.00420989
v -0.02142835 -0.00688795 0.00422439
v -0.02141658 -0.00688830 0.00423688
v -0.02140252 -0.00688872 0.00424857
v -0.02138697 -0.00688919 0.00425847
v -0.02137014 -0.00688970 0.00426639
v -0.02135229 -0.00689023 0.00427215
v -0.02133372 -0.00689079 0.00427557
v -0.02131664 -0.00689106 0.00427672
v -0.02145236 -0.00687966 0.00413083
v -0.02145164 -0.00687991 0.00414278
v -0.02144924 -0.00687999 0.00415888
v -0.02144489 -0.00688012 0.00417470
v -0.02143861 -0.00688031 0.00418998
v -0.02143046 -0.00688055 0.00420450
v -0.02142051 -0.00688085 0.00421800
v -0.02140954 -0.00688118 0.00422964
v -0.02139644 -0.00688157 0.00424053
v -0.02138195 -0.00688201 0.00424976
v -0.02136628 -0.00688248 0.00425714
v -0.02134963 -0.00688298 0.00426251
v -0.02131618 -0.00687578 0.00425820
v -0.02133109 -0.00687545 0.00425718
v -0.02134730 -0.00687497 0.00425419
v -0.02136289 -0.00687450 0.00424917
v -0.02137757 -0.00687406 0.00424226
v -0.02139114 -0.00687365 0.00423361
v -0.02140342 -0.00687328 0.00422341
v -0.02141370 -0.00687297 0.00421250
v -0.02142302 -0.00687269 0.00419985
v -0.02143066 -0.00687246 0.00418625
v -0.02143654 -0.00687228 0.00417193
v -0.02144062 -0.00687216 0.00415711
v -0.02144286 -0.00687209 0.00414203
v -0.02144548 -0.00687413 0.00413083
v -0.02131505 -0.00683822 0.00423572
v -0.02131548 -0.00685271 0.00424172
v -0.02131557 -0.00685548 0.00424342
v -0.02131459 -0.00682297 0.00423206
v -0.02131485 -0.00683172 0.00423416
v -0.02131447 -0.00681903 0.00423175
v -0.02132627 -0.00681870 0.00423082
v -0.02133266 -0.00681850 0.00422986
v -0.02133910 -0.00681831 0.00422846
v -0.02133148 -0.00680681 0.00422931
v -0.02132581 -0.00680698 0.00422980
v -0.02131438 -0.00681611 0.00503013
v -0.01778829 -0.00692895 0.00502959
v -0.02131459 -0.00682297 0.00502959
v -0.02131505 -0.00683822 0.00502593
v -0.01778887 -0.00694420 0.00502593
v -0.02131548 -0.00685271 0.00501993
v -0.01778952 -0.00695869 0.00501993
v -0.02131589 -0.00686609 0.00501173
v -0.01779021 -0.00697205 0.00501173
v -0.02131624 -0.00687801 0.00500154
v -0.01779092 -0.00698397 0.00500154
v -0.02131655 -0.00688820 0.00498960
v -0.01779164 -0.00699414 0.00498960
v -0.02131680 -0.00689640 0.00497622
v -0.01779236 -0.00700232 0.00497622
v -0.02131698 -0.00690240 0.00496173
v -0.01779304 -0.00700831 0.00496173
v -0.02131709 -0.00690606 0.00494647
v -0.01779369 -0.00701195 0.00494647
v -0.01779427 -0.00701317 0.00493083
v -0.02131710 -0.00690637 0.00494253
v -0.02131712 -0.00690729 0.00493083
v -0.02212531 -0.00688231 0.00420228
v -0.02212843 -0.00688199 0.00413083
v -0.02211676 -0.00688326 0.00413083
v -0.02213236 -0.00688156 0.00413083
v -0.02217494 -0.00686240 0.00413083
v -0.02216181 -0.00687100 0.00413083
v -0.02216135 -0.00686949 0.00420550
v -0.02220418 -0.00682600 0.00413083
v -0.02219639 -0.00683962 0.00413083
v -0.02219593 -0.00683511 0.00420865
v -0.02221295 -0.00679597 0.00413083
v -0.02221191 -0.00680096 0.00413083
v -0.02220869 -0.00680112 0.00420986
v -0.02221329 -0.00678909 0.00413083
v -0.02221010 -0.00678921 0.00421002
v -0.02219419 -0.00678969 0.00431667
v -0.02211320 -0.00688337 0.00420123
v -0.02211262 -0.00688338 0.00421259
v -0.02211096 -0.00688274 0.00429851
v -0.02209726 -0.00688384 0.00429567
v -0.02208904 -0.00688409 0.00434015
v -0.02208496 -0.00688352 0.00439304
v -0.02207172 -0.00688461 0.00438847
v -0.02204744 -0.00688465 0.00448441
v -0.02216538 -0.00679056 0.00442143
v -0.02212380 -0.00679181 0.00452269
v -0.02206977 -0.00679343 0.00461886
v -0.02204677 -0.00688536 0.00445812
v -0.02203555 -0.00688570 0.00447856
v -0.02199869 -0.00688612 0.00457118
v -0.02198369 -0.00688726 0.00457305
v -0.02193922 -0.00688790 0.00465189
v -0.02200386 -0.00679541 0.00470831
v -0.02193120 -0.00679760 0.00478542
v -0.02192838 -0.00688892 0.00464288
v -0.02190073 -0.00688975 0.00467779
v -0.02187366 -0.00688987 0.00472147
v -0.02186391 -0.00689086 0.00471101
v -0.02179534 -0.00689223 0.00478655
v -0.02180045 -0.00689276 0.00476828
v -0.02178792 -0.00689314 0.00477622
v -0.02170876 -0.00689483 0.00484171
v -0.02168583 -0.00689621 0.00484086
v -0.02161507 -0.00689765 0.00488583
v -0.02164461 -0.00680621 0.00496758
v -0.02174844 -0.00680309 0.00491869
v -0.02184441 -0.00680021 0.00485755
v -0.02153439 -0.00680952 0.00500310
v -0.02219209 -0.00684497 0.00413083
v -0.02218656 -0.00685186 0.00413083
v -0.02218893 -0.00684527 0.00420800
v -0.02218114 -0.00685408 0.00420729
v -0.02217343 -0.00684573 0.00431193
v -0.02216578 -0.00685454 0.00431026
v -0.02214535 -0.00684658 0.00441402
v -0.02213796 -0.00685537 0.00441141
v -0.02210483 -0.00684779 0.00451270
v -0.02209781 -0.00685658 0.00450918
v -0.02205218 -0.00684938 0.00460641
v -0.02204565 -0.00685815 0.00460203
v -0.02198795 -0.00685131 0.00469359
v -0.02198201 -0.00686006 0.00468840
v -0.02191714 -0.00685343 0.00476873
v -0.02191186 -0.00686217 0.00476285
v -0.02183256 -0.00685598 0.00483902
v -0.02182806 -0.00686469 0.00483249
v -0.02173904 -0.00685879 0.00489860
v -0.02173540 -0.00686747 0.00489152
v -0.02163786 -0.00686183 0.00494624
v -0.02163515 -0.00687048 0.00493873
v -0.02153044 -0.00686506 0.00498086
v -0.02152872 -0.00687368 0.00497302
v -0.02141875 -0.00686841 0.00500146
v -0.02217509 -0.00686227 0.00413083
v -0.02217177 -0.00686238 0.00420644
v -0.02215658 -0.00686283 0.00430827
v -0.02212907 -0.00686366 0.00440829
v -0.02208937 -0.00686485 0.00450498
v -0.02203779 -0.00686640 0.00459679
v -0.02197486 -0.00686830 0.00468221
v -0.02190548 -0.00687038 0.00475583
v -0.02182261 -0.00687287 0.00482469
v -0.02173099 -0.00687562 0.00488307
v -0.02163185 -0.00687860 0.00492975
v -0.02152660 -0.00688177 0.00496366
v -0.02214635 -0.00686994 0.00430606
v -0.02211918 -0.00687076 0.00440484
v -0.02207997 -0.00687194 0.00450033
v -0.02202903 -0.00687347 0.00459101
v -0.02196688 -0.00687533 0.00467535
v -0.02189837 -0.00687739 0.00474806
v -0.02181653 -0.00687985 0.00481607
v -0.02172604 -0.00688257 0.00487372
v -0.02162813 -0.00688552 0.00491982
v -0.02152420 -0.00688864 0.00495332
v -0.02215314 -0.00687490 0.00413083
v -0.02215001 -0.00687527 0.00420448
v -0.02213522 -0.00687571 0.00430368
v -0.02210842 -0.00687652 0.00440111
v -0.02206974 -0.00687768 0.00449530
v -0.02201950 -0.00687919 0.00458474
v -0.02195819 -0.00688103 0.00466794
v -0.02189061 -0.00688306 0.00473966
v -0.02180989 -0.00688549 0.00480675
v -0.02172063 -0.00688817 0.00486361
v -0.02162406 -0.00689108 0.00490908
v -0.02152154 -0.00689416 0.00494212
v -0.02214750 -0.00687744 0.00413083
v -0.02213793 -0.00687958 0.00420341
v -0.02212335 -0.00688002 0.00430115
v -0.02209694 -0.00688081 0.00439715
v -0.02205883 -0.00688196 0.00448996
v -0.02200932 -0.00688345 0.00457809
v -0.02194892 -0.00688526 0.00466007
v -0.02188233 -0.00688726 0.00473074
v -0.02180278 -0.00688965 0.00479684
v -0.02171484 -0.00689230 0.00485287
v -0.02161968 -0.00689516 0.00489768
v -0.02151866 -0.00689819 0.00493023
v -0.02151561 -0.00690064 0.00491788
v -0.02141977 -0.00681297 0.00502424
v -0.02219282 -0.00680159 0.00431630
v -0.02216407 -0.00680246 0.00442086
v -0.02212256 -0.00680371 0.00452192
v -0.02206864 -0.00680533 0.00461790
v -0.02200286 -0.00680730 0.00470718
v -0.02193034 -0.00680948 0.00478413
v -0.02184372 -0.00681209 0.00485612
v -0.02174795 -0.00681496 0.00491714
v -0.02164432 -0.00681808 0.00496593
v -0.02153431 -0.00682139 0.00500138
v -0.02147684 -0.00681125 0.00501563
v -0.02147688 -0.00682311 0.00501389
v -0.02220975 -0.00681133 0.00413083
v -0.02220585 -0.00681285 0.00420958
v -0.02219004 -0.00681333 0.00431564
v -0.02216138 -0.00681419 0.00441982
v -0.02212003 -0.00681543 0.00452053
v -0.02206630 -0.00681705 0.00461616
v -0.02200076 -0.00681902 0.00470512
v -0.02192850 -0.00682119 0.00478180
v -0.02184218 -0.00682378 0.00485353
v -0.02174675 -0.00682665 0.00491433
v -0.02164349 -0.00682975 0.00496295
v -0.02153388 -0.00683305 0.00499827
v -0.02141990 -0.00683647 0.00501930
v -0.02141806 -0.00687701 0.00499343
v -0.02141717 -0.00688506 0.00498385
v -0.02141613 -0.00689189 0.00497325
v -0.02141494 -0.00689736 0.00496178
v -0.02141362 -0.00690135 0.00494961
v -0.02141220 -0.00690374 0.00493695
v -0.02145083 -0.00690327 0.00491959
v -0.02141065 -0.00690448 0.00492297
v -0.02161012 -0.00689848 0.00487338
v -0.02157973 -0.00689940 0.00488644
v -0.02151208 -0.00690143 0.00490384
v -0.02141992 -0.00682482 0.00502248
v -0.02220491 -0.00682409 0.00413083
v -0.02220159 -0.00682424 0.00420918
v -0.02218585 -0.00682472 0.00431469
v -0.02215735 -0.00682557 0.00441833
v -0.02211621 -0.00682681 0.00451851
v -0.02206276 -0.00682842 0.00461365
v -0.02199755 -0.00683037 0.00470215
v -0.02192566 -0.00683254 0.00477844
v -0.02183980 -0.00683512 0.00484979
v -0.02174486 -0.00683797 0.00491028
v -0.02164213 -0.00684106 0.00495865
v -0.02153309 -0.00684433 0.00499379
v -0.02141969 -0.00684774 0.00501471
v -0.02218030 -0.00683558 0.00431345
v -0.02215198 -0.00683643 0.00441639
v -0.02211112 -0.00683766 0.00451590
v -0.02205803 -0.00683925 0.00461039
v -0.02199327 -0.00684120 0.00469829
v -0.02192187 -0.00684334 0.00477407
v -0.02183658 -0.00684591 0.00484494
v -0.02174228 -0.00684874 0.00490502
v -0.02164025 -0.00685181 0.00495306
v -0.02153194 -0.00685506 0.00498796
v -0.02141931 -0.00685845 0.00500874
v -0.01671360 -0.00519481 0.00673042
v -0.01481506 -0.00527203 0.00673083
v -0.01481446 -0.00525189 0.00673042
v -0.01487093 -0.00713090 0.00673083
v -0.01677068 -0.00709395 0.00673042
v -0.01487154 -0.00715103 0.00673042
v -0.01776712 -0.00529757 0.00423206
v -0.01776654 -0.00528232 0.00423572
v -0.01776589 -0.00526783 0.00424172
v -0.01776520 -0.00525447 0.00424992
v -0.01776449 -0.00524255 0.00426012
v -0.01776376 -0.00523238 0.00427205
v -0.01776236 -0.00521821 0.00429992
v -0.01776305 -0.00522420 0.00428543
v -0.01776172 -0.00521457 0.00431518
v -0.01776114 -0.00521335 0.00433083
v -0.01781521 -0.00701254 0.00433083
v -0.01781572 -0.00701129 0.00431518
v -0.01781614 -0.00700761 0.00429992
v -0.01781647 -0.00700160 0.00428543
v -0.01781669 -0.00699339 0.00427205
v -0.01781680 -0.00698319 0.00426012
v -0.01781680 -0.00697125 0.00424992
v -0.01781668 -0.00695787 0.00424172
v -0.01781646 -0.00694337 0.00423572
v -0.01781613 -0.00692812 0.00423206
v 0.00106580 -0.00561448 0.00070000
v 0.00106580 -0.00561448 0.00190000
v 0.00096331 -0.00562302 0.00190000
v 0.00096331 -0.00562302 0.00070000
v 0.00086080 -0.00561473 0.00190000
v 0.00086080 -0.00561473 0.00070000
v 0.00076101 -0.00558984 0.00190000
v 0.00076101 -0.00558984 0.00070000
v 0.00066662 -0.00554900 0.00190000
v 0.00066662 -0.00554900 0.00070000
v 0.00058015 -0.00549331 0.00190000
v 0.00058015 -0.00549331 0.00070000
v 0.00050393 -0.00542426 0.00190000
v 0.00050393 -0.00542426 0.00070000
v 0.00044087 -0.00534503 0.00070000
v 0.00044087 -0.00534503 0.00190000
v 0.00043999 -0.00534371 0.00070000
v 0.00043999 -0.00534371 0.00190000
v 0.00039004 -0.00525381 0.00190000
v 0.00039004 -0.00525381 0.00070000
v 0.00035543 -0.00515696 0.00190000
v 0.00035543 -0.00515696 0.00070000
v 0.00033707 -0.00505576 0.00190000
v 0.00033707 -0.00505576 0.00070000
v 0.00033152 -0.00502550 0.00190000
v 0.00033152 -0.00502550 0.00070000
v 0.00032099 -0.00499659 0.00190000
v 0.00032099 -0.00499659 0.00070000
v 0.00030577 -0.00496984 0.00190000
v 0.00030577 -0.00496984 0.00070000
v 0.00028631 -0.00494601 0.00190000
v 0.00028631 -0.00494601 0.00070000
v 0.00026313 -0.00492576 0.00190000
v 0.00026313 -0.00492576 0.00070000
v 0.00023690 -0.00490968 0.00190000
v 0.00023690 -0.00490968 0.00070000
v 0.00020835 -0.00489820 0.00190000
v 0.00020835 -0.00489820 0.00070000
v 0.00017828 -0.00489165 0.00190000
v 0.00017828 -0.00489165 0.00070000
v 0.00014755 -0.00489022 0.00190000
v 0.00014755 -0.00489022 0.00070000
v 0.00011700 -0.00489394 0.00190000
v 0.00011700 -0.00489394 0.00070000
v 0.00008751 -0.00490271 0.00190000
v 0.00008751 -0.00490271 0.00070000
v 0.00005989 -0.00491629 0.00190000
v 0.00005989 -0.00491629 0.00070000
v 0.00003493 -0.00493429 0.00190000
v 0.00003493 -0.00493429 0.00070000
v 0.00001333 -0.00495621 0.00190000
v 0.00001333 -0.00495621 0.00070000
v -0.00000430 -0.00498142 0.00190000
v -0.00000430 -0.00498142 0.00070000
v -0.00001748 -0.00500923 0.00190000
v -0.00001748 -0.00500923 0.00070000
v -0.00006132 -0.00510226 0.00190000
v -0.00006132 -0.00510226 0.00070000
v -0.00011976 -0.00518690 0.00190000
v -0.00011976 -0.00518690 0.00070000
v -0.00019121 -0.00526087 0.00190000
v -0.00019121 -0.00526087 0.00070000
v -0.00027378 -0.00532219 0.00190000
v -0.00027378 -0.00532219 0.00070000
v -0.00036524 -0.00536923 0.00190000
v -0.00036524 -0.00536923 0.00070000
v -0.00046314 -0.00540072 0.00190000
v -0.00046314 -0.00540072 0.00070000
v -0.00056488 -0.00541581 0.00190000
v -0.00056488 -0.00541581 0.00070000
v -0.00066771 -0.00541412 0.00190000
v -0.00066771 -0.00541412 0.00070000
v -0.00076889 -0.00539567 0.00190000
v -0.00076889 -0.00539567 0.00070000
v -0.00086570 -0.00536097 0.00190000
v -0.00086570 -0.00536097 0.00070000
v -0.00110077 -0.00561944 0.00190000
v -0.00111379 -0.00559156 0.00070000
v -0.00111379 -0.00559156 0.00190000
v -0.00112197 -0.00556189 0.00070000
v -0.00112197 -0.00556189 0.00190000
v -0.00112508 -0.00553128 0.00070000
v -0.00112508 -0.00553128 0.00190000
v -0.00112303 -0.00550057 0.00070000
v -0.00112303 -0.00550057 0.00190000
v -0.00111588 -0.00547065 0.00070000
v -0.00111588 -0.00547065 0.00190000
v -0.00110383 -0.00544233 0.00070000
v -0.00110383 -0.00544233 0.00190000
v -0.00108722 -0.00541643 0.00070000
v -0.00108722 -0.00541643 0.00190000
v -0.00106652 -0.00539366 0.00070000
v -0.00106652 -0.00539366 0.00190000
v -0.00104230 -0.00537468 0.00070000
v -0.00104230 -0.00537468 0.00190000
v -0.00101526 -0.00536000 0.00070000
v -0.00101526 -0.00536000 0.00190000
v -0.00098614 -0.00535005 0.00070000
v -0.00098614 -0.00535005 0.00190000
v -0.00095577 -0.00534511 0.00070000
v -0.00095577 -0.00534511 0.00190000
v -0.00092500 -0.00534531 0.00070000
v -0.00092500 -0.00534531 0.00190000
v -0.00089469 -0.00535065 0.00070000
v -0.00089469 -0.00535065 0.00190000
v -0.00108328 -0.00564475 0.00190000
v -0.00108328 -0.00564475 0.00070000
v -0.00109392 -0.00563046 0.00190000
v -0.00109392 -0.00563046 0.00070000
v -0.00110077 -0.00561944 0.00070000
v -0.00102463 -0.00572924 0.00190000
v -0.00102463 -0.00572924 0.00070000
v -0.00098055 -0.00582216 0.00190000
v -0.00098055 -0.00582216 0.00070000
v -0.00095222 -0.00592103 0.00190000
v -0.00095222 -0.00592103 0.00070000
v -0.00094040 -0.00602319 0.00190000
v -0.00094040 -0.00602319 0.00070000
v -0.00094539 -0.00612592 0.00190000
v -0.00094539 -0.00612592 0.00070000
v -0.00096707 -0.00622645 0.00190000
v -0.00096707 -0.00622645 0.00070000
v -0.00100486 -0.00632210 0.00190000
v -0.00100486 -0.00632210 0.00070000
v -0.00105775 -0.00641031 0.00190000
v -0.00105775 -0.00641031 0.00070000
v -0.00112431 -0.00648871 0.00190000
v -0.00112431 -0.00648871 0.00070000
v -0.00120277 -0.00655521 0.00190000
v -0.00120277 -0.00655521 0.00070000
v -0.00122621 -0.00657515 0.00190000
v -0.00122621 -0.00657515 0.00070000
v -0.00124598 -0.00659872 0.00190000
v -0.00124598 -0.00659872 0.00070000
v -0.00126154 -0.00662527 0.00190000
v -0.00126154 -0.00662527 0.00070000
v -0.00127244 -0.00665405 0.00190000
v -0.00127244 -0.00665405 0.00070000
v -0.00127839 -0.00668424 0.00190000
v -0.00127839 -0.00668424 0.00070000
v -0.00127920 -0.00671500 0.00190000
v -0.00127920 -0.00671500 0.00070000
v -0.00127487 -0.00674546 0.00190000
v -0.00127487 -0.00674546 0.00070000
v -0.00126551 -0.00677478 0.00190000
v -0.00126551 -0.00677478 0.00070000
v -0.00125138 -0.00680211 0.00190000
v -0.00125138 -0.00680211 0.00070000
v -0.00124832 -0.00680682 0.00070000
v -0.00124832 -0.00680682 0.00190000
v -0.00123288 -0.00682671 0.00070000
v -0.00123288 -0.00682671 0.00190000
v -0.00121054 -0.00684786 0.00190000
v -0.00121054 -0.00684786 0.00070000
v -0.00118497 -0.00686499 0.00190000
v -0.00118497 -0.00686499 0.00070000
v -0.00115691 -0.00687760 0.00190000
v -0.00115691 -0.00687760 0.00070000
v -0.00112713 -0.00688535 0.00190000
v -0.00112713 -0.00688535 0.00070000
v -0.00109647 -0.00688801 0.00190000
v -0.00109647 -0.00688801 0.00070000
v -0.00106580 -0.00688552 0.00190000
v -0.00106580 -0.00688552 0.00070000
v -0.00260786 0.00569188 0.00070000
v -0.00260786 0.00569188 0.00190000
v -0.00271035 0.00568333 0.00190000
v -0.00271035 0.00568333 0.00070000
v -0.00281286 0.00569162 0.00190000
v -0.00281286 0.00569162 0.00070000
v -0.00291265 0.00571652 0.00190000
v -0.00291265 0.00571652 0.00070000
v -0.00300704 0.00575736 0.00190000
v -0.00300704 0.00575736 0.00070000
v -0.00309350 0.00581305 0.00190000
v -0.00309350 0.00581305 0.00070000
v -0.00316973 0.00588209 0.00190000
v -0.00316973 0.00588209 0.00070000
v -0.00323279 0.00596133 0.00070000
v -0.00323279 0.00596133 0.00190000
v -0.00323367 0.00596265 0.00070000
v -0.00323367 0.00596265 0.00190000
v -0.00328362 0.00605255 0.00190000
v -0.00328362 0.00605255 0.00070000
v -0.00331823 0.00614940 0.00190000
v -0.00331823 0.00614940 0.00070000
v -0.00333659 0.00625059 0.00190000
v -0.00333659 0.00625059 0.00070000
v -0.00334214 0.00628086 0.00190000
v -0.00334214 0.00628086 0.00070000
v -0.00335267 0.00630977 0.00190000
v -0.00335267 0.00630977 0.00070000
v -0.00336788 0.00633652 0.00190000
v -0.00336788 0.00633652 0.00070000
v -0.00338735 0.00636035 0.00190000
v -0.00338735 0.00636035 0.00070000
v -0.00341053 0.00638059 0.00190000
v -0.00341053 0.00638059 0.00070000
v -0.00343676 0.00639668 0.00190000
v -0.00343676 0.00639668 0.00070000
v -0.00346531 0.00640816 0.00190000
v -0.00346531 0.00640816 0.00070000
v -0.00349537 0.00641471 0.00190000
v -0.00349537 0.00641471 0.00070000
v -0.00352611 0.00641614 0.00190000
v -0.00352611 0.00641614 0.00070000
v -0.00355666 0.00641242 0.00190000
v -0.00355666 0.00641242 0.00070000
v -0.00358615 0.00640364 0.00190000
v -0.00358615 0.00640364 0.00070000
v -0.00361377 0.00639007 0.00190000
v -0.00361377 0.00639007 0.00070000
v -0.00363872 0.00637207 0.00190000
v -0.00363872 0.00637207 0.00070000
v -0.00366032 0.00635015 0.00190000
v -0.00366032 0.00635015 0.00070000
v -0.00367796 0.00632493 0.00190000
v -0.00367796 0.00632493 0.00070000
v -0.00369113 0.00629713 0.00190000
v -0.00369113 0.00629713 0.00070000
v -0.00373498 0.00620409 0.00190000
v -0.00373498 0.00620409 0.00070000
v -0.00379342 0.00611946 0.00190000
v -0.00379342 0.00611946 0.00070000
v -0.00386487 0.00604549 0.00190000
v -0.00386487 0.00604549 0.00070000
v -0.00394743 0.00598417 0.00190000
v -0.00394743 0.00598417 0.00070000
v -0.00403889 0.00593713 0.00190000
v -0.00403889 0.00593713 0.00070000
v -0.00413680 0.00590564 0.00190000
v -0.00413680 0.00590564 0.00070000
v -0.00423853 0.00589054 0.00190000
v -0.00423853 0.00589054 0.00070000
v -0.00434137 0.00589224 0.00190000
v -0.00434137 0.00589224 0.00070000
v -0.00444255 0.00591068 0.00190000
v -0.00444255 0.00591068 0.00070000
v -0.00453936 0.00594539 0.00190000
v -0.00453936 0.00594539 0.00070000
v -0.00477443 0.00568692 0.00190000
v -0.00478745 0.00571480 0.00070000
v -0.00478745 0.00571480 0.00190000
v -0.00479563 0.00574446 0.00070000
v -0.00479563 0.00574446 0.00190000
v -0.00479874 0.00577508 0.00070000
v -0.00479874 0.00577508 0.00190000
v -0.00479669 0.00580578 0.00070000
v -0.00479669 0.00580578 0.00190000
v -0.00478954 0.00583571 0.00070000
v -0.00478954 0.00583571 0.00190000
v -0.00477749 0.00586403 0.00070000
v -0.00477749 0.00586403 0.00190000
v -0.00476088 0.00588993 0.00070000
v -0.00476088 0.00588993 0.00190000
v -0.00474018 0.00591269 0.00070000
v -0.00474018 0.00591269 0.00190000
v -0.00471596 0.00593168 0.00070000
v -0.00471596 0.00593168 0.00190000
v -0.00468891 0.00594635 0.00070000
v -0.00468891 0.00594635 0.00190000
v -0.00465980 0.00595630 0.00070000
v -0.00465980 0.00595630 0.00190000
v -0.00462942 0.00596125 0.00070000
v -0.00462942 0.00596125 0.00190000
v -0.00459865 0.00596105 0.00070000
v -0.00459865 0.00596105 0.00190000
v -0.00456835 0.00595571 0.00070000
v -0.00456835 0.00595571 0.00190000
v -0.00475693 0.00566161 0.00190000
v -0.00475693 0.00566161 0.00070000
v -0.00476758 0.00567590 0.00190000
v -0.00476758 0.00567590 0.00070000
v -0.00477443 0.00568692 0.00070000
v -0.00469829 0.00557712 0.00190000
v -0.00469829 0.00557712 0.00070000
v -0.00465421 0.00548419 0.00190000
v -0.00465421 0.00548419 0.00070000
v -0.00462588 0.00538533 0.00190000
v -0.00462588 0.00538533 0.00070000
v -0.00461405 0.00528316 0.00190000
v -0.00461405 0.00528316 0.00070000
v -0.00461905 0.00518044 0.00190000
v -0.00461905 0.00518044 0.00070000
v -0.00464073 0.00507990 0.00190000
v -0.00464073 0.00507990 0.00070000
v -0.00467852 0.00498425 0.00190000
v -0.00467852 0.00498425 0.00070000
v -0.00473141 0.00489604 0.00190000
v -0.00473141 0.00489604 0.00070000
v -0.00479797 0.00481764 0.00190000
v -0.00479797 0.00481764 0.00070000
v -0.00487643 0.00475115 0.00190000
v -0.00487643 0.00475115 0.00070000
v -0.00489987 0.00473121 0.00190000
v -0.00489987 0.00473121 0.00070000
v -0.00491964 0.00470763 0.00190000
v -0.00491964 0.00470763 0.00070000
v -0.00493520 0.00468108 0.00190000
v -0.00493520 0.00468108 0.00070000
v -0.00494610 0.00465231 0.00190000
v -0.00494610 0.00465231 0.00070000
v -0.00495205 0.00462212 0.00190000
v -0.00495205 0.00462212 0.00070000
v -0.00495286 0.00459136 0.00190000
v -0.00495286 0.00459136 0.00070000
v -0.00494853 0.00456089 0.00190000
v -0.00494853 0.00456089 0.00070000
v -0.00493917 0.00453158 0.00190000
v -0.00493917 0.00453158 0.00070000
v -0.00492504 0.00450424 0.00190000
v -0.00492504 0.00450424 0.00070000
v -0.00492198 0.00449953 0.00070000
v -0.00492198 0.00449953 0.00190000
v -0.00490654 0.00447965 0.00070000
v -0.00490654 0.00447965 0.00190000
v -0.00488420 0.00445849 0.00190000
v -0.00488420 0.00445849 0.00070000
v -0.00485863 0.00444137 0.00190000
v -0.00485863 0.00444137 0.00070000
v -0.00483056 0.00442875 0.00190000
v -0.00483056 0.00442875 0.00070000
v -0.00480078 0.00442101 0.00190000
v -0.00480078 0.00442101 0.00070000
v -0.00477013 0.00441834 0.00190000
v -0.00477013 0.00441834 0.00070000
v -0.00473946 0.00442084 0.00190000
v -0.00473946 0.00442084 0.00070000
v 0.00490944 0.00516883 0.00070000
v 0.00490944 0.00516883 0.00190000
v 0.00481333 0.00520542 0.00190000
v 0.00481333 0.00520542 0.00070000
v 0.00472446 0.00525720 0.00190000
v 0.00472446 0.00525720 0.00070000
v 0.00464524 0.00532278 0.00190000
v 0.00464524 0.00532278 0.00070000
v 0.00457777 0.00540040 0.00190000
v 0.00457777 0.00540040 0.00070000
v 0.00456257 0.00542203 0.00070000
v 0.00456257 0.00542203 0.00190000
v 0.00452387 0.00548799 0.00070000
v 0.00452387 0.00548799 0.00190000
v 0.00448497 0.00558320 0.00190000
v 0.00448497 0.00558320 0.00070000
v 0.00446212 0.00568347 0.00190000
v 0.00446212 0.00568347 0.00070000
v 0.00445594 0.00578613 0.00190000
v 0.00445594 0.00578613 0.00070000
v 0.00446658 0.00588843 0.00190000
v 0.00446658 0.00588843 0.00070000
v 0.00449376 0.00598762 0.00190000
v 0.00449376 0.00598762 0.00070000
v 0.00450183 0.00601731 0.00190000
v 0.00450183 0.00601731 0.00070000
v 0.00450483 0.00604793 0.00190000
v 0.00450483 0.00604793 0.00070000
v 0.00450268 0.00607863 0.00190000
v 0.00450268 0.00607863 0.00070000
v 0.00449542 0.00610853 0.00190000
v 0.00449542 0.00610853 0.00070000
v 0.00448327 0.00613680 0.00190000
v 0.00448327 0.00613680 0.00070000
v 0.00446657 0.00616265 0.00190000
v 0.00446657 0.00616265 0.00070000
v 0.00444578 0.00618534 0.00190000
v 0.00444578 0.00618534 0.00070000
v 0.00442150 0.00620424 0.00190000
v 0.00442150 0.00620424 0.00070000
v 0.00439440 0.00621882 0.00190000
v 0.00439440 0.00621882 0.00070000
v 0.00436524 0.00622866 0.00190000
v 0.00436524 0.00622866 0.00070000
v 0.00433486 0.00623350 0.00190000
v 0.00433486 0.00623350 0.00070000
v 0.00430409 0.00623319 0.00190000
v 0.00430409 0.00623319 0.00070000
v 0.00427380 0.00622774 0.00190000
v 0.00427380 0.00622774 0.00070000
v 0.00424485 0.00621731 0.00190000
v 0.00424485 0.00621731 0.00070000
v 0.00421805 0.00620220 0.00190000
v 0.00421805 0.00620220 0.00070000
v 0.00419415 0.00618281 0.00190000
v 0.00419415 0.00618281 0.00070000
v 0.00411440 0.00611787 0.00190000
v 0.00411440 0.00611787 0.00070000
v 0.00402513 0.00606680 0.00190000
v 0.00402513 0.00606680 0.00070000
v 0.00392872 0.00603098 0.00190000
v 0.00392872 0.00603098 0.00070000
v 0.00382776 0.00601136 0.00190000
v 0.00382776 0.00601136 0.00070000
v 0.00372496 0.00600847 0.00190000
v 0.00372496 0.00600847 0.00070000
v 0.00362306 0.00602239 0.00190000
v 0.00362306 0.00602239 0.00070000
v 0.00352479 0.00605274 0.00190000
v 0.00352479 0.00605274 0.00070000
v 0.00343279 0.00609872 0.00190000
v 0.00343279 0.00609872 0.00070000
v 0.00334952 0.00615908 0.00190000
v 0.00334952 0.00615908 0.00070000
v 0.00327721 0.00623222 0.00190000
v 0.00327721 0.00623222 0.00070000
v 0.00325554 0.00625406 0.00190000
v 0.00325554 0.00625406 0.00070000
v 0.00323051 0.00627197 0.00190000
v 0.00323051 0.00627197 0.00070000
v 0.00320285 0.00628544 0.00190000
v 0.00320285 0.00628544 0.00070000
v 0.00317333 0.00629411 0.00190000
v 0.00317333 0.00629411 0.00070000
v 0.00314277 0.00629772 0.00190000
v 0.00314277 0.00629772 0.00070000
v 0.00311203 0.00629618 0.00190000
v 0.00311203 0.00629618 0.00070000
v 0.00308199 0.00628953 0.00190000
v 0.00308199 0.00628953 0.00070000
v 0.00305348 0.00627795 0.00190000
v 0.00305348 0.00627795 0.00070000
v 0.00302731 0.00626177 0.00190000
v 0.00302731 0.00626177 0.00070000
v 0.00300421 0.00624144 0.00190000
v 0.00300421 0.00624144 0.00070000
v 0.00298482 0.00621754 0.00190000
v 0.00298482 0.00621754 0.00070000
v 0.00296971 0.00619074 0.00190000
v 0.00296971 0.00619074 0.00070000
v 0.00295928 0.00616179 0.00190000
v 0.00295928 0.00616179 0.00070000
v 0.00295383 0.00613150 0.00190000
v 0.00295383 0.00613150 0.00070000
v 0.00295353 0.00610073 0.00190000
v 0.00295353 0.00610073 0.00070000
v 0.00295836 0.00607034 0.00190000
v 0.00295836 0.00607034 0.00070000
v 0.00297473 0.00596881 0.00190000
v 0.00297473 0.00596881 0.00070000
v 0.00297432 0.00586596 0.00190000
v 0.00297432 0.00586596 0.00070000
v 0.00295714 0.00576456 0.00190000
v 0.00295714 0.00576456 0.00070000
v 0.00292365 0.00566732 0.00190000
v 0.00292365 0.00566732 0.00070000
v 0.00287475 0.00557684 0.00190000
v 0.00287475 0.00557684 0.00070000
v 0.00281175 0.00549555 0.00190000
v 0.00281175 0.00549555 0.00070000
v 0.00273633 0.00542563 0.00190000
v 0.00273633 0.00542563 0.00070000
v 0.00265051 0.00536894 0.00190000
v 0.00265051 0.00536894 0.00070000
v 0.00255660 0.00532701 0.00190000
v 0.00255660 0.00532701 0.00070000
v 0.00245711 0.00530096 0.00190000
v 0.00245711 0.00530096 0.00070000
v 0.00242736 0.00529310 0.00190000
v 0.00242736 0.00529310 0.00070000
v 0.00239934 0.00528039 0.00190000
v 0.00239934 0.00528039 0.00070000
v 0.00237383 0.00526317 0.00190000
v 0.00237383 0.00526317 0.00070000
v 0.00235156 0.00524193 0.00190000
v 0.00235156 0.00524193 0.00070000
v 0.00233316 0.00521728 0.00190000
v 0.00233316 0.00521728 0.00070000
v 0.00231913 0.00518989 0.00190000
v 0.00231913 0.00518989 0.00070000
v 0.00230987 0.00516054 0.00190000
v 0.00230987 0.00516054 0.00070000
v 0.00230564 0.00513006 0.00190000
v 0.00230564 0.00513006 0.00070000
v 0.00230657 0.00509931 0.00190000
v 0.00230657 0.00509931 0.00070000
v 0.00231262 0.00506914 0.00190000
v 0.00231262 0.00506914 0.00070000
v 0.00232363 0.00504040 0.00190000
v 0.00232363 0.00504040 0.00070000
v 0.00233656 0.00501784 0.00070000
v 0.00233656 0.00501784 0.00190000
v 0.00233928 0.00501391 0.00070000
v 0.00233928 0.00501391 0.00190000
v 0.00235914 0.00499040 0.00190000
v 0.00235914 0.00499040 0.00070000
v 0.00238264 0.00497054 0.00190000
v 0.00238264 0.00497054 0.00070000
v 0.00240914 0.00495489 0.00190000
v 0.00240914 0.00495489 0.00070000
v 0.00243787 0.00494389 0.00190000
v 0.00243787 0.00494389 0.00070000
v 0.00700053 -0.00106260 0.00190000
v 0.00702150 -0.00108512 0.00190000
v 0.00697593 -0.00103488 0.00190000
v 0.00608375 -0.00057348 0.00190000
v 0.00597681 -0.00056175 0.00190000
v 0.00591735 -0.00056527 0.00190000
v 0.00581125 -0.00057676 0.00190000
v 0.00578066 -0.00057339 0.00190000
v 0.00574995 -0.00057518 0.00190000
v 0.00671811 -0.00080095 0.00190000
v 0.00682821 -0.00102160 0.00190000
v 0.00685282 -0.00091028 0.00190000
v 0.00685845 -0.00101591 0.00190000
v 0.00689105 -0.00094131 0.00190000
v 0.00688922 -0.00101535 0.00190000
v 0.00584085 -0.00058518 0.00190000
v 0.00586862 -0.00059844 0.00190000
v 0.00589378 -0.00061614 0.00190000
v 0.00691965 -0.00101994 0.00190000
v 0.00694888 -0.00102955 0.00190000
v 0.00697610 -0.00104390 0.00190000
v 0.00656770 -0.00071518 0.00190000
v 0.00639728 -0.00107671 0.00190000
v 0.00649918 -0.00109062 0.00190000
v 0.00629901 -0.00104637 0.00190000
v 0.00660199 -0.00108772 0.00190000
v 0.00670295 -0.00106809 0.00190000
v 0.00679935 -0.00103226 0.00190000
v 0.00624980 -0.00059888 0.00190000
v 0.00601127 -0.00081353 0.00190000
v 0.00605142 -0.00086692 0.00190000
v 0.00652282 -0.00068959 0.00190000
v 0.00643076 -0.00065071 0.00190000
v 0.00620701 -0.00100041 0.00190000
v 0.00612373 -0.00094005 0.00190000
v 0.00591564 -0.00063781 0.00190000
v 0.00593357 -0.00066281 0.00190000
v 0.00620918 -0.00058724 0.00190000
v 0.00594707 -0.00069047 0.00190000
v 0.00599200 -0.00078298 0.00190000
v 0.00708177 -0.00117639 0.00190000
v 0.00703842 -0.00111083 0.00190000
v 0.00722748 -0.00235061 0.00190000
v 0.00722866 -0.00238136 0.00190000
v 0.00726430 -0.00229738 0.00190000
v 0.00722468 -0.00241188 0.00190000
v 0.00721566 -0.00244130 0.00190000
v 0.00705079 -0.00113900 0.00190000
v 0.00705829 -0.00116885 0.00190000
v 0.00714545 -0.00127282 0.00190000
v 0.00706070 -0.00119952 0.00190000
v 0.00705795 -0.00123017 0.00190000
v 0.00717121 -0.00133002 0.00190000
v 0.00730379 -0.00209918 0.00190000
v 0.00719408 -0.00226548 0.00190000
v 0.00726840 -0.00227683 0.00190000
v 0.00720995 -0.00229185 0.00190000
v 0.00722119 -0.00232049 0.00190000
v 0.00691959 -0.00149208 0.00190000
v 0.00689241 -0.00159127 0.00190000
v 0.00728114 -0.00164213 0.00190000
v 0.00698842 -0.00205761 0.00190000
v 0.00731361 -0.00189473 0.00190000
v 0.00694974 -0.00199170 0.00190000
v 0.00730337 -0.00180076 0.00190000
v 0.00691083 -0.00189650 0.00190000
v 0.00688798 -0.00179623 0.00190000
v 0.00728932 -0.00167193 0.00190000
v 0.00688178 -0.00169357 0.00190000
v 0.00700365 -0.00207929 0.00190000
v 0.00707113 -0.00215690 0.00190000
v 0.00731046 -0.00196042 0.00190000
v 0.00715036 -0.00222247 0.00190000
v 0.00717403 -0.00224214 0.00190000
v 0.00705012 -0.00125993 0.00190000
v 0.00703742 -0.00128796 0.00190000
v 0.00723339 -0.00146808 0.00190000
v 0.00702023 -0.00131348 0.00190000
v 0.00696257 -0.00139865 0.00190000
v 0.00571996 -0.00058208 0.00190000
v 0.00563238 -0.00059729 0.00190000
v 0.00569154 -0.00059390 0.00190000
v 0.00470456 -0.00136911 0.00190000
v 0.00473830 -0.00129044 0.00190000
v 0.00468635 -0.00139392 0.00190000
v 0.00467254 -0.00142142 0.00190000
v 0.00472666 -0.00134769 0.00190000
v 0.00475202 -0.00133027 0.00190000
v 0.00477557 -0.00121621 0.00190000
v 0.00559099 -0.00061045 0.00190000
v 0.00542818 -0.00066221 0.00190000
v 0.00560848 -0.00068178 0.00190000
v 0.00562338 -0.00065486 0.00190000
v 0.00564256 -0.00063080 0.00190000
v 0.00566550 -0.00061029 0.00190000
v 0.00502399 -0.00092108 0.00190000
v 0.00535514 -0.00118150 0.00190000
v 0.00506312 -0.00088218 0.00190000
v 0.00514781 -0.00082166 0.00190000
v 0.00477994 -0.00131733 0.00190000
v 0.00480962 -0.00130923 0.00190000
v 0.00481786 -0.00115782 0.00190000
v 0.00484025 -0.00130621 0.00190000
v 0.00490006 -0.00104429 0.00190000
v 0.00487094 -0.00130835 0.00190000
v 0.00497353 -0.00131569 0.00190000
v 0.00507594 -0.00130620 0.00190000
v 0.00517543 -0.00128014 0.00190000
v 0.00526933 -0.00123820 0.00190000
v 0.00523686 -0.00075803 0.00190000
v 0.00543055 -0.00111157 0.00190000
v 0.00549355 -0.00103027 0.00190000
v 0.00554244 -0.00093979 0.00190000
v 0.00557592 -0.00084255 0.00190000
v 0.00528970 -0.00073156 0.00190000
v 0.00559309 -0.00074115 0.00190000
v 0.00559829 -0.00071082 0.00190000
v 0.00715036 -0.00222247 0.00070000
v 0.00707113 -0.00215690 0.00070000
v 0.00700365 -0.00207929 0.00070000
v 0.00698842 -0.00205761 0.00070000
v 0.00694974 -0.00199170 0.00070000
v 0.00691083 -0.00189650 0.00070000
v 0.00688798 -0.00179623 0.00070000
v 0.00688178 -0.00169357 0.00070000
v 0.00689241 -0.00159127 0.00070000
v 0.00691959 -0.00149208 0.00070000
v 0.00696257 -0.00139865 0.00070000
v 0.00702023 -0.00131348 0.00070000
v 0.00703742 -0.00128796 0.00070000
v 0.00705012 -0.00125993 0.00070000
v 0.00705795 -0.00123017 0.00070000
v 0.00706070 -0.00119952 0.00070000
v 0.00705829 -0.00116885 0.00070000
v 0.00705079 -0.00113900 0.00070000
v 0.00703842 -0.00111083 0.00070000
v 0.00702150 -0.00108512 0.00070000
v 0.00700053 -0.00106260 0.00070000
v 0.00697610 -0.00104390 0.00070000
v 0.00694888 -0.00102955 0.00070000
v 0.00691965 -0.00101994 0.00070000
v 0.00688922 -0.00101535 0.00070000
v 0.00685845 -0.00101591 0.00070000
v 0.00682821 -0.00102160 0.00070000
v 0.00679935 -0.00103226 0.00070000
v 0.00594707 -0.00069047 0.00070000
v 0.00599200 -0.00078298 0.00070000
v 0.00670295 -0.00106809 0.00070000
v 0.00660199 -0.00108772 0.00070000
v 0.00649918 -0.00109062 0.00070000
v 0.00639728 -0.00107671 0.00070000
v 0.00629901 -0.00104637 0.00070000
v 0.00620701 -0.00100041 0.00070000
v 0.00612373 -0.00094005 0.00070000
v 0.00605142 -0.00086692 0.00070000
v 0.00601127 -0.00081353 0.00070000
v 0.00593357 -0.00066281 0.00070000
v 0.00591564 -0.00063781 0.00070000
v 0.00589378 -0.00061614 0.00070000
v 0.00586862 -0.00059844 0.00070000
v 0.00584085 -0.00058518 0.00070000
v 0.00581125 -0.00057676 0.00070000
v 0.00578066 -0.00057339 0.00070000
v 0.00574995 -0.00057518 0.00070000
v 0.00571996 -0.00058208 0.00070000
v 0.00569154 -0.00059390 0.00070000
v 0.00566550 -0.00061029 0.00070000
v 0.00564256 -0.00063080 0.00070000
v 0.00562338 -0.00065486 0.00070000
v 0.00560848 -0.00068178 0.00070000
v 0.00559829 -0.00071082 0.00070000
v 0.00559309 -0.00074115 0.00070000
v 0.00557592 -0.00084255 0.00070000
v 0.00554244 -0.00093979 0.00070000
v 0.00549355 -0.00103027 0.00070000
v 0.00543055 -0.00111157 0.00070000
v 0.00535514 -0.00118150 0.00070000
v 0.00526933 -0.00123820 0.00070000
v 0.00517543 -0.00128014 0.00070000
v 0.00507594 -0.00130620 0.00070000
v 0.00497353 -0.00131569 0.00070000
v 0.00487094 -0.00130835 0.00070000
v 0.00484025 -0.00130621 0.00070000
v 0.00480962 -0.00130923 0.00070000
v 0.00477994 -0.00131733 0.00070000
v 0.00475202 -0.00133027 0.00070000
v 0.00472666 -0.00134769 0.00070000
v 0.00470456 -0.00136911 0.00070000
v 0.00468635 -0.00139392 0.00070000
v 0.00467254 -0.00142142 0.00070000
v 0.00466353 -0.00145084 0.00190000
v 0.00466353 -0.00145084 0.00070000
v 0.00465955 -0.00148135 0.00190000
v 0.00465955 -0.00148135 0.00070000
v 0.00466072 -0.00151210 0.00190000
v 0.00466072 -0.00151210 0.00070000
v 0.00466702 -0.00154222 0.00190000
v 0.00466702 -0.00154222 0.00070000
v 0.00467826 -0.00157086 0.00190000
v 0.00467826 -0.00157086 0.00070000
v 0.00469054 -0.00159209 0.00070000
v 0.00469054 -0.00159209 0.00190000
v 0.00469413 -0.00159723 0.00070000
v 0.00469413 -0.00159723 0.00190000
v 0.00471418 -0.00162057 0.00190000
v 0.00471418 -0.00162057 0.00070000
v 0.00473784 -0.00164024 0.00190000
v 0.00473784 -0.00164024 0.00070000
v 0.00701726 -0.00255437 0.00070000
v 0.00701726 -0.00255437 0.00190000
v 0.00704796 -0.00255650 0.00190000
v 0.00704796 -0.00255650 0.00070000
v 0.00707858 -0.00255348 0.00190000
v 0.00707858 -0.00255348 0.00070000
v 0.00710827 -0.00254538 0.00190000
v 0.00710827 -0.00254538 0.00070000
v 0.00713619 -0.00253244 0.00190000
v 0.00713619 -0.00253244 0.00070000
v 0.00716155 -0.00251502 0.00190000
v 0.00716155 -0.00251502 0.00070000
v 0.00718365 -0.00249360 0.00190000
v 0.00718365 -0.00249360 0.00070000
v 0.00720185 -0.00246880 0.00190000
v 0.00720185 -0.00246880 0.00070000
v 0.00721566 -0.00244130 0.00070000
v 0.00722468 -0.00241188 0.00070000
v 0.00722866 -0.00238136 0.00070000
v 0.00722748 -0.00235061 0.00070000
v 0.00722119 -0.00232049 0.00070000
v 0.00720995 -0.00229185 0.00070000
v 0.00719408 -0.00226548 0.00070000
v 0.00717403 -0.00224214 0.00070000
v 0.00340467 -0.00075567 0.00070000
v 0.00342978 -0.00069921 0.00070000
v 0.00361988 -0.00349275 0.00070000
v 0.00352320 -0.00331758 0.00070000
v 0.00343608 -0.00315970 0.00070000
v 0.00338405 -0.00306544 0.00070000
v 0.00336515 -0.00301019 0.00070000
v 0.00331259 -0.00285663 0.00070000
v 0.00325509 -0.00268862 0.00070000
v 0.00322601 -0.00260366 0.00070000
v 0.00321333 -0.00252262 0.00070000
v 0.00318754 -0.00235778 0.00070000
v 0.00316260 -0.00219835 0.00070000
v 0.00315056 -0.00212145 0.00070000
v 0.00315228 -0.00203260 0.00070000
v 0.00315539 -0.00187181 0.00070000
v 0.00315862 -0.00170461 0.00070000
v 0.00315999 -0.00163347 0.00070000
v 0.00317708 -0.00154644 0.00070000
v 0.00320933 -0.00138218 0.00070000
v 0.00324004 -0.00122574 0.00070000
v 0.00325402 -0.00115454 0.00070000
v 0.00328953 -0.00105129 0.00070000
v 0.00334530 -0.00088914 0.00070000
v 0.00347714 -0.00062073 0.00070000
v 0.00355716 -0.00048811 0.00070000
v 0.00364112 -0.00034897 0.00070000
v 0.00368194 -0.00028133 0.00070000
v 0.00373284 -0.00022299 0.00070000
v 0.00384045 -0.00009966 0.00070000
v 0.00394471 0.00001982 0.00070000
v 0.00400283 0.00008643 0.00070000
v 0.00406202 0.00013418 0.00070000
v 0.00418663 0.00023470 0.00070000
v 0.00431558 0.00033872 0.00070000
v 0.00438270 0.00039287 0.00070000
v 0.00445542 0.00043300 0.00070000
v 0.00460870 0.00051759 0.00070000
v 0.00475198 0.00059666 0.00070000
v 0.00481002 0.00062870 0.00070000
v 0.00490587 0.00066150 0.00070000
v 0.00506228 0.00071503 0.00070000
v 0.00522207 0.00076971 0.00070000
v 0.00527180 0.00078673 0.00070000
v 0.00571869 0.00085666 0.00070000
v 0.00555234 0.00083063 0.00070000
v 0.00538442 0.00080435 0.00070000
v 0.00575401 0.00086218 0.00070000
v 0.00588882 0.00085958 0.00070000
v 0.00605893 0.00085629 0.00070000
v 0.00624199 0.00085275 0.00070000
v 0.00639906 0.00082192 0.00070000
v 0.00656875 0.00078860 0.00070000
v 0.00672092 0.00075873 0.00070000
v 0.00689978 0.00068968 0.00070000
v 0.00706203 0.00062706 0.00070000
v 0.00717624 0.00058297 0.00070000
v 0.00721986 0.00055665 0.00070000
v 0.00737123 0.00046531 0.00070000
v 0.00752191 0.00037439 0.00070000
v 0.00759413 0.00033081 0.00070000
v 0.00793452 0.00003380 0.00070000
v 0.00779843 0.00015254 0.00070000
v 0.00766497 0.00026901 0.00070000
v 0.00796189 0.00000992 0.00070000
v 0.00805084 -0.00010036 0.00070000
v 0.00816567 -0.00024269 0.00070000
v 0.00826833 -0.00036996 0.00070000
v 0.00836499 -0.00054511 0.00070000
v 0.00845212 -0.00070298 0.00070000
v 0.00850416 -0.00079728 0.00070000
v 0.00852305 -0.00085249 0.00070000
v 0.00857561 -0.00100606 0.00070000
v 0.00863311 -0.00117407 0.00070000
v 0.00866219 -0.00125905 0.00070000
v 0.00867487 -0.00134006 0.00070000
v 0.00870066 -0.00150491 0.00070000
v 0.00872561 -0.00166433 0.00070000
v 0.00873764 -0.00174126 0.00070000
v 0.00873593 -0.00183008 0.00070000
v 0.00873282 -0.00199087 0.00070000
v 0.00872959 -0.00215807 0.00070000
v 0.00872821 -0.00222924 0.00070000
v 0.00864817 -0.00263694 0.00070000
v 0.00867889 -0.00248050 0.00070000
v 0.00871113 -0.00231625 0.00070000
v 0.00863419 -0.00270817 0.00070000
v 0.00859868 -0.00281141 0.00070000
v 0.00854291 -0.00297357 0.00070000
v 0.00848354 -0.00310705 0.00070000
v 0.00833103 -0.00337462 0.00070000
v 0.00841106 -0.00324200 0.00070000
v 0.00845843 -0.00316350 0.00070000
v 0.00824707 -0.00351377 0.00070000
v 0.00820627 -0.00358139 0.00070000
v 0.00815535 -0.00363974 0.00070000
v 0.00804774 -0.00376307 0.00070000
v 0.00794349 -0.00388255 0.00070000
v 0.00788538 -0.00394914 0.00070000
v 0.00782617 -0.00399691 0.00070000
v 0.00770156 -0.00409742 0.00070000
v 0.00757261 -0.00420145 0.00070000
v 0.00750550 -0.00425558 0.00070000
v 0.00743276 -0.00429573 0.00070000
v 0.00727948 -0.00438032 0.00070000
v 0.00713621 -0.00445938 0.00070000
v 0.00707818 -0.00449141 0.00070000
v 0.00698231 -0.00452422 0.00070000
v 0.00682590 -0.00457775 0.00070000
v 0.00666611 -0.00463243 0.00070000
v 0.00661640 -0.00464945 0.00070000
v 0.00650377 -0.00466707 0.00070000
v 0.00633584 -0.00469334 0.00070000
v 0.00616949 -0.00471937 0.00070000
v 0.00613420 -0.00472490 0.00070000
v 0.00599936 -0.00472229 0.00070000
v 0.00582925 -0.00471900 0.00070000
v 0.00564622 -0.00471547 0.00070000
v 0.00516729 -0.00462144 0.00070000
v 0.00531943 -0.00465131 0.00070000
v 0.00548912 -0.00468462 0.00070000
v 0.00498840 -0.00455239 0.00070000
v 0.00482615 -0.00448976 0.00070000
v 0.00471196 -0.00444568 0.00070000
v 0.00466832 -0.00441935 0.00070000
v 0.00451695 -0.00432801 0.00070000
v 0.00436627 -0.00423709 0.00070000
v 0.00429407 -0.00419352 0.00070000
v 0.00422322 -0.00413170 0.00070000
v 0.00408975 -0.00401524 0.00070000
v 0.00395366 -0.00389649 0.00070000
v 0.00392632 -0.00387263 0.00070000
v 0.00383734 -0.00376234 0.00070000
v 0.00372252 -0.00362000 0.00070000
v 0.00492623 0.00061159 0.00093169
v 0.00851495 -0.00296236 0.00081430
v 0.00816283 -0.00282115 0.00147401
v 0.00816880 -0.00282354 0.00146739
v 0.00826695 -0.00253717 0.00147090
v 0.00862902 -0.00263161 0.00081558
v 0.00862446 -0.00167371 0.00104700
v 0.00856744 -0.00167919 0.00116008
v 0.00857781 -0.00183615 0.00116008
v 0.00857590 -0.00136183 0.00104700
v 0.00851991 -0.00137395 0.00116008
v 0.00854855 -0.00152843 0.00116008
v 0.00848438 -0.00103823 0.00104700
v 0.00843034 -0.00105723 0.00116008
v 0.00848076 -0.00121662 0.00116008
v 0.00836219 -0.00074664 0.00104700
v 0.00831075 -0.00077185 0.00116008
v 0.00837547 -0.00091454 0.00116008
v 0.00818774 -0.00044247 0.00104700
v 0.00814001 -0.00047414 0.00116008
v 0.00823120 -0.00062190 0.00116008
v 0.00797670 -0.00016521 0.00104700
v 0.00793345 -0.00020278 0.00116008
v 0.00804205 -0.00033633 0.00116008
v 0.00773404 0.00008032 0.00104700
v 0.00769596 0.00003753 0.00116008
v 0.00781935 -0.00007962 0.00116008
v 0.00746449 0.00029106 0.00104700
v 0.00743214 0.00024378 0.00116008
v 0.00756793 0.00014438 0.00116008
v 0.00717296 0.00046460 0.00104700
v 0.00714682 0.00041363 0.00116008
v 0.00729251 0.00033300 0.00116008
v 0.00505204 0.00029729 0.00147090
v 0.00508814 0.00020709 0.00156025
v 0.00534904 0.00029385 0.00156025
v 0.00382431 -0.00080482 0.00147090
v 0.00391009 -0.00085042 0.00156025
v 0.00404550 -0.00062716 0.00156025
v 0.00444930 -0.00133189 0.00187994
v 0.00445097 -0.00133256 0.00188009
v 0.00452350 -0.00117640 0.00188024
v 0.00391529 -0.00111773 0.00164290
v 0.00401338 -0.00115707 0.00171447
v 0.00410092 -0.00095183 0.00171046
v 0.00446682 -0.00133891 0.00188151
v 0.00364142 -0.00100790 0.00137697
v 0.00371831 -0.00103873 0.00146870
v 0.00356447 -0.00097704 0.00126718
v 0.00356772 -0.00097834 0.00127263
v 0.00367701 -0.00072655 0.00126941
v 0.00360162 -0.00099194 0.00132949
v 0.00363654 -0.00100594 0.00137114
v 0.00374634 -0.00076339 0.00137351
v 0.00350055 -0.00080009 0.00104700
v 0.00345009 -0.00093117 0.00104867
v 0.00348321 -0.00094445 0.00113090
v 0.00352535 -0.00064595 0.00093169
v 0.00345846 -0.00078060 0.00093169
v 0.00356631 -0.00066771 0.00104700
v 0.00361689 -0.00069460 0.00116008
v 0.00355254 -0.00082416 0.00116008
v 0.00349986 -0.00095113 0.00115882
v 0.00350242 -0.00095216 0.00116312
v 0.00420348 -0.00100633 0.00176971
v 0.00411662 -0.00119847 0.00176488
v 0.00412867 -0.00120330 0.00177077
v 0.00382563 -0.00108177 0.00157747
v 0.00390617 -0.00111407 0.00163624
v 0.00400269 -0.00089963 0.00164042
v 0.00422313 -0.00124118 0.00181689
v 0.00430900 -0.00106241 0.00181779
v 0.00435401 -0.00129367 0.00185337
v 0.00360016 -0.00051412 0.00093169
v 0.00363985 -0.00053812 0.00104700
v 0.00372460 -0.00040672 0.00104700
v 0.00382794 -0.00047771 0.00126941
v 0.00377182 -0.00043916 0.00116008
v 0.00385877 -0.00031988 0.00116008
v 0.00368887 -0.00056776 0.00116008
v 0.00461808 -0.00102047 0.00188024
v 0.00368637 -0.00038046 0.00093169
v 0.00381344 -0.00028485 0.00104700
v 0.00395654 -0.00020073 0.00116008
v 0.00400789 -0.00024544 0.00126941
v 0.00391334 -0.00016311 0.00104700
v 0.00405773 -0.00009095 0.00116008
v 0.00401673 -0.00005095 0.00104700
v 0.00416933 0.00001689 0.00116008
v 0.00413075 0.00005924 0.00104700
v 0.00377674 -0.00025649 0.00093169
v 0.00387836 -0.00013265 0.00093169
v 0.00398353 -0.00001855 0.00093169
v 0.00409951 0.00009352 0.00093169
v 0.00421518 -0.00003344 0.00126941
v 0.00444733 0.00015453 0.00126941
v 0.00440763 0.00020984 0.00116008
v 0.00396542 -0.00057215 0.00147090
v 0.00420695 -0.00041877 0.00156025
v 0.00413368 -0.00035497 0.00147090
v 0.00439293 -0.00022857 0.00156025
v 0.00432750 -0.00015675 0.00147090
v 0.00460121 -0.00005992 0.00156025
v 0.00454457 0.00001901 0.00147090
v 0.00484132 0.00009090 0.00156025
v 0.00479481 0.00017619 0.00147090
v 0.00389265 -0.00052216 0.00137351
v 0.00406710 -0.00029699 0.00137351
v 0.00426805 -0.00009148 0.00137351
v 0.00449310 0.00009074 0.00137351
v 0.00475254 0.00025370 0.00137351
v 0.00471496 0.00032263 0.00126941
v 0.00434719 0.00029407 0.00093169
v 0.00437423 0.00025639 0.00104700
v 0.00450967 0.00034748 0.00104700
v 0.00473084 -0.00087493 0.00188024
v 0.00486073 -0.00074209 0.00188024
v 0.00500620 -0.00062430 0.00188024
v 0.00517390 -0.00051897 0.00188024
v 0.00454018 0.00029900 0.00116008
v 0.00468236 0.00038240 0.00116008
v 0.00465493 0.00043270 0.00104700
v 0.00481977 0.00045220 0.00116008
v 0.00479533 0.00050401 0.00104700
v 0.00448496 0.00038673 0.00093169
v 0.00463273 0.00047342 0.00093169
v 0.00477554 0.00054596 0.00093169
v 0.00496476 0.00051535 0.00116008
v 0.00494347 0.00056853 0.00104700
v 0.00501923 0.00037925 0.00137351
v 0.00532394 0.00038770 0.00147090
v 0.00507812 0.00066724 0.00093169
v 0.00509278 0.00062324 0.00104700
v 0.00524846 0.00066995 0.00104700
v 0.00499006 0.00045214 0.00126941
v 0.00528085 0.00054884 0.00126941
v 0.00526326 0.00061461 0.00116008
v 0.00541620 0.00065066 0.00116008
v 0.00511089 0.00056889 0.00116008
v 0.00523648 0.00071476 0.00093169
v 0.00540473 0.00070678 0.00104700
v 0.00557386 0.00067794 0.00116008
v 0.00558342 0.00061053 0.00126941
v 0.00534628 -0.00043782 0.00188024
v 0.00552849 -0.00037722 0.00188024
v 0.00571809 -0.00033857 0.00188024
v 0.00556581 0.00073465 0.00104700
v 0.00573152 0.00069548 0.00116008
v 0.00572690 0.00075258 0.00104700
v 0.00589223 0.00070356 0.00116008
v 0.00589110 0.00076084 0.00104700
v 0.00605236 0.00070185 0.00116008
v 0.00605471 0.00075908 0.00104700
v 0.00539543 0.00075223 0.00093169
v 0.00555929 0.00078058 0.00093169
v 0.00572315 0.00079882 0.00093169
v 0.00589019 0.00080721 0.00093169
v 0.00605662 0.00080543 0.00093169
v 0.00589357 0.00063549 0.00126941
v 0.00620681 0.00062251 0.00126941
v 0.00621378 0.00069024 0.00116008
v 0.00637402 0.00066877 0.00116008
v 0.00621964 0.00074722 0.00104700
v 0.00622439 0.00079336 0.00093169
v 0.00638336 0.00072529 0.00104700
v 0.00653371 0.00063727 0.00116008
v 0.00651848 0.00057091 0.00126941
v 0.00591244 -0.00032292 0.00188024
v 0.00610872 -0.00033106 0.00188024
v 0.00630401 -0.00036339 0.00188024
v 0.00699904 0.00048372 0.00116008
v 0.00686669 0.00059838 0.00104700
v 0.00684706 0.00054456 0.00116008
v 0.00670784 0.00065078 0.00104700
v 0.00669159 0.00059584 0.00116008
v 0.00654652 0.00069311 0.00104700
v 0.00639093 0.00077105 0.00093169
v 0.00655690 0.00073831 0.00093169
v 0.00672100 0.00069526 0.00093169
v 0.00702197 0.00053621 0.00104700
v 0.00704054 0.00057872 0.00093169
v 0.00688258 0.00064195 0.00093169
v 0.00711574 0.00035305 0.00126941
v 0.00682373 0.00048060 0.00126941
v 0.00667827 -0.00049991 0.00188024
v 0.00732182 0.00038222 0.00104700
v 0.00734555 0.00042207 0.00093169
v 0.00719413 0.00050588 0.00093169
v 0.00739370 0.00018759 0.00126941
v 0.00760322 0.00018950 0.00104700
v 0.00763180 0.00022603 0.00093169
v 0.00749068 0.00032935 0.00093169
v 0.00765070 -0.00001334 0.00126941
v 0.00786011 -0.00003937 0.00104700
v 0.00789312 -0.00000678 0.00093169
v 0.00776487 0.00011497 0.00093169
v 0.00788206 -0.00024744 0.00126941
v 0.00685245 -0.00060359 0.00188024
v 0.00701349 -0.00072949 0.00188024
v 0.00715846 -0.00087618 0.00188024
v 0.00808765 -0.00030166 0.00104700
v 0.00812458 -0.00027359 0.00093169
v 0.00801171 -0.00013479 0.00093169
v 0.00808328 -0.00051179 0.00126941
v 0.00828091 -0.00059344 0.00104700
v 0.00832117 -0.00057039 0.00093169
v 0.00822639 -0.00041682 0.00093169
v 0.00824961 -0.00080180 0.00126941
v 0.00728455 -0.00104183 0.00188024
v 0.00738877 -0.00122356 0.00188024
v 0.00842832 -0.00089243 0.00104700
v 0.00847112 -0.00087454 0.00093169
v 0.00840385 -0.00072623 0.00093169
v 0.00836611 -0.00107981 0.00126941
v 0.00769094 -0.00131719 0.00181779
v 0.00760692 -0.00111668 0.00181779
v 0.00749799 -0.00117005 0.00185457
v 0.00748695 -0.00090751 0.00181779
v 0.00738588 -0.00097459 0.00185457
v 0.00734183 -0.00071686 0.00181779
v 0.00725026 -0.00079642 0.00185457
v 0.00717496 -0.00054801 0.00181779
v 0.00709433 -0.00063864 0.00185457
v 0.00698960 -0.00040310 0.00181779
v 0.00692111 -0.00050321 0.00185457
v 0.00678913 -0.00028376 0.00181779
v 0.00673377 -0.00039170 0.00185457
v 0.00657852 -0.00019177 0.00181779
v 0.00649529 -0.00041998 0.00188024
v 0.00635836 -0.00012663 0.00181779
v 0.00613358 -0.00008942 0.00181779
v 0.00590765 -0.00008006 0.00181779
v 0.00568397 -0.00009806 0.00181779
v 0.00546574 -0.00014255 0.00181779
v 0.00525601 -0.00021229 0.00181779
v 0.00505760 -0.00030570 0.00181779
v 0.00486457 -0.00042694 0.00181779
v 0.00469714 -0.00056251 0.00181779
v 0.00454764 -0.00071541 0.00181779
v 0.00441785 -0.00088293 0.00181779
v 0.00853590 -0.00120109 0.00104700
v 0.00858055 -0.00118851 0.00093169
v 0.00852814 -0.00102284 0.00093169
v 0.00845337 -0.00138835 0.00126941
v 0.00860516 -0.00151967 0.00104700
v 0.00865100 -0.00151258 0.00093169
v 0.00862123 -0.00135202 0.00093169
v 0.00849967 -0.00168571 0.00126941
v 0.00851086 -0.00198612 0.00126941
v 0.00746178 -0.00139776 0.00188024
v 0.00751645 -0.00159110 0.00188024
v 0.00754547 -0.00177743 0.00188024
v 0.00755248 -0.00196567 0.00188024
v 0.00855435 -0.00229478 0.00116008
v 0.00861109 -0.00230268 0.00104700
v 0.00862797 -0.00214948 0.00104700
v 0.00857087 -0.00214484 0.00116008
v 0.00863620 -0.00198879 0.00104700
v 0.00857893 -0.00198757 0.00116008
v 0.00868141 -0.00183241 0.00093169
v 0.00868258 -0.00198978 0.00093169
v 0.00867420 -0.00215324 0.00093169
v 0.00865703 -0.00230907 0.00093169
v 0.00859454 -0.00262261 0.00093169
v 0.00862960 -0.00247056 0.00093169
v 0.00854966 -0.00261091 0.00104700
v 0.00858413 -0.00246143 0.00104700
v 0.00849423 -0.00259645 0.00116008
v 0.00852796 -0.00245015 0.00116008
v 0.00431935 -0.00081527 0.00176971
v 0.00445752 -0.00063694 0.00176971
v 0.00461667 -0.00047418 0.00176971
v 0.00479491 -0.00032986 0.00176971
v 0.00500039 -0.00020079 0.00176971
v 0.00521161 -0.00010136 0.00176971
v 0.00543487 -0.00002712 0.00176971
v 0.00566718 0.00002025 0.00176971
v 0.00590530 0.00003942 0.00176971
v 0.00614580 0.00002945 0.00176971
v 0.00638509 -0.00001016 0.00176971
v 0.00661947 -0.00007951 0.00176971
v 0.00684367 -0.00017744 0.00176971
v 0.00705707 -0.00030447 0.00176971
v 0.00725439 -0.00045874 0.00176971
v 0.00743203 -0.00063848 0.00176971
v 0.00758652 -0.00084144 0.00176971
v 0.00771422 -0.00106411 0.00176971
v 0.00780367 -0.00127756 0.00176971
v 0.00775387 -0.00153972 0.00181779
v 0.00787066 -0.00151445 0.00176971
v 0.00778727 -0.00175419 0.00181779
v 0.00790621 -0.00174275 0.00176971
v 0.00779534 -0.00197085 0.00181779
v 0.00791481 -0.00197340 0.00176971
v 0.00777807 -0.00218670 0.00181779
v 0.00789643 -0.00220317 0.00176971
v 0.00773583 -0.00239865 0.00181779
v 0.00785146 -0.00242881 0.00176971
v 0.00422362 -0.00074952 0.00171046
v 0.00413194 -0.00068653 0.00164042
v 0.00436993 -0.00056068 0.00171046
v 0.00428604 -0.00048763 0.00164042
v 0.00453846 -0.00038832 0.00171046
v 0.00446355 -0.00030609 0.00164042
v 0.00472720 -0.00023550 0.00171046
v 0.00466235 -0.00014512 0.00164042
v 0.00494479 -0.00009883 0.00171046
v 0.00489153 -0.00000117 0.00164042
v 0.00516845 0.00000647 0.00171046
v 0.00512711 0.00010974 0.00164042
v 0.00540486 0.00008508 0.00171046
v 0.00537613 0.00019254 0.00164042
v 0.00565086 0.00013524 0.00171046
v 0.00563523 0.00024537 0.00164042
v 0.00590302 0.00015553 0.00171046
v 0.00590083 0.00026675 0.00164042
v 0.00615769 0.00014498 0.00171046
v 0.00616907 0.00025563 0.00164042
v 0.00641108 0.00010303 0.00171046
v 0.00643596 0.00021145 0.00164042
v 0.00665926 0.00002960 0.00171046
v 0.00669737 0.00013410 0.00164042
v 0.00689667 -0.00007410 0.00171046
v 0.00694743 0.00002488 0.00164042
v 0.00712265 -0.00020862 0.00171046
v 0.00718546 -0.00011681 0.00164042
v 0.00733159 -0.00037198 0.00171046
v 0.00740554 -0.00028887 0.00164042
v 0.00751969 -0.00056230 0.00171046
v 0.00760366 -0.00048934 0.00164042
v 0.00768329 -0.00077723 0.00171046
v 0.00777598 -0.00071572 0.00164042
v 0.00781852 -0.00101301 0.00171046
v 0.00791841 -0.00096407 0.00164042
v 0.00791324 -0.00123903 0.00171046
v 0.00801818 -0.00120214 0.00164042
v 0.00798418 -0.00148988 0.00171046
v 0.00809290 -0.00146636 0.00164042
v 0.00802182 -0.00173164 0.00171046
v 0.00813255 -0.00172100 0.00164042
v 0.00803092 -0.00197588 0.00171046
v 0.00814213 -0.00197825 0.00164042
v 0.00801146 -0.00221919 0.00171046
v 0.00812163 -0.00223453 0.00164042
v 0.00796383 -0.00245812 0.00171046
v 0.00807147 -0.00248619 0.00164042
v 0.00753748 -0.00215320 0.00188024
v 0.00750077 -0.00233735 0.00188024
v 0.00761845 -0.00236804 0.00185457
v 0.00807391 -0.00278549 0.00156631
v 0.00808155 -0.00278855 0.00155966
v 0.00817294 -0.00251266 0.00156025
v 0.00810109 -0.00279639 0.00154265
v 0.00562050 0.00034919 0.00156025
v 0.00560685 0.00044538 0.00147090
v 0.00589876 0.00037159 0.00156025
v 0.00589685 0.00046872 0.00147090
v 0.00617980 0.00035995 0.00156025
v 0.00618974 0.00045659 0.00147090
v 0.00645942 0.00031365 0.00156025
v 0.00648116 0.00040834 0.00147090
v 0.00673330 0.00023262 0.00156025
v 0.00676658 0.00032389 0.00147090
v 0.00699529 0.00011819 0.00156025
v 0.00703962 0.00020463 0.00147090
v 0.00724467 -0.00003026 0.00156025
v 0.00729952 0.00004992 0.00147090
v 0.00747524 -0.00021053 0.00156025
v 0.00753982 -0.00013795 0.00147090
v 0.00768282 -0.00042056 0.00156025
v 0.00775615 -0.00035684 0.00147090
v 0.00786335 -0.00065774 0.00156025
v 0.00794430 -0.00060402 0.00147090
v 0.00801258 -0.00091793 0.00156025
v 0.00809982 -0.00087519 0.00147090
v 0.00811710 -0.00116736 0.00156025
v 0.00820875 -0.00113513 0.00147090
v 0.00819539 -0.00144418 0.00156025
v 0.00829034 -0.00142363 0.00147090
v 0.00823693 -0.00171096 0.00156025
v 0.00833363 -0.00170167 0.00147090
v 0.00824697 -0.00198049 0.00156025
v 0.00834410 -0.00198256 0.00147090
v 0.00822549 -0.00224899 0.00156025
v 0.00832171 -0.00226239 0.00147090
v 0.00835238 -0.00255946 0.00137351
v 0.00825891 -0.00285967 0.00136721
v 0.00831951 -0.00288398 0.00127177
v 0.00842835 -0.00257927 0.00126941
v 0.00848692 -0.00228539 0.00126941
v 0.00840916 -0.00227456 0.00137351
v 0.00843237 -0.00198444 0.00137351
v 0.00842152 -0.00169322 0.00137351
v 0.00837663 -0.00140496 0.00137351
v 0.00829204 -0.00110585 0.00137351
v 0.00817911 -0.00083634 0.00137351
v 0.00801787 -0.00055520 0.00137351
v 0.00782280 -0.00029893 0.00137351
v 0.00759851 -0.00007199 0.00137351
v 0.00734937 0.00012279 0.00137351
v 0.00707992 0.00028319 0.00137351
v 0.00679683 0.00040684 0.00137351
v 0.00650091 0.00049439 0.00137351
v 0.00619878 0.00054441 0.00137351
v 0.00589511 0.00055699 0.00137351
v 0.00559445 0.00053279 0.00137351
v 0.00530113 0.00047299 0.00137351
v 0.00838997 -0.00291223 0.00115998
v 0.00843727 -0.00293120 0.00104817
v 0.00844563 -0.00276071 0.00116008
v 0.00850001 -0.00277874 0.00104700
v 0.00848582 -0.00295068 0.00093340
v 0.00854404 -0.00279333 0.00093169
v 0.00848557 -0.00295058 0.00093398
v 0.00843872 -0.00293179 0.00104474
v 0.00832291 -0.00288534 0.00126642
v 0.00838767 -0.00291131 0.00116442
v 0.00838893 -0.00291182 0.00116244
v 0.00742149 -0.00252384 0.00188282
v 0.00742321 -0.00252453 0.00188268
v 0.00766188 -0.00262024 0.00181564
v 0.00775993 -0.00265957 0.00177140
v 0.00777214 -0.00266446 0.00176590
v 0.00783554 -0.00268989 0.00173729
v 0.00786939 -0.00270346 0.00171442
v 0.00743700 -0.00253006 0.00187912
v 0.00753443 -0.00256913 0.00185400
v 0.00754915 -0.00257504 0.00185020
v 0.00763346 -0.00260885 0.00182846
v 0.00337291 -0.00090022 0.00081566
v 0.00339716 -0.00090994 0.00091722
v 0.00340280 -0.00091220 0.00093123
v 0.00344870 -0.00093061 0.00104521
v 0.00372405 -0.00104103 0.00147554
v 0.00374984 -0.00105138 0.00150632
v 0.00380668 -0.00107417 0.00155968
v 0.00421831 0.00019569 0.00093169
v 0.00424754 0.00015967 0.00104700
v 0.00428363 0.00011518 0.00116008
v 0.00461566 0.00050471 0.00081558
v 0.00446597 0.00041689 0.00081558
v 0.00605808 0.00084104 0.00081558
v 0.00622803 0.00082881 0.00081558
v 0.00639674 0.00080621 0.00081558
v 0.00656487 0.00077305 0.00081558
v 0.00673111 0.00072943 0.00081558
v 0.00689479 0.00067543 0.00081558
v 0.00705481 0.00061138 0.00081558
v 0.00751080 0.00035876 0.00081558
v 0.00736378 0.00045269 0.00081558
v 0.00721039 0.00053759 0.00081558
v 0.00765376 0.00025410 0.00081558
v 0.00778856 0.00014160 0.00081558
v 0.00791848 0.00001826 0.00081558
v 0.00843585 -0.00071056 0.00081558
v 0.00835209 -0.00055268 0.00081558
v 0.00825609 -0.00039712 0.00081558
v 0.00815295 -0.00025202 0.00081558
v 0.00803861 -0.00011141 0.00081558
v 0.00856176 -0.00101102 0.00081558
v 0.00861485 -0.00117884 0.00081558
v 0.00865606 -0.00134449 0.00081558
v 0.00863506 -0.00183408 0.00104700
v 0.00867063 -0.00166927 0.00093169
v 0.00857786 -0.00280455 0.00081558
v 0.00787967 -0.00270759 0.00170747
v 0.00797372 -0.00274530 0.00164394
v 0.00798304 -0.00274904 0.00163764
v 0.00802290 -0.00276503 0.00161071
v 0.00481708 -0.00170581 0.00190000
v 0.00481708 -0.00170581 0.00070000
v 0.00488455 -0.00178343 0.00190000
v 0.00488455 -0.00178343 0.00070000
v 0.00493847 -0.00187101 0.00190000
v 0.00493847 -0.00187101 0.00070000
v 0.00497737 -0.00196621 0.00190000
v 0.00497737 -0.00196621 0.00070000
v 0.00500023 -0.00206649 0.00190000
v 0.00500023 -0.00206649 0.00070000
v 0.00500643 -0.00216915 0.00190000
v 0.00500643 -0.00216915 0.00070000
v 0.00499579 -0.00227144 0.00190000
v 0.00499579 -0.00227144 0.00070000
v 0.00496862 -0.00237063 0.00190000
v 0.00496862 -0.00237063 0.00070000
v 0.00492563 -0.00246407 0.00190000
v 0.00492563 -0.00246407 0.00070000
v 0.00486798 -0.00254923 0.00190000
v 0.00486798 -0.00254923 0.00070000
v 0.00480668 -0.00268619 0.00190000
v 0.00486258 -0.00277216 0.00190000
v 0.00485348 -0.00275034 0.00190000
v 0.00484163 -0.00272195 0.00190000
v 0.00482991 -0.00269387 0.00190000
v 0.00473628 -0.00257794 0.00190000
v 0.00482750 -0.00266319 0.00190000
v 0.00462726 -0.00155342 0.00190000
v 0.00462046 -0.00158602 0.00190000
v 0.00458602 -0.00175106 0.00190000
v 0.00458493 -0.00206198 0.00190000
v 0.00457431 -0.00195522 0.00190000
v 0.00460770 -0.00222042 0.00190000
v 0.00457735 -0.00190229 0.00190000
v 0.00483026 -0.00263254 0.00190000
v 0.00483809 -0.00260278 0.00190000
v 0.00471653 -0.00253291 0.00190000
v 0.00485078 -0.00257475 0.00190000
v 0.00465034 -0.00238200 0.00190000
v 0.00459645 -0.00217778 0.00190000
v 0.00613826 -0.00328753 0.00190000
v 0.00625583 -0.00326542 0.00190000
v 0.00616746 -0.00327817 0.00190000
v 0.00619666 -0.00326882 0.00190000
v 0.00714990 -0.00257229 0.00190000
v 0.00711264 -0.00264650 0.00190000
v 0.00629720 -0.00325227 0.00190000
v 0.00646002 -0.00320050 0.00190000
v 0.00627973 -0.00318093 0.00190000
v 0.00626483 -0.00320786 0.00190000
v 0.00624564 -0.00323191 0.00190000
v 0.00622271 -0.00325242 0.00190000
v 0.00682509 -0.00298053 0.00190000
v 0.00686421 -0.00294164 0.00190000
v 0.00653307 -0.00268121 0.00190000
v 0.00665135 -0.00310469 0.00190000
v 0.00645766 -0.00275114 0.00190000
v 0.00639466 -0.00283244 0.00190000
v 0.00674039 -0.00304106 0.00190000
v 0.00681227 -0.00255651 0.00190000
v 0.00671278 -0.00258257 0.00190000
v 0.00661888 -0.00262451 0.00190000
v 0.00634577 -0.00292292 0.00190000
v 0.00631229 -0.00302016 0.00190000
v 0.00659850 -0.00313115 0.00190000
v 0.00629512 -0.00312157 0.00190000
v 0.00628992 -0.00315190 0.00190000
v 0.00707034 -0.00270490 0.00190000
v 0.00698814 -0.00281842 0.00190000
v 0.00691468 -0.00254702 0.00190000
v 0.00629512 -0.00312157 0.00070000
v 0.00631229 -0.00302016 0.00070000
v 0.00634577 -0.00292292 0.00070000
v 0.00639466 -0.00283244 0.00070000
v 0.00645766 -0.00275114 0.00070000
v 0.00653307 -0.00268121 0.00070000
v 0.00661888 -0.00262451 0.00070000
v 0.00671278 -0.00258257 0.00070000
v 0.00681227 -0.00255651 0.00070000
v 0.00691468 -0.00254702 0.00070000
v 0.00576447 -0.00292266 0.00070000
v 0.00583679 -0.00299579 0.00070000
v 0.00518526 -0.00279462 0.00070000
v 0.00508886 -0.00283045 0.00070000
v 0.00485078 -0.00257475 0.00070000
v 0.00528622 -0.00277499 0.00070000
v 0.00538902 -0.00277209 0.00070000
v 0.00549092 -0.00278600 0.00070000
v 0.00484979 -0.00275188 0.00070000
v 0.00485869 -0.00276657 0.00070000
v 0.00486670 -0.00277759 0.00070000
v 0.00488767 -0.00280011 0.00070000
v 0.00568120 -0.00286230 0.00070000
v 0.00558919 -0.00281634 0.00070000
v 0.00491211 -0.00281881 0.00070000
v 0.00493933 -0.00283317 0.00070000
v 0.00496856 -0.00284277 0.00070000
v 0.00499899 -0.00284736 0.00070000
v 0.00502975 -0.00284680 0.00070000
v 0.00505999 -0.00284111 0.00070000
v 0.00483809 -0.00260278 0.00070000
v 0.00483026 -0.00263254 0.00070000
v 0.00482750 -0.00266319 0.00070000
v 0.00482991 -0.00269387 0.00070000
v 0.00483741 -0.00272371 0.00070000
v 0.00589621 -0.00307973 0.00070000
v 0.00594114 -0.00317225 0.00070000
v 0.00595464 -0.00319990 0.00070000
v 0.00601959 -0.00326427 0.00070000
v 0.00604736 -0.00327753 0.00070000
v 0.00628992 -0.00315190 0.00070000
v 0.00595989 -0.00320819 0.00070000
v 0.00597257 -0.00322491 0.00070000
v 0.00599442 -0.00324657 0.00070000
v 0.00607696 -0.00328596 0.00070000
v 0.00610754 -0.00328932 0.00070000
v 0.00613826 -0.00328753 0.00070000
v 0.00624564 -0.00323191 0.00070000
v 0.00626483 -0.00320786 0.00070000
v 0.00622271 -0.00325242 0.00070000
v 0.00619666 -0.00326882 0.00070000
v 0.00627973 -0.00318093 0.00070000
v 0.00616825 -0.00328063 0.00070000
v 0.00607696 -0.00328596 0.00190000
v 0.00610761 -0.00328674 0.00190000
v 0.00613653 -0.00328748 0.00190000
v 0.00486736 -0.00277693 0.00190000
v 0.00488916 -0.00279862 0.00190000
v 0.00491079 -0.00282014 0.00190000
v 0.00491562 -0.00282495 0.00190000
v 0.00666083 -0.00461161 0.00081674
v 0.00756159 -0.00418551 0.00081674
v 0.00327364 -0.00268376 0.00081674
v 0.00360863 -0.00326848 0.00105043
v 0.00356774 -0.00329189 0.00093401
v 0.00366248 -0.00344541 0.00093401
v 0.00391267 -0.00369646 0.00105043
v 0.00395664 -0.00365826 0.00116453
v 0.00384814 -0.00352483 0.00116453
v 0.00568175 -0.00448156 0.00127476
v 0.00568992 -0.00440212 0.00137955
v 0.00538840 -0.00435220 0.00137955
v 0.00569911 -0.00431281 0.00147743
v 0.00570921 -0.00421458 0.00156702
v 0.00543058 -0.00416845 0.00156702
v 0.00616788 -0.00469675 0.00081674
v 0.00712772 -0.00444064 0.00081674
v 0.00792995 -0.00386885 0.00081674
v 0.00745811 -0.00273597 0.00185853
v 0.00820793 -0.00313445 0.00127476
v 0.00842900 -0.00308177 0.00093401
v 0.00670617 -0.00332885 0.00188296
v 0.00653560 -0.00340915 0.00188296
v 0.00635531 -0.00346910 0.00188296
v 0.00616771 -0.00350734 0.00188296
v 0.00687211 -0.00322463 0.00188296
v 0.00701604 -0.00310809 0.00188296
v 0.00714456 -0.00297665 0.00188296
v 0.00725614 -0.00283264 0.00188296
v 0.00734971 -0.00267836 0.00188296
v 0.00435269 -0.00189739 0.00188296
v 0.00436754 -0.00171184 0.00188296
v 0.00440386 -0.00152963 0.00188296
v 0.00435963 -0.00208364 0.00188296
v 0.00438834 -0.00226801 0.00188296
v 0.00444243 -0.00245931 0.00188296
v 0.00451466 -0.00263167 0.00188296
v 0.00474254 -0.00297539 0.00188296
v 0.00461779 -0.00281149 0.00188296
v 0.00488599 -0.00312053 0.00188296
v 0.00521766 -0.00334770 0.00188296
v 0.00504533 -0.00324511 0.00188296
v 0.00539871 -0.00342678 0.00188296
v 0.00558797 -0.00348278 0.00188296
v 0.00578121 -0.00351477 0.00188296
v 0.00597542 -0.00352282 0.00188296
v 0.00797093 -0.00300850 0.00156702
v 0.00805813 -0.00305484 0.00147743
v 0.00813741 -0.00309698 0.00137955
v 0.00833338 -0.00303751 0.00116453
v 0.00836212 -0.00321640 0.00093401
v 0.00832051 -0.00319429 0.00105043
v 0.00838623 -0.00306198 0.00105043
v 0.00826908 -0.00316695 0.00116453
v 0.00767323 -0.00285029 0.00177555
v 0.00777719 -0.00290554 0.00171688
v 0.00756640 -0.00279352 0.00182280
v 0.00823095 -0.00350228 0.00081674
v 0.00831828 -0.00336690 0.00081674
v 0.00820115 -0.00348181 0.00093401
v 0.00828734 -0.00334819 0.00093401
v 0.00816231 -0.00345513 0.00105043
v 0.00824701 -0.00332381 0.00105043
v 0.00811430 -0.00342215 0.00116453
v 0.00819717 -0.00329367 0.00116453
v 0.00803648 -0.00375328 0.00081674
v 0.00813941 -0.00362785 0.00081674
v 0.00800922 -0.00372954 0.00093401
v 0.00811080 -0.00360574 0.00093401
v 0.00797368 -0.00369860 0.00105043
v 0.00807352 -0.00357693 0.00105043
v 0.00792975 -0.00366035 0.00116453
v 0.00802743 -0.00354131 0.00116453
v 0.00805722 -0.00338294 0.00127476
v 0.00781247 -0.00398237 0.00081674
v 0.00778812 -0.00395565 0.00093401
v 0.00790407 -0.00384360 0.00093401
v 0.00775639 -0.00392081 0.00105043
v 0.00787034 -0.00381069 0.00105043
v 0.00771717 -0.00387775 0.00116453
v 0.00782865 -0.00377002 0.00116453
v 0.00787753 -0.00361487 0.00127476
v 0.00769213 -0.00408585 0.00081674
v 0.00754052 -0.00415613 0.00093401
v 0.00766936 -0.00405778 0.00093401
v 0.00751304 -0.00411785 0.00105043
v 0.00763967 -0.00402118 0.00105043
v 0.00747909 -0.00407053 0.00116453
v 0.00760297 -0.00397595 0.00116453
v 0.00767053 -0.00382656 0.00127476
v 0.00727237 -0.00436716 0.00081674
v 0.00742205 -0.00427936 0.00081674
v 0.00725506 -0.00433542 0.00093401
v 0.00740279 -0.00424876 0.00093401
v 0.00723250 -0.00429405 0.00105043
v 0.00737769 -0.00420888 0.00105043
v 0.00720462 -0.00424292 0.00116453
v 0.00734666 -0.00415959 0.00116453
v 0.00743872 -0.00401426 0.00127476
v 0.00697508 -0.00450712 0.00081674
v 0.00696164 -0.00447355 0.00093401
v 0.00711230 -0.00440794 0.00093401
v 0.00694413 -0.00442981 0.00105043
v 0.00709219 -0.00436532 0.00105043
v 0.00692249 -0.00437573 0.00116453
v 0.00706735 -0.00431265 0.00116453
v 0.00717147 -0.00418212 0.00127476
v 0.00682124 -0.00456348 0.00081674
v 0.00665149 -0.00457668 0.00093401
v 0.00680981 -0.00452919 0.00093401
v 0.00663932 -0.00453116 0.00105043
v 0.00679491 -0.00448448 0.00105043
v 0.00662428 -0.00447490 0.00116453
v 0.00677650 -0.00442922 0.00116453
v 0.00689676 -0.00431144 0.00127476
v 0.00633385 -0.00467827 0.00081674
v 0.00649982 -0.00464956 0.00081674
v 0.00632878 -0.00464248 0.00093401
v 0.00649258 -0.00461414 0.00093401
v 0.00632216 -0.00459582 0.00105043
v 0.00648314 -0.00456797 0.00105043
v 0.00631397 -0.00453816 0.00116453
v 0.00647148 -0.00451091 0.00116453
v 0.00660639 -0.00440800 0.00127476
v 0.00599869 -0.00470525 0.00081674
v 0.00599798 -0.00466910 0.00093401
v 0.00616496 -0.00466071 0.00093401
v 0.00599705 -0.00462199 0.00105043
v 0.00616116 -0.00461374 0.00105043
v 0.00599591 -0.00456376 0.00116453
v 0.00615646 -0.00455569 0.00116453
v 0.00630425 -0.00446960 0.00127476
v 0.00566018 -0.00469122 0.00081674
v 0.00583011 -0.00470344 0.00081674
v 0.00566388 -0.00465526 0.00093401
v 0.00583159 -0.00466732 0.00093401
v 0.00566870 -0.00460838 0.00105043
v 0.00583353 -0.00462024 0.00105043
v 0.00567466 -0.00455044 0.00116453
v 0.00583592 -0.00456204 0.00116453
v 0.00599454 -0.00449452 0.00127476
v 0.00540848 -0.00426469 0.00147743
v 0.00549738 -0.00463295 0.00093401
v 0.00550507 -0.00458646 0.00105043
v 0.00534201 -0.00455429 0.00105043
v 0.00537053 -0.00443003 0.00127476
v 0.00535504 -0.00449753 0.00116453
v 0.00519730 -0.00445614 0.00116453
v 0.00551457 -0.00452899 0.00116453
v 0.00500588 -0.00450388 0.00093401
v 0.00499350 -0.00453785 0.00081674
v 0.00515716 -0.00459184 0.00081674
v 0.00549149 -0.00466862 0.00081674
v 0.00533146 -0.00460022 0.00093401
v 0.00518078 -0.00451199 0.00105043
v 0.00504198 -0.00440490 0.00116453
v 0.00506571 -0.00433984 0.00127476
v 0.00483350 -0.00447380 0.00081674
v 0.00484797 -0.00444067 0.00093401
v 0.00486683 -0.00439749 0.00105043
v 0.00467793 -0.00440001 0.00081674
v 0.00469443 -0.00436785 0.00093401
v 0.00471594 -0.00432592 0.00105043
v 0.00474252 -0.00427409 0.00116453
v 0.00532338 -0.00463546 0.00081674
v 0.00516742 -0.00455717 0.00093401
v 0.00502203 -0.00445961 0.00105043
v 0.00489015 -0.00434411 0.00116453
v 0.00477412 -0.00421248 0.00127476
v 0.00459696 -0.00419353 0.00116453
v 0.00445746 -0.00410440 0.00116453
v 0.00456716 -0.00424357 0.00105043
v 0.00442458 -0.00415247 0.00105043
v 0.00454305 -0.00428406 0.00093401
v 0.00439797 -0.00419136 0.00093401
v 0.00452456 -0.00431512 0.00081674
v 0.00437756 -0.00422120 0.00081674
v 0.00449657 -0.00404725 0.00127476
v 0.00423994 -0.00384661 0.00127476
v 0.00432181 -0.00400510 0.00116453
v 0.00419390 -0.00389834 0.00116453
v 0.00428593 -0.00405097 0.00105043
v 0.00402918 -0.00382223 0.00105043
v 0.00399565 -0.00385534 0.00093401
v 0.00412386 -0.00397706 0.00093401
v 0.00409983 -0.00400406 0.00081674
v 0.00423461 -0.00411656 0.00081674
v 0.00425689 -0.00408808 0.00093401
v 0.00415519 -0.00394185 0.00105043
v 0.00407063 -0.00378130 0.00116453
v 0.00400891 -0.00361284 0.00127476
v 0.00396993 -0.00388074 0.00081674
v 0.00384981 -0.00375108 0.00081674
v 0.00387710 -0.00372737 0.00093401
v 0.00376427 -0.00358860 0.00093401
v 0.00380178 -0.00356008 0.00105043
v 0.00370175 -0.00341936 0.00105043
v 0.00375028 -0.00338716 0.00116453
v 0.00365918 -0.00323954 0.00116453
v 0.00380798 -0.00334887 0.00127476
v 0.00348508 -0.00313609 0.00093401
v 0.00352740 -0.00311536 0.00105043
v 0.00357970 -0.00308973 0.00116453
v 0.00373549 -0.00361048 0.00081674
v 0.00363236 -0.00346540 0.00081674
v 0.00353636 -0.00330985 0.00081674
v 0.00345262 -0.00315200 0.00081674
v 0.00364189 -0.00305927 0.00127476
v 0.00332672 -0.00285156 0.00081674
v 0.00338448 -0.00300178 0.00081674
v 0.00336083 -0.00283957 0.00093401
v 0.00341784 -0.00298783 0.00093401
v 0.00340529 -0.00282394 0.00105043
v 0.00346131 -0.00296965 0.00105043
v 0.00346023 -0.00280463 0.00116453
v 0.00351505 -0.00294718 0.00116453
v 0.00330844 -0.00267395 0.00093401
v 0.00335380 -0.00266118 0.00105043
v 0.00331383 -0.00250052 0.00105043
v 0.00337075 -0.00248821 0.00116453
v 0.00334214 -0.00233388 0.00116453
v 0.00352556 -0.00278166 0.00127476
v 0.00343843 -0.00247356 0.00127476
v 0.00340986 -0.00264538 0.00116453
v 0.00321839 -0.00219333 0.00093401
v 0.00318240 -0.00219679 0.00081674
v 0.00320229 -0.00235551 0.00081674
v 0.00326777 -0.00251049 0.00093401
v 0.00328458 -0.00234278 0.00105043
v 0.00332327 -0.00218325 0.00116453
v 0.00339220 -0.00217663 0.00127476
v 0.00317030 -0.00187215 0.00081674
v 0.00317148 -0.00203156 0.00081674
v 0.00320645 -0.00187292 0.00093401
v 0.00320761 -0.00203025 0.00093401
v 0.00325356 -0.00187393 0.00105043
v 0.00325470 -0.00202855 0.00105043
v 0.00331179 -0.00187517 0.00116453
v 0.00323243 -0.00251814 0.00081674
v 0.00323802 -0.00234999 0.00093401
v 0.00326529 -0.00218882 0.00105043
v 0.00331291 -0.00202645 0.00116453
v 0.00338102 -0.00187665 0.00127476
v 0.00319618 -0.00154874 0.00081674
v 0.00317879 -0.00170658 0.00081674
v 0.00323199 -0.00155373 0.00093401
v 0.00321483 -0.00170951 0.00093401
v 0.00327866 -0.00156023 0.00105043
v 0.00326180 -0.00171333 0.00105043
v 0.00333635 -0.00156826 0.00116453
v 0.00331985 -0.00171805 0.00116453
v 0.00515767 -0.00408770 0.00156702
v 0.00512384 -0.00418047 0.00147743
v 0.00489661 -0.00397366 0.00156702
v 0.00485154 -0.00406153 0.00147743
v 0.00464811 -0.00382574 0.00156702
v 0.00459235 -0.00390724 0.00147743
v 0.00441835 -0.00364610 0.00156702
v 0.00435270 -0.00371987 0.00147743
v 0.00421150 -0.00343680 0.00156702
v 0.00413696 -0.00350157 0.00147743
v 0.00403161 -0.00320047 0.00156702
v 0.00394933 -0.00325507 0.00147743
v 0.00388291 -0.00294119 0.00156702
v 0.00379423 -0.00298463 0.00147743
v 0.00377876 -0.00269264 0.00156702
v 0.00368560 -0.00272539 0.00147743
v 0.00370075 -0.00241680 0.00156702
v 0.00360424 -0.00243768 0.00147743
v 0.00365936 -0.00215095 0.00156702
v 0.00356106 -0.00216040 0.00147743
v 0.00364935 -0.00188238 0.00156702
v 0.00355063 -0.00188027 0.00147743
v 0.00367076 -0.00161482 0.00156702
v 0.00357296 -0.00160120 0.00147743
v 0.00372313 -0.00135208 0.00156702
v 0.00362758 -0.00132716 0.00147743
v 0.00325948 -0.00123116 0.00081674
v 0.00322397 -0.00138517 0.00081674
v 0.00329447 -0.00124028 0.00093401
v 0.00325941 -0.00139229 0.00093401
v 0.00334006 -0.00125217 0.00105043
v 0.00340494 -0.00157781 0.00127476
v 0.00346343 -0.00128435 0.00127476
v 0.00336272 -0.00141303 0.00116453
v 0.00339642 -0.00126687 0.00116453
v 0.00330561 -0.00140156 0.00105043
v 0.00404934 -0.00143717 0.00177555
v 0.00416641 -0.00146770 0.00182280
v 0.00400467 -0.00166131 0.00177555
v 0.00412449 -0.00167800 0.00182280
v 0.00398640 -0.00188957 0.00177555
v 0.00410735 -0.00189215 0.00182280
v 0.00399494 -0.00211870 0.00177555
v 0.00411536 -0.00210712 0.00182280
v 0.00403025 -0.00234550 0.00177555
v 0.00414849 -0.00231991 0.00182280
v 0.00409680 -0.00258082 0.00177555
v 0.00421093 -0.00254070 0.00182280
v 0.00418565 -0.00279286 0.00177555
v 0.00429429 -0.00273964 0.00182280
v 0.00431251 -0.00301406 0.00177555
v 0.00441332 -0.00294717 0.00182280
v 0.00446599 -0.00321569 0.00177555
v 0.00455731 -0.00313634 0.00182280
v 0.00464245 -0.00339424 0.00177555
v 0.00472286 -0.00330386 0.00182280
v 0.00483846 -0.00354749 0.00177555
v 0.00490677 -0.00344764 0.00182280
v 0.00505046 -0.00367369 0.00177555
v 0.00510567 -0.00356605 0.00182280
v 0.00527318 -0.00377098 0.00177555
v 0.00531463 -0.00365732 0.00182280
v 0.00550600 -0.00383987 0.00177555
v 0.00553307 -0.00372195 0.00182280
v 0.00574371 -0.00387922 0.00177555
v 0.00575610 -0.00375888 0.00182280
v 0.00598263 -0.00388912 0.00177555
v 0.00598025 -0.00376817 0.00182280
v 0.00621918 -0.00387009 0.00177555
v 0.00620219 -0.00375031 0.00182280
v 0.00644996 -0.00382303 0.00177555
v 0.00641871 -0.00370616 0.00182280
v 0.00667175 -0.00374929 0.00177555
v 0.00662679 -0.00363697 0.00182280
v 0.00688157 -0.00365051 0.00177555
v 0.00682366 -0.00354430 0.00182280
v 0.00708570 -0.00352230 0.00177555
v 0.00701517 -0.00342401 0.00182280
v 0.00726277 -0.00337893 0.00177555
v 0.00718130 -0.00328950 0.00182280
v 0.00742087 -0.00321724 0.00177555
v 0.00732963 -0.00313780 0.00182280
v 0.00755812 -0.00304009 0.00177555
v 0.00745840 -0.00297159 0.00182280
v 0.00787688 -0.00295852 0.00164715
v 0.00765516 -0.00310675 0.00171688
v 0.00774821 -0.00317066 0.00164715
v 0.00750966 -0.00329455 0.00171688
v 0.00759479 -0.00336868 0.00164715
v 0.00734205 -0.00346596 0.00171688
v 0.00741807 -0.00354941 0.00164715
v 0.00715434 -0.00361795 0.00171688
v 0.00722015 -0.00370966 0.00164715
v 0.00693794 -0.00375387 0.00171688
v 0.00699198 -0.00385298 0.00164715
v 0.00671550 -0.00385858 0.00171688
v 0.00675744 -0.00396339 0.00164715
v 0.00648037 -0.00393677 0.00171688
v 0.00650954 -0.00404582 0.00164715
v 0.00623572 -0.00398665 0.00171688
v 0.00625158 -0.00409841 0.00164715
v 0.00598495 -0.00400683 0.00171688
v 0.00598717 -0.00411969 0.00164715
v 0.00573167 -0.00399633 0.00171688
v 0.00572011 -0.00410862 0.00164715
v 0.00547966 -0.00395461 0.00171688
v 0.00545441 -0.00406463 0.00164715
v 0.00523284 -0.00388158 0.00171688
v 0.00519417 -0.00398763 0.00164715
v 0.00499673 -0.00377845 0.00171688
v 0.00494522 -0.00387889 0.00164715
v 0.00477199 -0.00364466 0.00171688
v 0.00470825 -0.00373783 0.00164715
v 0.00456419 -0.00348219 0.00171688
v 0.00448915 -0.00356652 0.00164715
v 0.00437712 -0.00329290 0.00171688
v 0.00429191 -0.00336694 0.00164715
v 0.00421442 -0.00307916 0.00171688
v 0.00412036 -0.00314157 0.00164715
v 0.00407993 -0.00284466 0.00171688
v 0.00397856 -0.00289432 0.00164715
v 0.00398574 -0.00261987 0.00171688
v 0.00387924 -0.00265731 0.00164715
v 0.00391519 -0.00237039 0.00171688
v 0.00380486 -0.00239427 0.00164715
v 0.00387775 -0.00212996 0.00171688
v 0.00376538 -0.00214076 0.00164715
v 0.00386870 -0.00188706 0.00171688
v 0.00375584 -0.00188465 0.00164715
v 0.00388806 -0.00164508 0.00171688
v 0.00377626 -0.00162951 0.00164715
v 0.00393543 -0.00140745 0.00171688
v 0.00382620 -0.00137897 0.00164715
v 0.00354070 -0.00130450 0.00137955
v 0.00509307 -0.00426482 0.00137955
v 0.00481057 -0.00414142 0.00137955
v 0.00454166 -0.00398134 0.00137955
v 0.00429302 -0.00378694 0.00137955
v 0.00406919 -0.00356046 0.00137955
v 0.00387452 -0.00330471 0.00137955
v 0.00371361 -0.00302413 0.00137955
v 0.00360090 -0.00275517 0.00137955
v 0.00351649 -0.00245667 0.00137955
v 0.00347169 -0.00216899 0.00137955
v 0.00346087 -0.00187835 0.00137955
v 0.00348403 -0.00158882 0.00137955
v 0.00338968 -0.00108445 0.00105043
v 0.00344497 -0.00110278 0.00116453
v 0.00334495 -0.00106962 0.00093401
v 0.00331064 -0.00105825 0.00081674
v 0.00735732 -0.00290215 0.00185853
v 0.00723715 -0.00305726 0.00185853
v 0.00709871 -0.00319884 0.00185853
v 0.00694368 -0.00332437 0.00185853
v 0.00676494 -0.00343663 0.00185853
v 0.00658122 -0.00352312 0.00185853
v 0.00638703 -0.00358769 0.00185853
v 0.00618496 -0.00362889 0.00185853
v 0.00597784 -0.00364556 0.00185853
v 0.00576865 -0.00363689 0.00185853
v 0.00556051 -0.00360243 0.00185853
v 0.00535665 -0.00354211 0.00185853
v 0.00516164 -0.00345693 0.00185853
v 0.00497601 -0.00334643 0.00185853
v 0.00480438 -0.00321224 0.00185853
v 0.00464988 -0.00305590 0.00185853
v 0.00451550 -0.00287936 0.00185853
v 0.00440442 -0.00268568 0.00185853
v 0.00432662 -0.00250002 0.00185853
v 0.00426835 -0.00229397 0.00185853
v 0.00423743 -0.00209539 0.00185853
v 0.00422996 -0.00189477 0.00185853
v 0.00424595 -0.00169491 0.00185853
v 0.00428507 -0.00149865 0.00185853
v 0.00799140 -0.00333772 0.00137955
v 0.00791739 -0.00328688 0.00147743
v 0.00783600 -0.00323097 0.00156702
v 0.00781730 -0.00356243 0.00137955
v 0.00774959 -0.00350347 0.00147743
v 0.00767512 -0.00343863 0.00156702
v 0.00761676 -0.00376752 0.00137955
v 0.00755629 -0.00370115 0.00147743
v 0.00748979 -0.00362815 0.00156702
v 0.00739216 -0.00394938 0.00137955
v 0.00733982 -0.00387643 0.00147743
v 0.00728225 -0.00379620 0.00156702
v 0.00713323 -0.00411201 0.00137955
v 0.00709025 -0.00403318 0.00147743
v 0.00704297 -0.00394649 0.00156702
v 0.00686708 -0.00423730 0.00137955
v 0.00683372 -0.00415395 0.00147743
v 0.00679702 -0.00406227 0.00156702
v 0.00658576 -0.00433085 0.00137955
v 0.00656256 -0.00424411 0.00147743
v 0.00653705 -0.00414872 0.00156702
v 0.00629303 -0.00439053 0.00137955
v 0.00628041 -0.00430164 0.00147743
v 0.00626654 -0.00420387 0.00156702
v 0.00599297 -0.00441468 0.00137955
v 0.00599121 -0.00432491 0.00147743
v 0.00598926 -0.00422618 0.00156702
v 0.00436218 0.00623715 0.00190000
v 0.00425171 0.00629843 0.00190000
v 0.00349218 0.00641428 0.00190000
v 0.00336899 0.00638696 0.00190000
v 0.00353438 0.00641634 0.00190000
v 0.00404281 0.00637569 0.00190000
v 0.00420553 0.00631551 0.00190000
v 0.00320880 0.00634120 0.00190000
v 0.00326396 0.00636366 0.00190000
v 0.00387280 0.00640850 0.00190000
v 0.00382207 0.00641829 0.00190000
v 0.00372240 0.00642549 0.00190000
v 0.00486387 0.00573480 0.00190000
v 0.00484655 0.00576038 0.00190000
v 0.00474533 0.00590982 0.00190000
v 0.00464204 0.00602053 0.00190000
v 0.00450792 0.00613722 0.00190000
v 0.00459924 0.00606640 0.00190000
v 0.00502369 0.00507231 0.00190000
v 0.00503470 0.00504358 0.00190000
v 0.00504142 0.00513457 0.00190000
v 0.00504075 0.00501341 0.00190000
v 0.00504167 0.00498265 0.00190000
v 0.00501504 0.00533493 0.00190000
v 0.00496467 0.00514217 0.00190000
v 0.00503869 0.00515534 0.00190000
v 0.00498818 0.00512231 0.00190000
v 0.00500804 0.00509881 0.00190000
v 0.00495856 0.00553167 0.00190000
v 0.00491862 0.00561735 0.00190000
v 0.00497671 0.00546846 0.00190000
v 0.00493818 0.00515782 0.00190000
v 0.00294928 0.00621919 0.00190000
v 0.00232576 0.00527524 0.00190000
v 0.00291433 0.00619342 0.00190000
v 0.00277683 0.00609202 0.00190000
v 0.00247742 0.00571687 0.00190000
v 0.00233717 0.00535750 0.00190000
v 0.00256267 0.00585084 0.00190000
v 0.00250195 0.00576629 0.00190000
v 0.00262651 0.00593974 0.00190000
v 0.00235841 0.00542640 0.00190000
v 0.00239973 0.00556034 0.00190000
v 0.00266802 0.00598180 0.00190000
v 0.00489020 0.00481176 0.00070000
v 0.00489020 0.00481176 0.00190000
v 0.00491996 0.00481961 0.00190000
v 0.00491996 0.00481961 0.00070000
v 0.00494798 0.00483233 0.00190000
v 0.00494798 0.00483233 0.00070000
v 0.00497348 0.00484954 0.00190000
v 0.00497348 0.00484954 0.00070000
v 0.00499575 0.00487078 0.00190000
v 0.00499575 0.00487078 0.00070000
v 0.00501416 0.00489544 0.00190000
v 0.00501416 0.00489544 0.00070000
v 0.00502819 0.00492282 0.00190000
v 0.00502819 0.00492282 0.00070000
v 0.00503745 0.00495217 0.00190000
v 0.00503745 0.00495217 0.00070000
v 0.00504167 0.00498265 0.00070000
v 0.00504075 0.00501341 0.00070000
v 0.00503470 0.00504358 0.00070000
v 0.00502369 0.00507231 0.00070000
v 0.00500804 0.00509881 0.00070000
v 0.00498818 0.00512231 0.00070000
v 0.00496467 0.00514217 0.00070000
v 0.00493818 0.00515782 0.00070000
v 0.00253399 0.00490729 0.00190000
v 0.00253399 0.00490729 0.00070000
v 0.00262285 0.00485551 0.00190000
v 0.00262285 0.00485551 0.00070000
v 0.00270208 0.00478994 0.00190000
v 0.00270208 0.00478994 0.00070000
v 0.00276955 0.00471231 0.00190000
v 0.00276955 0.00471231 0.00070000
v 0.00282345 0.00462472 0.00190000
v 0.00282345 0.00462472 0.00070000
v 0.00286235 0.00452952 0.00190000
v 0.00286235 0.00452952 0.00070000
v 0.00288519 0.00442924 0.00190000
v 0.00288519 0.00442924 0.00070000
v 0.00289138 0.00432658 0.00190000
v 0.00289138 0.00432658 0.00070000
v 0.00288074 0.00422429 0.00190000
v 0.00288074 0.00422429 0.00070000
v 0.00285355 0.00412510 0.00190000
v 0.00285355 0.00412510 0.00070000
v 0.00438895 0.00404237 0.00070000
v 0.00438895 0.00404237 0.00190000
v 0.00437258 0.00414391 0.00190000
v 0.00437258 0.00414391 0.00070000
v 0.00437300 0.00424675 0.00190000
v 0.00437300 0.00424675 0.00070000
v 0.00439018 0.00434815 0.00190000
v 0.00439018 0.00434815 0.00070000
v 0.00442366 0.00444539 0.00190000
v 0.00442366 0.00444539 0.00070000
v 0.00447257 0.00453587 0.00190000
v 0.00447257 0.00453587 0.00070000
v 0.00453557 0.00461716 0.00190000
v 0.00453557 0.00461716 0.00070000
v 0.00461099 0.00468708 0.00190000
v 0.00461099 0.00468708 0.00070000
v 0.00469680 0.00474377 0.00190000
v 0.00469680 0.00474377 0.00070000
v 0.00479071 0.00478570 0.00190000
v 0.00479071 0.00478570 0.00070000
v 0.00362236 0.00410424 0.00070000
v 0.00382252 0.00405997 0.00070000
v 0.00391452 0.00401400 0.00070000
v 0.00399779 0.00395363 0.00070000
v 0.00407010 0.00388050 0.00070000
v 0.00351955 0.00410135 0.00070000
v 0.00409178 0.00385866 0.00070000
v 0.00411680 0.00384075 0.00070000
v 0.00439379 0.00401198 0.00070000
v 0.00372426 0.00409032 0.00070000
v 0.00315317 0.00392990 0.00070000
v 0.00323292 0.00399484 0.00070000
v 0.00332219 0.00404591 0.00070000
v 0.00341859 0.00408173 0.00070000
v 0.00434311 0.00387127 0.00070000
v 0.00436249 0.00389517 0.00070000
v 0.00420455 0.00381499 0.00070000
v 0.00414446 0.00382727 0.00070000
v 0.00438804 0.00395093 0.00070000
v 0.00439348 0.00398121 0.00070000
v 0.00417399 0.00381860 0.00070000
v 0.00437761 0.00392197 0.00070000
v 0.00426532 0.00382319 0.00070000
v 0.00429383 0.00383477 0.00070000
v 0.00432001 0.00385095 0.00070000
v 0.00310247 0.00389540 0.00070000
v 0.00312927 0.00391052 0.00070000
v 0.00295292 0.00389390 0.00070000
v 0.00423528 0.00381653 0.00070000
v 0.00292582 0.00390847 0.00070000
v 0.00284548 0.00409540 0.00070000
v 0.00284248 0.00406478 0.00070000
v 0.00284464 0.00403408 0.00070000
v 0.00285190 0.00400418 0.00070000
v 0.00286405 0.00397591 0.00070000
v 0.00301246 0.00387922 0.00070000
v 0.00304323 0.00387953 0.00070000
v 0.00307352 0.00388497 0.00070000
v 0.00287365 0.00395991 0.00070000
v 0.00288075 0.00395006 0.00070000
v 0.00290153 0.00392737 0.00070000
v 0.00298207 0.00388405 0.00070000
v 0.00286614 0.00394962 0.00190000
v 0.00292582 0.00390847 0.00190000
v 0.00290328 0.00392927 0.00190000
v 0.00288075 0.00395006 0.00190000
v 0.00287365 0.00395991 0.00190000
v 0.00283820 0.00397376 0.00190000
v 0.00286405 0.00397591 0.00190000
v 0.00285190 0.00400418 0.00190000
v 0.00269605 0.00409658 0.00190000
v 0.00284464 0.00403408 0.00190000
v 0.00230390 0.00503062 0.00190000
v 0.00231067 0.00495752 0.00190000
v 0.00232244 0.00483026 0.00190000
v 0.00233007 0.00479915 0.00190000
v 0.00237112 0.00463173 0.00190000
v 0.00242760 0.00449471 0.00190000
v 0.00245017 0.00443992 0.00190000
v 0.00284248 0.00406478 0.00190000
v 0.00284548 0.00409540 0.00190000
v 0.00259875 0.00421248 0.00190000
v 0.00255900 0.00425984 0.00190000
v 0.00250253 0.00435328 0.00190000
v 0.00292067 0.00236159 0.00070000
v 0.00289684 0.00236627 0.00070000
v 0.00594935 0.00342873 0.00070000
v 0.00593582 0.00340633 0.00070000
v 0.00120010 0.00376554 0.00070000
v 0.00128075 0.00361940 0.00070000
v 0.00134943 0.00349496 0.00070000
v 0.00136811 0.00347181 0.00070000
v 0.00101327 0.00421545 0.00070000
v 0.00106536 0.00406324 0.00070000
v 0.00111361 0.00392228 0.00070000
v 0.00090668 0.00469651 0.00070000
v 0.00093256 0.00453108 0.00070000
v 0.00095557 0.00438405 0.00070000
v 0.00088012 0.00486626 0.00070000
v 0.00087892 0.00503558 0.00070000
v 0.00087771 0.00520700 0.00070000
v 0.00088942 0.00535262 0.00070000
v 0.00094864 0.00565523 0.00070000
v 0.00091879 0.00550319 0.00070000
v 0.00088955 0.00535424 0.00070000
v 0.00098357 0.00583317 0.00070000
v 0.00103310 0.00596148 0.00070000
v 0.00109207 0.00611424 0.00070000
v 0.00114912 0.00626205 0.00070000
v 0.00115933 0.00628850 0.00070000
v 0.00122968 0.00640508 0.00070000
v 0.00131243 0.00654221 0.00070000
v 0.00139796 0.00668396 0.00070000
v 0.00141149 0.00670639 0.00070000
v 0.00150562 0.00681427 0.00070000
v 0.00162076 0.00694622 0.00070000
v 0.00172825 0.00706940 0.00070000
v 0.00198673 0.00727932 0.00070000
v 0.00185804 0.00717550 0.00070000
v 0.00173238 0.00707414 0.00070000
v 0.00211226 0.00738058 0.00070000
v 0.00226471 0.00746472 0.00070000
v 0.00241354 0.00754685 0.00070000
v 0.00253958 0.00761641 0.00070000
v 0.00256251 0.00762426 0.00070000
v 0.00272407 0.00767955 0.00070000
v 0.00288504 0.00773464 0.00070000
v 0.00300136 0.00777445 0.00070000
v 0.00304937 0.00778196 0.00070000
v 0.00321895 0.00780849 0.00070000
v 0.00338975 0.00783522 0.00070000
v 0.00348356 0.00784990 0.00070000
v 0.00356160 0.00784839 0.00070000
v 0.00373543 0.00784503 0.00070000
v 0.00390922 0.00784167 0.00070000
v 0.00397154 0.00784047 0.00070000
v 0.00442662 0.00775112 0.00070000
v 0.00425406 0.00778500 0.00070000
v 0.00408048 0.00781908 0.00070000
v 0.00445047 0.00774644 0.00070000
v 0.00459427 0.00769094 0.00070000
v 0.00475956 0.00762713 0.00070000
v 0.00490580 0.00757068 0.00070000
v 0.00492606 0.00755845 0.00070000
v 0.00507862 0.00746640 0.00070000
v 0.00523518 0.00737193 0.00070000
v 0.00532369 0.00731852 0.00070000
v 0.00538083 0.00726866 0.00070000
v 0.00551977 0.00714743 0.00070000
v 0.00565556 0.00702894 0.00070000
v 0.00569144 0.00699763 0.00070000
v 0.00597919 0.00664093 0.00070000
v 0.00586778 0.00677904 0.00070000
v 0.00576581 0.00690544 0.00070000
v 0.00599789 0.00661775 0.00070000
v 0.00606655 0.00649333 0.00070000
v 0.00614720 0.00634719 0.00070000
v 0.00623371 0.00619044 0.00070000
v 0.00628194 0.00604950 0.00070000
v 0.00633404 0.00589729 0.00070000
v 0.00639175 0.00572866 0.00070000
v 0.00641475 0.00558166 0.00070000
v 0.00644063 0.00541623 0.00070000
v 0.00646526 0.00525886 0.00070000
v 0.00646720 0.00524645 0.00070000
v 0.00646839 0.00507714 0.00070000
v 0.00646960 0.00490571 0.00070000
v 0.00645790 0.00476008 0.00070000
v 0.00645777 0.00475847 0.00070000
v 0.00642852 0.00460950 0.00070000
v 0.00639867 0.00445746 0.00070000
v 0.00636739 0.00429813 0.00070000
v 0.00636374 0.00427954 0.00070000
v 0.00631421 0.00415121 0.00070000
v 0.00625524 0.00399845 0.00070000
v 0.00619818 0.00385064 0.00070000
v 0.00618798 0.00382421 0.00070000
v 0.00611762 0.00370761 0.00070000
v 0.00603488 0.00357048 0.00070000
v 0.00561493 0.00303857 0.00070000
v 0.00572654 0.00316647 0.00070000
v 0.00584168 0.00329843 0.00070000
v 0.00523506 0.00273213 0.00070000
v 0.00536056 0.00283337 0.00070000
v 0.00548926 0.00293719 0.00070000
v 0.00508258 0.00264798 0.00070000
v 0.00493375 0.00256585 0.00070000
v 0.00480774 0.00249630 0.00070000
v 0.00478478 0.00248845 0.00070000
v 0.00462322 0.00243316 0.00070000
v 0.00446225 0.00237807 0.00070000
v 0.00434596 0.00233827 0.00070000
v 0.00429792 0.00233075 0.00070000
v 0.00412834 0.00230422 0.00070000
v 0.00395754 0.00227749 0.00070000
v 0.00386375 0.00226282 0.00070000
v 0.00378569 0.00226433 0.00070000
v 0.00361186 0.00226768 0.00070000
v 0.00343807 0.00227104 0.00070000
v 0.00337577 0.00227225 0.00070000
v 0.00326681 0.00229364 0.00070000
v 0.00309323 0.00232772 0.00070000
v 0.00275303 0.00242179 0.00070000
v 0.00258773 0.00248559 0.00070000
v 0.00244152 0.00254203 0.00070000
v 0.00242123 0.00255427 0.00070000
v 0.00226867 0.00264633 0.00070000
v 0.00211211 0.00274080 0.00070000
v 0.00202363 0.00279419 0.00070000
v 0.00196647 0.00284407 0.00070000
v 0.00182752 0.00296531 0.00070000
v 0.00169174 0.00308379 0.00070000
v 0.00165587 0.00311508 0.00070000
v 0.00158148 0.00320730 0.00070000
v 0.00147952 0.00333370 0.00070000
v 0.00617089 0.00618175 0.00093169
v 0.00339129 0.00781669 0.00081558
v 0.00288957 0.00771800 0.00081558
v 0.00606069 0.00492774 0.00147401
v 0.00606711 0.00492740 0.00146739
v 0.00606791 0.00523011 0.00147090
v 0.00610188 0.00632380 0.00093169
v 0.00579150 0.00671932 0.00104700
v 0.00574645 0.00668394 0.00116008
v 0.00584547 0.00654924 0.00116008
v 0.00558199 0.00695608 0.00104700
v 0.00554140 0.00691567 0.00116008
v 0.00564859 0.00680139 0.00116008
v 0.00456218 0.00759825 0.00104700
v 0.00457749 0.00764204 0.00093169
v 0.00441063 0.00769445 0.00093169
v 0.00390719 0.00782125 0.00081558
v 0.00372679 0.00745631 0.00147090
v 0.00372464 0.00735919 0.00156025
v 0.00400952 0.00733513 0.00156025
v 0.00158229 0.00675250 0.00104700
v 0.00154626 0.00678171 0.00093169
v 0.00144564 0.00664965 0.00093169
v 0.00130412 0.00544095 0.00147090
v 0.00140002 0.00542539 0.00156025
v 0.00145639 0.00568034 0.00156025
v 0.00206546 0.00514300 0.00187994
v 0.00206726 0.00514291 0.00188009
v 0.00208570 0.00531410 0.00188024
v 0.00149095 0.00517396 0.00164290
v 0.00159648 0.00516827 0.00171447
v 0.00161333 0.00539077 0.00171046
v 0.00208431 0.00514199 0.00188151
v 0.00119630 0.00518983 0.00137697
v 0.00127902 0.00518538 0.00146870
v 0.00111351 0.00519429 0.00126718
v 0.00111701 0.00519411 0.00127263
v 0.00113948 0.00546768 0.00126941
v 0.00115348 0.00519214 0.00132949
v 0.00119104 0.00519012 0.00137114
v 0.00121697 0.00545510 0.00137351
v 0.00099606 0.00534127 0.00104700
v 0.00099046 0.00520092 0.00104867
v 0.00102608 0.00519901 0.00113090
v 0.00096994 0.00549519 0.00093169
v 0.00094994 0.00534618 0.00093169
v 0.00101573 0.00548776 0.00104700
v 0.00107227 0.00547858 0.00116008
v 0.00105302 0.00533521 0.00116008
v 0.00104400 0.00519804 0.00115882
v 0.00104676 0.00519789 0.00116312
v 0.00172796 0.00537216 0.00176971
v 0.00170755 0.00516229 0.00176488
v 0.00172051 0.00516159 0.00177077
v 0.00139448 0.00517916 0.00157747
v 0.00148114 0.00517449 0.00163624
v 0.00150353 0.00540859 0.00164042
v 0.00182213 0.00515611 0.00181689
v 0.00184592 0.00535301 0.00181779
v 0.00196294 0.00514853 0.00185337
v 0.00099836 0.00564408 0.00093169
v 0.00104366 0.00563413 0.00104700
v 0.00108163 0.00578581 0.00104700
v 0.00120231 0.00575184 0.00126941
v 0.00113677 0.00577029 0.00116008
v 0.00118072 0.00591120 0.00116008
v 0.00109961 0.00562184 0.00116008
v 0.00212507 0.00549216 0.00188024
v 0.00103698 0.00579837 0.00093169
v 0.00112654 0.00592978 0.00104700
v 0.00123496 0.00605547 0.00116008
v 0.00129796 0.00602966 0.00126941
v 0.00118195 0.00607719 0.00104700
v 0.00129545 0.00619197 0.00116008
v 0.00124376 0.00621666 0.00104700
v 0.00136642 0.00632998 0.00116008
v 0.00131626 0.00635766 0.00104700
v 0.00108266 0.00594483 0.00093169
v 0.00113903 0.00609478 0.00093169
v 0.00120190 0.00623664 0.00093169
v 0.00127566 0.00638008 0.00093169
v 0.00142602 0.00629708 0.00126941
v 0.00158535 0.00654975 0.00126941
v 0.00152997 0.00658935 0.00116008
v 0.00162678 0.00671641 0.00116008
v 0.00148337 0.00662267 0.00104700
v 0.00173457 0.00684113 0.00116008
v 0.00178466 0.00679502 0.00126941
v 0.00218500 0.00566625 0.00188024
v 0.00226525 0.00583381 0.00188024
v 0.00236509 0.00599214 0.00188024
v 0.00248998 0.00614583 0.00188024
v 0.00189173 0.00713660 0.00093169
v 0.00177016 0.00702597 0.00093169
v 0.00169242 0.00687992 0.00104700
v 0.00184221 0.00695142 0.00116008
v 0.00180240 0.00699261 0.00104700
v 0.00195917 0.00705786 0.00116008
v 0.00192191 0.00710137 0.00104700
v 0.00208031 0.00715558 0.00116008
v 0.00204568 0.00720121 0.00104700
v 0.00165829 0.00691133 0.00093169
v 0.00200347 0.00700616 0.00126941
v 0.00224768 0.00719127 0.00126941
v 0.00220986 0.00724788 0.00116008
v 0.00262709 0.00627813 0.00188024
v 0.00278012 0.00639413 0.00188024
v 0.00294719 0.00649173 0.00188024
v 0.00136287 0.00570666 0.00147090
v 0.00154221 0.00592960 0.00156025
v 0.00145231 0.00596643 0.00147090
v 0.00165710 0.00616952 0.00156025
v 0.00157205 0.00621647 0.00147090
v 0.00180005 0.00639621 0.00156025
v 0.00172102 0.00645272 0.00147090
v 0.00197887 0.00661627 0.00156025
v 0.00190739 0.00668206 0.00147090
v 0.00217518 0.00680570 0.00156025
v 0.00211198 0.00687948 0.00147090
v 0.00239429 0.00697178 0.00156025
v 0.00234033 0.00705256 0.00147090
v 0.00263351 0.00711152 0.00156025
v 0.00258964 0.00719821 0.00147090
v 0.00288977 0.00722226 0.00156025
v 0.00285670 0.00731361 0.00147090
v 0.00127789 0.00573058 0.00137351
v 0.00137061 0.00599990 0.00137351
v 0.00149476 0.00625913 0.00137351
v 0.00164921 0.00650408 0.00137351
v 0.00184243 0.00674185 0.00137351
v 0.00205454 0.00694653 0.00137351
v 0.00229129 0.00712598 0.00137351
v 0.00254977 0.00727698 0.00137351
v 0.00251432 0.00734703 0.00126941
v 0.00282666 0.00739663 0.00137351
v 0.00279994 0.00747046 0.00126941
v 0.00217805 0.00729552 0.00104700
v 0.00234308 0.00733123 0.00116008
v 0.00231415 0.00738068 0.00104700
v 0.00248357 0.00740778 0.00116008
v 0.00245770 0.00745889 0.00104700
v 0.00262720 0.00747512 0.00116008
v 0.00260446 0.00752770 0.00104700
v 0.00201763 0.00723815 0.00093169
v 0.00215228 0.00733409 0.00093169
v 0.00229074 0.00742071 0.00093169
v 0.00243676 0.00750027 0.00093169
v 0.00258604 0.00757027 0.00093169
v 0.00306237 0.00772637 0.00093169
v 0.00305442 0.00776111 0.00081558
v 0.00289965 0.00768382 0.00093169
v 0.00274149 0.00763196 0.00093169
v 0.00291275 0.00763933 0.00104700
v 0.00275727 0.00758834 0.00104700
v 0.00292894 0.00758438 0.00116008
v 0.00277677 0.00753448 0.00116008
v 0.00307272 0.00768116 0.00104700
v 0.00308551 0.00762532 0.00116008
v 0.00322143 0.00779399 0.00081558
v 0.00339492 0.00778123 0.00093169
v 0.00322724 0.00775883 0.00093169
v 0.00339964 0.00773509 0.00104700
v 0.00323480 0.00771307 0.00104700
v 0.00340547 0.00767810 0.00116008
v 0.00324414 0.00765655 0.00116008
v 0.00310070 0.00755895 0.00126941
v 0.00312617 0.00656907 0.00188024
v 0.00331463 0.00662453 0.00188024
v 0.00350995 0.00665675 0.00188024
v 0.00373507 0.00783041 0.00081558
v 0.00356272 0.00782887 0.00081558
v 0.00373428 0.00779478 0.00093169
v 0.00356414 0.00779326 0.00093169
v 0.00373326 0.00774841 0.00104700
v 0.00356600 0.00774692 0.00104700
v 0.00373199 0.00769114 0.00116008
v 0.00356829 0.00768968 0.00116008
v 0.00341240 0.00761037 0.00126941
v 0.00372874 0.00754458 0.00137351
v 0.00402368 0.00743125 0.00147090
v 0.00390419 0.00778574 0.00093169
v 0.00390029 0.00773952 0.00104700
v 0.00406628 0.00772029 0.00104700
v 0.00405793 0.00766362 0.00116008
v 0.00422182 0.00763415 0.00116008
v 0.00407824 0.00780144 0.00081558
v 0.00373048 0.00762307 0.00126941
v 0.00404800 0.00759626 0.00126941
v 0.00389546 0.00768243 0.00116008
v 0.00390823 0.00664791 0.00188024
v 0.00425079 0.00777041 0.00081558
v 0.00442021 0.00772877 0.00081558
v 0.00407305 0.00776618 0.00093169
v 0.00423373 0.00769018 0.00104700
v 0.00438273 0.00759460 0.00116008
v 0.00436441 0.00752903 0.00126941
v 0.00473921 0.00757970 0.00093169
v 0.00472117 0.00753697 0.00104700
v 0.00469888 0.00748419 0.00116008
v 0.00458925 0.00767568 0.00081558
v 0.00475308 0.00761253 0.00081558
v 0.00424338 0.00773555 0.00093169
v 0.00439815 0.00764978 0.00104700
v 0.00454328 0.00754418 0.00116008
v 0.00467240 0.00742147 0.00126941
v 0.00507123 0.00745342 0.00081558
v 0.00491577 0.00753755 0.00081558
v 0.00505329 0.00742264 0.00093169
v 0.00489982 0.00750568 0.00093169
v 0.00502992 0.00738257 0.00104700
v 0.00487905 0.00746420 0.00104700
v 0.00500107 0.00733308 0.00116008
v 0.00485341 0.00741298 0.00116008
v 0.00410650 0.00660578 0.00188024
v 0.00429949 0.00653838 0.00188024
v 0.00448395 0.00644613 0.00188024
v 0.00496678 0.00727426 0.00126941
v 0.00524235 0.00708871 0.00126941
v 0.00514686 0.00724157 0.00116008
v 0.00528395 0.00714261 0.00116008
v 0.00517888 0.00728907 0.00104700
v 0.00545574 0.00707499 0.00104700
v 0.00548644 0.00710976 0.00093169
v 0.00534730 0.00722467 0.00093169
v 0.00536907 0.00725288 0.00081558
v 0.00522473 0.00735708 0.00081558
v 0.00520481 0.00732753 0.00093169
v 0.00531895 0.00718795 0.00104700
v 0.00541783 0.00703205 0.00116008
v 0.00549314 0.00686763 0.00126941
v 0.00465663 0.00632986 0.00188024
v 0.00481378 0.00619133 0.00188024
v 0.00569151 0.00683932 0.00104700
v 0.00572627 0.00687003 0.00093169
v 0.00561487 0.00698881 0.00093169
v 0.00564012 0.00701395 0.00081558
v 0.00551003 0.00713648 0.00081558
v 0.00569290 0.00664189 0.00126941
v 0.00513001 0.00619990 0.00181779
v 0.00498594 0.00636271 0.00181779
v 0.00489997 0.00627713 0.00185457
v 0.00480506 0.00652216 0.00181779
v 0.00473094 0.00642614 0.00185457
v 0.00460630 0.00665599 0.00181779
v 0.00454520 0.00655120 0.00185457
v 0.00439398 0.00676216 0.00181779
v 0.00434679 0.00665041 0.00185457
v 0.00417186 0.00683974 0.00181779
v 0.00413922 0.00672291 0.00185457
v 0.00394365 0.00688823 0.00181779
v 0.00392596 0.00676822 0.00185457
v 0.00371464 0.00690756 0.00181779
v 0.00370927 0.00666471 0.00188024
v 0.00348523 0.00689840 0.00181779
v 0.00326042 0.00686132 0.00181779
v 0.00304350 0.00679749 0.00181779
v 0.00283750 0.00670847 0.00181779
v 0.00264519 0.00659613 0.00181779
v 0.00246906 0.00646262 0.00181779
v 0.00231125 0.00631034 0.00181779
v 0.00216749 0.00613344 0.00181779
v 0.00205258 0.00595121 0.00181779
v 0.00196022 0.00575834 0.00181779
v 0.00189124 0.00555797 0.00181779
v 0.00587479 0.00637783 0.00126941
v 0.00589268 0.00658169 0.00104700
v 0.00593316 0.00641288 0.00116008
v 0.00598227 0.00644236 0.00104700
v 0.00600997 0.00627583 0.00116008
v 0.00606076 0.00630233 0.00104700
v 0.00607637 0.00613916 0.00116008
v 0.00612860 0.00616269 0.00104700
v 0.00582798 0.00674796 0.00093169
v 0.00593091 0.00660797 0.00093169
v 0.00602204 0.00646624 0.00093169
v 0.00601430 0.00611118 0.00126941
v 0.00612155 0.00583035 0.00126941
v 0.00613669 0.00599388 0.00116008
v 0.00618647 0.00585087 0.00116008
v 0.00619023 0.00601426 0.00104700
v 0.00493895 0.00604988 0.00188024
v 0.00505292 0.00588442 0.00188024
v 0.00514035 0.00571733 0.00188024
v 0.00520755 0.00554135 0.00188024
v 0.00623358 0.00603076 0.00093169
v 0.00624109 0.00586814 0.00104700
v 0.00622944 0.00569937 0.00116008
v 0.00619517 0.00553929 0.00126941
v 0.00628499 0.00571335 0.00104700
v 0.00626204 0.00555209 0.00116008
v 0.00631830 0.00556287 0.00104700
v 0.00628705 0.00539649 0.00116008
v 0.00634385 0.00540388 0.00104700
v 0.00630217 0.00524712 0.00116008
v 0.00635931 0.00525126 0.00104700
v 0.00644111 0.00525720 0.00081558
v 0.00640557 0.00525462 0.00093169
v 0.00628532 0.00588213 0.00093169
v 0.00632998 0.00572466 0.00093169
v 0.00636386 0.00557160 0.00093169
v 0.00638985 0.00540987 0.00093169
v 0.00177621 0.00559034 0.00176971
v 0.00184965 0.00580364 0.00176971
v 0.00194797 0.00600896 0.00176971
v 0.00207030 0.00620295 0.00176971
v 0.00222332 0.00639127 0.00176971
v 0.00239132 0.00655337 0.00176971
v 0.00257882 0.00669550 0.00176971
v 0.00278354 0.00681509 0.00176971
v 0.00300283 0.00690985 0.00176971
v 0.00323375 0.00697780 0.00176971
v 0.00347307 0.00701728 0.00176971
v 0.00371729 0.00702703 0.00176971
v 0.00396107 0.00700644 0.00176971
v 0.00420401 0.00695482 0.00176971
v 0.00444047 0.00687225 0.00176971
v 0.00466649 0.00675922 0.00176971
v 0.00487807 0.00661676 0.00176971
v 0.00507062 0.00644702 0.00176971
v 0.00522399 0.00627370 0.00176971
v 0.00526119 0.00600945 0.00181779
v 0.00536364 0.00607096 0.00176971
v 0.00536181 0.00581713 0.00181779
v 0.00547075 0.00586623 0.00176971
v 0.00543917 0.00561459 0.00181779
v 0.00555310 0.00565061 0.00176971
v 0.00549226 0.00540466 0.00181779
v 0.00560963 0.00542714 0.00176971
v 0.00552046 0.00519038 0.00181779
v 0.00563964 0.00519903 0.00176971
v 0.00166441 0.00562180 0.00171046
v 0.00155733 0.00565193 0.00164042
v 0.00174218 0.00584767 0.00171046
v 0.00163924 0.00588984 0.00164042
v 0.00184629 0.00606508 0.00171046
v 0.00174891 0.00611884 0.00164042
v 0.00197583 0.00627051 0.00171046
v 0.00188534 0.00633521 0.00164042
v 0.00213787 0.00646992 0.00171046
v 0.00205603 0.00654525 0.00164042
v 0.00231576 0.00664158 0.00171046
v 0.00224340 0.00672606 0.00164042
v 0.00251432 0.00679207 0.00171046
v 0.00245253 0.00688458 0.00164042
v 0.00273109 0.00691871 0.00171046
v 0.00268086 0.00701796 0.00164042
v 0.00296331 0.00701906 0.00171046
v 0.00292545 0.00712366 0.00164042
v 0.00320784 0.00709101 0.00171046
v 0.00318301 0.00719944 0.00164042
v 0.00346125 0.00713281 0.00171046
v 0.00344993 0.00724347 0.00164042
v 0.00371986 0.00714314 0.00171046
v 0.00372232 0.00725435 0.00164042
v 0.00397801 0.00712134 0.00171046
v 0.00399423 0.00723139 0.00164042
v 0.00423525 0.00706668 0.00171046
v 0.00426518 0.00717382 0.00164042
v 0.00448565 0.00697923 0.00171046
v 0.00452892 0.00708171 0.00164042
v 0.00472498 0.00685955 0.00171046
v 0.00478101 0.00695565 0.00164042
v 0.00494903 0.00670869 0.00171046
v 0.00501700 0.00679675 0.00164042
v 0.00515293 0.00652895 0.00171046
v 0.00523177 0.00660743 0.00164042
v 0.00531533 0.00634542 0.00171046
v 0.00540282 0.00641412 0.00164042
v 0.00546321 0.00613074 0.00171046
v 0.00555858 0.00618799 0.00164042
v 0.00557664 0.00591395 0.00171046
v 0.00567805 0.00595965 0.00164042
v 0.00566384 0.00568562 0.00171046
v 0.00576990 0.00571916 0.00164042
v 0.00572369 0.00544899 0.00171046
v 0.00583294 0.00546991 0.00164042
v 0.00575548 0.00520744 0.00171046
v 0.00586642 0.00521549 0.00164042
v 0.00525368 0.00535897 0.00188024
v 0.00527818 0.00517280 0.00188024
v 0.00539948 0.00518160 0.00185457
v 0.00596503 0.00493290 0.00156631
v 0.00597324 0.00493246 0.00155966
v 0.00597101 0.00522308 0.00156025
v 0.00599427 0.00493132 0.00154265
v 0.00429340 0.00727481 0.00156025
v 0.00431954 0.00736838 0.00147090
v 0.00456972 0.00717831 0.00156025
v 0.00460751 0.00726781 0.00147090
v 0.00483383 0.00704624 0.00156025
v 0.00488276 0.00713016 0.00147090
v 0.00508107 0.00687976 0.00156025
v 0.00514043 0.00695667 0.00147090
v 0.00530608 0.00668141 0.00156025
v 0.00537493 0.00674996 0.00147090
v 0.00548530 0.00647888 0.00156025
v 0.00556171 0.00653888 0.00147090
v 0.00564849 0.00624197 0.00156025
v 0.00573178 0.00629197 0.00147090
v 0.00577366 0.00600273 0.00156025
v 0.00586223 0.00604265 0.00147090
v 0.00586988 0.00575077 0.00156025
v 0.00596251 0.00578006 0.00147090
v 0.00593593 0.00548964 0.00156025
v 0.00603135 0.00550791 0.00147090
v 0.00615596 0.00523650 0.00137351
v 0.00616406 0.00492218 0.00136721
v 0.00622925 0.00491866 0.00127177
v 0.00623427 0.00524219 0.00126941
v 0.00611806 0.00552452 0.00137351
v 0.00604670 0.00580668 0.00137351
v 0.00594272 0.00607892 0.00137351
v 0.00580747 0.00633742 0.00137351
v 0.00563115 0.00659340 0.00137351
v 0.00543750 0.00681224 0.00137351
v 0.00519438 0.00702656 0.00137351
v 0.00492723 0.00720644 0.00137351
v 0.00464185 0.00734915 0.00137351
v 0.00434329 0.00745341 0.00137351
v 0.00403656 0.00751859 0.00137351
v 0.00630901 0.00507596 0.00116008
v 0.00630506 0.00491458 0.00115998
v 0.00635595 0.00491184 0.00104817
v 0.00636630 0.00507638 0.00104700
v 0.00635751 0.00491175 0.00104474
v 0.00641268 0.00507673 0.00093169
v 0.00643953 0.00490733 0.00081430
v 0.00644832 0.00507699 0.00081558
v 0.00640818 0.00490902 0.00093340
v 0.00640792 0.00490904 0.00093398
v 0.00623291 0.00491847 0.00126642
v 0.00630259 0.00491471 0.00116442
v 0.00630394 0.00491464 0.00116244
v 0.00526311 0.00497072 0.00188282
v 0.00526497 0.00497062 0.00188268
v 0.00552174 0.00495678 0.00181564
v 0.00562723 0.00495110 0.00177140
v 0.00564036 0.00495039 0.00176590
v 0.00570858 0.00494672 0.00173729
v 0.00574499 0.00494475 0.00171442
v 0.00527980 0.00496982 0.00187912
v 0.00538462 0.00496417 0.00185400
v 0.00540046 0.00496332 0.00185020
v 0.00549117 0.00495843 0.00182846
v 0.00090742 0.00520540 0.00081566
v 0.00093351 0.00520399 0.00091722
v 0.00093958 0.00520367 0.00093123
v 0.00098896 0.00520101 0.00104521
v 0.00128519 0.00518504 0.00147554
v 0.00131295 0.00518355 0.00150632
v 0.00137410 0.00518025 0.00155968
v 0.00135527 0.00651503 0.00093169
v 0.00139453 0.00649033 0.00104700
v 0.00144302 0.00645983 0.00116008
v 0.00163207 0.00693547 0.00081558
v 0.00151859 0.00680416 0.00081558
v 0.00311822 0.00748242 0.00137351
v 0.00313793 0.00739636 0.00147090
v 0.00315961 0.00730166 0.00156025
v 0.00342039 0.00753227 0.00137351
v 0.00342937 0.00744444 0.00147090
v 0.00343926 0.00734779 0.00156025
v 0.00585601 0.00676997 0.00081558
v 0.00596027 0.00662815 0.00081558
v 0.00605259 0.00648458 0.00081558
v 0.00575606 0.00494416 0.00170747
v 0.00585724 0.00493871 0.00164394
v 0.00586726 0.00493817 0.00163764
v 0.00591015 0.00493586 0.00161071
v 0.00429383 0.00383477 0.00190000
v 0.00439804 0.00389352 0.00190000
v 0.00431847 0.00385302 0.00190000
v 0.00434311 0.00387127 0.00190000
v 0.00502155 0.00483747 0.00190000
v 0.00443297 0.00391929 0.00190000
v 0.00457049 0.00402069 0.00190000
v 0.00439348 0.00398121 0.00190000
v 0.00438804 0.00395093 0.00190000
v 0.00437761 0.00392197 0.00190000
v 0.00436249 0.00389517 0.00190000
v 0.00501015 0.00475521 0.00190000
v 0.00486989 0.00439583 0.00190000
v 0.00484537 0.00434643 0.00190000
v 0.00478464 0.00426186 0.00190000
v 0.00472081 0.00417297 0.00190000
v 0.00498890 0.00468630 0.00190000
v 0.00494759 0.00455238 0.00190000
v 0.00467928 0.00413090 0.00190000
v 0.00439379 0.00401198 0.00190000
v 0.00315317 0.00392990 0.00190000
v 0.00323292 0.00399484 0.00190000
v 0.00332219 0.00404591 0.00190000
v 0.00341859 0.00408173 0.00190000
v 0.00351955 0.00410135 0.00190000
v 0.00362236 0.00410424 0.00190000
v 0.00372426 0.00409032 0.00190000
v 0.00382252 0.00405997 0.00190000
v 0.00391452 0.00401400 0.00190000
v 0.00399779 0.00395363 0.00190000
v 0.00407010 0.00388050 0.00190000
v 0.00259433 0.00250048 0.00081674
v 0.00395597 0.00229633 0.00081674
v 0.00110770 0.00424506 0.00105043
v 0.00116324 0.00426262 0.00116453
v 0.00112031 0.00441398 0.00116453
v 0.00122013 0.00395069 0.00105043
v 0.00127323 0.00397461 0.00116453
v 0.00121297 0.00411975 0.00116453
v 0.00189258 0.00303891 0.00105043
v 0.00186140 0.00300358 0.00093401
v 0.00200050 0.00288871 0.00093401
v 0.00311388 0.00242406 0.00105043
v 0.00310408 0.00237797 0.00093401
v 0.00327436 0.00234735 0.00093401
v 0.00361407 0.00236586 0.00105043
v 0.00361536 0.00242409 0.00116453
v 0.00345204 0.00243279 0.00116453
v 0.00393452 0.00250600 0.00127476
v 0.00392639 0.00258544 0.00137955
v 0.00361866 0.00257316 0.00137955
v 0.00391726 0.00267476 0.00147743
v 0.00390721 0.00277300 0.00156702
v 0.00362283 0.00276165 0.00156702
v 0.00445763 0.00239499 0.00081674
v 0.00554381 0.00312120 0.00105043
v 0.00550334 0.00316308 0.00116453
v 0.00538649 0.00305675 0.00116453
v 0.00562097 0.00366377 0.00147743
v 0.00554065 0.00372121 0.00156702
v 0.00536246 0.00350193 0.00156702
v 0.00617729 0.00386082 0.00081674
v 0.00536604 0.00478165 0.00185853
v 0.00620420 0.00464561 0.00127476
v 0.00639656 0.00476661 0.00093401
v 0.00484484 0.00397836 0.00188296
v 0.00470918 0.00384746 0.00188296
v 0.00455776 0.00373269 0.00188296
v 0.00439245 0.00363611 0.00188296
v 0.00429218 0.00383425 0.00190000
v 0.00496842 0.00413043 0.00188296
v 0.00506720 0.00428709 0.00188296
v 0.00514660 0.00445289 0.00188296
v 0.00520591 0.00462514 0.00188296
v 0.00524487 0.00480132 0.00188296
v 0.00222244 0.00440237 0.00188296
v 0.00215594 0.00457649 0.00188296
v 0.00211030 0.00475695 0.00188296
v 0.00208606 0.00494115 0.00188296
v 0.00230893 0.00423705 0.00188296
v 0.00242170 0.00407332 0.00188296
v 0.00254555 0.00393336 0.00188296
v 0.00270104 0.00379629 0.00188296
v 0.00298114 0.00388209 0.00190000
v 0.00295356 0.00389524 0.00190000
v 0.00287190 0.00368125 0.00188296
v 0.00305442 0.00358997 0.00188296
v 0.00300664 0.00386993 0.00190000
v 0.00298725 0.00387918 0.00190000
v 0.00353472 0.00369340 0.00190000
v 0.00347456 0.00370461 0.00190000
v 0.00344155 0.00348160 0.00188296
v 0.00331262 0.00373477 0.00190000
v 0.00324537 0.00352328 0.00188296
v 0.00314162 0.00379682 0.00190000
v 0.00310313 0.00381079 0.00190000
v 0.00364341 0.00369146 0.00190000
v 0.00363841 0.00346497 0.00188296
v 0.00376384 0.00368931 0.00190000
v 0.00383563 0.00347284 0.00188296
v 0.00381257 0.00369672 0.00190000
v 0.00402888 0.00350472 0.00188296
v 0.00399358 0.00372422 0.00190000
v 0.00421536 0.00355959 0.00188296
v 0.00413634 0.00377776 0.00190000
v 0.00426456 0.00382565 0.00190000
v 0.00423528 0.00381653 0.00190000
v 0.00420934 0.00380513 0.00190000
v 0.00593928 0.00468861 0.00156702
v 0.00603675 0.00467279 0.00147743
v 0.00612537 0.00465840 0.00137955
v 0.00629179 0.00477776 0.00116453
v 0.00637656 0.00461763 0.00093401
v 0.00633005 0.00462518 0.00105043
v 0.00634970 0.00477160 0.00105043
v 0.00627256 0.00463451 0.00116453
v 0.00560651 0.00474262 0.00177555
v 0.00572272 0.00472376 0.00171688
v 0.00548709 0.00476200 0.00182280
v 0.00634434 0.00430475 0.00081674
v 0.00638346 0.00446103 0.00081674
v 0.00630954 0.00431454 0.00093401
v 0.00634815 0.00446878 0.00093401
v 0.00626418 0.00432731 0.00105043
v 0.00630213 0.00447890 0.00105043
v 0.00620811 0.00434308 0.00116453
v 0.00624524 0.00449139 0.00116453
v 0.00624097 0.00400452 0.00081674
v 0.00629807 0.00415640 0.00081674
v 0.00620752 0.00401823 0.00093401
v 0.00626387 0.00416813 0.00093401
v 0.00616391 0.00403609 0.00105043
v 0.00621930 0.00418341 0.00105043
v 0.00611002 0.00405817 0.00116453
v 0.00616420 0.00420231 0.00116453
v 0.00614145 0.00436185 0.00127476
v 0.00610258 0.00371554 0.00081674
v 0.00607093 0.00373301 0.00093401
v 0.00614466 0.00387640 0.00093401
v 0.00602968 0.00375578 0.00105043
v 0.00610214 0.00389671 0.00105043
v 0.00597869 0.00378393 0.00116453
v 0.00604958 0.00392180 0.00116453
v 0.00604594 0.00408443 0.00127476
v 0.00568309 0.00394710 0.00156702
v 0.00576954 0.00389938 0.00147743
v 0.00584815 0.00385599 0.00137955
v 0.00575896 0.00356509 0.00127476
v 0.00571856 0.00339787 0.00116453
v 0.00581529 0.00352481 0.00116453
v 0.00586266 0.00349093 0.00105043
v 0.00595145 0.00362319 0.00105043
v 0.00599134 0.00359810 0.00093401
v 0.00591806 0.00381740 0.00127476
v 0.00569400 0.00361154 0.00137955
v 0.00543511 0.00343506 0.00147743
v 0.00516684 0.00331317 0.00156702
v 0.00528948 0.00316999 0.00137955
v 0.00534144 0.00310934 0.00127476
v 0.00555993 0.00332017 0.00127476
v 0.00590216 0.00365421 0.00116453
v 0.00550117 0.00337425 0.00137955
v 0.00523108 0.00323818 0.00147743
v 0.00494850 0.00314768 0.00156702
v 0.00565374 0.00323383 0.00105043
v 0.00568841 0.00320192 0.00093401
v 0.00580040 0.00333150 0.00093401
v 0.00582848 0.00330872 0.00081674
v 0.00593040 0.00344249 0.00081674
v 0.00561088 0.00327327 0.00116453
v 0.00576380 0.00336118 0.00105043
v 0.00590099 0.00346352 0.00093401
v 0.00602194 0.00357884 0.00081674
v 0.00509757 0.00292449 0.00127476
v 0.00505321 0.00299090 0.00137955
v 0.00500335 0.00306556 0.00147743
v 0.00542438 0.00301251 0.00105043
v 0.00526547 0.00295913 0.00116453
v 0.00530068 0.00291273 0.00105043
v 0.00513603 0.00286691 0.00116453
v 0.00516838 0.00281848 0.00105043
v 0.00500295 0.00278365 0.00116453
v 0.00503235 0.00273337 0.00105043
v 0.00571501 0.00317743 0.00081674
v 0.00557656 0.00308732 0.00093401
v 0.00560169 0.00306132 0.00081674
v 0.00545503 0.00297672 0.00093401
v 0.00547855 0.00294927 0.00081674
v 0.00532917 0.00287520 0.00093401
v 0.00535103 0.00284640 0.00081674
v 0.00519455 0.00277929 0.00093401
v 0.00521464 0.00274922 0.00081674
v 0.00505614 0.00269270 0.00093401
v 0.00507440 0.00266149 0.00081674
v 0.00492649 0.00258090 0.00081674
v 0.00491016 0.00261316 0.00093401
v 0.00488889 0.00265520 0.00105043
v 0.00486259 0.00270717 0.00116453
v 0.00461783 0.00244752 0.00081674
v 0.00477528 0.00251001 0.00081674
v 0.00460552 0.00248152 0.00093401
v 0.00476093 0.00254319 0.00093401
v 0.00458949 0.00252583 0.00105043
v 0.00474222 0.00258644 0.00105043
v 0.00456967 0.00258060 0.00116453
v 0.00471909 0.00263989 0.00116453
v 0.00483132 0.00276896 0.00127476
v 0.00429280 0.00235189 0.00081674
v 0.00428473 0.00238713 0.00093401
v 0.00444741 0.00242967 0.00093401
v 0.00427422 0.00243307 0.00105043
v 0.00443410 0.00247488 0.00105043
v 0.00426122 0.00248984 0.00116453
v 0.00441764 0.00253074 0.00116453
v 0.00454610 0.00264571 0.00127476
v 0.00412581 0.00231902 0.00081674
v 0.00395229 0.00233229 0.00093401
v 0.00411991 0.00235469 0.00093401
v 0.00394749 0.00237917 0.00105043
v 0.00411223 0.00240118 0.00105043
v 0.00394157 0.00243711 0.00116453
v 0.00410274 0.00245864 0.00116453
v 0.00424577 0.00255735 0.00127476
v 0.00362065 0.00266292 0.00147743
v 0.00377890 0.00242555 0.00116453
v 0.00378123 0.00236735 0.00105043
v 0.00378311 0.00232027 0.00093401
v 0.00378456 0.00228414 0.00081674
v 0.00361302 0.00231875 0.00093401
v 0.00344714 0.00237475 0.00105043
v 0.00328973 0.00245159 0.00116453
v 0.00361689 0.00249332 0.00127476
v 0.00329982 0.00252010 0.00127476
v 0.00293689 0.00241906 0.00093401
v 0.00294956 0.00246445 0.00105043
v 0.00296524 0.00252054 0.00116453
v 0.00344013 0.00229177 0.00081674
v 0.00326909 0.00231158 0.00081674
v 0.00309656 0.00234261 0.00081674
v 0.00292716 0.00238424 0.00081674
v 0.00361222 0.00228261 0.00081674
v 0.00344317 0.00232780 0.00093401
v 0.00328123 0.00239397 0.00105043
v 0.00312599 0.00248103 0.00116453
v 0.00298387 0.00258724 0.00127476
v 0.00275815 0.00243733 0.00081674
v 0.00260840 0.00253378 0.00093401
v 0.00277008 0.00247146 0.00093401
v 0.00262673 0.00257719 0.00105043
v 0.00278563 0.00251594 0.00105043
v 0.00264939 0.00263085 0.00116453
v 0.00280484 0.00257092 0.00116453
v 0.00244784 0.00260778 0.00093401
v 0.00246894 0.00264991 0.00105043
v 0.00231816 0.00273151 0.00105043
v 0.00234749 0.00278182 0.00116453
v 0.00220184 0.00287324 0.00116453
v 0.00267633 0.00269464 0.00127476
v 0.00238237 0.00284164 0.00127476
v 0.00249501 0.00270200 0.00116453
v 0.00243166 0.00257545 0.00081674
v 0.00229442 0.00269080 0.00093401
v 0.00216928 0.00282495 0.00105043
v 0.00206488 0.00297212 0.00116453
v 0.00210719 0.00302693 0.00127476
v 0.00173301 0.00312451 0.00093401
v 0.00176641 0.00315775 0.00105043
v 0.00180768 0.00319884 0.00116453
v 0.00212273 0.00275590 0.00081674
v 0.00197841 0.00286009 0.00081674
v 0.00183747 0.00297648 0.00081674
v 0.00170739 0.00309900 0.00081674
v 0.00227621 0.00265957 0.00081674
v 0.00214294 0.00278588 0.00093401
v 0.00202929 0.00292601 0.00105043
v 0.00193113 0.00308257 0.00116453
v 0.00185676 0.00324770 0.00127476
v 0.00149152 0.00334295 0.00081674
v 0.00159455 0.00321930 0.00081674
v 0.00151996 0.00336528 0.00093401
v 0.00162164 0.00324324 0.00093401
v 0.00155702 0.00339438 0.00105043
v 0.00165695 0.00327445 0.00105043
v 0.00160283 0.00343035 0.00116453
v 0.00170060 0.00331301 0.00116453
v 0.00165730 0.00347311 0.00127476
v 0.00147567 0.00373680 0.00127476
v 0.00150390 0.00356492 0.00116453
v 0.00141630 0.00370115 0.00116453
v 0.00145590 0.00353193 0.00105043
v 0.00128793 0.00381112 0.00105043
v 0.00124615 0.00378932 0.00093401
v 0.00132597 0.00364692 0.00093401
v 0.00129497 0.00362831 0.00081674
v 0.00138728 0.00348476 0.00081674
v 0.00141707 0.00350523 0.00093401
v 0.00136637 0.00367118 0.00105043
v 0.00133956 0.00383807 0.00116453
v 0.00133636 0.00400307 0.00127476
v 0.00115854 0.00409903 0.00105043
v 0.00111450 0.00408227 0.00093401
v 0.00117717 0.00393132 0.00093401
v 0.00114421 0.00391647 0.00081674
v 0.00121410 0.00377259 0.00081674
v 0.00106277 0.00423086 0.00093401
v 0.00102830 0.00421996 0.00081674
v 0.00108071 0.00406941 0.00081674
v 0.00122927 0.00428350 0.00127476
v 0.00101813 0.00438828 0.00093401
v 0.00106383 0.00439977 0.00105043
v 0.00103054 0.00455016 0.00105043
v 0.00108774 0.00456112 0.00116453
v 0.00106276 0.00471657 0.00116453
v 0.00098307 0.00437946 0.00081674
v 0.00115576 0.00457414 0.00127476
v 0.00333896 0.00278562 0.00156702
v 0.00332456 0.00268792 0.00147743
v 0.00305608 0.00284573 0.00156702
v 0.00302951 0.00275062 0.00147743
v 0.00278074 0.00294189 0.00156702
v 0.00274232 0.00285092 0.00147743
v 0.00251756 0.00307350 0.00156702
v 0.00246782 0.00298820 0.00147743
v 0.00227119 0.00323939 0.00156702
v 0.00221085 0.00316122 0.00147743
v 0.00204697 0.00343704 0.00156702
v 0.00197699 0.00336738 0.00147743
v 0.00186839 0.00363886 0.00156702
v 0.00179072 0.00357788 0.00147743
v 0.00170578 0.00387494 0.00156702
v 0.00162112 0.00382412 0.00147743
v 0.00158105 0.00411334 0.00156702
v 0.00149103 0.00407276 0.00147743
v 0.00148517 0.00436441 0.00156702
v 0.00139101 0.00433464 0.00147743
v 0.00141935 0.00462462 0.00156702
v 0.00132237 0.00460605 0.00147743
v 0.00138440 0.00489024 0.00156702
v 0.00128592 0.00488309 0.00147743
v 0.00331147 0.00259910 0.00137955
v 0.00300535 0.00266415 0.00137955
v 0.00270740 0.00276821 0.00137955
v 0.00242260 0.00291063 0.00137955
v 0.00215599 0.00309015 0.00137955
v 0.00191336 0.00330404 0.00137955
v 0.00172011 0.00352243 0.00137955
v 0.00154414 0.00377790 0.00137955
v 0.00140917 0.00403588 0.00137955
v 0.00130541 0.00430757 0.00137955
v 0.00123419 0.00458916 0.00137955
v 0.00119637 0.00487660 0.00137955
v 0.00111672 0.00487082 0.00127476
v 0.00172065 0.00491464 0.00177555
v 0.00184131 0.00492339 0.00182280
v 0.00175046 0.00468804 0.00177555
v 0.00186928 0.00471079 0.00182280
v 0.00180661 0.00446604 0.00177555
v 0.00192196 0.00450251 0.00182280
v 0.00188841 0.00425184 0.00177555
v 0.00199871 0.00430155 0.00182280
v 0.00199482 0.00404847 0.00177555
v 0.00209854 0.00411074 0.00182280
v 0.00213354 0.00384706 0.00177555
v 0.00222870 0.00392178 0.00182280
v 0.00228590 0.00367489 0.00177555
v 0.00237164 0.00376024 0.00182280
v 0.00247718 0.00350627 0.00177555
v 0.00255110 0.00360203 0.00182280
v 0.00268736 0.00336474 0.00177555
v 0.00274830 0.00346925 0.00182280
v 0.00291189 0.00325246 0.00177555
v 0.00295895 0.00336391 0.00182280
v 0.00314679 0.00317042 0.00177555
v 0.00317934 0.00328694 0.00182280
v 0.00338812 0.00311914 0.00177555
v 0.00340576 0.00323882 0.00182280
v 0.00363030 0.00309869 0.00177555
v 0.00363298 0.00321964 0.00182280
v 0.00387291 0.00310837 0.00177555
v 0.00386060 0.00322872 0.00182280
v 0.00411064 0.00314759 0.00177555
v 0.00408364 0.00326552 0.00182280
v 0.00434004 0.00321509 0.00177555
v 0.00429887 0.00332884 0.00182280
v 0.00455789 0.00330922 0.00177555
v 0.00450326 0.00341716 0.00182280
v 0.00476125 0.00342802 0.00177555
v 0.00469406 0.00352862 0.00182280
v 0.00494752 0.00356921 0.00177555
v 0.00486882 0.00366109 0.00182280
v 0.00511441 0.00373024 0.00177555
v 0.00502540 0.00381217 0.00182280
v 0.00526643 0.00391731 0.00177555
v 0.00516802 0.00398769 0.00182280
v 0.00538795 0.00411003 0.00177555
v 0.00528204 0.00416849 0.00182280
v 0.00548563 0.00431399 0.00177555
v 0.00537368 0.00435985 0.00182280
v 0.00555858 0.00452588 0.00177555
v 0.00544213 0.00455866 0.00182280
v 0.00583414 0.00470567 0.00164715
v 0.00567191 0.00449399 0.00171688
v 0.00578057 0.00446341 0.00164715
v 0.00559457 0.00426936 0.00171688
v 0.00569902 0.00422656 0.00164715
v 0.00549102 0.00405313 0.00171688
v 0.00558984 0.00399858 0.00164715
v 0.00536219 0.00384883 0.00171688
v 0.00545401 0.00378317 0.00164715
v 0.00520103 0.00365051 0.00171688
v 0.00528409 0.00357407 0.00164715
v 0.00502411 0.00347980 0.00171688
v 0.00509754 0.00339406 0.00164715
v 0.00482664 0.00333012 0.00171688
v 0.00488934 0.00323625 0.00164715
v 0.00461105 0.00320418 0.00171688
v 0.00466202 0.00310346 0.00164715
v 0.00438010 0.00310438 0.00171688
v 0.00441852 0.00299824 0.00164715
v 0.00413691 0.00303283 0.00171688
v 0.00416210 0.00292279 0.00164715
v 0.00388489 0.00299126 0.00171688
v 0.00389637 0.00287896 0.00164715
v 0.00362769 0.00298099 0.00171688
v 0.00362519 0.00286813 0.00164715
v 0.00337095 0.00300267 0.00171688
v 0.00335449 0.00289099 0.00164715
v 0.00311511 0.00305703 0.00171688
v 0.00308474 0.00294831 0.00164715
v 0.00286609 0.00314400 0.00171688
v 0.00282217 0.00304001 0.00164715
v 0.00262806 0.00326304 0.00171688
v 0.00257121 0.00316552 0.00164715
v 0.00240524 0.00341307 0.00171688
v 0.00233627 0.00332371 0.00164715
v 0.00220246 0.00359183 0.00171688
v 0.00212246 0.00351219 0.00164715
v 0.00204095 0.00377436 0.00171688
v 0.00195216 0.00370464 0.00164715
v 0.00189388 0.00398787 0.00171688
v 0.00179710 0.00392977 0.00164715
v 0.00178108 0.00420348 0.00171688
v 0.00167816 0.00415710 0.00164715
v 0.00169436 0.00443055 0.00171688
v 0.00158673 0.00439652 0.00164715
v 0.00163484 0.00466589 0.00171688
v 0.00152397 0.00464466 0.00164715
v 0.00160323 0.00490612 0.00171688
v 0.00149064 0.00489795 0.00164715
v 0.00104082 0.00503679 0.00116453
v 0.00098258 0.00503635 0.00105043
v 0.00098956 0.00486159 0.00105043
v 0.00104765 0.00486580 0.00116453
v 0.00100501 0.00470906 0.00105043
v 0.00098426 0.00454130 0.00093401
v 0.00094875 0.00453450 0.00081674
v 0.00095828 0.00470298 0.00093401
v 0.00092243 0.00469831 0.00081674
v 0.00094256 0.00485818 0.00093401
v 0.00090650 0.00485556 0.00081674
v 0.00093546 0.00503600 0.00093401
v 0.00089930 0.00503574 0.00081674
v 0.00532408 0.00459188 0.00185853
v 0.00526020 0.00440635 0.00185853
v 0.00517468 0.00422776 0.00185853
v 0.00506827 0.00405902 0.00185853
v 0.00493516 0.00389522 0.00185853
v 0.00478904 0.00375422 0.00185853
v 0.00462595 0.00363060 0.00185853
v 0.00444788 0.00352658 0.00185853
v 0.00425713 0.00344416 0.00185853
v 0.00405628 0.00338506 0.00185853
v 0.00384812 0.00335072 0.00185853
v 0.00363569 0.00334224 0.00185853
v 0.00342364 0.00336015 0.00185853
v 0.00321234 0.00340505 0.00185853
v 0.00300666 0.00347688 0.00185853
v 0.00281007 0.00357519 0.00185853
v 0.00262603 0.00369911 0.00185853
v 0.00245855 0.00384675 0.00185853
v 0.00232515 0.00399751 0.00185853
v 0.00220368 0.00417386 0.00185853
v 0.00211052 0.00435193 0.00185853
v 0.00203889 0.00453948 0.00185853
v 0.00198973 0.00473386 0.00185853
v 0.00196362 0.00493227 0.00185853
v 0.00588310 0.00443455 0.00156702
v 0.00597816 0.00440780 0.00147743
v 0.00606458 0.00438348 0.00137955
v 0.00597204 0.00411470 0.00137955
v 0.00588896 0.00414874 0.00147743
v 0.00579758 0.00418618 0.00156702
v 0.00479525 0.00284021 0.00137955
v 0.00475471 0.00292032 0.00147743
v 0.00471012 0.00300843 0.00156702
v 0.00451892 0.00272080 0.00137955
v 0.00448837 0.00280523 0.00147743
v 0.00445477 0.00289808 0.00156702
v 0.00422795 0.00263519 0.00137955
v 0.00420791 0.00272271 0.00147743
v 0.00418587 0.00281897 0.00156702
v 0.00409178 0.00385866 0.00190000
v 0.00411680 0.00384075 0.00190000
v 0.00414446 0.00382727 0.00190000
v 0.00417399 0.00381860 0.00190000
v 0.00420188 0.00380798 0.00190000
v 0.00301417 0.00387163 0.00190000
v 0.00304352 0.00387823 0.00190000
v 0.00307352 0.00388497 0.00190000
v 0.00310247 0.00389540 0.00190000
v 0.00312927 0.00391052 0.00190000
v -0.00356309 0.00641875 0.00190000
v -0.00452348 0.00612459 0.00190000
v -0.00460812 0.00605819 0.00190000
v -0.00464816 0.00601409 0.00190000
v -0.00368919 0.00642627 0.00190000
v -0.00391097 0.00640565 0.00190000
v -0.00373822 0.00642171 0.00190000
v -0.00407846 0.00636176 0.00190000
v -0.00412844 0.00634867 0.00190000
v -0.00422143 0.00631208 0.00190000
v -0.00438703 0.00622257 0.00190000
v -0.00442420 0.00620247 0.00190000
v -0.00289356 0.00618257 0.00190000
v -0.00292024 0.00619815 0.00190000
v -0.00307610 0.00628917 0.00190000
v -0.00321709 0.00634436 0.00190000
v -0.00338847 0.00639162 0.00190000
v -0.00327552 0.00636723 0.00190000
v -0.00246312 0.00565422 0.00190000
v -0.00244078 0.00563306 0.00190000
v -0.00247403 0.00571802 0.00190000
v -0.00242228 0.00560847 0.00190000
v -0.00240815 0.00558113 0.00190000
v -0.00258442 0.00588730 0.00190000
v -0.00254653 0.00569171 0.00190000
v -0.00248548 0.00573557 0.00190000
v -0.00251675 0.00568396 0.00190000
v -0.00248869 0.00567134 0.00190000
v -0.00272038 0.00604031 0.00190000
v -0.00267670 0.00599115 0.00190000
v -0.00257719 0.00569437 0.00190000
v -0.00279342 0.00610031 0.00190000
v -0.00482945 0.00579191 0.00190000
v -0.00498376 0.00467119 0.00190000
v -0.00500904 0.00475031 0.00190000
v -0.00493001 0.00560270 0.00190000
v -0.00484983 0.00575356 0.00190000
v -0.00503787 0.00513499 0.00190000
v -0.00503711 0.00519016 0.00190000
v -0.00501890 0.00529264 0.00190000
v -0.00499975 0.00540041 0.00190000
v -0.00498049 0.00545628 0.00190000
v -0.00501965 0.00482162 0.00190000
v -0.00504028 0.00496025 0.00190000
v -0.00247088 0.00536156 0.00070000
v -0.00247088 0.00536156 0.00190000
v -0.00244745 0.00538150 0.00190000
v -0.00244745 0.00538150 0.00070000
v -0.00242767 0.00540508 0.00190000
v -0.00242767 0.00540508 0.00070000
v -0.00241212 0.00543163 0.00190000
v -0.00241212 0.00543163 0.00070000
v -0.00240121 0.00546040 0.00190000
v -0.00240121 0.00546040 0.00070000
v -0.00239527 0.00549060 0.00190000
v -0.00239527 0.00549060 0.00070000
v -0.00239445 0.00552136 0.00190000
v -0.00239445 0.00552136 0.00070000
v -0.00239879 0.00555182 0.00190000
v -0.00239879 0.00555182 0.00070000
v -0.00240815 0.00558113 0.00070000
v -0.00242228 0.00560847 0.00070000
v -0.00244078 0.00563306 0.00070000
v -0.00246312 0.00565422 0.00070000
v -0.00248869 0.00567134 0.00070000
v -0.00251675 0.00568396 0.00070000
v -0.00254653 0.00569171 0.00070000
v -0.00257719 0.00569437 0.00070000
v -0.00463697 0.00442938 0.00190000
v -0.00463697 0.00442938 0.00070000
v -0.00453445 0.00442109 0.00190000
v -0.00453445 0.00442109 0.00070000
v -0.00443467 0.00439619 0.00190000
v -0.00443467 0.00439619 0.00070000
v -0.00434028 0.00435535 0.00190000
v -0.00434028 0.00435535 0.00070000
v -0.00425381 0.00429967 0.00190000
v -0.00425381 0.00429967 0.00070000
v -0.00417759 0.00423062 0.00190000
v -0.00417759 0.00423062 0.00070000
v -0.00411365 0.00415007 0.00190000
v -0.00411365 0.00415007 0.00070000
v -0.00406370 0.00406016 0.00190000
v -0.00406370 0.00406016 0.00070000
v -0.00402908 0.00396332 0.00190000
v -0.00402908 0.00396332 0.00070000
v -0.00401073 0.00386212 0.00190000
v -0.00401073 0.00386212 0.00070000
v -0.00259038 0.00445111 0.00070000
v -0.00259038 0.00445111 0.00190000
v -0.00262683 0.00450005 0.00070000
v -0.00262683 0.00450005 0.00190000
v -0.00264903 0.00453560 0.00070000
v -0.00264903 0.00453560 0.00190000
v -0.00269310 0.00462852 0.00190000
v -0.00269310 0.00462852 0.00070000
v -0.00272144 0.00472738 0.00190000
v -0.00272144 0.00472738 0.00070000
v -0.00273326 0.00482955 0.00190000
v -0.00273326 0.00482955 0.00070000
v -0.00272827 0.00493227 0.00190000
v -0.00272827 0.00493227 0.00070000
v -0.00270658 0.00503281 0.00190000
v -0.00270658 0.00503281 0.00070000
v -0.00266879 0.00512846 0.00190000
v -0.00266879 0.00512846 0.00070000
v -0.00261591 0.00521667 0.00190000
v -0.00261591 0.00521667 0.00070000
v -0.00254934 0.00529507 0.00190000
v -0.00254934 0.00529507 0.00070000
v -0.00348244 0.00406722 0.00070000
v -0.00355390 0.00399325 0.00070000
v -0.00361233 0.00390862 0.00070000
v -0.00339988 0.00412855 0.00070000
v -0.00330842 0.00417558 0.00070000
v -0.00321051 0.00420707 0.00070000
v -0.00310878 0.00422217 0.00070000
v -0.00300595 0.00422047 0.00070000
v -0.00290477 0.00420203 0.00070000
v -0.00400518 0.00383185 0.00070000
v -0.00399465 0.00380294 0.00070000
v -0.00365618 0.00381559 0.00070000
v -0.00368699 0.00376256 0.00070000
v -0.00366936 0.00378778 0.00070000
v -0.00379066 0.00370030 0.00070000
v -0.00398041 0.00377764 0.00070000
v -0.00397943 0.00377619 0.00070000
v -0.00395996 0.00375236 0.00070000
v -0.00274866 0.00415167 0.00070000
v -0.00257289 0.00442579 0.00070000
v -0.00277897 0.00415700 0.00070000
v -0.00280796 0.00416733 0.00070000
v -0.00393679 0.00373212 0.00070000
v -0.00391056 0.00371603 0.00070000
v -0.00388201 0.00370455 0.00070000
v -0.00385194 0.00369801 0.00070000
v -0.00382120 0.00369657 0.00070000
v -0.00376116 0.00370907 0.00070000
v -0.00373355 0.00372265 0.00070000
v -0.00370859 0.00374065 0.00070000
v -0.00271789 0.00415147 0.00070000
v -0.00268752 0.00415641 0.00070000
v -0.00265840 0.00416636 0.00070000
v -0.00263135 0.00418103 0.00070000
v -0.00260714 0.00420002 0.00070000
v -0.00258643 0.00422278 0.00070000
v -0.00256982 0.00424869 0.00070000
v -0.00255777 0.00427700 0.00070000
v -0.00255063 0.00430693 0.00070000
v -0.00254858 0.00433763 0.00070000
v -0.00255169 0.00436825 0.00070000
v -0.00255987 0.00439791 0.00070000
v -0.00395885 0.00372109 0.00190000
v -0.00385194 0.00369801 0.00190000
v -0.00388125 0.00370702 0.00190000
v -0.00395996 0.00375236 0.00190000
v -0.00407180 0.00374548 0.00190000
v -0.00393679 0.00373212 0.00190000
v -0.00391056 0.00371603 0.00190000
v -0.00487266 0.00439356 0.00190000
v -0.00486191 0.00437711 0.00190000
v -0.00476210 0.00422437 0.00190000
v -0.00492484 0.00449826 0.00190000
v -0.00493215 0.00451498 0.00190000
v -0.00397943 0.00377619 0.00190000
v -0.00398041 0.00377764 0.00190000
v -0.00413023 0.00376836 0.00190000
v -0.00399465 0.00380294 0.00190000
v -0.00400518 0.00383185 0.00190000
v -0.00427121 0.00382354 0.00190000
v -0.00442708 0.00391457 0.00190000
v -0.00455394 0.00401236 0.00190000
v -0.00462595 0.00407145 0.00190000
v -0.00467060 0.00412160 0.00190000
v -0.00445375 0.00393015 0.00190000
v -0.00599789 0.00349496 0.00070000
v -0.00601839 0.00353212 0.00070000
v -0.00609539 0.00367165 0.00070000
v -0.00618331 0.00383095 0.00070000
v -0.00623371 0.00392228 0.00070000
v -0.00626010 0.00398382 0.00070000
v -0.00630569 0.00412242 0.00070000
v -0.00635371 0.00426842 0.00070000
v -0.00639175 0.00438405 0.00070000
v -0.00639684 0.00441661 0.00070000
v -0.00642195 0.00457706 0.00070000
v -0.00644619 0.00473200 0.00070000
v -0.00646720 0.00486626 0.00070000
v -0.00646042 0.00521700 0.00070000
v -0.00646360 0.00505217 0.00070000
v -0.00646667 0.00489376 0.00070000
v -0.00645777 0.00535424 0.00070000
v -0.00642153 0.00553882 0.00070000
v -0.00638884 0.00570535 0.00070000
v -0.00636374 0.00583317 0.00070000
v -0.00634772 0.00587467 0.00070000
v -0.00628881 0.00602729 0.00070000
v -0.00622831 0.00618402 0.00070000
v -0.00618798 0.00628850 0.00070000
v -0.00616062 0.00633384 0.00070000
v -0.00607337 0.00647844 0.00070000
v -0.00598714 0.00662135 0.00070000
v -0.00593582 0.00670639 0.00070000
v -0.00588964 0.00675932 0.00070000
v -0.00577888 0.00688625 0.00070000
v -0.00566653 0.00701501 0.00070000
v -0.00561493 0.00707414 0.00070000
v -0.00527653 0.00734713 0.00070000
v -0.00541013 0.00723935 0.00070000
v -0.00554391 0.00713143 0.00070000
v -0.00523506 0.00738058 0.00070000
v -0.00513066 0.00743820 0.00070000
v -0.00497884 0.00752198 0.00070000
v -0.00480774 0.00761641 0.00070000
v -0.00466403 0.00766559 0.00070000
v -0.00449963 0.00772185 0.00070000
v -0.00434596 0.00777445 0.00070000
v -0.00415824 0.00780382 0.00070000
v -0.00398162 0.00783145 0.00070000
v -0.00386375 0.00784990 0.00070000
v -0.00344740 0.00784185 0.00070000
v -0.00362567 0.00784529 0.00070000
v -0.00380630 0.00784879 0.00070000
v -0.00337577 0.00784047 0.00070000
v -0.00326704 0.00781912 0.00070000
v -0.00309079 0.00778452 0.00070000
v -0.00289684 0.00774644 0.00070000
v -0.00274140 0.00768644 0.00070000
v -0.00258610 0.00762649 0.00070000
v -0.00244152 0.00757068 0.00070000
v -0.00243540 0.00756699 0.00070000
v -0.00228353 0.00747535 0.00070000
v -0.00213606 0.00738637 0.00070000
v -0.00202363 0.00731852 0.00070000
v -0.00199708 0.00729536 0.00070000
v -0.00187557 0.00718933 0.00070000
v -0.00174966 0.00707947 0.00070000
v -0.00165587 0.00699763 0.00070000
v -0.00163325 0.00696958 0.00070000
v -0.00152830 0.00683948 0.00070000
v -0.00142769 0.00671476 0.00070000
v -0.00134943 0.00661775 0.00070000
v -0.00132893 0.00658062 0.00070000
v -0.00125193 0.00644109 0.00070000
v -0.00116401 0.00628178 0.00070000
v -0.00111361 0.00619044 0.00070000
v -0.00108722 0.00612889 0.00070000
v -0.00104162 0.00599028 0.00070000
v -0.00099360 0.00584427 0.00070000
v -0.00095557 0.00572866 0.00070000
v -0.00095047 0.00569608 0.00070000
v -0.00092536 0.00553563 0.00070000
v -0.00090112 0.00538069 0.00070000
v -0.00088012 0.00524645 0.00070000
v -0.00088065 0.00521893 0.00070000
v -0.00088371 0.00506052 0.00070000
v -0.00088690 0.00489569 0.00070000
v -0.00088955 0.00475847 0.00070000
v -0.00092579 0.00457387 0.00070000
v -0.00095848 0.00440733 0.00070000
v -0.00098357 0.00427954 0.00070000
v -0.00099960 0.00423802 0.00070000
v -0.00105851 0.00408540 0.00070000
v -0.00111901 0.00392867 0.00070000
v -0.00115933 0.00382421 0.00070000
v -0.00118671 0.00377885 0.00070000
v -0.00127396 0.00363425 0.00070000
v -0.00136019 0.00349134 0.00070000
v -0.00141149 0.00340633 0.00070000
v -0.00145769 0.00335337 0.00070000
v -0.00156845 0.00322645 0.00070000
v -0.00168080 0.00309768 0.00070000
v -0.00173238 0.00303857 0.00070000
v -0.00180342 0.00298127 0.00070000
v -0.00193721 0.00287334 0.00070000
v -0.00207081 0.00276557 0.00070000
v -0.00236850 0.00259072 0.00070000
v -0.00221668 0.00267450 0.00070000
v -0.00211226 0.00273213 0.00070000
v -0.00284771 0.00239085 0.00070000
v -0.00268331 0.00244711 0.00070000
v -0.00253958 0.00249630 0.00070000
v -0.00300136 0.00233827 0.00070000
v -0.00318910 0.00230889 0.00070000
v -0.00336572 0.00228125 0.00070000
v -0.00348356 0.00226282 0.00070000
v -0.00389994 0.00227086 0.00070000
v -0.00372168 0.00226742 0.00070000
v -0.00354105 0.00226393 0.00070000
v -0.00425656 0.00232820 0.00070000
v -0.00408030 0.00229360 0.00070000
v -0.00397154 0.00227225 0.00070000
v -0.00476124 0.00248623 0.00070000
v -0.00460594 0.00242628 0.00070000
v -0.00445047 0.00236627 0.00070000
v -0.00490580 0.00254203 0.00070000
v -0.00506380 0.00263737 0.00070000
v -0.00521128 0.00272636 0.00070000
v -0.00532369 0.00279419 0.00070000
v -0.00535025 0.00281737 0.00070000
v -0.00547176 0.00292340 0.00070000
v -0.00559768 0.00303326 0.00070000
v -0.00569144 0.00311508 0.00070000
v -0.00571409 0.00314315 0.00070000
v -0.00581903 0.00327325 0.00070000
v -0.00591965 0.00339797 0.00070000
v -0.00190809 0.00715050 0.00093169
v -0.00526465 0.00732966 0.00081558
v -0.00553107 0.00711771 0.00081558
v -0.00118044 0.00627415 0.00081558
v -0.00146549 0.00597203 0.00147401
v -0.00145955 0.00597450 0.00146739
v -0.00158967 0.00624782 0.00147090
v -0.00126482 0.00643354 0.00081558
v -0.00203171 0.00724877 0.00093169
v -0.00274639 0.00767157 0.00081558
v -0.00362731 0.00774867 0.00104700
v -0.00362651 0.00779505 0.00093169
v -0.00380333 0.00779238 0.00093169
v -0.00521762 0.00726246 0.00104700
v -0.00518477 0.00721553 0.00116008
v -0.00504860 0.00730469 0.00116008
v -0.00624144 0.00600984 0.00093169
v -0.00617963 0.00616214 0.00093169
v -0.00629267 0.00568203 0.00104700
v -0.00633779 0.00569281 0.00093169
v -0.00637145 0.00553023 0.00093169
v -0.00597668 0.00437908 0.00147090
v -0.00588348 0.00440649 0.00156025
v -0.00594283 0.00466077 0.00156025
v -0.00516135 0.00443944 0.00187994
v -0.00515969 0.00444013 0.00188009
v -0.00521705 0.00460248 0.00188024
v -0.00569281 0.00421906 0.00164290
v -0.00559519 0.00425954 0.00171447
v -0.00567616 0.00446746 0.00171046
v -0.00514391 0.00444668 0.00188151
v -0.00596538 0.00410603 0.00137697
v -0.00588886 0.00413776 0.00146870
v -0.00604197 0.00407427 0.00126718
v -0.00603873 0.00407561 0.00127263
v -0.00613671 0.00433203 0.00126941
v -0.00600499 0.00408961 0.00132949
v -0.00606138 0.00435418 0.00137351
v -0.00597024 0.00410401 0.00137114
v -0.00621140 0.00415605 0.00104700
v -0.00615580 0.00402707 0.00104867
v -0.00612284 0.00404073 0.00113090
v -0.00630148 0.00428357 0.00093169
v -0.00625512 0.00414054 0.00093169
v -0.00625698 0.00429665 0.00104700
v -0.00620202 0.00431282 0.00116008
v -0.00615742 0.00417520 0.00116008
v -0.00610627 0.00404761 0.00115882
v -0.00610372 0.00404866 0.00116312
v -0.00556474 0.00450023 0.00176971
v -0.00549245 0.00430215 0.00176488
v -0.00548045 0.00430712 0.00177077
v -0.00578205 0.00418205 0.00157747
v -0.00570189 0.00421529 0.00163624
v -0.00578287 0.00443608 0.00164042
v -0.00538645 0.00434610 0.00181689
v -0.00545009 0.00453394 0.00181779
v -0.00525619 0.00440012 0.00185337
v -0.00634021 0.00443011 0.00093169
v -0.00629505 0.00444072 0.00104700
v -0.00632636 0.00459391 0.00104700
v -0.00620286 0.00461544 0.00126941
v -0.00626993 0.00460375 0.00116008
v -0.00629120 0.00474981 0.00116008
v -0.00623928 0.00445382 0.00116008
v -0.00525850 0.00478007 0.00188024
v -0.00639416 0.00473776 0.00093169
v -0.00640814 0.00489734 0.00093169
v -0.00637206 0.00458594 0.00093169
v -0.00634809 0.00474315 0.00104700
v -0.00630464 0.00490336 0.00116008
v -0.00623667 0.00490731 0.00126941
v -0.00636183 0.00490003 0.00104700
v -0.00630908 0.00505259 0.00116008
v -0.00636637 0.00505251 0.00104700
v -0.00630474 0.00520772 0.00116008
v -0.00636193 0.00521101 0.00104700
v -0.00629178 0.00535792 0.00116008
v -0.00634869 0.00536447 0.00104700
v -0.00641275 0.00505245 0.00093169
v -0.00640823 0.00521367 0.00093169
v -0.00639477 0.00536978 0.00093169
v -0.00623676 0.00520381 0.00126941
v -0.00620229 0.00550052 0.00126941
v -0.00626935 0.00551230 0.00116008
v -0.00623696 0.00566872 0.00116008
v -0.00632577 0.00552221 0.00104700
v -0.00619366 0.00582777 0.00116008
v -0.00612856 0.00580784 0.00126941
v -0.00527969 0.00496296 0.00188024
v -0.00527975 0.00514875 0.00188024
v -0.00525814 0.00533468 0.00188024
v -0.00521194 0.00552725 0.00188024
v -0.00624844 0.00584454 0.00104700
v -0.00614426 0.00597376 0.00116008
v -0.00619796 0.00599370 0.00104700
v -0.00608478 0.00612029 0.00116008
v -0.00613719 0.00614342 0.00104700
v -0.00601778 0.00626076 0.00116008
v -0.00606873 0.00628694 0.00104700
v -0.00629279 0.00585811 0.00093169
v -0.00602249 0.00609281 0.00126941
v -0.00588227 0.00636528 0.00126941
v -0.00594084 0.00640000 0.00116008
v -0.00599012 0.00642920 0.00104700
v -0.00585673 0.00653273 0.00116008
v -0.00590418 0.00656482 0.00104700
v -0.00576312 0.00666248 0.00116008
v -0.00580854 0.00669739 0.00104700
v -0.00610999 0.00630814 0.00093169
v -0.00603002 0.00645285 0.00093169
v -0.00594261 0.00659080 0.00093169
v -0.00584531 0.00672566 0.00093169
v -0.00514548 0.00570581 0.00188024
v -0.00505761 0.00587655 0.00188024
v -0.00494913 0.00603678 0.00188024
v -0.00570914 0.00662099 0.00126941
v -0.00550492 0.00685573 0.00126941
v -0.00555348 0.00690345 0.00116008
v -0.00543782 0.00701422 0.00116008
v -0.00559434 0.00694360 0.00104700
v -0.00562742 0.00697611 0.00093169
v -0.00547617 0.00705677 0.00104700
v -0.00531432 0.00711881 0.00116008
v -0.00527194 0.00706552 0.00126941
v -0.00534999 0.00716364 0.00104700
v -0.00537886 0.00719994 0.00093169
v -0.00550722 0.00709123 0.00093169
v -0.00501308 0.00724661 0.00126941
v -0.00482116 0.00618388 0.00188024
v -0.00467517 0.00631534 0.00188024
v -0.00451297 0.00642881 0.00188024
v -0.00445396 0.00757362 0.00116008
v -0.00447093 0.00762833 0.00104700
v -0.00462893 0.00757393 0.00104700
v -0.00460861 0.00752037 0.00116008
v -0.00478340 0.00750976 0.00104700
v -0.00475979 0.00745757 0.00116008
v -0.00493358 0.00743613 0.00104700
v -0.00490678 0.00738550 0.00116008
v -0.00510269 0.00739313 0.00093169
v -0.00512128 0.00742354 0.00081558
v -0.00495528 0.00747712 0.00093169
v -0.00497196 0.00750861 0.00081558
v -0.00480251 0.00755202 0.00093169
v -0.00481720 0.00758449 0.00081558
v -0.00464538 0.00761729 0.00093169
v -0.00465803 0.00765061 0.00081558
v -0.00448466 0.00767264 0.00093169
v -0.00449521 0.00770668 0.00081558
v -0.00414998 0.00659297 0.00188024
v -0.00431782 0.00771863 0.00093169
v -0.00430691 0.00767355 0.00104700
v -0.00414118 0.00770817 0.00104700
v -0.00413124 0.00765176 0.00116008
v -0.00396467 0.00767567 0.00116008
v -0.00443381 0.00750859 0.00126941
v -0.00411942 0.00758471 0.00126941
v -0.00429344 0.00761787 0.00116008
v -0.00432620 0.00775327 0.00081558
v -0.00414924 0.00775385 0.00093169
v -0.00397099 0.00773260 0.00104700
v -0.00379842 0.00768883 0.00116008
v -0.00379520 0.00762082 0.00126941
v -0.00345222 0.00778649 0.00093169
v -0.00345597 0.00774026 0.00104700
v -0.00346060 0.00768316 0.00116008
v -0.00398005 0.00781412 0.00081558
v -0.00380502 0.00782798 0.00081558
v -0.00362590 0.00783068 0.00081558
v -0.00344934 0.00782201 0.00081558
v -0.00415542 0.00778895 0.00081558
v -0.00397611 0.00777870 0.00093169
v -0.00380113 0.00774605 0.00104700
v -0.00362829 0.00769140 0.00116008
v -0.00346611 0.00761530 0.00126941
v -0.00395298 0.00664067 0.00188024
v -0.00374982 0.00666330 0.00188024
v -0.00354360 0.00665983 0.00188024
v -0.00309409 0.00776989 0.00081558
v -0.00326928 0.00780147 0.00081558
v -0.00310153 0.00773504 0.00093169
v -0.00327447 0.00776621 0.00093169
v -0.00311122 0.00768968 0.00104700
v -0.00328123 0.00772032 0.00104700
v -0.00312318 0.00763365 0.00116008
v -0.00328958 0.00766365 0.00116008
v -0.00292639 0.00769155 0.00093169
v -0.00293904 0.00764693 0.00104700
v -0.00277380 0.00759426 0.00104700
v -0.00279294 0.00754027 0.00116008
v -0.00264689 0.00748354 0.00116008
v -0.00313740 0.00756707 0.00126941
v -0.00281570 0.00747610 0.00126941
v -0.00295467 0.00759181 0.00116008
v -0.00333763 0.00662961 0.00188024
v -0.00313604 0.00657261 0.00188024
v -0.00291667 0.00772584 0.00081558
v -0.00275830 0.00763798 0.00093169
v -0.00262457 0.00753630 0.00104700
v -0.00250788 0.00741992 0.00116008
v -0.00253800 0.00735886 0.00126941
v -0.00285458 0.00671701 0.00181779
v -0.00305487 0.00680156 0.00181779
v -0.00309540 0.00668723 0.00185457
v -0.00328689 0.00686717 0.00181779
v -0.00331223 0.00674855 0.00185457
v -0.00352397 0.00690196 0.00181779
v -0.00353377 0.00678105 0.00185457
v -0.00376132 0.00690594 0.00181779
v -0.00375557 0.00678477 0.00185457
v -0.00399515 0.00687989 0.00181779
v -0.00397409 0.00676043 0.00185457
v -0.00422190 0.00682499 0.00181779
v -0.00418599 0.00670913 0.00185457
v -0.00443678 0.00674345 0.00181779
v -0.00433666 0.00652213 0.00188024
v -0.00463970 0.00663604 0.00181779
v -0.00482639 0.00650544 0.00181779
v -0.00499443 0.00635413 0.00181779
v -0.00514172 0.00618482 0.00181779
v -0.00526659 0.00600040 0.00181779
v -0.00536772 0.00580388 0.00181779
v -0.00544422 0.00559835 0.00181779
v -0.00549740 0.00537670 0.00181779
v -0.00552226 0.00516270 0.00181779
v -0.00552219 0.00494886 0.00181779
v -0.00549781 0.00473835 0.00181779
v -0.00260650 0.00757902 0.00093169
v -0.00248254 0.00747130 0.00104700
v -0.00236037 0.00734125 0.00116008
v -0.00225985 0.00719935 0.00126941
v -0.00233182 0.00739092 0.00104700
v -0.00222236 0.00725618 0.00116008
v -0.00219081 0.00730399 0.00104700
v -0.00209386 0.00716579 0.00116008
v -0.00205952 0.00721164 0.00104700
v -0.00197491 0.00707124 0.00116008
v -0.00193799 0.00711503 0.00104700
v -0.00246202 0.00751290 0.00093169
v -0.00230871 0.00743113 0.00093169
v -0.00216527 0.00734271 0.00093169
v -0.00167540 0.00692976 0.00093169
v -0.00201880 0.00701918 0.00126941
v -0.00180070 0.00681229 0.00126941
v -0.00185773 0.00696630 0.00116008
v -0.00175103 0.00685885 0.00116008
v -0.00181826 0.00700782 0.00104700
v -0.00296203 0.00649915 0.00188024
v -0.00278774 0.00639919 0.00188024
v -0.00263669 0.00628630 0.00188024
v -0.00250003 0.00615665 0.00188024
v -0.00178630 0.00704143 0.00093169
v -0.00170924 0.00689803 0.00104700
v -0.00164680 0.00674080 0.00116008
v -0.00160852 0.00658163 0.00126941
v -0.00160275 0.00677741 0.00104700
v -0.00155376 0.00662208 0.00116008
v -0.00150768 0.00665612 0.00104700
v -0.00146396 0.00649257 0.00116008
v -0.00141592 0.00652378 0.00104700
v -0.00138575 0.00636440 0.00116008
v -0.00133602 0.00639283 0.00104700
v -0.00156708 0.00680706 0.00093169
v -0.00147037 0.00668367 0.00093169
v -0.00137703 0.00654906 0.00093169
v -0.00129576 0.00641586 0.00093169
v -0.00561553 0.00471783 0.00176971
v -0.00564149 0.00494192 0.00176971
v -0.00564156 0.00516956 0.00176971
v -0.00561509 0.00539737 0.00176971
v -0.00555848 0.00563333 0.00176971
v -0.00547705 0.00585212 0.00176971
v -0.00536938 0.00606132 0.00176971
v -0.00523646 0.00625765 0.00176971
v -0.00507966 0.00643788 0.00176971
v -0.00490079 0.00659895 0.00176971
v -0.00470204 0.00673799 0.00176971
v -0.00448602 0.00685233 0.00176971
v -0.00425728 0.00693913 0.00176971
v -0.00401590 0.00699757 0.00176971
v -0.00376697 0.00702530 0.00176971
v -0.00351430 0.00702106 0.00176971
v -0.00326193 0.00698403 0.00176971
v -0.00301493 0.00691419 0.00176971
v -0.00280172 0.00682417 0.00176971
v -0.00265397 0.00660196 0.00181779
v -0.00258817 0.00670170 0.00176971
v -0.00248011 0.00647202 0.00181779
v -0.00240309 0.00656338 0.00176971
v -0.00232282 0.00632280 0.00181779
v -0.00223564 0.00640453 0.00176971
v -0.00218421 0.00615644 0.00181779
v -0.00208809 0.00622743 0.00176971
v -0.00206617 0.00597539 0.00181779
v -0.00196243 0.00603470 0.00176971
v -0.00572994 0.00469788 0.00171046
v -0.00583952 0.00467878 0.00164042
v -0.00575743 0.00493518 0.00171046
v -0.00586848 0.00492872 0.00164042
v -0.00575751 0.00517623 0.00171046
v -0.00586856 0.00518262 0.00164042
v -0.00572948 0.00541747 0.00171046
v -0.00583904 0.00543671 0.00164042
v -0.00566953 0.00566733 0.00171046
v -0.00577590 0.00569989 0.00164042
v -0.00558330 0.00589901 0.00171046
v -0.00568507 0.00594391 0.00164042
v -0.00546930 0.00612054 0.00171046
v -0.00556499 0.00617725 0.00164042
v -0.00532854 0.00632843 0.00171046
v -0.00541673 0.00639622 0.00164042
v -0.00516250 0.00651928 0.00171046
v -0.00524184 0.00659724 0.00164042
v -0.00497309 0.00668984 0.00171046
v -0.00504234 0.00677690 0.00164042
v -0.00476263 0.00683707 0.00171046
v -0.00482067 0.00693196 0.00164042
v -0.00453389 0.00695814 0.00171046
v -0.00457973 0.00705950 0.00164042
v -0.00429167 0.00705006 0.00171046
v -0.00432461 0.00715631 0.00164042
v -0.00403607 0.00711195 0.00171046
v -0.00405538 0.00722149 0.00164042
v -0.00377247 0.00714131 0.00171046
v -0.00377774 0.00725242 0.00164042
v -0.00350492 0.00713682 0.00171046
v -0.00349592 0.00724769 0.00164042
v -0.00323768 0.00709761 0.00171046
v -0.00321444 0.00720639 0.00164042
v -0.00297612 0.00702365 0.00171046
v -0.00293895 0.00712849 0.00164042
v -0.00275035 0.00692833 0.00171046
v -0.00270114 0.00702809 0.00164042
v -0.00252421 0.00679864 0.00171046
v -0.00246295 0.00689149 0.00164042
v -0.00232823 0.00665217 0.00171046
v -0.00225653 0.00673721 0.00164042
v -0.00215091 0.00648396 0.00171046
v -0.00206976 0.00656004 0.00164042
v -0.00199467 0.00629643 0.00171046
v -0.00190519 0.00636252 0.00164042
v -0.00186161 0.00609235 0.00171046
v -0.00176504 0.00614756 0.00164042
v -0.00237961 0.00601212 0.00188024
v -0.00227705 0.00585483 0.00188024
v -0.00217148 0.00591519 0.00185457
v -0.00155398 0.00593534 0.00156631
v -0.00154639 0.00593849 0.00155966
v -0.00167400 0.00619960 0.00156025
v -0.00152693 0.00594655 0.00154265
v -0.00603854 0.00464409 0.00147090
v -0.00597317 0.00492263 0.00156025
v -0.00607015 0.00491699 0.00147090
v -0.00597325 0.00518865 0.00156025
v -0.00607024 0.00519423 0.00147090
v -0.00594232 0.00545485 0.00156025
v -0.00603800 0.00547166 0.00147090
v -0.00587617 0.00573058 0.00156025
v -0.00596906 0.00575902 0.00147090
v -0.00578101 0.00598625 0.00156025
v -0.00586989 0.00602547 0.00147090
v -0.00565520 0.00623071 0.00156025
v -0.00573878 0.00628024 0.00147090
v -0.00549987 0.00646013 0.00156025
v -0.00557690 0.00651933 0.00147090
v -0.00531664 0.00667074 0.00156025
v -0.00538594 0.00673883 0.00147090
v -0.00510762 0.00685896 0.00156025
v -0.00516810 0.00693499 0.00147090
v -0.00487538 0.00702143 0.00156025
v -0.00492606 0.00710431 0.00147090
v -0.00462295 0.00715504 0.00156025
v -0.00466299 0.00724356 0.00147090
v -0.00435566 0.00725647 0.00156025
v -0.00438442 0.00734927 0.00147090
v -0.00407359 0.00732477 0.00156025
v -0.00409045 0.00742044 0.00147090
v -0.00378270 0.00735717 0.00156025
v -0.00378730 0.00745421 0.00147090
v -0.00348745 0.00735221 0.00156025
v -0.00347959 0.00744904 0.00147090
v -0.00319254 0.00730894 0.00156025
v -0.00317224 0.00740395 0.00147090
v -0.00290390 0.00722732 0.00156025
v -0.00287144 0.00731889 0.00147090
v -0.00265476 0.00712214 0.00156025
v -0.00261178 0.00720927 0.00147090
v -0.00240521 0.00697902 0.00156025
v -0.00235171 0.00706012 0.00147090
v -0.00218893 0.00681739 0.00156025
v -0.00212631 0.00689166 0.00147090
v -0.00199326 0.00663176 0.00156025
v -0.00192239 0.00669821 0.00147090
v -0.00182084 0.00642482 0.00156025
v -0.00174269 0.00648254 0.00147090
v -0.00151302 0.00629164 0.00137351
v -0.00136987 0.00601168 0.00136721
v -0.00130956 0.00603669 0.00127177
v -0.00144486 0.00633061 0.00126941
v -0.00167167 0.00653499 0.00137351
v -0.00185798 0.00675859 0.00137351
v -0.00206940 0.00695916 0.00137351
v -0.00230309 0.00713381 0.00137351
v -0.00257273 0.00728845 0.00137351
v -0.00284193 0.00740210 0.00137351
v -0.00315380 0.00749029 0.00137351
v -0.00347245 0.00753704 0.00137351
v -0.00379148 0.00754240 0.00137351
v -0.00410578 0.00750739 0.00137351
v -0.00441056 0.00743360 0.00137351
v -0.00473173 0.00739553 0.00126941
v -0.00469937 0.00732400 0.00137351
v -0.00497212 0.00717963 0.00137351
v -0.00522306 0.00700408 0.00137351
v -0.00544891 0.00680071 0.00137351
v -0.00564689 0.00657314 0.00137351
v -0.00581473 0.00632526 0.00137351
v -0.00595066 0.00606111 0.00137351
v -0.00605348 0.00578486 0.00137351
v -0.00612496 0.00548693 0.00137351
v -0.00615838 0.00519930 0.00137351
v -0.00615829 0.00491187 0.00137351
v -0.00612551 0.00462892 0.00137351
v -0.00130561 0.00621301 0.00116008
v -0.00123943 0.00606577 0.00115998
v -0.00119236 0.00608530 0.00104817
v -0.00125414 0.00623815 0.00104700
v -0.00119091 0.00608589 0.00104474
v -0.00121246 0.00625851 0.00093169
v -0.00111504 0.00611736 0.00081430
v -0.00114404 0.00610533 0.00093340
v -0.00114428 0.00610523 0.00093398
v -0.00130618 0.00603810 0.00126642
v -0.00124172 0.00606483 0.00116442
v -0.00124047 0.00606535 0.00116244
v -0.00220330 0.00566608 0.00188282
v -0.00220159 0.00566679 0.00188268
v -0.00196406 0.00576529 0.00181564
v -0.00186647 0.00580576 0.00177140
v -0.00185432 0.00581079 0.00176590
v -0.00179122 0.00583696 0.00173729
v -0.00175754 0.00585093 0.00171442
v -0.00218786 0.00567248 0.00187912
v -0.00209090 0.00571269 0.00185400
v -0.00207624 0.00571877 0.00185020
v -0.00199234 0.00575356 0.00182846
v -0.00623261 0.00399522 0.00081566
v -0.00620848 0.00400522 0.00091722
v -0.00620287 0.00400755 0.00093123
v -0.00615718 0.00402649 0.00104521
v -0.00588315 0.00414013 0.00147554
v -0.00585748 0.00415078 0.00150632
v -0.00580091 0.00417423 0.00155968
v -0.00632686 0.00586855 0.00081558
v -0.00637245 0.00570109 0.00081558
v -0.00574094 0.00685329 0.00093169
v -0.00570594 0.00682286 0.00104700
v -0.00566270 0.00678528 0.00116008
v -0.00507849 0.00735356 0.00104700
v -0.00524422 0.00730046 0.00093169
v -0.00540105 0.00722782 0.00081558
v -0.00214564 0.00737246 0.00081558
v -0.00229095 0.00746203 0.00081558
v -0.00244626 0.00754486 0.00081558
v -0.00174730 0.00585517 0.00170747
v -0.00165370 0.00589399 0.00164394
v -0.00164442 0.00589783 0.00163764
v -0.00160475 0.00591428 0.00161071
v -0.00258643 0.00422278 0.00190000
v -0.00251786 0.00432081 0.00190000
v -0.00257210 0.00424989 0.00190000
v -0.00255777 0.00427700 0.00190000
v -0.00236355 0.00544151 0.00190000
v -0.00233828 0.00536241 0.00190000
v -0.00249749 0.00435914 0.00190000
v -0.00241731 0.00451002 0.00190000
v -0.00255987 0.00439791 0.00190000
v -0.00255169 0.00436825 0.00190000
v -0.00254858 0.00433763 0.00190000
v -0.00255063 0.00430693 0.00190000
v -0.00234756 0.00471230 0.00190000
v -0.00236683 0.00465642 0.00190000
v -0.00257289 0.00442579 0.00190000
v -0.00232767 0.00529109 0.00190000
v -0.00230703 0.00515246 0.00190000
v -0.00230945 0.00497771 0.00190000
v -0.00232842 0.00482006 0.00190000
v -0.00231021 0.00492256 0.00190000
v -0.00365618 0.00381559 0.00190000
v -0.00361233 0.00390862 0.00190000
v -0.00355390 0.00399325 0.00190000
v -0.00348244 0.00406722 0.00190000
v -0.00339988 0.00412855 0.00190000
v -0.00330842 0.00417558 0.00190000
v -0.00321051 0.00420707 0.00190000
v -0.00310878 0.00422217 0.00190000
v -0.00300595 0.00422047 0.00190000
v -0.00290477 0.00420203 0.00190000
v -0.00280796 0.00416733 0.00190000
v -0.00113537 0.00393628 0.00081674
v -0.00616661 0.00383871 0.00081674
v -0.00574338 0.00333631 0.00105043
v -0.00577963 0.00330620 0.00093401
v -0.00567133 0.00318353 0.00093401
v -0.00372001 0.00236560 0.00105043
v -0.00372082 0.00231849 0.00093401
v -0.00354405 0.00232115 0.00093401
v -0.00354628 0.00236822 0.00105043
v -0.00354904 0.00242640 0.00116453
v -0.00371900 0.00242384 0.00116453
v -0.00268704 0.00287509 0.00147743
v -0.00272774 0.00296506 0.00156702
v -0.00299409 0.00286399 0.00156702
v -0.00137545 0.00350210 0.00081674
v -0.00097517 0.00441167 0.00081674
v -0.00091806 0.00537904 0.00081674
v -0.00202877 0.00554007 0.00185853
v -0.00121414 0.00577963 0.00127476
v -0.00215161 0.00459042 0.00188296
v -0.00221737 0.00441374 0.00188296
v -0.00230431 0.00424480 0.00188296
v -0.00241165 0.00408626 0.00188296
v -0.00258771 0.00422160 0.00190000
v -0.00210589 0.00478096 0.00188296
v -0.00208451 0.00496492 0.00188296
v -0.00208457 0.00514875 0.00188296
v -0.00210553 0.00532972 0.00188296
v -0.00214655 0.00550543 0.00188296
v -0.00483491 0.00396768 0.00188296
v -0.00495407 0.00411069 0.00188296
v -0.00505554 0.00426632 0.00188296
v -0.00469970 0.00383940 0.00188296
v -0.00455024 0.00372769 0.00188296
v -0.00437779 0.00362879 0.00188296
v -0.00420562 0.00355610 0.00188296
v -0.00379065 0.00369813 0.00190000
v -0.00382121 0.00369807 0.00190000
v -0.00380236 0.00346979 0.00188296
v -0.00400615 0.00349970 0.00188296
v -0.00359832 0.00346637 0.00188296
v -0.00376240 0.00369818 0.00190000
v -0.00378388 0.00369814 0.00190000
v -0.00320989 0.00376722 0.00190000
v -0.00326899 0.00375133 0.00190000
v -0.00320237 0.00353595 0.00188296
v -0.00342806 0.00370853 0.00190000
v -0.00339730 0.00348876 0.00188296
v -0.00360908 0.00369059 0.00190000
v -0.00364982 0.00368655 0.00190000
v -0.00311104 0.00381245 0.00190000
v -0.00301766 0.00360604 0.00188296
v -0.00300151 0.00386256 0.00190000
v -0.00284322 0.00369838 0.00188296
v -0.00296077 0.00389029 0.00190000
v -0.00268272 0.00381065 0.00188296
v -0.00280942 0.00399333 0.00190000
v -0.00253827 0.00394072 0.00188296
v -0.00270382 0.00410331 0.00190000
v -0.00260889 0.00420191 0.00190000
v -0.00263135 0.00418103 0.00190000
v -0.00264982 0.00415954 0.00190000
v -0.00147162 0.00570391 0.00156702
v -0.00137689 0.00573177 0.00147743
v -0.00129075 0.00575710 0.00137955
v -0.00119227 0.00593666 0.00116453
v -0.00114770 0.00579917 0.00116453
v -0.00113738 0.00595613 0.00105043
v -0.00109182 0.00581560 0.00105043
v -0.00109297 0.00597189 0.00093401
v -0.00104662 0.00582889 0.00093401
v -0.00179506 0.00560880 0.00177555
v -0.00168211 0.00564201 0.00171688
v -0.00191112 0.00557467 0.00182280
v -0.00094044 0.00553282 0.00081674
v -0.00097271 0.00569065 0.00081674
v -0.00097606 0.00552661 0.00093401
v -0.00100790 0.00568239 0.00093401
v -0.00102248 0.00551851 0.00105043
v -0.00105378 0.00567162 0.00105043
v -0.00107986 0.00550851 0.00116453
v -0.00111048 0.00565830 0.00116453
v -0.00090391 0.00521740 0.00081674
v -0.00094000 0.00521530 0.00093401
v -0.00095397 0.00537484 0.00093401
v -0.00098704 0.00521257 0.00105043
v -0.00100077 0.00536936 0.00105043
v -0.00104519 0.00520919 0.00116453
v -0.00105862 0.00536258 0.00116453
v -0.00114808 0.00549662 0.00127476
v -0.00090381 0.00489699 0.00081674
v -0.00089923 0.00506029 0.00081674
v -0.00093990 0.00489907 0.00093401
v -0.00093538 0.00506024 0.00093401
v -0.00098695 0.00490177 0.00105043
v -0.00098251 0.00506017 0.00105043
v -0.00104509 0.00490512 0.00116453
v -0.00104075 0.00506009 0.00116453
v -0.00111432 0.00520517 0.00127476
v -0.00094107 0.00457634 0.00081674
v -0.00091745 0.00473887 0.00081674
v -0.00097668 0.00458260 0.00093401
v -0.00095337 0.00474301 0.00093401
v -0.00102309 0.00459075 0.00105043
v -0.00100018 0.00474840 0.00105043
v -0.00108045 0.00460083 0.00116453
v -0.00105804 0.00475506 0.00116453
v -0.00111423 0.00490910 0.00127476
v -0.00102075 0.00424423 0.00081674
v -0.00105532 0.00425481 0.00093401
v -0.00101033 0.00442007 0.00093401
v -0.00110038 0.00426861 0.00105043
v -0.00105617 0.00443102 0.00105043
v -0.00115607 0.00428566 0.00116453
v -0.00111281 0.00444455 0.00116453
v -0.00114866 0.00461281 0.00127476
v -0.00107276 0.00409055 0.00081674
v -0.00116845 0.00395088 0.00093401
v -0.00110665 0.00410313 0.00093401
v -0.00121156 0.00396990 0.00105043
v -0.00115083 0.00411954 0.00105043
v -0.00126485 0.00399341 0.00116453
v -0.00120543 0.00413981 0.00116453
v -0.00122229 0.00430593 0.00127476
v -0.00128691 0.00364183 0.00081674
v -0.00120591 0.00378840 0.00081674
v -0.00131801 0.00366026 0.00093401
v -0.00123807 0.00380493 0.00093401
v -0.00135855 0.00368428 0.00105043
v -0.00127999 0.00382646 0.00105043
v -0.00140865 0.00371398 0.00116453
v -0.00133179 0.00385308 0.00116453
v -0.00132820 0.00402137 0.00127476
v -0.00147401 0.00336550 0.00081674
v -0.00150267 0.00338753 0.00093401
v -0.00140540 0.00352235 0.00093401
v -0.00154003 0.00341625 0.00105043
v -0.00144444 0.00354875 0.00105043
v -0.00158621 0.00345175 0.00116453
v -0.00149268 0.00358138 0.00116453
v -0.00146823 0.00374928 0.00127476
v -0.00157972 0.00323622 0.00081674
v -0.00169471 0.00311182 0.00081674
v -0.00172049 0.00313716 0.00093401
v -0.00160701 0.00325994 0.00093401
v -0.00175411 0.00317019 0.00105043
v -0.00164257 0.00329085 0.00105043
v -0.00179565 0.00321101 0.00116453
v -0.00168653 0.00332906 0.00116453
v -0.00164111 0.00349395 0.00127476
v -0.00207769 0.00305006 0.00127476
v -0.00184504 0.00325954 0.00127476
v -0.00212740 0.00311255 0.00137955
v -0.00190201 0.00331551 0.00137955
v -0.00218330 0.00318282 0.00147743
v -0.00196605 0.00337844 0.00147743
v -0.00224477 0.00326009 0.00156702
v -0.00203648 0.00344765 0.00156702
v -0.00191120 0.00310035 0.00116453
v -0.00203458 0.00299586 0.00116453
v -0.00187221 0.00305708 0.00105043
v -0.00199832 0.00295028 0.00105043
v -0.00184067 0.00302207 0.00093401
v -0.00196898 0.00291340 0.00093401
v -0.00181647 0.00299521 0.00081674
v -0.00194648 0.00288511 0.00081674
v -0.00208286 0.00278329 0.00081674
v -0.00210359 0.00281291 0.00093401
v -0.00213061 0.00285152 0.00105043
v -0.00216401 0.00289923 0.00116453
v -0.00230005 0.00281016 0.00116453
v -0.00226966 0.00276047 0.00105043
v -0.00224508 0.00272027 0.00093401
v -0.00222621 0.00268942 0.00081674
v -0.00253027 0.00252849 0.00081674
v -0.00237552 0.00260435 0.00081674
v -0.00254517 0.00256143 0.00093401
v -0.00239244 0.00263631 0.00093401
v -0.00256459 0.00260436 0.00105043
v -0.00241449 0.00267795 0.00105043
v -0.00258859 0.00265743 0.00116453
v -0.00244174 0.00272943 0.00116453
v -0.00233617 0.00286923 0.00127476
v -0.00265004 0.00279329 0.00137955
v -0.00296485 0.00276967 0.00147743
v -0.00270225 0.00249618 0.00093401
v -0.00271896 0.00254023 0.00105043
v -0.00287688 0.00248586 0.00105043
v -0.00289412 0.00254149 0.00116453
v -0.00305450 0.00249728 0.00116453
v -0.00261713 0.00272052 0.00127476
v -0.00291462 0.00260764 0.00127476
v -0.00273963 0.00259469 0.00116453
v -0.00268942 0.00246237 0.00081674
v -0.00286292 0.00244085 0.00093401
v -0.00304080 0.00244067 0.00105043
v -0.00321654 0.00246343 0.00116453
v -0.00322856 0.00253163 0.00127476
v -0.00337652 0.00238166 0.00105043
v -0.00337132 0.00233482 0.00093401
v -0.00319825 0.00235966 0.00093401
v -0.00319197 0.00232406 0.00081674
v -0.00302122 0.00235973 0.00081674
v -0.00285222 0.00240632 0.00081674
v -0.00302972 0.00239487 0.00093401
v -0.00320643 0.00240607 0.00105043
v -0.00338295 0.00243954 0.00116453
v -0.00355232 0.00249557 0.00127476
v -0.00389505 0.00232704 0.00093401
v -0.00389124 0.00237401 0.00105043
v -0.00388653 0.00243206 0.00116453
v -0.00336733 0.00229889 0.00081674
v -0.00354234 0.00228503 0.00081674
v -0.00372144 0.00228234 0.00081674
v -0.00389798 0.00229101 0.00081674
v -0.00407275 0.00234732 0.00093401
v -0.00406588 0.00239394 0.00105043
v -0.00423580 0.00242457 0.00105043
v -0.00422363 0.00248153 0.00116453
v -0.00439198 0.00252333 0.00116453
v -0.00388094 0.00250109 0.00127476
v -0.00420917 0.00254925 0.00127476
v -0.00405739 0.00245156 0.00116453
v -0.00407802 0.00231155 0.00081674
v -0.00424564 0.00237848 0.00093401
v -0.00440787 0.00246730 0.00105043
v -0.00455356 0.00257482 0.00116453
v -0.00453041 0.00264009 0.00127476
v -0.00425319 0.00234313 0.00081674
v -0.00442073 0.00242196 0.00093401
v -0.00457302 0.00251993 0.00105043
v -0.00469947 0.00263150 0.00116453
v -0.00480771 0.00275716 0.00127476
v -0.00472216 0.00257786 0.00105043
v -0.00483834 0.00269506 0.00116453
v -0.00486411 0.00264282 0.00105043
v -0.00498572 0.00277366 0.00116453
v -0.00501474 0.00272316 0.00105043
v -0.00512359 0.00285865 0.00116453
v -0.00515567 0.00281003 0.00105043
v -0.00443059 0.00238718 0.00081674
v -0.00458877 0.00247552 0.00093401
v -0.00460085 0.00244144 0.00081674
v -0.00474052 0.00253446 0.00093401
v -0.00475460 0.00250116 0.00081674
v -0.00488495 0.00260056 0.00093401
v -0.00490095 0.00256814 0.00081674
v -0.00503822 0.00268231 0.00093401
v -0.00505624 0.00265096 0.00081674
v -0.00518162 0.00277070 0.00093401
v -0.00520153 0.00274052 0.00081674
v -0.00531513 0.00286462 0.00093401
v -0.00528688 0.00290233 0.00105043
v -0.00540834 0.00299889 0.00105043
v -0.00537080 0.00304342 0.00116453
v -0.00548787 0.00314825 0.00116453
v -0.00508546 0.00291645 0.00127476
v -0.00532616 0.00309636 0.00127476
v -0.00525197 0.00294895 0.00116453
v -0.00533681 0.00283568 0.00081674
v -0.00543872 0.00296286 0.00093401
v -0.00552800 0.00310604 0.00105043
v -0.00559446 0.00325560 0.00116453
v -0.00554394 0.00330296 0.00127476
v -0.00587631 0.00342955 0.00093401
v -0.00583840 0.00345754 0.00105043
v -0.00579155 0.00349215 0.00116453
v -0.00558538 0.00304569 0.00081674
v -0.00569771 0.00315881 0.00081674
v -0.00580743 0.00328309 0.00081674
v -0.00590539 0.00340807 0.00081674
v -0.00546202 0.00293522 0.00081674
v -0.00556047 0.00307189 0.00093401
v -0.00563695 0.00321576 0.00105043
v -0.00569859 0.00337354 0.00116453
v -0.00573585 0.00353329 0.00127476
v -0.00327516 0.00279594 0.00156702
v -0.00325802 0.00269869 0.00147743
v -0.00356502 0.00276366 0.00156702
v -0.00356035 0.00266502 0.00147743
v -0.00385924 0.00276860 0.00156702
v -0.00386722 0.00267017 0.00147743
v -0.00415310 0.00281172 0.00156702
v -0.00417373 0.00271515 0.00147743
v -0.00444072 0.00289305 0.00156702
v -0.00447372 0.00279998 0.00147743
v -0.00468899 0.00299787 0.00156702
v -0.00473267 0.00290930 0.00147743
v -0.00493766 0.00314048 0.00156702
v -0.00499204 0.00305805 0.00147743
v -0.00515316 0.00330155 0.00156702
v -0.00521681 0.00322606 0.00147743
v -0.00534814 0.00348652 0.00156702
v -0.00542018 0.00341899 0.00147743
v -0.00551996 0.00369274 0.00156702
v -0.00559939 0.00363407 0.00147743
v -0.00566627 0.00391716 0.00156702
v -0.00575200 0.00386815 0.00147743
v -0.00608225 0.00367934 0.00081674
v -0.00599992 0.00354442 0.00081674
v -0.00605086 0.00369729 0.00093401
v -0.00596961 0.00356412 0.00093401
v -0.00600995 0.00372067 0.00105043
v -0.00593010 0.00358980 0.00105043
v -0.00595939 0.00374958 0.00116453
v -0.00588126 0.00362154 0.00116453
v -0.00537360 0.00408448 0.00177555
v -0.00526857 0.00414453 0.00182280
v -0.00524877 0.00389302 0.00177555
v -0.00515146 0.00396490 0.00182280
v -0.00510220 0.00371710 0.00177555
v -0.00501394 0.00379984 0.00182280
v -0.00493586 0.00355929 0.00177555
v -0.00485787 0.00365179 0.00182280
v -0.00475200 0.00342188 0.00177555
v -0.00468538 0.00352286 0.00182280
v -0.00453986 0.00330021 0.00177555
v -0.00448634 0.00340871 0.00182280
v -0.00432805 0.00321079 0.00177555
v -0.00428762 0.00332482 0.00182280
v -0.00408268 0.00314141 0.00177555
v -0.00405741 0.00325971 0.00182280
v -0.00383198 0.00310462 0.00177555
v -0.00382220 0.00322520 0.00182280
v -0.00358098 0.00310040 0.00177555
v -0.00358670 0.00322125 0.00182280
v -0.00333369 0.00312795 0.00177555
v -0.00335470 0.00324709 0.00182280
v -0.00309390 0.00318600 0.00177555
v -0.00312972 0.00330156 0.00182280
v -0.00286667 0.00327223 0.00177555
v -0.00291653 0.00338246 0.00182280
v -0.00265208 0.00338581 0.00177555
v -0.00271519 0.00348902 0.00182280
v -0.00245464 0.00352393 0.00177555
v -0.00252996 0.00361860 0.00182280
v -0.00227695 0.00368394 0.00177555
v -0.00236324 0.00376873 0.00182280
v -0.00212118 0.00386298 0.00177555
v -0.00221709 0.00393671 0.00182280
v -0.00198913 0.00405800 0.00177555
v -0.00209320 0.00411968 0.00182280
v -0.00188218 0.00426583 0.00177555
v -0.00199286 0.00431467 0.00182280
v -0.00180128 0.00448317 0.00177555
v -0.00191696 0.00451858 0.00182280
v -0.00174504 0.00471757 0.00177555
v -0.00186419 0.00473850 0.00182280
v -0.00171874 0.00494388 0.00177555
v -0.00183952 0.00495083 0.00182280
v -0.00171881 0.00517002 0.00177555
v -0.00183959 0.00516300 0.00182280
v -0.00174460 0.00539263 0.00177555
v -0.00186378 0.00537186 0.00182280
v -0.00157381 0.00567386 0.00164715
v -0.00162862 0.00541285 0.00171688
v -0.00151742 0.00543224 0.00164715
v -0.00160128 0.00517685 0.00171688
v -0.00148859 0.00518341 0.00164715
v -0.00160121 0.00493712 0.00171688
v -0.00148851 0.00493063 0.00164715
v -0.00162909 0.00469720 0.00171688
v -0.00151791 0.00467767 0.00164715
v -0.00168871 0.00444871 0.00171688
v -0.00158077 0.00441567 0.00164715
v -0.00177447 0.00421830 0.00171688
v -0.00167119 0.00417272 0.00164715
v -0.00188785 0.00399798 0.00171688
v -0.00179074 0.00394043 0.00164715
v -0.00202784 0.00379123 0.00171688
v -0.00193834 0.00372243 0.00164715
v -0.00219297 0.00360142 0.00171688
v -0.00211246 0.00352230 0.00164715
v -0.00238135 0.00343179 0.00171688
v -0.00231108 0.00334345 0.00164715
v -0.00259066 0.00328538 0.00171688
v -0.00253176 0.00318907 0.00164715
v -0.00281815 0.00316496 0.00171688
v -0.00277163 0.00306211 0.00164715
v -0.00305904 0.00307355 0.00171688
v -0.00302562 0.00296573 0.00164715
v -0.00331325 0.00301201 0.00171688
v -0.00329365 0.00290084 0.00164715
v -0.00357541 0.00298281 0.00171688
v -0.00357006 0.00287005 0.00164715
v -0.00384150 0.00298728 0.00171688
v -0.00385062 0.00287476 0.00164715
v -0.00410728 0.00302627 0.00171688
v -0.00413086 0.00291588 0.00164715
v -0.00436740 0.00309983 0.00171688
v -0.00440512 0.00299344 0.00164715
v -0.00459194 0.00319463 0.00171688
v -0.00464187 0.00309339 0.00164715
v -0.00481683 0.00332361 0.00171688
v -0.00487900 0.00322939 0.00164715
v -0.00501174 0.00346929 0.00171688
v -0.00508451 0.00338298 0.00164715
v -0.00518808 0.00363658 0.00171688
v -0.00527044 0.00355937 0.00164715
v -0.00534347 0.00382308 0.00171688
v -0.00543428 0.00375602 0.00164715
v -0.00547580 0.00402605 0.00171688
v -0.00557380 0.00397002 0.00164715
v -0.00582994 0.00382359 0.00137955
v -0.00589927 0.00378395 0.00127476
v -0.00567161 0.00358073 0.00137955
v -0.00548568 0.00335758 0.00137955
v -0.00527469 0.00315741 0.00137955
v -0.00504148 0.00298311 0.00137955
v -0.00477239 0.00282878 0.00137955
v -0.00450372 0.00271536 0.00137955
v -0.00419249 0.00262734 0.00137955
v -0.00387448 0.00258068 0.00137955
v -0.00355610 0.00257534 0.00137955
v -0.00324243 0.00261027 0.00137955
v -0.00293827 0.00268391 0.00137955
v -0.00609178 0.00387526 0.00105043
v -0.00603945 0.00390082 0.00116453
v -0.00613412 0.00385457 0.00093401
v -0.00198460 0.00535080 0.00185853
v -0.00196201 0.00515588 0.00185853
v -0.00196195 0.00495787 0.00185853
v -0.00198498 0.00475972 0.00185853
v -0.00203422 0.00455448 0.00185853
v -0.00210506 0.00436418 0.00185853
v -0.00219870 0.00418221 0.00185853
v -0.00231432 0.00401145 0.00185853
v -0.00245071 0.00385468 0.00185853
v -0.00260630 0.00371458 0.00185853
v -0.00277917 0.00359365 0.00185853
v -0.00296707 0.00349419 0.00185853
v -0.00316603 0.00341869 0.00185853
v -0.00337599 0.00336786 0.00185853
v -0.00359251 0.00334374 0.00185853
v -0.00381228 0.00334744 0.00185853
v -0.00403180 0.00337964 0.00185853
v -0.00424664 0.00344040 0.00185853
v -0.00443209 0.00351870 0.00185853
v -0.00461785 0.00362522 0.00185853
v -0.00477883 0.00374554 0.00185853
v -0.00492447 0.00388371 0.00185853
v -0.00505281 0.00403775 0.00185853
v -0.00516211 0.00420539 0.00185853
v -0.00122675 0.00548291 0.00137955
v -0.00131520 0.00546749 0.00147743
v -0.00141248 0.00545053 0.00156702
v -0.00119404 0.00520053 0.00137955
v -0.00128367 0.00519532 0.00147743
v -0.00138226 0.00518959 0.00156702
v -0.00119396 0.00491368 0.00137955
v -0.00128359 0.00491884 0.00147743
v -0.00138218 0.00492451 0.00156702
v -0.00122731 0.00462663 0.00137955
v -0.00131574 0.00464216 0.00147743
v -0.00141300 0.00465925 0.00156702
v -0.00129865 0.00432930 0.00137955
v -0.00138450 0.00435558 0.00147743
v -0.00147892 0.00438449 0.00156702
v -0.00140126 0.00405361 0.00137955
v -0.00148340 0.00408986 0.00147743
v -0.00157375 0.00412972 0.00156702
v -0.00153693 0.00379000 0.00137955
v -0.00161416 0.00383578 0.00147743
v -0.00169911 0.00388612 0.00156702
v -0.00170442 0.00354262 0.00137955
v -0.00177561 0.00359734 0.00147743
v -0.00185390 0.00365752 0.00156702
v -0.00237784 0.00293736 0.00137955
v -0.00242468 0.00301396 0.00147743
v -0.00247620 0.00309820 0.00156702
v -0.00277897 0.00415700 0.00190000
v -0.00274866 0.00415167 0.00190000
v -0.00271789 0.00415147 0.00190000
v -0.00268752 0.00415641 0.00190000
v -0.00265778 0.00415888 0.00190000
v -0.00375634 0.00370296 0.00190000
v -0.00373272 0.00372160 0.00190000
v -0.00370859 0.00374065 0.00190000
v -0.00368699 0.00376256 0.00190000
v -0.00366936 0.00378778 0.00190000
v 0.00011057 -0.00488761 0.00190000
v -0.00001554 -0.00488009 0.00190000
v -0.00097450 -0.00529226 0.00190000
v -0.00023731 -0.00490071 0.00190000
v -0.00006457 -0.00488465 0.00190000
v -0.00040481 -0.00494459 0.00190000
v -0.00093446 -0.00524816 0.00190000
v -0.00084982 -0.00518176 0.00190000
v -0.00075054 -0.00510388 0.00190000
v -0.00071337 -0.00508379 0.00190000
v -0.00045478 -0.00495769 0.00190000
v -0.00054778 -0.00499428 0.00190000
v 0.00121054 -0.00565214 0.00190000
v 0.00123288 -0.00567329 0.00190000
v 0.00119962 -0.00558833 0.00190000
v 0.00125138 -0.00569789 0.00190000
v 0.00126551 -0.00572522 0.00190000
v 0.00039814 -0.00493913 0.00190000
v 0.00028518 -0.00491473 0.00190000
v 0.00045656 -0.00496200 0.00190000
v 0.00108923 -0.00541906 0.00190000
v 0.00112713 -0.00561465 0.00190000
v 0.00118818 -0.00557078 0.00190000
v 0.00115691 -0.00562240 0.00190000
v 0.00118497 -0.00563501 0.00190000
v 0.00075341 -0.00510821 0.00190000
v 0.00088023 -0.00520605 0.00190000
v 0.00095328 -0.00526605 0.00190000
v 0.00078010 -0.00512379 0.00190000
v 0.00099696 -0.00531521 0.00190000
v 0.00109647 -0.00561198 0.00190000
v 0.00059756 -0.00501719 0.00190000
v -0.00131010 -0.00663517 0.00190000
v -0.00117617 -0.00555280 0.00190000
v -0.00115580 -0.00551445 0.00190000
v -0.00133538 -0.00655605 0.00190000
v -0.00125635 -0.00570366 0.00190000
v -0.00136421 -0.00617137 0.00190000
v -0.00136345 -0.00611620 0.00190000
v -0.00134524 -0.00601371 0.00190000
v -0.00130683 -0.00585008 0.00190000
v -0.00132609 -0.00590595 0.00190000
v -0.00134599 -0.00648474 0.00190000
v -0.00136663 -0.00634610 0.00190000
v 0.00120277 -0.00594479 0.00070000
v 0.00120277 -0.00594479 0.00190000
v 0.00122621 -0.00592485 0.00190000
v 0.00122621 -0.00592485 0.00070000
v 0.00124598 -0.00590128 0.00190000
v 0.00124598 -0.00590128 0.00070000
v 0.00126154 -0.00587473 0.00190000
v 0.00126154 -0.00587473 0.00070000
v 0.00127244 -0.00584595 0.00190000
v 0.00127244 -0.00584595 0.00070000
v 0.00127839 -0.00581576 0.00190000
v 0.00127839 -0.00581576 0.00070000
v 0.00127920 -0.00578500 0.00190000
v 0.00127920 -0.00578500 0.00070000
v 0.00127487 -0.00575454 0.00190000
v 0.00127487 -0.00575454 0.00070000
v 0.00126551 -0.00572522 0.00070000
v 0.00125138 -0.00569789 0.00070000
v 0.00123288 -0.00567329 0.00070000
v 0.00121054 -0.00565214 0.00070000
v 0.00118497 -0.00563501 0.00070000
v 0.00115691 -0.00562240 0.00070000
v 0.00112713 -0.00561465 0.00070000
v 0.00109647 -0.00561198 0.00070000
v -0.00096331 -0.00687698 0.00190000
v -0.00096331 -0.00687698 0.00070000
v -0.00086080 -0.00688527 0.00190000
v -0.00086080 -0.00688527 0.00070000
v -0.00076101 -0.00691016 0.00190000
v -0.00076101 -0.00691016 0.00070000
v -0.00066662 -0.00695100 0.00190000
v -0.00066662 -0.00695100 0.00070000
v -0.00058015 -0.00700669 0.00190000
v -0.00058015 -0.00700669 0.00070000
v -0.00050393 -0.00707574 0.00190000
v -0.00050393 -0.00707574 0.00070000
v -0.00043999 -0.00715629 0.00190000
v -0.00043999 -0.00715629 0.00070000
v -0.00039004 -0.00724619 0.00190000
v -0.00039004 -0.00724619 0.00070000
v -0.00035543 -0.00734304 0.00190000
v -0.00035543 -0.00734304 0.00070000
v -0.00033707 -0.00744424 0.00190000
v -0.00033707 -0.00744424 0.00070000
v 0.00108328 -0.00685525 0.00070000
v 0.00108328 -0.00685525 0.00190000
v 0.00104683 -0.00680631 0.00070000
v 0.00104683 -0.00680631 0.00190000
v 0.00102463 -0.00677076 0.00070000
v 0.00102463 -0.00677076 0.00190000
v 0.00098055 -0.00667784 0.00190000
v 0.00098055 -0.00667784 0.00070000
v 0.00095222 -0.00657897 0.00190000
v 0.00095222 -0.00657897 0.00070000
v 0.00094040 -0.00647681 0.00190000
v 0.00094040 -0.00647681 0.00070000
v 0.00094539 -0.00637408 0.00190000
v 0.00094539 -0.00637408 0.00070000
v 0.00096707 -0.00627355 0.00190000
v 0.00096707 -0.00627355 0.00070000
v 0.00100486 -0.00617790 0.00190000
v 0.00100486 -0.00617790 0.00070000
v 0.00105775 -0.00608969 0.00190000
v 0.00105775 -0.00608969 0.00070000
v 0.00112431 -0.00601129 0.00190000
v 0.00112431 -0.00601129 0.00070000
v 0.00086570 -0.00713903 0.00070000
v 0.00056488 -0.00708419 0.00070000
v 0.00066771 -0.00708588 0.00070000
v 0.00011976 -0.00731310 0.00070000
v 0.00019121 -0.00723913 0.00070000
v 0.00027378 -0.00717781 0.00070000
v 0.00006132 -0.00739774 0.00070000
v 0.00001748 -0.00749077 0.00070000
v -0.00033152 -0.00747450 0.00070000
v -0.00032099 -0.00750341 0.00070000
v 0.00076889 -0.00710433 0.00070000
v 0.00036524 -0.00713077 0.00070000
v 0.00046314 -0.00709928 0.00070000
v 0.00110077 -0.00688056 0.00070000
v -0.00026313 -0.00757424 0.00070000
v -0.00023690 -0.00759032 0.00070000
v 0.00000430 -0.00751858 0.00070000
v -0.00030676 -0.00752872 0.00070000
v -0.00030577 -0.00753016 0.00070000
v -0.00028631 -0.00755399 0.00070000
v -0.00003493 -0.00756571 0.00070000
v -0.00001333 -0.00754379 0.00070000
v -0.00017828 -0.00760835 0.00070000
v -0.00020835 -0.00760180 0.00070000
v -0.00014755 -0.00760978 0.00070000
v -0.00011700 -0.00760606 0.00070000
v -0.00008751 -0.00759729 0.00070000
v -0.00005989 -0.00758371 0.00070000
v 0.00089469 -0.00714935 0.00070000
v 0.00092500 -0.00715469 0.00070000
v 0.00095577 -0.00715489 0.00070000
v 0.00112197 -0.00693811 0.00070000
v 0.00101526 -0.00714000 0.00070000
v 0.00104230 -0.00712532 0.00070000
v 0.00098614 -0.00714995 0.00070000
v 0.00111379 -0.00690844 0.00070000
v 0.00111588 -0.00702936 0.00070000
v 0.00112303 -0.00699943 0.00070000
v 0.00112508 -0.00696872 0.00070000
v 0.00106652 -0.00710634 0.00070000
v 0.00108722 -0.00708357 0.00070000
v 0.00110383 -0.00705767 0.00070000
v -0.00028520 -0.00758526 0.00190000
v -0.00017828 -0.00760835 0.00190000
v -0.00020759 -0.00759934 0.00190000
v -0.00028631 -0.00755399 0.00190000
v -0.00039814 -0.00756087 0.00190000
v -0.00026313 -0.00757424 0.00190000
v -0.00023690 -0.00759032 0.00190000
v -0.00119900 -0.00691279 0.00190000
v -0.00118825 -0.00692925 0.00190000
v -0.00108844 -0.00708198 0.00190000
v -0.00030577 -0.00753016 0.00190000
v -0.00030676 -0.00752872 0.00190000
v -0.00045658 -0.00753800 0.00190000
v -0.00125118 -0.00680810 0.00190000
v -0.00125850 -0.00679137 0.00190000
v -0.00075343 -0.00739179 0.00190000
v -0.00078010 -0.00737621 0.00190000
v -0.00088029 -0.00729399 0.00190000
v -0.00095229 -0.00723491 0.00190000
v -0.00099694 -0.00718475 0.00190000
v -0.00032099 -0.00750341 0.00190000
v -0.00033152 -0.00747450 0.00190000
v -0.00059756 -0.00748281 0.00190000
v -0.00234474 -0.00777424 0.00070000
v -0.00242174 -0.00763471 0.00070000
v -0.00250965 -0.00747541 0.00070000
v -0.00256005 -0.00738408 0.00070000
v -0.00258644 -0.00732254 0.00070000
v -0.00263203 -0.00718393 0.00070000
v -0.00268005 -0.00703793 0.00070000
v -0.00271809 -0.00692230 0.00070000
v -0.00272318 -0.00688975 0.00070000
v -0.00274829 -0.00672929 0.00070000
v -0.00277253 -0.00657436 0.00070000
v -0.00279354 -0.00644010 0.00070000
v -0.00279301 -0.00641260 0.00070000
v -0.00278411 -0.00595212 0.00070000
v -0.00278676 -0.00608936 0.00070000
v -0.00278995 -0.00625419 0.00070000
v -0.00274787 -0.00576753 0.00070000
v -0.00271518 -0.00560100 0.00070000
v -0.00269009 -0.00547319 0.00070000
v -0.00267407 -0.00543169 0.00070000
v -0.00261515 -0.00527907 0.00070000
v -0.00255466 -0.00512234 0.00070000
v -0.00251432 -0.00501786 0.00070000
v -0.00248696 -0.00497252 0.00070000
v -0.00239971 -0.00482791 0.00070000
v -0.00231348 -0.00468501 0.00070000
v -0.00226217 -0.00459997 0.00070000
v -0.00221598 -0.00454704 0.00070000
v -0.00210523 -0.00442011 0.00070000
v -0.00199287 -0.00429135 0.00070000
v -0.00194128 -0.00423222 0.00070000
v -0.00187026 -0.00417493 0.00070000
v -0.00173647 -0.00406700 0.00070000
v -0.00160287 -0.00395923 0.00070000
v -0.00130518 -0.00378437 0.00070000
v -0.00145700 -0.00386816 0.00070000
v -0.00156140 -0.00392577 0.00070000
v -0.00113408 -0.00368995 0.00070000
v -0.00099037 -0.00364077 0.00070000
v -0.00082597 -0.00358450 0.00070000
v -0.00067230 -0.00353191 0.00070000
v -0.00048459 -0.00350254 0.00070000
v -0.00030796 -0.00347490 0.00070000
v -0.00019010 -0.00345646 0.00070000
v -0.00013264 -0.00345757 0.00070000
v 0.00004799 -0.00346106 0.00070000
v 0.00022626 -0.00346451 0.00070000
v 0.00029788 -0.00346589 0.00070000
v 0.00040662 -0.00348724 0.00070000
v 0.00058287 -0.00352184 0.00070000
v 0.00077681 -0.00355991 0.00070000
v 0.00093226 -0.00361992 0.00070000
v 0.00108756 -0.00367986 0.00070000
v 0.00123214 -0.00373568 0.00070000
v 0.00123826 -0.00373936 0.00070000
v 0.00139012 -0.00383100 0.00070000
v 0.00153760 -0.00391999 0.00070000
v 0.00165003 -0.00398783 0.00070000
v 0.00167657 -0.00401099 0.00070000
v 0.00179809 -0.00411702 0.00070000
v 0.00192400 -0.00422689 0.00070000
v 0.00201778 -0.00430872 0.00070000
v 0.00204041 -0.00433678 0.00070000
v 0.00214536 -0.00446687 0.00070000
v 0.00224597 -0.00459159 0.00070000
v 0.00232423 -0.00468860 0.00070000
v 0.00234472 -0.00472574 0.00070000
v 0.00242172 -0.00486527 0.00070000
v 0.00250964 -0.00502458 0.00070000
v 0.00256005 -0.00511592 0.00070000
v 0.00258644 -0.00517746 0.00070000
v 0.00263203 -0.00531608 0.00070000
v 0.00268006 -0.00546209 0.00070000
v 0.00271809 -0.00557770 0.00070000
v 0.00272319 -0.00561027 0.00070000
v 0.00274829 -0.00577073 0.00070000
v 0.00277254 -0.00592566 0.00070000
v 0.00279354 -0.00605990 0.00070000
v 0.00279301 -0.00608743 0.00070000
v 0.00278411 -0.00654788 0.00070000
v 0.00278676 -0.00641067 0.00070000
v 0.00278995 -0.00624583 0.00070000
v 0.00274787 -0.00673249 0.00070000
v 0.00271517 -0.00689902 0.00070000
v 0.00269009 -0.00702681 0.00070000
v 0.00267406 -0.00706834 0.00070000
v 0.00261514 -0.00722096 0.00070000
v 0.00255465 -0.00737768 0.00070000
v 0.00251432 -0.00748214 0.00070000
v 0.00248695 -0.00752751 0.00070000
v 0.00239970 -0.00767211 0.00070000
v 0.00231347 -0.00781501 0.00070000
v 0.00226217 -0.00790003 0.00070000
v 0.00221596 -0.00795298 0.00070000
v 0.00210521 -0.00807991 0.00070000
v 0.00199285 -0.00820867 0.00070000
v 0.00194128 -0.00826778 0.00070000
v 0.00187024 -0.00832509 0.00070000
v 0.00173645 -0.00843302 0.00070000
v 0.00160285 -0.00854079 0.00070000
v 0.00156140 -0.00857423 0.00070000
v 0.00145698 -0.00863185 0.00070000
v 0.00130516 -0.00871564 0.00070000
v 0.00113408 -0.00881005 0.00070000
v 0.00067230 -0.00896809 0.00070000
v 0.00082594 -0.00891551 0.00070000
v 0.00099035 -0.00885924 0.00070000
v 0.00048456 -0.00899747 0.00070000
v 0.00030794 -0.00902510 0.00070000
v 0.00019010 -0.00904354 0.00070000
v 0.00013261 -0.00904243 0.00070000
v -0.00004802 -0.00903894 0.00070000
v -0.00022628 -0.00903549 0.00070000
v -0.00029788 -0.00903411 0.00070000
v -0.00040665 -0.00901276 0.00070000
v -0.00058290 -0.00897816 0.00070000
v -0.00077681 -0.00894009 0.00070000
v -0.00123214 -0.00876432 0.00070000
v -0.00108758 -0.00882013 0.00070000
v -0.00093229 -0.00888007 0.00070000
v -0.00139015 -0.00866898 0.00070000
v -0.00153762 -0.00858000 0.00070000
v -0.00165003 -0.00851217 0.00070000
v -0.00167659 -0.00848899 0.00070000
v -0.00179811 -0.00838296 0.00070000
v -0.00192402 -0.00827309 0.00070000
v -0.00201778 -0.00819128 0.00070000
v -0.00204043 -0.00816320 0.00070000
v -0.00214538 -0.00803311 0.00070000
v -0.00224599 -0.00790839 0.00070000
v -0.00232423 -0.00781140 0.00070000
v 0.00176557 -0.00415586 0.00093169
v -0.00159099 -0.00397670 0.00081558
v -0.00185741 -0.00418865 0.00081558
v 0.00249322 -0.00503221 0.00081558
v 0.00220817 -0.00533432 0.00147401
v 0.00221410 -0.00533186 0.00146739
v 0.00208399 -0.00505853 0.00147090
v 0.00240884 -0.00487281 0.00081558
v 0.00164195 -0.00405759 0.00093169
v 0.00092727 -0.00363479 0.00081558
v 0.00004635 -0.00355769 0.00104700
v 0.00004715 -0.00351131 0.00093169
v -0.00012967 -0.00351397 0.00093169
v -0.00154396 -0.00404390 0.00104700
v -0.00151112 -0.00409083 0.00116008
v -0.00137495 -0.00400166 0.00116008
v -0.00256779 -0.00529651 0.00093169
v -0.00250597 -0.00514421 0.00093169
v -0.00261901 -0.00562432 0.00104700
v -0.00266413 -0.00561355 0.00093169
v -0.00269780 -0.00577612 0.00093169
v -0.00230302 -0.00692727 0.00147090
v -0.00220982 -0.00689986 0.00156025
v -0.00226917 -0.00664559 0.00156025
v -0.00148769 -0.00686691 0.00187994
v -0.00148603 -0.00686622 0.00188009
v -0.00154339 -0.00670388 0.00188024
v -0.00201916 -0.00708730 0.00164290
v -0.00192153 -0.00704682 0.00171447
v -0.00200250 -0.00683889 0.00171046
v -0.00147025 -0.00685968 0.00188151
v -0.00229172 -0.00720032 0.00137697
v -0.00221520 -0.00716859 0.00146870
v -0.00236831 -0.00723208 0.00126718
v -0.00236507 -0.00723074 0.00127263
v -0.00246305 -0.00697433 0.00126941
v -0.00233133 -0.00721675 0.00132949
v -0.00238773 -0.00695218 0.00137351
v -0.00229659 -0.00720234 0.00137114
v -0.00253775 -0.00715031 0.00104700
v -0.00248214 -0.00727929 0.00104867
v -0.00244919 -0.00726562 0.00113090
v -0.00262782 -0.00702279 0.00093169
v -0.00258146 -0.00716582 0.00093169
v -0.00258332 -0.00700970 0.00104700
v -0.00252837 -0.00699354 0.00116008
v -0.00248376 -0.00713115 0.00116008
v -0.00243261 -0.00725875 0.00115882
v -0.00243006 -0.00725769 0.00116312
v -0.00189108 -0.00680613 0.00176971
v -0.00181879 -0.00700421 0.00176488
v -0.00180679 -0.00699924 0.00177077
v -0.00210839 -0.00712430 0.00157747
v -0.00202823 -0.00709106 0.00163624
v -0.00210922 -0.00687028 0.00164042
v -0.00171279 -0.00696025 0.00181689
v -0.00177644 -0.00677241 0.00181779
v -0.00158253 -0.00690624 0.00185337
v -0.00266655 -0.00687624 0.00093169
v -0.00262139 -0.00686564 0.00104700
v -0.00265271 -0.00671245 0.00104700
v -0.00252920 -0.00669092 0.00126941
v -0.00259627 -0.00670261 0.00116008
v -0.00261754 -0.00655654 0.00116008
v -0.00256563 -0.00685254 0.00116008
v -0.00158484 -0.00652629 0.00188024
v -0.00272051 -0.00656860 0.00093169
v -0.00273448 -0.00640902 0.00093169
v -0.00269840 -0.00672041 0.00093169
v -0.00267444 -0.00656320 0.00104700
v -0.00263098 -0.00640300 0.00116008
v -0.00256301 -0.00639905 0.00126941
v -0.00268817 -0.00640633 0.00104700
v -0.00263543 -0.00625376 0.00116008
v -0.00269271 -0.00625384 0.00104700
v -0.00263108 -0.00609864 0.00116008
v -0.00268827 -0.00609535 0.00104700
v -0.00261812 -0.00594844 0.00116008
v -0.00267503 -0.00594189 0.00104700
v -0.00273910 -0.00625391 0.00093169
v -0.00273458 -0.00609269 0.00093169
v -0.00272111 -0.00593658 0.00093169
v -0.00256311 -0.00610255 0.00126941
v -0.00252863 -0.00580584 0.00126941
v -0.00259569 -0.00579406 0.00116008
v -0.00256330 -0.00563764 0.00116008
v -0.00265211 -0.00578415 0.00104700
v -0.00252000 -0.00547859 0.00116008
v -0.00245490 -0.00549852 0.00126941
v -0.00160603 -0.00634340 0.00188024
v -0.00160609 -0.00615761 0.00188024
v -0.00158449 -0.00597168 0.00188024
v -0.00153828 -0.00577911 0.00188024
v -0.00257478 -0.00546182 0.00104700
v -0.00247060 -0.00533260 0.00116008
v -0.00252430 -0.00531266 0.00104700
v -0.00241113 -0.00518606 0.00116008
v -0.00246353 -0.00516294 0.00104700
v -0.00234412 -0.00504559 0.00116008
v -0.00239507 -0.00501941 0.00104700
v -0.00261913 -0.00544824 0.00093169
v -0.00234884 -0.00521355 0.00126941
v -0.00220861 -0.00494107 0.00126941
v -0.00226718 -0.00490636 0.00116008
v -0.00231646 -0.00487715 0.00104700
v -0.00218307 -0.00477363 0.00116008
v -0.00223053 -0.00474154 0.00104700
v -0.00208946 -0.00464388 0.00116008
v -0.00213488 -0.00460897 0.00104700
v -0.00243633 -0.00499822 0.00093169
v -0.00235637 -0.00485351 0.00093169
v -0.00226895 -0.00471555 0.00093169
v -0.00217166 -0.00458070 0.00093169
v -0.00147182 -0.00560054 0.00188024
v -0.00138395 -0.00542980 0.00188024
v -0.00127547 -0.00526958 0.00188024
v -0.00203548 -0.00468537 0.00126941
v -0.00183126 -0.00445062 0.00126941
v -0.00187982 -0.00440291 0.00116008
v -0.00176416 -0.00429214 0.00116008
v -0.00192068 -0.00436276 0.00104700
v -0.00195377 -0.00433025 0.00093169
v -0.00180251 -0.00424958 0.00104700
v -0.00164067 -0.00418755 0.00116008
v -0.00159828 -0.00424083 0.00126941
v -0.00167633 -0.00414272 0.00104700
v -0.00170521 -0.00410642 0.00093169
v -0.00183356 -0.00421512 0.00093169
v -0.00133943 -0.00405975 0.00126941
v -0.00114750 -0.00512248 0.00188024
v -0.00100151 -0.00499102 0.00188024
v -0.00083931 -0.00487755 0.00188024
v -0.00078031 -0.00373274 0.00116008
v -0.00079727 -0.00367802 0.00104700
v -0.00095527 -0.00373243 0.00104700
v -0.00093495 -0.00378599 0.00116008
v -0.00110974 -0.00379660 0.00104700
v -0.00108613 -0.00384879 0.00116008
v -0.00125992 -0.00387023 0.00104700
v -0.00123312 -0.00392086 0.00116008
v -0.00142903 -0.00391322 0.00093169
v -0.00144762 -0.00388282 0.00081558
v -0.00128163 -0.00382924 0.00093169
v -0.00129830 -0.00379774 0.00081558
v -0.00112885 -0.00375433 0.00093169
v -0.00114354 -0.00372186 0.00081558
v -0.00097173 -0.00368906 0.00093169
v -0.00098437 -0.00365574 0.00081558
v -0.00081100 -0.00363372 0.00093169
v -0.00082155 -0.00359968 0.00081558
v -0.00047632 -0.00471339 0.00188024
v -0.00064416 -0.00358772 0.00093169
v -0.00063325 -0.00363281 0.00104700
v -0.00046752 -0.00359818 0.00104700
v -0.00045758 -0.00365460 0.00116008
v -0.00029101 -0.00363069 0.00116008
v -0.00076015 -0.00379777 0.00126941
v -0.00044576 -0.00372165 0.00126941
v -0.00061978 -0.00368848 0.00116008
v -0.00065254 -0.00355309 0.00081558
v -0.00047558 -0.00355250 0.00093169
v -0.00029733 -0.00357375 0.00104700
v -0.00012476 -0.00361753 0.00116008
v -0.00012154 -0.00368553 0.00126941
v 0.00022144 -0.00351987 0.00093169
v 0.00021769 -0.00356610 0.00104700
v 0.00021305 -0.00362320 0.00116008
v -0.00030639 -0.00349223 0.00081558
v -0.00013136 -0.00347838 0.00081558
v 0.00004776 -0.00347568 0.00081558
v 0.00022432 -0.00348435 0.00081558
v -0.00048177 -0.00351741 0.00081558
v -0.00030246 -0.00352765 0.00093169
v -0.00012747 -0.00356031 0.00104700
v 0.00004536 -0.00361496 0.00116008
v 0.00020755 -0.00369106 0.00126941
v -0.00027932 -0.00466569 0.00188024
v -0.00007616 -0.00464306 0.00188024
v 0.00013005 -0.00464652 0.00188024
v 0.00057957 -0.00353647 0.00081558
v 0.00040438 -0.00350489 0.00081558
v 0.00057213 -0.00357132 0.00093169
v 0.00039918 -0.00354015 0.00093169
v 0.00056244 -0.00361668 0.00104700
v 0.00039242 -0.00358603 0.00104700
v 0.00055047 -0.00367270 0.00116008
v 0.00038408 -0.00364271 0.00116008
v 0.00074727 -0.00361481 0.00093169
v 0.00073462 -0.00365943 0.00104700
v 0.00089986 -0.00371209 0.00104700
v 0.00088071 -0.00376609 0.00116008
v 0.00102677 -0.00382281 0.00116008
v 0.00053625 -0.00373928 0.00126941
v 0.00085796 -0.00383026 0.00126941
v 0.00071899 -0.00371454 0.00116008
v 0.00033603 -0.00467674 0.00188024
v 0.00053761 -0.00473375 0.00188024
v 0.00075699 -0.00358052 0.00081558
v 0.00091536 -0.00366838 0.00093169
v 0.00104908 -0.00377005 0.00104700
v 0.00116578 -0.00388643 0.00116008
v 0.00113566 -0.00394749 0.00126941
v 0.00081908 -0.00458935 0.00181779
v 0.00061879 -0.00450480 0.00181779
v 0.00057825 -0.00461912 0.00185457
v 0.00038676 -0.00443918 0.00181779
v 0.00036143 -0.00455781 0.00185457
v 0.00014969 -0.00440440 0.00181779
v 0.00013989 -0.00452531 0.00185457
v -0.00008766 -0.00440042 0.00181779
v -0.00008192 -0.00452158 0.00185457
v -0.00032150 -0.00442646 0.00181779
v -0.00030043 -0.00454592 0.00185457
v -0.00054825 -0.00448136 0.00181779
v -0.00051233 -0.00459723 0.00185457
v -0.00076312 -0.00456290 0.00181779
v -0.00066301 -0.00478423 0.00188024
v -0.00096604 -0.00467031 0.00181779
v -0.00115274 -0.00480092 0.00181779
v -0.00132077 -0.00495223 0.00181779
v -0.00146806 -0.00512153 0.00181779
v -0.00159293 -0.00530595 0.00181779
v -0.00169406 -0.00550248 0.00181779
v -0.00177056 -0.00570800 0.00181779
v -0.00182374 -0.00592965 0.00181779
v -0.00184860 -0.00614365 0.00181779
v -0.00184854 -0.00635750 0.00181779
v -0.00182415 -0.00656801 0.00181779
v 0.00106716 -0.00372734 0.00093169
v 0.00119112 -0.00383506 0.00104700
v 0.00131329 -0.00396510 0.00116008
v 0.00141381 -0.00410701 0.00126941
v 0.00134184 -0.00391544 0.00104700
v 0.00145130 -0.00405018 0.00116008
v 0.00148285 -0.00400236 0.00104700
v 0.00157980 -0.00414057 0.00116008
v 0.00161414 -0.00409471 0.00104700
v 0.00169875 -0.00423512 0.00116008
v 0.00173567 -0.00419132 0.00104700
v 0.00121163 -0.00379346 0.00093169
v 0.00136495 -0.00387522 0.00093169
v 0.00150839 -0.00396364 0.00093169
v 0.00199825 -0.00437660 0.00093169
v 0.00165486 -0.00428717 0.00126941
v 0.00187296 -0.00449407 0.00126941
v 0.00181593 -0.00434005 0.00116008
v 0.00192262 -0.00444750 0.00116008
v 0.00185540 -0.00429854 0.00104700
v 0.00071162 -0.00480721 0.00188024
v 0.00088592 -0.00490716 0.00188024
v 0.00103696 -0.00502006 0.00188024
v 0.00117363 -0.00514970 0.00188024
v 0.00188736 -0.00426492 0.00093169
v 0.00196442 -0.00440832 0.00104700
v 0.00202685 -0.00456556 0.00116008
v 0.00206514 -0.00472472 0.00126941
v 0.00207091 -0.00452894 0.00104700
v 0.00211990 -0.00468427 0.00116008
v 0.00216598 -0.00465024 0.00104700
v 0.00220970 -0.00481379 0.00116008
v 0.00225773 -0.00478257 0.00104700
v 0.00228790 -0.00494195 0.00116008
v 0.00233763 -0.00491352 0.00104700
v 0.00210658 -0.00449929 0.00093169
v 0.00220329 -0.00462268 0.00093169
v 0.00229662 -0.00475729 0.00093169
v 0.00237790 -0.00489050 0.00093169
v -0.00194187 -0.00658853 0.00176971
v -0.00196783 -0.00636444 0.00176971
v -0.00196790 -0.00613679 0.00176971
v -0.00194143 -0.00590898 0.00176971
v -0.00188482 -0.00567303 0.00176971
v -0.00180339 -0.00545423 0.00176971
v -0.00169573 -0.00524503 0.00176971
v -0.00156280 -0.00504871 0.00176971
v -0.00140600 -0.00486848 0.00176971
v -0.00122713 -0.00470740 0.00176971
v -0.00102838 -0.00456837 0.00176971
v -0.00081236 -0.00445403 0.00176971
v -0.00058363 -0.00436723 0.00176971
v -0.00034224 -0.00430878 0.00176971
v -0.00009332 -0.00428106 0.00176971
v 0.00015935 -0.00428530 0.00176971
v 0.00041172 -0.00432232 0.00176971
v 0.00065873 -0.00439217 0.00176971
v 0.00087194 -0.00448218 0.00176971
v 0.00101969 -0.00470440 0.00181779
v 0.00108549 -0.00460466 0.00176971
v 0.00119354 -0.00483434 0.00181779
v 0.00127057 -0.00474298 0.00176971
v 0.00135084 -0.00498356 0.00181779
v 0.00143802 -0.00490183 0.00176971
v 0.00148945 -0.00514992 0.00181779
v 0.00158557 -0.00507892 0.00176971
v 0.00160749 -0.00533096 0.00181779
v 0.00171123 -0.00527165 0.00176971
v -0.00205628 -0.00660847 0.00171046
v -0.00216587 -0.00662758 0.00164042
v -0.00208377 -0.00637118 0.00171046
v -0.00219482 -0.00637764 0.00164042
v -0.00208385 -0.00613012 0.00171046
v -0.00219490 -0.00612373 0.00164042
v -0.00205582 -0.00588889 0.00171046
v -0.00216538 -0.00586964 0.00164042
v -0.00199587 -0.00563903 0.00171046
v -0.00210224 -0.00560647 0.00164042
v -0.00190964 -0.00540735 0.00171046
v -0.00201141 -0.00536244 0.00164042
v -0.00179564 -0.00518582 0.00171046
v -0.00189133 -0.00512911 0.00164042
v -0.00165488 -0.00497793 0.00171046
v -0.00174307 -0.00491014 0.00164042
v -0.00148884 -0.00478708 0.00171046
v -0.00156819 -0.00470911 0.00164042
v -0.00129943 -0.00461651 0.00171046
v -0.00136868 -0.00452946 0.00164042
v -0.00108897 -0.00446929 0.00171046
v -0.00114701 -0.00437439 0.00164042
v -0.00086023 -0.00434821 0.00171046
v -0.00090607 -0.00424686 0.00164042
v -0.00061801 -0.00425630 0.00171046
v -0.00065095 -0.00415005 0.00164042
v -0.00036241 -0.00419441 0.00171046
v -0.00038172 -0.00408486 0.00164042
v -0.00009881 -0.00416505 0.00171046
v -0.00010408 -0.00405393 0.00164042
v 0.00016874 -0.00416954 0.00171046
v 0.00017773 -0.00405867 0.00164042
v 0.00043598 -0.00420875 0.00171046
v 0.00045922 -0.00409996 0.00164042
v 0.00069754 -0.00428271 0.00171046
v 0.00073471 -0.00417787 0.00164042
v 0.00092331 -0.00437802 0.00171046
v 0.00097252 -0.00427826 0.00164042
v 0.00114945 -0.00450771 0.00171046
v 0.00121071 -0.00441486 0.00164042
v 0.00134543 -0.00465419 0.00171046
v 0.00141713 -0.00456914 0.00164042
v 0.00152274 -0.00482240 0.00171046
v 0.00160389 -0.00474632 0.00164042
v 0.00167899 -0.00500992 0.00171046
v 0.00176847 -0.00494384 0.00164042
v 0.00181205 -0.00521401 0.00171046
v 0.00190862 -0.00515880 0.00164042
v 0.00129405 -0.00529423 0.00188024
v 0.00139660 -0.00545153 0.00188024
v 0.00150218 -0.00539117 0.00185457
v 0.00211968 -0.00537102 0.00156631
v 0.00212727 -0.00536787 0.00155966
v 0.00199965 -0.00510675 0.00156025
v 0.00214673 -0.00535980 0.00154265
v -0.00236488 -0.00666227 0.00147090
v -0.00229951 -0.00638372 0.00156025
v -0.00239650 -0.00638936 0.00147090
v -0.00229959 -0.00611771 0.00156025
v -0.00239658 -0.00611213 0.00147090
v -0.00226866 -0.00585150 0.00156025
v -0.00236435 -0.00583470 0.00147090
v -0.00220251 -0.00557578 0.00156025
v -0.00229540 -0.00554734 0.00147090
v -0.00210735 -0.00532011 0.00156025
v -0.00219623 -0.00528089 0.00147090
v -0.00198154 -0.00507564 0.00156025
v -0.00206512 -0.00502611 0.00147090
v -0.00182621 -0.00484623 0.00156025
v -0.00190324 -0.00478702 0.00147090
v -0.00164298 -0.00463562 0.00156025
v -0.00171228 -0.00456753 0.00147090
v -0.00143396 -0.00444740 0.00156025
v -0.00149444 -0.00437137 0.00147090
v -0.00120172 -0.00428493 0.00156025
v -0.00125240 -0.00420205 0.00147090
v -0.00094929 -0.00415132 0.00156025
v -0.00098933 -0.00406280 0.00147090
v -0.00068200 -0.00404989 0.00156025
v -0.00071076 -0.00395709 0.00147090
v -0.00039993 -0.00398159 0.00156025
v -0.00041680 -0.00388592 0.00147090
v -0.00010904 -0.00394919 0.00156025
v -0.00011364 -0.00385215 0.00147090
v 0.00018621 -0.00395415 0.00156025
v 0.00019407 -0.00385731 0.00147090
v 0.00048112 -0.00399741 0.00156025
v 0.00050141 -0.00390241 0.00147090
v 0.00076975 -0.00407903 0.00156025
v 0.00080222 -0.00398747 0.00147090
v 0.00101890 -0.00418422 0.00156025
v 0.00106188 -0.00409709 0.00147090
v 0.00126845 -0.00432733 0.00156025
v 0.00132195 -0.00424624 0.00147090
v 0.00148472 -0.00448897 0.00156025
v 0.00154734 -0.00441470 0.00147090
v 0.00168040 -0.00467460 0.00156025
v 0.00175127 -0.00460815 0.00147090
v 0.00185282 -0.00488154 0.00156025
v 0.00193097 -0.00482382 0.00147090
v 0.00216064 -0.00501471 0.00137351
v 0.00230379 -0.00529467 0.00136721
v 0.00236410 -0.00526966 0.00127177
v 0.00222880 -0.00497575 0.00126941
v 0.00200198 -0.00477137 0.00137351
v 0.00181568 -0.00454777 0.00137351
v 0.00160425 -0.00434720 0.00137351
v 0.00137057 -0.00417254 0.00137351
v 0.00110093 -0.00401791 0.00137351
v 0.00083172 -0.00390425 0.00137351
v 0.00051985 -0.00381606 0.00137351
v 0.00020120 -0.00376931 0.00137351
v -0.00011782 -0.00376396 0.00137351
v -0.00043213 -0.00379897 0.00137351
v -0.00073690 -0.00387276 0.00137351
v -0.00105807 -0.00391082 0.00126941
v -0.00102571 -0.00398236 0.00137351
v -0.00129846 -0.00412673 0.00137351
v -0.00154940 -0.00430227 0.00137351
v -0.00177526 -0.00450565 0.00137351
v -0.00197324 -0.00473322 0.00137351
v -0.00214107 -0.00498110 0.00137351
v -0.00227701 -0.00524525 0.00137351
v -0.00237983 -0.00552150 0.00137351
v -0.00245130 -0.00581942 0.00137351
v -0.00248473 -0.00610706 0.00137351
v -0.00248464 -0.00639449 0.00137351
v -0.00245185 -0.00667743 0.00137351
v 0.00236805 -0.00509335 0.00116008
v 0.00243422 -0.00524058 0.00115998
v 0.00248130 -0.00522106 0.00104817
v 0.00241952 -0.00506820 0.00104700
v 0.00248275 -0.00522046 0.00104474
v 0.00246120 -0.00504785 0.00093169
v 0.00255861 -0.00518900 0.00081430
v 0.00252962 -0.00520102 0.00093340
v 0.00252938 -0.00520113 0.00093398
v 0.00236748 -0.00526826 0.00126642
v 0.00243194 -0.00524153 0.00116442
v 0.00243319 -0.00524101 0.00116244
v 0.00147036 -0.00564028 0.00188282
v 0.00147207 -0.00563957 0.00188268
v 0.00170960 -0.00554107 0.00181564
v 0.00180719 -0.00550060 0.00177140
v 0.00181933 -0.00549556 0.00176590
v 0.00188244 -0.00546939 0.00173729
v 0.00191612 -0.00545543 0.00171442
v 0.00148579 -0.00563387 0.00187912
v 0.00158276 -0.00559366 0.00185400
v 0.00159741 -0.00558759 0.00185020
v 0.00168132 -0.00555279 0.00182846
v -0.00255896 -0.00731114 0.00081566
v -0.00253482 -0.00730113 0.00091722
v -0.00252921 -0.00729881 0.00093123
v -0.00248353 -0.00727986 0.00104521
v -0.00220949 -0.00716623 0.00147554
v -0.00218382 -0.00715558 0.00150632
v -0.00212725 -0.00713212 0.00155968
v -0.00265321 -0.00543781 0.00081558
v -0.00269879 -0.00560527 0.00081558
v -0.00206729 -0.00445306 0.00093169
v -0.00203228 -0.00448349 0.00104700
v -0.00198904 -0.00452107 0.00116008
v -0.00140483 -0.00395279 0.00104700
v -0.00157056 -0.00400589 0.00093169
v -0.00172739 -0.00407853 0.00081558
v 0.00152801 -0.00393390 0.00081558
v 0.00138271 -0.00384433 0.00081558
v 0.00122740 -0.00376150 0.00081558
v 0.00192636 -0.00545118 0.00170747
v 0.00201996 -0.00541237 0.00164394
v 0.00202923 -0.00540852 0.00163764
v 0.00206890 -0.00539207 0.00161071
v 0.00108722 -0.00708357 0.00190000
v 0.00115580 -0.00698555 0.00190000
v 0.00110155 -0.00705646 0.00190000
v 0.00111588 -0.00702936 0.00190000
v 0.00131011 -0.00586484 0.00190000
v 0.00117617 -0.00694722 0.00190000
v 0.00125635 -0.00679634 0.00190000
v 0.00111379 -0.00690844 0.00190000
v 0.00133538 -0.00594395 0.00190000
v 0.00112197 -0.00693811 0.00190000
v 0.00112508 -0.00696872 0.00190000
v 0.00112303 -0.00699943 0.00190000
v 0.00132609 -0.00659405 0.00190000
v 0.00130683 -0.00664993 0.00190000
v 0.00110077 -0.00688056 0.00190000
v 0.00134599 -0.00601527 0.00190000
v 0.00136663 -0.00615390 0.00190000
v 0.00136421 -0.00632865 0.00190000
v 0.00134524 -0.00648630 0.00190000
v 0.00136345 -0.00638380 0.00190000
v 0.00001748 -0.00749077 0.00190000
v 0.00006132 -0.00739774 0.00190000
v 0.00011976 -0.00731310 0.00190000
v 0.00019121 -0.00723913 0.00190000
v 0.00027378 -0.00717781 0.00190000
v 0.00036524 -0.00713077 0.00190000
v 0.00046314 -0.00709928 0.00190000
v 0.00056488 -0.00708419 0.00190000
v 0.00066771 -0.00708588 0.00190000
v 0.00076889 -0.00710433 0.00190000
v 0.00086570 -0.00713903 0.00190000
v 0.00253829 -0.00737008 0.00081674
v -0.00249295 -0.00746765 0.00081674
v -0.00206973 -0.00797004 0.00105043
v -0.00210597 -0.00800016 0.00093401
v -0.00199767 -0.00812282 0.00093401
v -0.00004635 -0.00894075 0.00105043
v -0.00004716 -0.00898787 0.00093401
v 0.00012960 -0.00898521 0.00093401
v 0.00012737 -0.00893814 0.00105043
v 0.00012462 -0.00887996 0.00116453
v -0.00004535 -0.00888252 0.00116453
v 0.00098662 -0.00843127 0.00147743
v 0.00094592 -0.00834129 0.00156702
v 0.00067957 -0.00844236 0.00156702
v 0.00229820 -0.00780426 0.00081674
v 0.00269849 -0.00689469 0.00081674
v 0.00275560 -0.00592731 0.00081674
v 0.00164489 -0.00576629 0.00185853
v 0.00245952 -0.00552673 0.00127476
v 0.00152205 -0.00671594 0.00188296
v 0.00145629 -0.00689262 0.00188296
v 0.00136935 -0.00706156 0.00188296
v 0.00126201 -0.00722009 0.00188296
v 0.00108595 -0.00708476 0.00190000
v 0.00156777 -0.00652540 0.00188296
v 0.00158915 -0.00634143 0.00188296
v 0.00158909 -0.00615760 0.00188296
v 0.00156813 -0.00597664 0.00188296
v 0.00152711 -0.00580092 0.00188296
v -0.00116126 -0.00733868 0.00188296
v -0.00128041 -0.00719567 0.00188296
v -0.00138188 -0.00704003 0.00188296
v -0.00102604 -0.00746696 0.00188296
v -0.00087658 -0.00757866 0.00188296
v -0.00070413 -0.00767756 0.00188296
v -0.00053196 -0.00775025 0.00188296
v -0.00011700 -0.00760823 0.00190000
v -0.00014755 -0.00760829 0.00190000
v -0.00012870 -0.00783656 0.00188296
v -0.00033250 -0.00780666 0.00188296
v 0.00007534 -0.00783999 0.00188296
v -0.00008874 -0.00760817 0.00190000
v -0.00011022 -0.00760822 0.00190000
v 0.00046376 -0.00753913 0.00190000
v 0.00040467 -0.00755503 0.00190000
v 0.00047128 -0.00777041 0.00188296
v 0.00024560 -0.00759782 0.00190000
v 0.00027636 -0.00781760 0.00188296
v 0.00006458 -0.00761577 0.00190000
v 0.00002383 -0.00761981 0.00190000
v 0.00056262 -0.00749391 0.00190000
v 0.00065600 -0.00770031 0.00188296
v 0.00067215 -0.00744380 0.00190000
v 0.00083044 -0.00760798 0.00188296
v 0.00071289 -0.00741606 0.00190000
v 0.00099094 -0.00749571 0.00188296
v 0.00086424 -0.00731303 0.00190000
v 0.00113538 -0.00736564 0.00188296
v 0.00096984 -0.00720305 0.00190000
v 0.00106476 -0.00710445 0.00190000
v 0.00104230 -0.00712532 0.00190000
v 0.00102384 -0.00714681 0.00190000
v 0.00220203 -0.00560245 0.00156702
v 0.00229677 -0.00557459 0.00147743
v 0.00238291 -0.00554926 0.00137955
v 0.00248139 -0.00536970 0.00116453
v 0.00252596 -0.00550719 0.00116453
v 0.00253628 -0.00535022 0.00105043
v 0.00258183 -0.00549076 0.00105043
v 0.00258069 -0.00533447 0.00093401
v 0.00262704 -0.00547746 0.00093401
v 0.00187860 -0.00569756 0.00177555
v 0.00199155 -0.00566434 0.00171688
v 0.00176254 -0.00573169 0.00182280
v 0.00273321 -0.00577354 0.00081674
v 0.00270095 -0.00561570 0.00081674
v 0.00269760 -0.00577975 0.00093401
v 0.00266575 -0.00562397 0.00093401
v 0.00265117 -0.00578784 0.00105043
v 0.00261988 -0.00563474 0.00105043
v 0.00259380 -0.00579784 0.00116453
v 0.00256318 -0.00564806 0.00116453
v 0.00276975 -0.00608895 0.00081674
v 0.00273366 -0.00609105 0.00093401
v 0.00271969 -0.00593152 0.00093401
v 0.00268662 -0.00609379 0.00105043
v 0.00267289 -0.00593700 0.00105043
v 0.00262847 -0.00609717 0.00116453
v 0.00261504 -0.00594377 0.00116453
v 0.00252558 -0.00580974 0.00127476
v 0.00276985 -0.00640937 0.00081674
v 0.00277443 -0.00624606 0.00081674
v 0.00273376 -0.00640729 0.00093401
v 0.00273827 -0.00624611 0.00093401
v 0.00268671 -0.00640458 0.00105043
v 0.00269115 -0.00624618 0.00105043
v 0.00262856 -0.00640124 0.00116453
v 0.00263291 -0.00624626 0.00116453
v 0.00255934 -0.00610119 0.00127476
v 0.00273259 -0.00673001 0.00081674
v 0.00275621 -0.00656749 0.00081674
v 0.00269698 -0.00672376 0.00093401
v 0.00272029 -0.00656335 0.00093401
v 0.00265057 -0.00671560 0.00105043
v 0.00267348 -0.00655796 0.00105043
v 0.00259321 -0.00670553 0.00116453
v 0.00261562 -0.00655129 0.00116453
v 0.00255943 -0.00639726 0.00127476
v 0.00265291 -0.00706213 0.00081674
v 0.00261834 -0.00705154 0.00093401
v 0.00266332 -0.00688629 0.00093401
v 0.00257328 -0.00703775 0.00105043
v 0.00261749 -0.00687534 0.00105043
v 0.00251759 -0.00702070 0.00116453
v 0.00256084 -0.00686180 0.00116453
v 0.00252500 -0.00669355 0.00127476
v 0.00260090 -0.00721581 0.00081674
v 0.00250521 -0.00735548 0.00093401
v 0.00256701 -0.00720322 0.00093401
v 0.00246210 -0.00733646 0.00105043
v 0.00252283 -0.00718682 0.00105043
v 0.00240881 -0.00731294 0.00116453
v 0.00246823 -0.00716655 0.00116453
v 0.00245137 -0.00700043 0.00127476
v 0.00238675 -0.00766453 0.00081674
v 0.00246774 -0.00751795 0.00081674
v 0.00235565 -0.00764610 0.00093401
v 0.00243559 -0.00750143 0.00093401
v 0.00231511 -0.00762207 0.00105043
v 0.00239367 -0.00747989 0.00105043
v 0.00226500 -0.00759238 0.00116453
v 0.00234187 -0.00745328 0.00116453
v 0.00234546 -0.00728499 0.00127476
v 0.00219965 -0.00794086 0.00081674
v 0.00217099 -0.00791882 0.00093401
v 0.00226825 -0.00778401 0.00093401
v 0.00213363 -0.00789010 0.00105043
v 0.00222922 -0.00775761 0.00105043
v 0.00208745 -0.00785461 0.00116453
v 0.00218098 -0.00772498 0.00116453
v 0.00220543 -0.00755707 0.00127476
v 0.00209394 -0.00807014 0.00081674
v 0.00197895 -0.00819454 0.00081674
v 0.00195316 -0.00816920 0.00093401
v 0.00206665 -0.00804642 0.00093401
v 0.00191955 -0.00813617 0.00105043
v 0.00203108 -0.00801550 0.00105043
v 0.00187801 -0.00809535 0.00116453
v 0.00198713 -0.00797729 0.00116453
v 0.00203255 -0.00781240 0.00127476
v 0.00159597 -0.00825630 0.00127476
v 0.00182861 -0.00804681 0.00127476
v 0.00154626 -0.00819380 0.00137955
v 0.00177165 -0.00799084 0.00137955
v 0.00149036 -0.00812354 0.00147743
v 0.00170761 -0.00792791 0.00147743
v 0.00142889 -0.00804626 0.00156702
v 0.00163718 -0.00785870 0.00156702
v 0.00176246 -0.00820601 0.00116453
v 0.00163908 -0.00831049 0.00116453
v 0.00180145 -0.00824928 0.00105043
v 0.00167534 -0.00835607 0.00105043
v 0.00183299 -0.00828428 0.00093401
v 0.00170467 -0.00839295 0.00093401
v 0.00185719 -0.00831114 0.00081674
v 0.00172718 -0.00842125 0.00081674
v 0.00159080 -0.00852307 0.00081674
v 0.00157007 -0.00849345 0.00093401
v 0.00154305 -0.00845484 0.00105043
v 0.00150965 -0.00840712 0.00116453
v 0.00137361 -0.00849620 0.00116453
v 0.00140400 -0.00854589 0.00105043
v 0.00142858 -0.00858609 0.00093401
v 0.00144744 -0.00861693 0.00081674
v 0.00114339 -0.00877787 0.00081674
v 0.00129814 -0.00870200 0.00081674
v 0.00112849 -0.00874493 0.00093401
v 0.00128122 -0.00867005 0.00093401
v 0.00110907 -0.00870199 0.00105043
v 0.00125917 -0.00862840 0.00105043
v 0.00108507 -0.00864893 0.00116453
v 0.00123192 -0.00857693 0.00116453
v 0.00133748 -0.00843712 0.00127476
v 0.00102362 -0.00851307 0.00137955
v 0.00070881 -0.00853668 0.00147743
v 0.00097141 -0.00881018 0.00093401
v 0.00095469 -0.00876612 0.00105043
v 0.00079678 -0.00882050 0.00105043
v 0.00077954 -0.00876486 0.00116453
v 0.00061916 -0.00880907 0.00116453
v 0.00105653 -0.00858583 0.00127476
v 0.00075903 -0.00869872 0.00127476
v 0.00093403 -0.00871167 0.00116453
v 0.00098424 -0.00884398 0.00081674
v 0.00081073 -0.00886551 0.00093401
v 0.00063286 -0.00886568 0.00105043
v 0.00045712 -0.00884293 0.00116453
v 0.00044509 -0.00877473 0.00127476
v 0.00029713 -0.00892470 0.00105043
v 0.00030234 -0.00897153 0.00093401
v 0.00047541 -0.00894669 0.00093401
v 0.00048169 -0.00898230 0.00081674
v 0.00065244 -0.00894663 0.00081674
v 0.00082144 -0.00890004 0.00081674
v 0.00064394 -0.00891148 0.00093401
v 0.00046723 -0.00890028 0.00105043
v 0.00029070 -0.00886681 0.00116453
v 0.00012134 -0.00881079 0.00127476
v -0.00022140 -0.00897931 0.00093401
v -0.00021759 -0.00893234 0.00105043
v -0.00021288 -0.00887429 0.00116453
v 0.00030633 -0.00900747 0.00081674
v 0.00013132 -0.00902132 0.00081674
v -0.00004778 -0.00902402 0.00081674
v -0.00022432 -0.00901535 0.00081674
v -0.00039909 -0.00895904 0.00093401
v -0.00039222 -0.00891242 0.00105043
v -0.00056214 -0.00888179 0.00105043
v -0.00054997 -0.00882483 0.00116453
v -0.00071833 -0.00878303 0.00116453
v -0.00020728 -0.00880527 0.00127476
v -0.00053551 -0.00875711 0.00127476
v -0.00038373 -0.00885480 0.00116453
v -0.00040436 -0.00899481 0.00081674
v -0.00057198 -0.00892787 0.00093401
v -0.00073422 -0.00883906 0.00105043
v -0.00087990 -0.00873153 0.00116453
v -0.00085676 -0.00866626 0.00127476
v -0.00057954 -0.00896323 0.00081674
v -0.00074707 -0.00888440 0.00093401
v -0.00089936 -0.00878643 0.00105043
v -0.00102581 -0.00867486 0.00116453
v -0.00113405 -0.00854919 0.00127476
v -0.00104850 -0.00872850 0.00105043
v -0.00116469 -0.00861130 0.00116453
v -0.00119045 -0.00866353 0.00105043
v -0.00131206 -0.00853270 0.00116453
v -0.00134108 -0.00858320 0.00105043
v -0.00144993 -0.00844771 0.00116453
v -0.00148201 -0.00849632 0.00105043
v -0.00075694 -0.00891918 0.00081674
v -0.00091511 -0.00883084 0.00093401
v -0.00092719 -0.00886491 0.00081674
v -0.00106686 -0.00877190 0.00093401
v -0.00108095 -0.00880519 0.00081674
v -0.00121130 -0.00870579 0.00093401
v -0.00122729 -0.00873822 0.00081674
v -0.00136457 -0.00862405 0.00093401
v -0.00138258 -0.00865540 0.00081674
v -0.00150796 -0.00853566 0.00093401
v -0.00152787 -0.00856583 0.00081674
v -0.00164147 -0.00844174 0.00093401
v -0.00161323 -0.00840402 0.00105043
v -0.00173469 -0.00830747 0.00105043
v -0.00169714 -0.00826294 0.00116453
v -0.00181421 -0.00815810 0.00116453
v -0.00141180 -0.00838990 0.00127476
v -0.00165251 -0.00821000 0.00127476
v -0.00157831 -0.00835740 0.00116453
v -0.00166315 -0.00847068 0.00081674
v -0.00176506 -0.00834350 0.00093401
v -0.00185434 -0.00820031 0.00105043
v -0.00192081 -0.00805076 0.00116453
v -0.00187029 -0.00800340 0.00127476
v -0.00220265 -0.00787681 0.00093401
v -0.00216474 -0.00784881 0.00105043
v -0.00211789 -0.00781421 0.00116453
v -0.00191173 -0.00826066 0.00081674
v -0.00202405 -0.00814755 0.00081674
v -0.00213377 -0.00802327 0.00081674
v -0.00223173 -0.00789829 0.00081674
v -0.00178836 -0.00837114 0.00081674
v -0.00188681 -0.00823446 0.00093401
v -0.00196330 -0.00809059 0.00105043
v -0.00202493 -0.00793282 0.00116453
v -0.00206219 -0.00777307 0.00127476
v 0.00039850 -0.00851042 0.00156702
v 0.00041564 -0.00860766 0.00147743
v 0.00010864 -0.00854270 0.00156702
v 0.00011331 -0.00864134 0.00147743
v -0.00018558 -0.00853776 0.00156702
v -0.00019356 -0.00863618 0.00147743
v -0.00047945 -0.00849464 0.00156702
v -0.00050007 -0.00859121 0.00147743
v -0.00076706 -0.00841331 0.00156702
v -0.00080006 -0.00850638 0.00147743
v -0.00101533 -0.00830849 0.00156702
v -0.00105901 -0.00839705 0.00147743
v -0.00126400 -0.00816588 0.00156702
v -0.00131838 -0.00824830 0.00147743
v -0.00147950 -0.00800481 0.00156702
v -0.00154316 -0.00808030 0.00147743
v -0.00167449 -0.00781983 0.00156702
v -0.00174653 -0.00788737 0.00147743
v -0.00184630 -0.00761362 0.00156702
v -0.00192573 -0.00767229 0.00147743
v -0.00199261 -0.00738920 0.00156702
v -0.00207834 -0.00743821 0.00147743
v -0.00240859 -0.00762701 0.00081674
v -0.00232626 -0.00776194 0.00081674
v -0.00237720 -0.00760907 0.00093401
v -0.00229595 -0.00774224 0.00093401
v -0.00233629 -0.00758568 0.00105043
v -0.00225644 -0.00771656 0.00105043
v -0.00228573 -0.00755678 0.00116453
v -0.00220761 -0.00768482 0.00116453
v -0.00169994 -0.00722187 0.00177555
v -0.00159492 -0.00716183 0.00182280
v -0.00157512 -0.00741333 0.00177555
v -0.00147780 -0.00734146 0.00182280
v -0.00142854 -0.00758926 0.00177555
v -0.00134028 -0.00750652 0.00182280
v -0.00126220 -0.00774706 0.00177555
v -0.00118422 -0.00765457 0.00182280
v -0.00107834 -0.00788448 0.00177555
v -0.00101172 -0.00778349 0.00182280
v -0.00086620 -0.00800614 0.00177555
v -0.00081268 -0.00789764 0.00182280
v -0.00065440 -0.00809556 0.00177555
v -0.00061397 -0.00798154 0.00182280
v -0.00040903 -0.00816495 0.00177555
v -0.00038376 -0.00804664 0.00182280
v -0.00015832 -0.00820174 0.00177555
v -0.00014854 -0.00808115 0.00182280
v 0.00009268 -0.00820595 0.00177555
v 0.00008695 -0.00808511 0.00182280
v 0.00033997 -0.00817841 0.00177555
v 0.00031896 -0.00805927 0.00182280
v 0.00057976 -0.00812035 0.00177555
v 0.00054394 -0.00800480 0.00182280
v 0.00080699 -0.00803413 0.00177555
v 0.00075713 -0.00792390 0.00182280
v 0.00102158 -0.00792054 0.00177555
v 0.00095847 -0.00781733 0.00182280
v 0.00121902 -0.00778243 0.00177555
v 0.00114370 -0.00768775 0.00182280
v 0.00139671 -0.00762242 0.00177555
v 0.00131042 -0.00753763 0.00182280
v 0.00155248 -0.00744338 0.00177555
v 0.00145656 -0.00736965 0.00182280
v 0.00168453 -0.00724835 0.00177555
v 0.00158045 -0.00718667 0.00182280
v 0.00179148 -0.00704053 0.00177555
v 0.00168080 -0.00699169 0.00182280
v 0.00187238 -0.00682318 0.00177555
v 0.00175670 -0.00678777 0.00182280
v 0.00192862 -0.00658878 0.00177555
v 0.00180946 -0.00656785 0.00182280
v 0.00195491 -0.00636248 0.00177555
v 0.00183414 -0.00635553 0.00182280
v 0.00195484 -0.00613634 0.00177555
v 0.00183407 -0.00614336 0.00182280
v 0.00192906 -0.00591372 0.00177555
v 0.00180987 -0.00593450 0.00182280
v 0.00209985 -0.00563250 0.00164715
v 0.00204503 -0.00589351 0.00171688
v 0.00215624 -0.00587412 0.00164715
v 0.00207237 -0.00612950 0.00171688
v 0.00218507 -0.00612295 0.00164715
v 0.00207245 -0.00636924 0.00171688
v 0.00218515 -0.00637572 0.00164715
v 0.00204457 -0.00660915 0.00171688
v 0.00215575 -0.00662868 0.00164715
v 0.00198495 -0.00685765 0.00171688
v 0.00209289 -0.00689069 0.00164715
v 0.00189919 -0.00708806 0.00171688
v 0.00200246 -0.00713363 0.00164715
v 0.00178580 -0.00730838 0.00171688
v 0.00188292 -0.00736593 0.00164715
v 0.00164582 -0.00751513 0.00171688
v 0.00173531 -0.00758392 0.00164715
v 0.00148068 -0.00770493 0.00171688
v 0.00156120 -0.00778405 0.00164715
v 0.00129231 -0.00787456 0.00171688
v 0.00136258 -0.00796290 0.00164715
v 0.00108300 -0.00802098 0.00171688
v 0.00114189 -0.00811728 0.00164715
v 0.00085550 -0.00814139 0.00171688
v 0.00090203 -0.00824425 0.00164715
v 0.00061461 -0.00823280 0.00171688
v 0.00064804 -0.00834063 0.00164715
v 0.00036041 -0.00829435 0.00171688
v 0.00038000 -0.00840552 0.00164715
v 0.00009825 -0.00832355 0.00171688
v 0.00010360 -0.00843631 0.00164715
v -0.00016784 -0.00831908 0.00171688
v -0.00017697 -0.00843159 0.00164715
v -0.00043362 -0.00828008 0.00171688
v -0.00045720 -0.00839048 0.00164715
v -0.00069374 -0.00820652 0.00171688
v -0.00073147 -0.00831292 0.00164715
v -0.00091828 -0.00811173 0.00171688
v -0.00096821 -0.00821296 0.00164715
v -0.00114318 -0.00798274 0.00171688
v -0.00120534 -0.00807697 0.00164715
v -0.00133808 -0.00783707 0.00171688
v -0.00141085 -0.00792337 0.00164715
v -0.00151443 -0.00766978 0.00171688
v -0.00159678 -0.00774698 0.00164715
v -0.00166982 -0.00748328 0.00171688
v -0.00176062 -0.00755034 0.00164715
v -0.00180215 -0.00728030 0.00171688
v -0.00190014 -0.00733633 0.00164715
v -0.00215628 -0.00748277 0.00137955
v -0.00222561 -0.00752241 0.00127476
v -0.00199795 -0.00772563 0.00137955
v -0.00181203 -0.00794878 0.00137955
v -0.00160103 -0.00814894 0.00137955
v -0.00136782 -0.00832324 0.00137955
v -0.00109873 -0.00847757 0.00137955
v -0.00083007 -0.00859100 0.00137955
v -0.00051883 -0.00867901 0.00137955
v -0.00020082 -0.00872567 0.00137955
v 0.00011756 -0.00873102 0.00137955
v 0.00043123 -0.00869608 0.00137955
v 0.00073539 -0.00862244 0.00137955
v -0.00241812 -0.00743110 0.00105043
v -0.00236579 -0.00740554 0.00116453
v -0.00246046 -0.00745178 0.00093401
v 0.00168906 -0.00595556 0.00185853
v 0.00171164 -0.00615048 0.00185853
v 0.00171170 -0.00634848 0.00185853
v 0.00168868 -0.00654664 0.00185853
v 0.00163944 -0.00675187 0.00185853
v 0.00156860 -0.00694218 0.00185853
v 0.00147496 -0.00712415 0.00185853
v 0.00135933 -0.00729491 0.00185853
v 0.00122295 -0.00745168 0.00185853
v 0.00106736 -0.00759178 0.00185853
v 0.00089449 -0.00771271 0.00185853
v 0.00070659 -0.00781216 0.00185853
v 0.00050763 -0.00788766 0.00185853
v 0.00029767 -0.00793850 0.00185853
v 0.00008115 -0.00796261 0.00185853
v -0.00013862 -0.00795892 0.00185853
v -0.00035814 -0.00792671 0.00185853
v -0.00057298 -0.00786596 0.00185853
v -0.00075844 -0.00778766 0.00185853
v -0.00094419 -0.00768113 0.00185853
v -0.00110517 -0.00756081 0.00185853
v -0.00125082 -0.00742264 0.00185853
v -0.00137916 -0.00726860 0.00185853
v -0.00148845 -0.00710096 0.00185853
v 0.00244690 -0.00582345 0.00137955
v 0.00235845 -0.00583887 0.00147743
v 0.00226117 -0.00585583 0.00156702
v 0.00247962 -0.00610582 0.00137955
v 0.00238998 -0.00611104 0.00147743
v 0.00229140 -0.00611677 0.00156702
v 0.00247970 -0.00639267 0.00137955
v 0.00239007 -0.00638751 0.00147743
v 0.00229148 -0.00638184 0.00156702
v 0.00244635 -0.00667973 0.00137955
v 0.00235792 -0.00666420 0.00147743
v 0.00226066 -0.00664711 0.00156702
v 0.00237501 -0.00697705 0.00137955
v 0.00228916 -0.00695077 0.00147743
v 0.00219474 -0.00692187 0.00156702
v 0.00227240 -0.00725275 0.00137955
v 0.00219025 -0.00721650 0.00147743
v 0.00209991 -0.00717663 0.00156702
v 0.00213673 -0.00751636 0.00137955
v 0.00205949 -0.00747058 0.00147743
v 0.00197454 -0.00742023 0.00156702
v 0.00196923 -0.00776374 0.00137955
v 0.00189805 -0.00770902 0.00147743
v 0.00181976 -0.00764884 0.00156702
v 0.00129582 -0.00836899 0.00137955
v 0.00124898 -0.00829240 0.00147743
v 0.00119746 -0.00820815 0.00156702
v 0.00089469 -0.00714935 0.00190000
v 0.00092500 -0.00715469 0.00190000
v 0.00095577 -0.00715489 0.00190000
v 0.00098614 -0.00714995 0.00190000
v 0.00101588 -0.00714747 0.00190000
v -0.00008269 -0.00760339 0.00190000
v -0.00005907 -0.00758476 0.00190000
v -0.00003493 -0.00756571 0.00190000
v -0.00001333 -0.00754379 0.00190000
v 0.00000430 -0.00751858 0.00190000
f 1 2 3
f 4 5 6
f 6 5 7
f 6 7 8
f 8 7 9
f 8 9 10
f 10 9 11
f 10 11 12
f 12 11 13
f 12 13 14
f 14 13 15
f 14 15 16
f 16 15 17
f 16 17 18
f 18 17 19
f 18 19 20
f 20 19 21
f 20 21 22
f 22 21 23
f 22 23 24
f 24 23 25
f 24 25 26
f 26 25 27
f 26 27 28
f 28 27 29
f 28 29 30
f 30 29 31
f 30 31 32
f 32 31 33
f 32 33 34
f 34 33 35
f 34 35 36
f 36 35 37
f 36 37 38
f 38 37 39
f 38 39 40
f 40 39 41
f 40 41 42
f 42 41 43
f 42 43 44
f 44 43 45
f 44 45 46
f 46 45 47
f 46 47 48
f 48 47 49
f 48 49 50
f 50 49 51
f 50 51 52
f 52 51 53
f 52 53 3
f 3 53 54
f 3 54 1
f 6 55 4
f 4 55 56
f 4 56 57
f 57 56 58
f 57 58 59
f 59 58 60
f 59 60 61
f 61 60 62
f 61 62 63
f 63 62 64
f 63 64 65
f 65 64 66
f 65 66 67
f 67 66 68
f 68 66 69
f 68 69 70
f 70 69 71
f 70 71 72
f 71 73 72
f 72 73 74
f 72 74 75
f 75 74 76
f 75 76 77
f 77 76 78
f 77 78 79
f 79 78 80
f 80 78 81
f 80 81 82
f 82 81 83
f 82 83 84
f 84 83 85
f 84 85 86
f 85 87 86
f 86 87 88
f 86 88 89
f 90 91 92
f 93 94 95
f 96 97 98
f 99 100 101
f 102 103 104
f 105 106 107
f 108 109 110
f 111 112 113
f 114 115 116
f 117 118 119
f 120 121 122
f 123 124 125
f 125 124 126
f 125 126 127
f 127 126 128
f 127 128 129
f 129 128 130
f 129 130 131
f 131 130 132
f 131 132 133
f 123 125 134
f 134 125 135
f 134 135 136
f 136 135 137
f 136 137 138
f 138 137 139
f 138 139 140
f 140 139 141
f 140 141 142
f 143 144 141
f 141 144 145
f 141 145 142
f 146 147 148
f 148 147 149
f 148 149 150
f 151 152 153
f 153 152 154
f 153 154 155
f 155 154 156
f 155 156 157
f 157 156 146
f 151 153 158
f 158 153 159
f 158 159 160
f 160 159 161
f 160 161 162
f 162 161 163
f 162 163 164
f 164 163 165
f 164 165 166
f 167 168 169
f 169 168 170
f 169 170 171
f 171 170 172
f 171 172 165
f 165 172 173
f 165 173 166
f 174 175 169
f 169 175 176
f 169 176 167
f 177 178 179
f 179 178 180
f 179 180 181
f 181 180 182
f 181 182 174
f 174 182 183
f 174 183 175
f 177 179 184
f 184 179 185
f 184 185 186
f 186 185 187
f 186 187 188
f 188 187 189
f 188 189 190
f 190 189 191
f 190 191 192
f 133 193 131
f 131 193 194
f 131 194 191
f 191 194 195
f 191 195 192
f 196 197 198
f 122 121 199
f 121 200 199
f 199 200 201
f 199 201 198
f 198 201 202
f 198 202 196
f 203 204 205
f 205 204 206
f 204 207 208
f 208 207 209
f 208 209 210
f 209 211 210
f 210 211 212
f 210 212 213
f 206 204 214
f 214 204 208
f 214 208 215
f 215 208 210
f 215 210 216
f 118 217 143
f 218 144 219
f 219 144 143
f 219 143 220
f 220 143 217
f 221 222 223
f 223 222 224
f 223 224 225
f 226 227 228
f 228 227 221
f 229 230 117
f 231 232 233
f 233 232 234
f 233 234 235
f 235 234 236
f 235 236 237
f 237 236 238
f 237 238 239
f 239 238 240
f 239 240 122
f 241 114 242
f 242 114 116
f 242 116 243
f 243 116 244
f 243 244 245
f 245 244 246
f 245 246 247
f 247 246 248
f 247 248 249
f 250 251 252
f 252 251 253
f 252 253 254
f 254 253 255
f 254 255 256
f 256 255 257
f 256 257 258
f 258 257 259
f 258 259 260
f 261 262 263
f 263 262 264
f 263 264 265
f 265 264 266
f 265 266 267
f 267 266 268
f 267 268 269
f 269 268 270
f 269 270 271
f 272 111 273
f 273 111 113
f 273 113 274
f 274 113 275
f 274 275 276
f 276 275 277
f 276 277 278
f 278 277 279
f 278 279 280
f 91 281 92
f 92 281 282
f 92 282 283
f 283 282 284
f 283 284 285
f 285 284 286
f 285 286 287
f 287 286 288
f 287 288 289
f 290 291 292
f 292 291 293
f 292 293 294
f 294 293 295
f 294 295 296
f 296 295 297
f 296 297 298
f 298 297 299
f 298 299 300
f 301 108 302
f 302 108 110
f 302 110 303
f 303 110 304
f 303 304 305
f 305 304 306
f 305 306 307
f 307 306 308
f 307 308 309
f 310 311 312
f 312 311 313
f 313 311 314
f 313 314 315
f 315 314 316
f 315 316 317
f 317 316 318
f 317 318 319
f 320 321 322
f 322 321 323
f 322 323 324
f 324 323 325
f 324 325 326
f 326 325 327
f 328 329 330
f 330 329 331
f 330 331 332
f 332 331 333
f 332 333 334
f 334 333 335
f 336 335 337
f 337 335 333
f 337 333 338
f 338 333 331
f 338 331 339
f 339 331 329
f 328 321 329
f 329 321 320
f 329 320 339
f 339 320 340
f 339 340 338
f 338 340 341
f 338 341 337
f 337 341 342
f 337 342 336
f 336 342 343
f 336 343 344
f 344 343 345
f 346 347 348
f 348 347 349
f 348 349 350
f 350 349 351
f 350 351 352
f 352 351 353
f 352 353 354
f 354 353 355
f 354 355 356
f 357 105 358
f 359 360 361
f 361 360 362
f 361 362 363
f 364 365 366
f 367 359 368
f 368 359 361
f 368 361 369
f 369 361 363
f 369 363 370
f 360 366 362
f 362 366 365
f 362 365 363
f 363 365 371
f 363 371 370
f 103 102 372
f 372 102 373
f 372 373 374
f 374 373 375
f 374 375 376
f 376 375 377
f 376 377 378
f 379 367 380
f 380 367 368
f 380 368 381
f 381 368 369
f 381 369 382
f 382 369 370
f 382 370 383
f 383 370 371
f 383 371 384
f 385 100 386
f 386 100 99
f 386 99 387
f 387 99 104
f 388 101 389
f 389 101 100
f 389 100 390
f 390 100 385
f 390 385 391
f 392 393 394
f 394 393 395
f 394 395 396
f 397 398 399
f 400 392 401
f 401 392 394
f 401 394 402
f 402 394 396
f 402 396 403
f 393 399 395
f 395 399 398
f 395 398 396
f 396 398 404
f 396 404 403
f 405 400 406
f 406 400 401
f 406 401 407
f 407 401 402
f 407 402 408
f 408 402 403
f 408 403 409
f 409 403 404
f 409 404 410
f 411 412 413
f 413 412 414
f 413 414 415
f 415 414 416
f 415 416 417
f 418 419 420
f 420 419 421
f 420 421 422
f 422 421 423
f 422 423 424
f 424 423 425
f 424 425 426
f 426 425 427
f 426 427 428
f 419 411 421
f 421 411 413
f 421 413 423
f 423 413 415
f 423 415 425
f 425 415 417
f 425 417 427
f 429 430 431
f 431 430 432
f 431 432 433
f 434 435 436
f 437 429 438
f 438 429 431
f 438 431 439
f 439 431 433
f 439 433 440
f 430 436 432
f 432 436 435
f 432 435 433
f 433 435 441
f 433 441 440
f 442 97 443
f 443 97 96
f 443 96 444
f 445 98 446
f 446 98 97
f 446 97 447
f 447 97 442
f 447 442 448
f 449 437 450
f 450 437 438
f 450 438 451
f 451 438 439
f 451 439 452
f 452 439 440
f 452 440 453
f 453 440 441
f 453 441 454
f 105 107 358
f 358 107 455
f 358 455 456
f 456 455 457
f 456 457 458
f 458 457 459
f 458 459 460
f 460 459 461
f 460 461 462
f 462 461 463
f 462 463 464
f 464 463 465
f 464 465 466
f 466 465 467
f 466 467 468
f 468 467 469
f 468 469 470
f 470 469 471
f 470 471 472
f 472 471 473
f 472 473 474
f 474 473 475
f 474 475 476
f 477 478 479
f 479 478 480
f 479 480 481
f 481 480 482
f 481 482 483
f 483 482 484
f 483 484 485
f 485 484 486
f 487 488 489
f 489 488 490
f 489 490 491
f 491 490 492
f 491 492 493
f 493 492 494
f 493 494 495
f 495 494 496
f 495 496 497
f 497 496 498
f 497 498 499
f 499 498 500
f 499 500 501
f 501 500 502
f 501 502 503
f 503 502 504
f 503 504 505
f 505 504 506
f 505 506 507
f 507 506 508
f 507 508 509
f 509 508 510
f 509 510 511
f 511 510 512
f 511 512 513
f 513 512 514
f 513 514 515
f 515 514 516
f 515 516 517
f 517 516 518
f 517 518 519
f 519 518 520
f 519 520 521
f 521 520 522
f 521 522 523
f 523 522 524
f 523 524 525
f 525 524 526
f 525 526 527
f 527 526 528
f 527 528 529
f 529 528 530
f 529 530 531
f 531 530 532
f 531 532 533
f 533 532 534
f 533 534 535
f 535 534 223
f 535 223 229
f 229 223 225
f 229 225 230
f 226 228 536
f 536 228 537
f 536 537 538
f 538 537 539
f 538 539 540
f 540 539 541
f 540 541 542
f 542 541 543
f 542 543 544
f 544 543 545
f 544 545 546
f 546 545 547
f 546 547 548
f 548 547 549
f 548 549 550
f 550 549 551
f 550 551 552
f 552 551 553
f 552 553 554
f 554 553 555
f 554 555 556
f 556 555 557
f 556 557 558
f 558 557 559
f 558 559 560
f 560 559 561
f 560 561 562
f 562 561 563
f 562 563 564
f 564 563 565
f 564 565 566
f 566 565 567
f 566 567 568
f 568 567 569
f 568 569 570
f 570 569 571
f 570 571 572
f 572 571 573
f 572 573 574
f 574 573 575
f 574 575 576
f 576 575 577
f 576 577 578
f 578 577 579
f 578 579 580
f 580 579 581
f 580 581 582
f 582 581 583
f 582 583 584
f 221 223 228
f 228 223 534
f 228 534 537
f 537 534 532
f 537 532 539
f 539 532 530
f 539 530 541
f 541 530 528
f 541 528 543
f 543 528 526
f 543 526 545
f 545 526 524
f 545 524 547
f 547 524 522
f 547 522 549
f 549 522 520
f 549 520 551
f 551 520 518
f 551 518 553
f 553 518 516
f 553 516 555
f 555 516 514
f 555 514 557
f 557 514 512
f 557 512 559
f 559 512 510
f 559 510 561
f 561 510 508
f 561 508 563
f 563 508 506
f 563 506 565
f 565 506 504
f 565 504 567
f 567 504 502
f 567 502 569
f 569 502 500
f 569 500 571
f 571 500 498
f 571 498 573
f 573 498 496
f 573 496 575
f 575 496 494
f 575 494 577
f 577 494 492
f 577 492 579
f 579 492 490
f 579 490 581
f 581 490 488
f 581 488 583
f 585 586 587
f 587 586 588
f 588 589 587
f 587 589 454
f 587 454 590
f 590 454 441
f 590 441 591
f 591 441 435
f 591 435 592
f 592 435 434
f 592 434 593
f 593 434 410
f 593 410 594
f 594 410 404
f 594 404 595
f 595 404 398
f 595 398 596
f 596 398 397
f 596 397 597
f 597 397 384
f 597 384 598
f 598 384 371
f 598 371 599
f 599 371 365
f 599 365 600
f 600 365 364
f 600 364 357
f 601 602 475
f 475 602 603
f 475 603 476
f 476 603 604
f 476 604 605
f 357 358 600
f 600 358 456
f 600 456 599
f 599 456 458
f 599 458 598
f 598 458 460
f 598 460 597
f 597 460 462
f 597 462 596
f 596 462 464
f 596 464 595
f 595 464 466
f 595 466 594
f 594 466 468
f 594 468 593
f 593 468 470
f 593 470 592
f 592 470 472
f 592 472 591
f 591 472 474
f 591 474 590
f 590 474 476
f 590 476 587
f 587 476 605
f 587 605 585
f 606 607 608
f 608 607 609
f 608 609 610
f 611 93 612
f 612 93 95
f 612 95 613
f 613 95 614
f 613 614 615
f 615 614 607
f 615 607 616
f 616 607 606
f 588 617 589
f 589 617 618
f 589 618 609
f 609 618 619
f 609 619 610
f 146 148 157
f 157 148 620
f 157 620 621
f 118 143 119
f 119 143 141
f 119 141 622
f 622 141 139
f 622 139 623
f 623 139 137
f 623 137 624
f 624 137 135
f 624 135 625
f 625 135 125
f 625 125 626
f 626 125 127
f 626 127 627
f 627 127 129
f 627 129 628
f 628 129 131
f 628 131 629
f 629 131 191
f 629 191 630
f 630 191 189
f 630 189 631
f 631 189 187
f 631 187 632
f 632 187 185
f 632 185 633
f 633 185 179
f 633 179 634
f 634 179 181
f 634 181 635
f 635 181 174
f 635 174 636
f 636 174 169
f 636 169 637
f 637 169 171
f 637 171 638
f 638 171 165
f 638 165 639
f 639 165 163
f 639 163 640
f 640 163 161
f 640 161 641
f 641 161 159
f 641 159 642
f 642 159 153
f 642 153 643
f 643 153 155
f 643 155 644
f 644 155 157
f 644 157 645
f 645 157 621
f 645 621 646
f 117 119 229
f 229 119 622
f 229 622 535
f 535 622 623
f 535 623 533
f 533 623 624
f 533 624 531
f 531 624 625
f 531 625 529
f 529 625 626
f 529 626 527
f 527 626 627
f 527 627 525
f 525 627 628
f 525 628 523
f 523 628 629
f 523 629 521
f 521 629 630
f 521 630 519
f 519 630 631
f 519 631 517
f 517 631 632
f 517 632 515
f 515 632 633
f 515 633 513
f 513 633 634
f 513 634 511
f 511 634 635
f 511 635 509
f 509 635 636
f 509 636 507
f 507 636 637
f 507 637 505
f 505 637 638
f 505 638 503
f 503 638 639
f 503 639 501
f 501 639 640
f 501 640 499
f 499 640 641
f 499 641 497
f 497 641 642
f 497 642 495
f 495 642 643
f 495 643 493
f 493 643 644
f 493 644 491
f 491 644 645
f 491 645 489
f 489 645 646
f 489 646 487
f 213 647 648
f 213 648 210
f 210 648 649
f 210 649 216
f 650 651 536
f 536 651 652
f 536 652 226
f 196 653 197
f 197 653 654
f 197 654 650
f 203 120 204
f 204 120 122
f 204 122 207
f 207 122 240
f 207 240 209
f 209 240 238
f 209 238 211
f 211 238 236
f 211 236 212
f 212 236 234
f 212 234 655
f 655 234 232
f 115 231 116
f 116 231 233
f 116 233 244
f 244 233 235
f 244 235 246
f 246 235 237
f 246 237 248
f 248 237 239
f 248 239 249
f 249 239 122
f 249 122 656
f 656 122 199
f 656 199 657
f 657 199 198
f 657 198 658
f 658 198 197
f 251 241 253
f 253 241 242
f 253 242 255
f 255 242 243
f 255 243 257
f 257 243 245
f 257 245 259
f 259 245 247
f 259 247 260
f 260 247 249
f 260 249 659
f 659 249 656
f 659 656 660
f 660 656 657
f 660 657 661
f 661 657 658
f 262 250 264
f 264 250 252
f 264 252 266
f 266 252 254
f 266 254 268
f 268 254 256
f 268 256 270
f 270 256 258
f 270 258 271
f 271 258 260
f 271 260 662
f 662 260 659
f 662 659 663
f 663 659 660
f 663 660 664
f 664 660 661
f 112 261 113
f 113 261 263
f 113 263 275
f 275 263 265
f 275 265 277
f 277 265 267
f 277 267 279
f 279 267 269
f 279 269 280
f 280 269 271
f 280 271 665
f 665 271 662
f 665 662 666
f 666 662 663
f 666 663 667
f 667 663 664
f 281 272 282
f 282 272 273
f 282 273 284
f 284 273 274
f 284 274 286
f 286 274 276
f 286 276 288
f 288 276 278
f 288 278 289
f 289 278 280
f 289 280 668
f 668 280 665
f 668 665 669
f 669 665 666
f 669 666 670
f 670 666 667
f 291 90 293
f 293 90 92
f 293 92 295
f 295 92 283
f 295 283 297
f 297 283 285
f 297 285 299
f 299 285 287
f 299 287 300
f 300 287 289
f 300 289 671
f 671 289 668
f 671 668 672
f 672 668 669
f 672 669 673
f 673 669 670
f 109 290 110
f 110 290 292
f 110 292 304
f 304 292 294
f 304 294 306
f 306 294 296
f 306 296 308
f 308 296 298
f 308 298 309
f 309 298 300
f 309 300 674
f 674 300 671
f 674 671 675
f 675 671 672
f 675 672 676
f 676 672 673
f 310 301 311
f 311 301 302
f 311 302 314
f 314 302 303
f 314 303 316
f 316 303 305
f 316 305 318
f 318 305 307
f 318 307 319
f 319 307 309
f 319 309 677
f 677 309 674
f 677 674 678
f 678 674 675
f 678 675 679
f 679 675 676
f 680 681 312
f 312 681 682
f 312 682 310
f 679 327 678
f 678 327 325
f 678 325 677
f 677 325 323
f 677 323 319
f 319 323 321
f 319 321 317
f 317 321 328
f 317 328 315
f 315 328 330
f 315 330 313
f 313 330 332
f 313 332 312
f 312 332 334
f 312 334 680
f 680 334 335
f 680 335 683
f 683 335 336
f 683 336 684
f 684 336 344
f 347 345 349
f 349 345 343
f 349 343 351
f 351 343 342
f 351 342 353
f 353 342 341
f 353 341 355
f 355 341 340
f 355 340 356
f 356 340 320
f 356 320 685
f 685 320 322
f 685 322 686
f 686 322 324
f 686 324 687
f 687 324 326
f 379 346 367
f 367 346 348
f 367 348 359
f 359 348 350
f 359 350 360
f 360 350 352
f 360 352 366
f 366 352 354
f 366 354 364
f 364 354 356
f 364 356 357
f 357 356 685
f 357 685 105
f 105 685 686
f 105 686 106
f 106 686 687
f 104 99 102
f 102 99 101
f 102 101 373
f 373 101 388
f 373 388 375
f 375 388 688
f 375 688 377
f 689 690 391
f 391 690 691
f 391 691 390
f 390 691 692
f 390 692 389
f 389 692 693
f 389 693 388
f 388 693 694
f 388 694 688
f 405 689 400
f 400 689 391
f 400 391 392
f 392 391 385
f 392 385 393
f 393 385 386
f 393 386 399
f 399 386 387
f 399 387 397
f 397 387 104
f 397 104 384
f 384 104 103
f 384 103 383
f 383 103 372
f 383 372 382
f 382 372 374
f 382 374 381
f 381 374 376
f 381 376 380
f 380 376 378
f 380 378 379
f 695 418 696
f 696 418 420
f 696 420 697
f 697 420 422
f 697 422 698
f 698 422 424
f 698 424 699
f 699 424 426
f 699 426 700
f 700 426 428
f 700 428 701
f 701 428 702
f 449 702 437
f 437 702 428
f 437 428 429
f 429 428 427
f 429 427 430
f 430 427 417
f 430 417 436
f 436 417 416
f 436 416 434
f 434 416 414
f 434 414 410
f 410 414 412
f 410 412 409
f 409 412 411
f 409 411 408
f 408 411 419
f 408 419 407
f 407 419 418
f 407 418 406
f 406 418 695
f 406 695 405
f 703 704 448
f 448 704 705
f 448 705 447
f 447 705 706
f 447 706 446
f 446 706 707
f 446 707 445
f 445 707 708
f 445 708 709
f 478 703 480
f 480 703 448
f 480 448 482
f 482 448 442
f 482 442 484
f 484 442 443
f 484 443 486
f 486 443 444
f 94 477 95
f 95 477 479
f 95 479 614
f 614 479 481
f 614 481 607
f 607 481 483
f 607 483 609
f 609 483 485
f 609 485 589
f 589 485 486
f 589 486 454
f 454 486 444
f 454 444 453
f 453 444 96
f 453 96 452
f 452 96 98
f 452 98 451
f 451 98 445
f 451 445 450
f 450 445 709
f 450 709 449
f 487 710 488
f 488 710 711
f 488 711 583
f 583 711 712
f 583 712 584
f 584 712 713
f 584 713 714
f 650 536 197
f 197 536 538
f 197 538 658
f 658 538 540
f 658 540 661
f 661 540 542
f 661 542 664
f 664 542 544
f 664 544 667
f 667 544 546
f 667 546 670
f 670 546 548
f 670 548 673
f 673 548 550
f 673 550 676
f 676 550 552
f 676 552 679
f 679 552 554
f 679 554 327
f 327 554 556
f 327 556 326
f 326 556 558
f 326 558 687
f 687 558 560
f 687 560 106
f 106 560 562
f 106 562 107
f 107 562 564
f 107 564 455
f 455 564 566
f 455 566 457
f 457 566 568
f 457 568 459
f 459 568 570
f 459 570 461
f 461 570 572
f 461 572 463
f 463 572 574
f 463 574 465
f 465 574 576
f 465 576 467
f 467 576 578
f 467 578 469
f 469 578 580
f 469 580 471
f 471 580 582
f 471 582 473
f 473 582 584
f 473 584 475
f 475 584 714
f 475 714 601
f 715 716 717
f 715 717 718
f 718 717 719
f 718 719 720
f 720 719 721
f 720 721 722
f 722 721 723
f 722 723 724
f 724 723 725
f 724 725 726
f 726 725 727
f 726 727 728
f 728 727 729
f 728 729 730
f 730 729 731
f 730 731 732
f 732 731 733
f 732 733 734
f 734 733 735
f 734 735 736
f 736 735 737
f 736 737 738
f 738 737 739
f 738 739 740
f 740 739 741
f 740 741 742
f 742 741 743
f 742 743 744
f 744 743 745
f 744 745 746
f 745 195 746
f 746 195 194
f 746 194 747
f 747 194 193
f 133 748 193
f 193 748 749
f 193 749 747
f 133 132 748
f 748 132 750
f 748 750 751
f 751 750 752
f 751 752 753
f 753 752 754
f 753 754 755
f 755 754 756
f 755 756 757
f 757 756 758
f 757 758 759
f 759 758 760
f 759 760 761
f 761 760 762
f 761 762 763
f 763 762 764
f 763 764 765
f 766 767 768
f 766 768 769
f 769 768 770
f 769 770 771
f 771 770 772
f 772 770 773
f 772 773 774
f 773 775 774
f 774 775 776
f 774 776 777
f 777 776 778
f 777 778 779
f 779 778 780
f 779 780 781
f 781 780 782
f 781 782 783
f 783 782 170
f 783 170 784
f 784 170 168
f 784 168 785
f 785 168 167
f 785 167 786
f 786 167 176
f 176 175 786
f 786 175 787
f 786 787 788
f 788 787 789
f 788 789 790
f 790 789 791
f 790 791 792
f 792 791 793
f 792 793 794
f 794 793 795
f 794 795 796
f 796 795 716
f 796 716 715
f 797 798 799
f 800 801 802
f 802 801 803
f 802 803 804
f 805 806 807
f 808 809 807
f 807 809 810
f 804 811 802
f 802 811 812
f 802 812 813
f 813 812 814
f 813 814 815
f 816 817 818
f 806 819 807
f 807 819 820
f 807 820 808
f 797 799 821
f 821 799 822
f 821 822 823
f 824 825 797
f 797 825 826
f 797 826 798
f 827 828 829
f 810 830 807
f 807 830 831
f 807 831 832
f 824 833 825
f 825 833 834
f 825 834 835
f 829 836 827
f 827 836 837
f 827 837 838
f 839 807 840
f 840 807 841
f 839 842 807
f 807 842 843
f 807 843 805
f 832 844 807
f 807 844 845
f 807 845 846
f 846 845 847
f 846 847 848
f 835 801 825
f 825 801 800
f 825 800 849
f 849 800 817
f 849 817 850
f 850 817 816
f 730 732 818
f 720 722 851
f 851 722 724
f 851 724 852
f 852 724 853
f 854 855 856
f 823 857 821
f 821 857 858
f 821 858 859
f 765 860 736
f 736 860 861
f 736 861 862
f 862 816 736
f 736 816 818
f 736 818 734
f 734 818 732
f 838 863 827
f 827 863 853
f 827 853 864
f 864 853 724
f 864 724 865
f 865 724 726
f 865 726 818
f 818 726 728
f 818 728 730
f 866 867 868
f 868 867 869
f 868 869 828
f 828 869 870
f 828 870 871
f 871 872 828
f 828 872 873
f 828 873 829
f 829 873 874
f 829 874 847
f 847 874 875
f 847 875 848
f 876 877 878
f 878 877 879
f 878 879 880
f 880 881 878
f 878 881 882
f 878 882 883
f 876 878 856
f 856 878 884
f 856 884 854
f 815 885 813
f 813 885 856
f 813 856 886
f 886 856 855
f 859 887 821
f 821 887 888
f 821 888 889
f 890 821 891
f 891 821 892
f 720 851 718
f 718 851 766
f 718 766 715
f 715 766 769
f 715 769 771
f 889 893 821
f 821 893 894
f 821 894 892
f 890 895 821
f 821 895 896
f 821 896 897
f 898 899 866
f 866 899 900
f 866 900 867
f 771 772 715
f 715 772 774
f 715 774 796
f 796 774 777
f 796 777 779
f 779 781 796
f 796 781 783
f 796 783 794
f 784 785 783
f 783 785 786
f 783 786 788
f 765 736 763
f 763 736 738
f 763 738 740
f 898 901 902
f 788 790 783
f 783 790 792
f 783 792 794
f 740 742 763
f 763 742 744
f 763 744 746
f 746 747 763
f 763 747 749
f 763 749 748
f 751 753 748
f 748 753 755
f 748 755 757
f 757 759 748
f 748 759 761
f 748 761 763
f 903 904 905
f 905 906 903
f 903 906 907
f 903 907 898
f 898 907 908
f 898 908 901
f 902 909 898
f 898 909 910
f 898 910 911
f 911 912 898
f 898 912 913
f 898 913 899
f 172 170 782
f 776 173 778
f 778 173 172
f 778 172 780
f 780 172 782
f 154 914 156
f 156 914 915
f 156 915 146
f 146 915 916
f 776 775 173
f 173 775 773
f 173 773 166
f 162 917 160
f 160 917 158
f 158 917 151
f 151 917 918
f 151 918 919
f 147 920 149
f 149 920 150
f 919 921 151
f 151 921 922
f 151 922 152
f 152 922 923
f 152 923 154
f 154 923 924
f 154 924 914
f 925 926 162
f 162 926 927
f 162 927 917
f 916 928 146
f 146 928 929
f 146 929 147
f 147 929 930
f 147 930 920
f 773 770 166
f 166 770 768
f 166 768 164
f 164 768 767
f 164 767 162
f 162 767 931
f 162 931 925
f 845 923 922
f 845 922 847
f 847 922 921
f 847 921 829
f 829 921 919
f 829 919 836
f 836 919 918
f 836 918 837
f 837 918 917
f 837 917 838
f 838 917 927
f 838 927 863
f 863 927 926
f 863 926 853
f 853 926 925
f 853 925 852
f 852 925 931
f 852 931 851
f 851 931 767
f 851 767 766
f 765 764 860
f 860 764 932
f 860 932 861
f 932 933 861
f 861 933 934
f 861 934 862
f 862 934 935
f 862 935 816
f 816 935 936
f 816 936 850
f 850 936 937
f 850 937 849
f 849 937 938
f 849 938 825
f 825 938 939
f 825 939 826
f 826 939 940
f 826 940 798
f 798 940 941
f 798 941 799
f 799 941 942
f 799 942 822
f 132 130 750
f 750 130 752
f 943 144 944
f 944 144 218
f 128 126 760
f 760 758 128
f 128 758 756
f 128 756 130
f 130 756 754
f 130 754 752
f 943 945 144
f 144 945 946
f 144 946 145
f 946 947 145
f 145 947 948
f 145 948 142
f 142 948 949
f 142 949 140
f 140 949 942
f 140 942 138
f 138 942 941
f 138 941 940
f 123 932 124
f 124 932 764
f 124 764 126
f 126 764 762
f 126 762 760
f 936 134 937
f 937 134 136
f 937 136 138
f 940 939 138
f 138 939 938
f 138 938 937
f 936 935 134
f 134 935 934
f 134 934 123
f 123 934 933
f 123 933 932
f 950 951 952
f 953 954 955
f 956 957 958
f 959 960 961
f 202 201 962
f 963 964 965
f 952 951 966
f 967 968 969
f 970 971 972
f 973 974 975
f 976 977 978
f 979 980 981
f 982 983 984
f 621 620 985
f 713 712 986
f 148 150 987
f 585 605 982
f 618 617 988
f 988 617 588
f 989 586 585
f 990 606 608
f 991 992 993
f 993 992 990
f 993 990 994
f 994 990 995
f 990 608 995
f 995 608 610
f 995 610 619
f 996 711 710
f 601 714 997
f 997 714 713
f 711 996 712
f 710 487 998
f 998 487 646
f 999 1000 1001
f 1002 1003 999
f 988 1004 1005
f 1005 1004 1006
f 1005 1006 1001
f 1001 1000 1005
f 1005 1000 1007
f 1005 1007 988
f 620 148 985
f 985 148 987
f 985 987 1008
f 1008 987 1009
f 1010 1011 1012
f 1012 1011 1013
f 1012 1013 1014
f 1002 999 1015
f 1015 999 1001
f 1015 1001 1016
f 1016 1001 1006
f 1016 1006 1017
f 1017 1006 1004
f 1017 1004 1018
f 1019 1020 1021
f 1021 1020 1022
f 1021 1022 1023
f 1023 1022 1024
f 1023 1024 1025
f 1011 1019 1013
f 1013 1019 1021
f 1013 1021 1026
f 1026 1021 1023
f 1026 1023 1027
f 1027 1023 1025
f 1027 1025 1028
f 1029 1030 1031
f 1031 1030 1032
f 1031 1032 1033
f 981 1033 979
f 979 1033 1032
f 979 1032 1034
f 1034 1032 1030
f 1034 1030 1035
f 1009 1036 1008
f 1008 1036 1037
f 1008 1037 1038
f 1038 1037 1039
f 1038 1039 1040
f 1040 1039 1041
f 1040 1041 1042
f 1042 1041 1043
f 1042 1043 1044
f 1044 1043 1045
f 1046 1047 1048
f 1048 1047 1049
f 1048 1049 1050
f 1050 1049 1051
f 1050 1051 1052
f 980 1046 1053
f 1053 1046 1048
f 1053 1048 976
f 976 1048 1050
f 976 1050 977
f 977 1050 1052
f 1054 1055 1056
f 980 979 1046
f 1046 979 1034
f 1046 1034 1047
f 1047 1034 1035
f 1047 1035 1049
f 1049 1035 1054
f 1049 1054 1051
f 1051 1054 1056
f 1051 1056 1052
f 1057 1058 1059
f 1059 1058 1060
f 1059 1060 1061
f 1062 1057 1063
f 1063 1057 1059
f 1063 1059 1064
f 1064 1059 1061
f 1064 1061 1065
f 1045 1066 1044
f 1044 1066 1067
f 1044 1067 1068
f 1068 1067 1069
f 1068 1069 1070
f 1070 1069 1071
f 1070 1071 1072
f 1073 1074 1075
f 1075 1074 1076
f 1075 1076 1077
f 1078 1077 1079
f 1079 1077 1076
f 1079 1076 1080
f 1080 1076 1074
f 1080 1074 1081
f 974 973 1082
f 1082 973 1083
f 1082 1083 1084
f 1085 975 1081
f 1081 975 974
f 1081 974 1080
f 1080 974 1082
f 1080 1082 1079
f 1079 1082 1084
f 1079 1084 1078
f 1071 1086 1072
f 1072 1086 1087
f 1072 1087 1088
f 1088 1087 1089
f 1088 1089 1090
f 1090 1089 1091
f 1090 1091 1092
f 1092 1091 1093
f 1094 1095 1096
f 1094 1096 1097
f 1097 1096 1098
f 1097 1098 1099
f 1099 1098 1100
f 1099 1100 1101
f 953 1102 1103
f 1103 1102 1104
f 1103 1104 1105
f 1105 1104 1106
f 1105 1106 1107
f 1107 1106 1108
f 1107 1108 1109
f 1109 1108 1110
f 1109 1110 1111
f 1102 1100 1104
f 1104 1100 1098
f 1104 1098 1106
f 1106 1098 1096
f 1106 1096 1108
f 1108 1096 1095
f 1108 1095 1110
f 1112 1113 1114
f 1115 1116 1117
f 1117 1116 1118
f 1117 1118 1119
f 1120 1121 1122
f 1123 1115 1124
f 1124 1115 1117
f 1124 1117 1125
f 1125 1117 1119
f 1125 1119 1126
f 1116 1122 1118
f 1118 1122 1121
f 1118 1121 1119
f 1119 1121 1127
f 1119 1127 1126
f 1128 971 1129
f 1129 971 970
f 1129 970 1130
f 1131 972 1132
f 1132 972 971
f 1132 971 1133
f 1133 971 1128
f 1133 1128 1134
f 1135 1123 1136
f 1136 1123 1124
f 1136 1124 1137
f 1137 1124 1125
f 1137 1125 1138
f 1138 1125 1126
f 1138 1126 1139
f 1139 1126 1127
f 1139 1127 1140
f 1113 1141 1114
f 1114 1141 1142
f 1114 1142 1143
f 1143 1142 1144
f 1143 1144 1145
f 1145 1144 1146
f 1145 1146 1147
f 1148 1149 1150
f 1150 1149 1151
f 1150 1151 1152
f 1152 1151 1153
f 1152 1153 1154
f 1154 1153 1155
f 1154 1155 1156
f 1156 1155 1157
f 1158 1159 1160
f 1160 1159 1161
f 1160 1161 1162
f 1163 1164 1165
f 1146 1166 1147
f 1147 1166 1167
f 1147 1167 1168
f 1168 1167 1169
f 1168 1169 1170
f 1170 1169 1171
f 1172 1158 1173
f 1173 1158 1160
f 1173 1160 1174
f 1174 1160 1162
f 1174 1162 1175
f 1159 1165 1161
f 1161 1165 1164
f 1161 1164 1162
f 1162 1164 1176
f 1162 1176 1175
f 1177 1178 1179
f 1179 1178 1180
f 1179 1180 1181
f 1181 1180 1182
f 1181 1182 1183
f 1183 1182 1184
f 1183 1184 1185
f 1185 1184 1186
f 1185 1186 1187
f 1187 1186 1188
f 1187 1188 1189
f 1189 1188 1190
f 1189 1190 1191
f 1191 1190 1192
f 1191 1192 1092
f 1092 1192 1193
f 1092 1193 1090
f 1090 1193 1194
f 1090 1194 1088
f 1088 1194 1195
f 1088 1195 1072
f 1072 1195 1196
f 1072 1196 1070
f 1070 1196 1197
f 1070 1197 1068
f 1068 1197 1198
f 1068 1198 1044
f 1044 1198 1199
f 1044 1199 1042
f 1042 1199 1200
f 1042 1200 1040
f 1040 1200 1201
f 1040 1201 1038
f 1038 1201 1202
f 1038 1202 1008
f 1008 1202 998
f 1008 998 985
f 985 998 646
f 985 646 621
f 969 1172 967
f 967 1172 1173
f 967 1173 1203
f 1203 1173 1174
f 1203 1174 1204
f 1204 1174 1175
f 1204 1175 1205
f 1205 1175 1176
f 1205 1176 1206
f 1207 1208 1209
f 1209 1208 1210
f 1209 1210 1211
f 1211 1210 1212
f 1211 1212 1213
f 1214 1207 1215
f 1215 1207 1209
f 1215 1209 1216
f 1216 1209 1211
f 1216 1211 966
f 966 1211 1213
f 966 1213 952
f 1217 1218 1219
f 1220 1221 1222
f 1222 1221 1223
f 1222 1223 1224
f 1171 1225 1170
f 1170 1225 1226
f 1170 1226 1227
f 1227 1226 1228
f 1227 1228 1229
f 1229 1228 1230
f 1229 1230 1231
f 1231 1230 1232
f 1231 1232 1233
f 1233 1232 1234
f 1235 1224 1236
f 1236 1224 1223
f 1236 1223 1237
f 1237 1223 1221
f 1237 1221 1238
f 1239 1240 1241
f 1241 1240 1242
f 1241 1242 1243
f 1243 1242 1244
f 1243 1244 1245
f 1217 1239 1246
f 1246 1239 1241
f 1246 1241 1247
f 1247 1241 1243
f 1247 1243 1248
f 1248 1243 1245
f 1248 1245 1249
f 710 998 996
f 996 998 1202
f 996 1202 1250
f 1250 1202 1201
f 1250 1201 1251
f 1251 1201 1200
f 1251 1200 1252
f 1252 1200 1199
f 1252 1199 1253
f 1253 1199 1198
f 1253 1198 1254
f 1254 1198 1197
f 1254 1197 1255
f 1255 1197 1196
f 1255 1196 1256
f 1256 1196 1195
f 1256 1195 1257
f 1257 1195 1194
f 1257 1194 1258
f 1258 1194 1193
f 1258 1193 1259
f 1259 1193 1192
f 1259 1192 1260
f 1260 1192 1190
f 1260 1190 1261
f 1261 1190 1188
f 1261 1188 1262
f 1262 1188 1186
f 1262 1186 1263
f 1263 1186 1184
f 1263 1184 1264
f 1264 1184 1182
f 1264 1182 1265
f 1265 1182 1180
f 1265 1180 1266
f 1266 1180 1178
f 1266 1178 1267
f 1267 1178 1177
f 1267 1177 1268
f 1268 1177 1269
f 1268 1269 1270
f 1270 1269 1271
f 1270 1271 1272
f 1272 1271 1273
f 1272 1273 1274
f 1274 1273 1275
f 1274 1275 1276
f 1276 1275 1277
f 1276 1277 1278
f 713 986 997
f 997 986 1279
f 997 1279 1280
f 1280 1279 1281
f 1280 1281 1282
f 1282 1281 1283
f 1282 1283 1284
f 1284 1283 1285
f 1284 1285 1286
f 1286 1285 1287
f 1286 1287 1288
f 1288 1287 1289
f 1288 1289 1290
f 1290 1289 1291
f 1290 1291 1292
f 1292 1291 1293
f 1292 1293 1294
f 1294 1293 1295
f 1294 1295 1296
f 1296 1295 1297
f 1296 1297 1298
f 1298 1297 1299
f 1298 1299 1300
f 1300 1299 1301
f 1300 1301 1302
f 1302 1301 1303
f 1302 1303 1304
f 1304 1303 1305
f 1304 1305 1306
f 1306 1305 1307
f 1306 1307 1308
f 1308 1307 1309
f 1308 1309 1310
f 1310 1309 1311
f 1310 1311 1312
f 1312 1311 1313
f 1312 1313 1314
f 1314 1313 1315
f 1314 1315 1316
f 1316 1315 1317
f 1316 1317 1318
f 1318 1317 1319
f 1318 1319 1320
f 1320 1319 1321
f 1320 1321 1322
f 1322 1321 1323
f 1322 1323 1324
f 1324 1323 1325
f 1324 1325 1326
f 1327 1328 1329
f 654 653 1330
f 1330 653 196
f 982 984 1331
f 1331 984 1332
f 1331 1332 1333
f 1333 1332 1334
f 1333 1334 1335
f 1335 1334 1336
f 1335 1336 1337
f 1337 1336 1338
f 1337 1338 1339
f 1339 1338 1340
f 1339 1340 1341
f 1341 1340 1342
f 1341 1342 1343
f 1343 1342 1344
f 1343 1344 1345
f 1345 1344 1346
f 1345 1346 1347
f 1347 1346 1348
f 1347 1348 1349
f 1349 1348 1350
f 1349 1350 1351
f 1351 1350 1352
f 1351 1352 1353
f 1353 1352 1354
f 1353 1354 1355
f 1355 1354 1356
f 1355 1356 1357
f 1357 1356 1358
f 1357 1358 1359
f 1359 1358 1360
f 1359 1360 1361
f 1361 1360 1362
f 1361 1362 1363
f 1363 1362 1364
f 1363 1364 1365
f 1365 1364 1366
f 1365 1366 1367
f 1367 1366 1368
f 1367 1368 1369
f 1369 1368 1370
f 1369 1370 1371
f 1371 1370 1372
f 1371 1372 1373
f 1373 1372 1374
f 1373 1374 1375
f 1375 1374 1330
f 1375 1330 962
f 962 1330 196
f 962 196 202
f 1376 200 121
f 121 1377 1376
f 1376 1377 1238
f 1376 1238 1378
f 1378 1238 1221
f 1378 1221 1379
f 1379 1221 1220
f 1379 1220 1380
f 1380 1220 1206
f 1380 1206 1381
f 1381 1206 1176
f 1381 1176 1382
f 1382 1176 1164
f 1382 1164 1383
f 1383 1164 1163
f 1383 1163 1384
f 1384 1163 1140
f 1384 1140 1385
f 1385 1140 1127
f 1385 1127 1386
f 1386 1127 1121
f 1386 1121 1387
f 1387 1121 1120
f 1387 1120 1388
f 1388 1120 1389
f 1388 1389 1390
f 1390 1389 1085
f 1390 1085 1391
f 1391 1085 1081
f 1391 1081 1392
f 1392 1081 1074
f 1392 1074 1393
f 1393 1074 1073
f 1393 1073 1394
f 1394 1073 1055
f 1394 1055 1395
f 1395 1055 1054
f 1395 1054 1396
f 1396 1054 1035
f 1396 1035 1397
f 1397 1035 1030
f 1397 1030 1398
f 1398 1030 1029
f 1398 1029 1399
f 1399 1029 1018
f 1399 1018 1400
f 1400 1018 1004
f 1400 1004 1401
f 1401 1004 988
f 1401 988 989
f 989 988 588
f 989 588 586
f 585 982 989
f 989 982 1331
f 989 1331 1401
f 1401 1331 1333
f 1401 1333 1400
f 1400 1333 1335
f 1400 1335 1399
f 1399 1335 1337
f 1399 1337 1398
f 1398 1337 1339
f 1398 1339 1397
f 1397 1339 1341
f 1397 1341 1396
f 1396 1341 1343
f 1396 1343 1395
f 1395 1343 1345
f 1395 1345 1394
f 1394 1345 1347
f 1394 1347 1393
f 1393 1347 1349
f 1393 1349 1392
f 1392 1349 1351
f 1392 1351 1391
f 1391 1351 1353
f 1391 1353 1390
f 1390 1353 1355
f 1390 1355 1388
f 1388 1355 1357
f 1388 1357 1387
f 1387 1357 1359
f 1387 1359 1386
f 1386 1359 1361
f 1386 1361 1385
f 1385 1361 1363
f 1385 1363 1384
f 1384 1363 1365
f 1384 1365 1383
f 1383 1365 1367
f 1383 1367 1382
f 1382 1367 1369
f 1382 1369 1381
f 1381 1369 1371
f 1381 1371 1380
f 1380 1371 1373
f 1380 1373 1379
f 1379 1373 1375
f 1379 1375 1378
f 1378 1375 962
f 1378 962 1376
f 1376 962 201
f 1376 201 200
f 206 214 1402
f 1402 214 1403
f 647 959 648
f 648 959 961
f 648 961 649
f 649 961 1404
f 649 1404 216
f 216 1404 1403
f 216 1403 215
f 215 1403 214
f 121 120 1377
f 1377 120 203
f 1377 203 1402
f 1402 203 205
f 1402 205 206
f 1234 1405 1233
f 1233 1405 1406
f 1233 1406 1327
f 1327 1406 1407
f 1327 1407 1328
f 1328 1407 1408
f 1408 218 1328
f 1328 218 219
f 1328 219 220
f 1277 225 224
f 1277 224 1278
f 1278 224 222
f 1278 222 221
f 712 996 986
f 986 996 1250
f 986 1250 1279
f 1279 1250 1251
f 1279 1251 1281
f 1281 1251 1252
f 1281 1252 1283
f 1283 1252 1253
f 1283 1253 1285
f 1285 1253 1254
f 1285 1254 1287
f 1287 1254 1255
f 1287 1255 1289
f 1289 1255 1256
f 1289 1256 1291
f 1291 1256 1257
f 1291 1257 1293
f 1293 1257 1258
f 1293 1258 1295
f 1295 1258 1259
f 1295 1259 1297
f 1297 1259 1260
f 1297 1260 1299
f 1299 1260 1261
f 1299 1261 1301
f 1301 1261 1262
f 1301 1262 1303
f 1303 1262 1263
f 1303 1263 1305
f 1305 1263 1264
f 1305 1264 1307
f 1307 1264 1265
f 1307 1265 1309
f 1309 1265 1266
f 1309 1266 1311
f 1311 1266 1267
f 1311 1267 1313
f 1313 1267 1268
f 1313 1268 1315
f 1315 1268 1270
f 1315 1270 1317
f 1317 1270 1272
f 1317 1272 1319
f 1319 1272 1274
f 1319 1274 1321
f 1321 1274 1276
f 1321 1276 1323
f 1323 1276 1278
f 1323 1278 1325
f 1325 1278 221
f 1325 221 227
f 220 217 1328
f 1328 217 118
f 1328 118 1329
f 1329 118 117
f 1329 117 230
f 1093 1409 1092
f 1092 1409 1112
f 1092 1112 1191
f 1191 1112 1114
f 1191 1114 1189
f 1189 1114 1143
f 1189 1143 1187
f 1187 1143 1145
f 1187 1145 1185
f 1185 1145 1147
f 1185 1147 1183
f 1183 1147 1168
f 1183 1168 1181
f 1181 1168 1170
f 1181 1170 1179
f 1179 1170 1227
f 1179 1227 1177
f 1177 1227 1229
f 1177 1229 1269
f 1269 1229 1231
f 1269 1231 1271
f 1271 1231 1233
f 1271 1233 1273
f 1273 1233 1327
f 1273 1327 1275
f 1275 1327 1329
f 1275 1329 1277
f 1277 1329 230
f 1277 230 225
f 611 612 1410
f 1410 612 992
f 1410 992 1411
f 1411 992 991
f 1411 991 1412
f 612 613 992
f 992 613 615
f 992 615 990
f 990 615 616
f 990 616 606
f 605 604 982
f 982 604 603
f 982 603 983
f 983 603 602
f 983 602 601
f 1003 1412 999
f 999 1412 991
f 999 991 1000
f 1000 991 993
f 1000 993 1007
f 1007 993 994
f 1007 994 988
f 988 994 995
f 988 995 618
f 618 995 619
f 1014 1013 1413
f 1413 1013 1026
f 1413 1026 1414
f 1414 1026 1027
f 1414 1027 1415
f 1415 1027 1028
f 1415 1028 1416
f 1417 1418 1419
f 1419 1418 1420
f 1419 1420 1421
f 1421 1420 1422
f 1421 1422 1416
f 978 1417 976
f 976 1417 1419
f 976 1419 1053
f 1053 1419 1421
f 1053 1421 980
f 980 1421 1416
f 980 1416 981
f 981 1416 1028
f 981 1028 1033
f 1033 1028 1025
f 1033 1025 1031
f 1031 1025 1024
f 1031 1024 1029
f 1029 1024 1022
f 1029 1022 1018
f 1018 1022 1020
f 1018 1020 1017
f 1017 1020 1019
f 1017 1019 1016
f 1016 1019 1011
f 1016 1011 1015
f 1015 1011 1010
f 1015 1010 1002
f 1423 1424 1065
f 1065 1424 1425
f 1065 1425 1064
f 1064 1425 1426
f 1064 1426 1063
f 1063 1426 1427
f 1063 1427 1062
f 1062 1427 1428
f 1062 1428 1429
f 957 1423 1430
f 1430 1423 1065
f 1430 1065 1431
f 1431 1065 1061
f 1431 1061 1432
f 1432 1061 1060
f 1083 958 1084
f 1084 958 957
f 1084 957 1078
f 1078 957 1430
f 1078 1430 1077
f 1077 1430 1431
f 1077 1431 1075
f 1075 1431 1432
f 1075 1432 1073
f 1073 1432 1060
f 1073 1060 1055
f 1055 1060 1058
f 1055 1058 1056
f 1056 1058 1057
f 1056 1057 1052
f 1052 1057 1062
f 1052 1062 977
f 977 1062 1429
f 977 1429 978
f 1101 1100 1433
f 1433 1100 1102
f 1433 1102 1434
f 1434 1102 953
f 1434 953 1435
f 1435 953 955
f 1435 955 1436
f 954 953 1437
f 1437 953 1103
f 1437 1103 1438
f 1438 1103 1105
f 1438 1105 1439
f 1439 1105 1107
f 1439 1107 1440
f 1440 1107 1109
f 1440 1109 1441
f 1441 1109 1111
f 1441 1111 1442
f 1135 1442 1123
f 1123 1442 1111
f 1123 1111 1115
f 1115 1111 1110
f 1115 1110 1116
f 1116 1110 1095
f 1116 1095 1122
f 1122 1095 1094
f 1122 1094 1120
f 1120 1094 1097
f 1120 1097 1389
f 1389 1097 1099
f 1389 1099 1085
f 1085 1099 1101
f 1085 1101 975
f 975 1101 1433
f 975 1433 973
f 973 1433 1434
f 973 1434 1083
f 1083 1434 1435
f 1083 1435 958
f 958 1435 1436
f 958 1436 956
f 1443 1444 1134
f 1134 1444 1445
f 1134 1445 1133
f 1133 1445 1446
f 1133 1446 1132
f 1132 1446 1447
f 1132 1447 1131
f 1131 1447 1448
f 1131 1448 1449
f 1149 1443 1151
f 1151 1443 1134
f 1151 1134 1153
f 1153 1134 1128
f 1153 1128 1155
f 1155 1128 1129
f 1155 1129 1157
f 1157 1129 1130
f 969 1148 1172
f 1172 1148 1150
f 1172 1150 1158
f 1158 1150 1152
f 1158 1152 1159
f 1159 1152 1154
f 1159 1154 1165
f 1165 1154 1156
f 1165 1156 1163
f 1163 1156 1157
f 1163 1157 1140
f 1140 1157 1130
f 1140 1130 1139
f 1139 1130 970
f 1139 970 1138
f 1138 970 972
f 1138 972 1137
f 1137 972 1131
f 1137 1131 1136
f 1136 1131 1449
f 1136 1449 1135
f 1450 1451 1452
f 1452 1451 1453
f 1452 1453 1454
f 1454 1453 1455
f 1454 1455 1456
f 1457 1458 1450
f 1450 1458 1459
f 1450 1459 1451
f 951 1457 966
f 966 1457 1450
f 966 1450 1216
f 1216 1450 1452
f 1216 1452 1215
f 1215 1452 1454
f 1215 1454 1214
f 1214 1454 1456
f 968 967 1456
f 1456 967 1203
f 1456 1203 1214
f 1214 1203 1204
f 1214 1204 1207
f 1207 1204 1205
f 1207 1205 1208
f 1208 1205 1206
f 1208 1206 1210
f 1210 1206 1220
f 1210 1220 1212
f 1212 1220 1222
f 1212 1222 1213
f 1213 1222 1224
f 1213 1224 952
f 952 1224 1235
f 952 1235 950
f 1218 1217 1460
f 1460 1217 1246
f 1460 1246 1461
f 1461 1246 1247
f 1461 1247 1462
f 1462 1247 1248
f 1462 1248 965
f 965 1248 1249
f 965 1249 963
f 960 964 961
f 961 964 963
f 961 963 1404
f 1404 963 1249
f 1404 1249 1403
f 1403 1249 1245
f 1403 1245 1402
f 1402 1245 1244
f 1402 1244 1377
f 1377 1244 1242
f 1377 1242 1238
f 1238 1242 1240
f 1238 1240 1237
f 1237 1240 1239
f 1237 1239 1236
f 1236 1239 1217
f 1236 1217 1235
f 1235 1217 1219
f 1235 1219 950
f 227 226 1325
f 1325 226 652
f 1325 652 1326
f 1326 652 651
f 1326 651 650
f 601 997 983
f 983 997 1280
f 983 1280 984
f 984 1280 1282
f 984 1282 1332
f 1332 1282 1284
f 1332 1284 1334
f 1334 1284 1286
f 1334 1286 1336
f 1336 1286 1288
f 1336 1288 1338
f 1338 1288 1290
f 1338 1290 1340
f 1340 1290 1292
f 1340 1292 1342
f 1342 1292 1294
f 1342 1294 1344
f 1344 1294 1296
f 1344 1296 1346
f 1346 1296 1298
f 1346 1298 1348
f 1348 1298 1300
f 1348 1300 1350
f 1350 1300 1302
f 1350 1302 1352
f 1352 1302 1304
f 1352 1304 1354
f 1354 1304 1306
f 1354 1306 1356
f 1356 1306 1308
f 1356 1308 1358
f 1358 1308 1310
f 1358 1310 1360
f 1360 1310 1312
f 1360 1312 1362
f 1362 1312 1314
f 1362 1314 1364
f 1364 1314 1316
f 1364 1316 1366
f 1366 1316 1318
f 1366 1318 1368
f 1368 1318 1320
f 1368 1320 1370
f 1370 1320 1322
f 1370 1322 1372
f 1372 1322 1324
f 1372 1324 1374
f 1374 1324 1326
f 1374 1326 1330
f 1330 1326 650
f 1330 650 654
f 478 477 1463
f 1463 477 94
f 1463 94 1464
f 1464 94 93
f 1464 93 611
f 611 1410 1464
f 1464 1410 1411
f 1464 1411 1465
f 1465 1411 1412
f 1465 1412 1003
f 1003 1002 1465
f 1465 1002 1010
f 1465 1010 1466
f 1466 1010 1012
f 1466 1012 1014
f 1415 1467 1414
f 1414 1467 1466
f 1414 1466 1413
f 1413 1466 1014
f 1415 1416 1467
f 1467 1416 1422
f 1467 1422 1468
f 1468 1422 1420
f 1468 1420 1418
f 1418 1417 1468
f 1468 1417 978
f 1468 978 1469
f 1469 978 1429
f 1469 1429 1428
f 1428 1427 1469
f 1469 1427 1426
f 1469 1426 1470
f 1470 1426 1425
f 1470 1425 1424
f 1424 1423 1470
f 1470 1423 957
f 1470 957 1471
f 957 956 1471
f 1471 956 1436
f 1471 1436 1472
f 1472 1436 955
f 1472 955 954
f 1439 1473 1438
f 1438 1473 1472
f 1438 1472 1437
f 1437 1472 954
f 1439 1440 1473
f 1473 1440 1441
f 1473 1441 1474
f 1474 1441 1442
f 1474 1442 1135
f 1135 1449 1474
f 1474 1449 1448
f 1474 1448 1475
f 1475 1448 1447
f 1475 1447 1446
f 1446 1445 1475
f 1475 1445 1444
f 1475 1444 1476
f 1148 1477 1149
f 1149 1477 1476
f 1149 1476 1443
f 1443 1476 1444
f 1148 969 1477
f 1477 969 968
f 1477 968 1478
f 968 1456 1478
f 1478 1456 1455
f 1478 1455 1453
f 1453 1451 1478
f 1478 1451 1459
f 1478 1459 1479
f 1479 1459 1458
f 1479 1458 1457
f 1457 951 1479
f 1479 951 950
f 1479 950 1480
f 1480 950 1219
f 1480 1219 1218
f 1218 1460 1480
f 1480 1460 1461
f 1480 1461 1481
f 1481 1461 1462
f 1481 1462 965
f 965 964 1481
f 1481 964 960
f 1481 960 1482
f 1482 960 959
f 1482 959 647
f 647 213 1482
f 1482 213 212
f 1482 212 1483
f 1483 212 655
f 1483 655 232
f 232 231 1483
f 1483 231 115
f 1483 115 1484
f 1484 115 114
f 1484 114 241
f 262 1485 250
f 250 1485 1484
f 250 1484 251
f 251 1484 241
f 262 261 1485
f 1485 261 112
f 1485 112 1486
f 1486 112 111
f 1486 111 272
f 272 281 1486
f 1486 281 91
f 1486 91 1487
f 1487 91 90
f 1487 90 291
f 291 290 1487
f 1487 290 109
f 1487 109 1488
f 1488 109 108
f 1488 108 301
f 301 310 1488
f 1488 310 682
f 1488 682 1489
f 682 681 1489
f 1489 681 680
f 1489 680 1490
f 1490 680 683
f 1490 683 684
f 684 344 1490
f 1490 344 345
f 1490 345 1491
f 1491 345 347
f 1491 347 346
f 377 1492 378
f 378 1492 1491
f 378 1491 379
f 379 1491 346
f 377 688 1492
f 1492 688 694
f 1492 694 1493
f 1493 694 693
f 1493 693 692
f 692 691 1493
f 1493 691 690
f 1493 690 1494
f 690 689 1494
f 1494 689 405
f 1494 405 1495
f 1495 405 695
f 1495 695 696
f 699 1496 698
f 698 1496 1495
f 698 1495 697
f 697 1495 696
f 699 700 1496
f 1496 700 701
f 1496 701 1497
f 1497 701 702
f 1497 702 449
f 449 709 1497
f 1497 709 708
f 1497 708 1498
f 1498 708 707
f 1498 707 706
f 706 705 1498
f 1498 705 704
f 1498 704 1463
f 1463 704 703
f 1463 703 478
f 807 1499 1500
f 807 1500 841
f 841 1500 1501
f 841 1501 840
f 840 1501 1502
f 840 1502 839
f 839 1502 1503
f 839 1503 842
f 842 1503 1504
f 842 1504 843
f 843 1504 1505
f 843 1505 805
f 805 1505 1506
f 805 1506 806
f 806 1506 150
f 806 150 819
f 819 150 920
f 819 920 820
f 820 920 808
f 808 920 930
f 808 930 809
f 930 929 809
f 809 929 928
f 809 928 810
f 810 928 916
f 810 916 830
f 830 916 915
f 830 915 831
f 831 915 914
f 831 914 832
f 832 914 924
f 832 924 844
f 844 924 923
f 844 923 845
f 867 1507 1508
f 867 1508 869
f 869 1508 1509
f 869 1509 870
f 870 1509 1510
f 870 1510 871
f 871 1510 1511
f 871 1511 872
f 872 1511 1512
f 872 1512 873
f 873 1512 1513
f 873 1513 874
f 874 1513 1514
f 874 1514 875
f 875 1514 1515
f 875 1515 848
f 848 1515 1516
f 848 1516 846
f 846 1516 1499
f 846 1499 807
f 1517 913 1518
f 1518 913 912
f 1518 912 1519
f 1519 912 911
f 1519 911 1520
f 1520 911 910
f 1520 910 1521
f 1521 910 909
f 1521 909 1522
f 1522 909 902
f 1522 902 1523
f 1523 902 901
f 1523 901 1086
f 1086 901 908
f 1086 908 1524
f 1524 908 907
f 1524 907 1525
f 1525 907 906
f 1525 906 1526
f 1526 906 905
f 1526 905 1527
f 1527 905 904
f 1527 904 1528
f 1528 904 903
f 1528 903 1529
f 1529 903 898
f 1529 898 1530
f 1530 898 866
f 1530 866 1531
f 1507 867 1532
f 1532 867 900
f 1532 900 1517
f 1517 900 899
f 1517 899 913
f 813 1533 1534
f 813 1534 802
f 802 1534 1535
f 802 1535 800
f 800 1535 1536
f 800 1536 817
f 817 1536 1537
f 817 1537 818
f 818 1537 1538
f 818 1538 865
f 865 1538 1539
f 865 1539 864
f 864 1539 1540
f 864 1540 827
f 827 1540 1541
f 827 1541 828
f 828 1541 1542
f 828 1542 868
f 868 1542 1531
f 868 1531 866
f 814 1543 1544
f 814 1544 815
f 815 1544 1545
f 815 1545 885
f 885 1545 1546
f 885 1546 856
f 856 1546 1547
f 856 1547 876
f 876 1547 1548
f 876 1548 877
f 877 1548 1549
f 877 1549 879
f 879 1549 1550
f 879 1550 880
f 880 1550 1167
f 880 1167 881
f 881 1167 1551
f 881 1551 882
f 882 1551 1552
f 882 1552 883
f 883 1552 1553
f 883 1553 878
f 878 1553 1554
f 878 1554 884
f 884 1554 1555
f 884 1555 854
f 854 1555 1556
f 854 1556 855
f 855 1556 1557
f 855 1557 886
f 886 1557 1533
f 886 1533 813
f 821 1558 1559
f 821 1559 797
f 797 1559 1560
f 797 1560 824
f 824 1560 1561
f 824 1561 833
f 833 1561 1562
f 833 1562 834
f 834 1562 1563
f 834 1563 835
f 835 1563 1564
f 835 1564 801
f 801 1564 803
f 803 1564 1565
f 803 1565 804
f 1565 1566 804
f 804 1566 1567
f 804 1567 811
f 811 1567 1568
f 811 1568 812
f 812 1568 1543
f 812 1543 814
f 822 942 949
f 822 949 823
f 823 949 948
f 823 948 857
f 857 948 947
f 857 947 858
f 858 947 946
f 858 946 859
f 859 946 945
f 859 945 887
f 887 945 943
f 887 943 888
f 888 943 944
f 888 944 889
f 889 944 218
f 889 218 893
f 893 218 1569
f 893 1569 894
f 894 1569 1570
f 894 1570 892
f 892 1570 1571
f 892 1571 891
f 891 1571 1572
f 891 1572 890
f 890 1572 1573
f 890 1573 895
f 895 1573 1574
f 895 1574 896
f 896 1574 1575
f 896 1575 897
f 897 1575 1558
f 897 1558 821
f 1505 987 1506
f 1506 987 150
f 1517 1518 1067
f 1505 1504 987
f 987 1504 1503
f 987 1503 1009
f 1067 1518 1069
f 1521 1071 1520
f 1520 1071 1069
f 1520 1069 1519
f 1519 1069 1518
f 1521 1522 1071
f 1071 1522 1523
f 1071 1523 1086
f 1039 1512 1041
f 1041 1512 1043
f 1509 1508 1066
f 1066 1508 1507
f 1066 1507 1067
f 1067 1507 1532
f 1067 1532 1517
f 1515 1514 1039
f 1039 1514 1513
f 1039 1513 1512
f 1043 1512 1045
f 1045 1512 1511
f 1045 1511 1066
f 1066 1511 1510
f 1066 1510 1509
f 1503 1502 1009
f 1009 1502 1501
f 1009 1501 1036
f 1036 1501 1500
f 1036 1500 1037
f 1037 1500 1499
f 1037 1499 1039
f 1039 1499 1516
f 1039 1516 1515
f 1228 1226 1550
f 1550 1226 1225
f 1571 1570 1408
f 1408 1570 1569
f 1408 1569 218
f 1228 1550 1230
f 1230 1550 1549
f 1230 1549 1548
f 1548 1547 1230
f 1230 1547 1546
f 1230 1546 1545
f 1167 1550 1169
f 1169 1550 1225
f 1169 1225 1171
f 1406 1574 1407
f 1407 1574 1573
f 1407 1573 1408
f 1408 1573 1572
f 1408 1572 1571
f 1234 1562 1561
f 1545 1544 1230
f 1230 1544 1543
f 1230 1543 1568
f 1562 1234 1563
f 1563 1234 1232
f 1563 1232 1564
f 1564 1232 1230
f 1564 1230 1565
f 1568 1567 1230
f 1230 1567 1566
f 1230 1566 1565
f 1561 1560 1234
f 1234 1560 1559
f 1234 1559 1405
f 1405 1559 1558
f 1405 1558 1406
f 1406 1558 1575
f 1406 1575 1574
f 1551 1167 1166
f 1554 1553 1146
f 1146 1553 1166
f 1166 1553 1552
f 1166 1552 1551
f 1086 1524 1087
f 1087 1524 1525
f 1087 1525 1526
f 1142 1557 1144
f 1144 1557 1556
f 1144 1556 1146
f 1146 1556 1555
f 1146 1555 1554
f 1141 1537 1536
f 1537 1141 1538
f 1526 1527 1087
f 1087 1527 1528
f 1087 1528 1089
f 1089 1528 1529
f 1089 1529 1091
f 1091 1529 1530
f 1091 1530 1093
f 1093 1530 1531
f 1093 1531 1409
f 1409 1531 1542
f 1409 1542 1541
f 1141 1113 1538
f 1538 1113 1112
f 1538 1112 1539
f 1539 1112 1409
f 1539 1409 1540
f 1540 1409 1541
f 1536 1535 1141
f 1141 1535 1534
f 1141 1534 1142
f 1142 1534 1533
f 1142 1533 1557
f 1498 1576 1497
f 1497 1576 1577
f 1497 1577 1496
f 1496 1577 1578
f 1496 1578 1495
f 1495 1578 1579
f 1495 1579 1494
f 1494 1579 1580
f 1494 1580 1493
f 1493 1580 1581
f 1493 1581 1492
f 1492 1581 1582
f 1492 1582 1491
f 1491 1582 1583
f 1491 1583 1490
f 1490 1583 1584
f 1490 1584 1489
f 1489 1584 1585
f 1489 1585 1488
f 1488 1585 1586
f 1488 1586 1487
f 1487 1586 1587
f 1487 1587 1486
f 1486 1587 1588
f 1486 1588 1485
f 1485 1588 1589
f 1485 1589 1484
f 1484 1589 1590
f 1484 1590 1483
f 1483 1590 1591
f 1483 1591 1482
f 1482 1591 1592
f 1482 1592 1481
f 1481 1592 1593
f 1481 1593 1480
f 1480 1593 1594
f 1480 1594 1479
f 1479 1594 1595
f 1479 1595 1478
f 1478 1595 1596
f 1478 1596 1477
f 1477 1596 1597
f 1477 1597 1476
f 1476 1597 1598
f 1476 1598 1475
f 1475 1598 1599
f 1475 1599 1474
f 1474 1599 1600
f 1474 1600 1473
f 1473 1600 1601
f 1473 1601 1472
f 1472 1601 1602
f 1472 1602 1471
f 1471 1602 1603
f 1471 1603 1470
f 1470 1603 1604
f 1470 1604 1469
f 1469 1604 1605
f 1469 1605 1468
f 1468 1605 1606
f 1468 1606 1467
f 1467 1606 1607
f 1467 1607 1466
f 1466 1607 1608
f 1466 1608 1465
f 1465 1608 1609
f 1465 1609 1464
f 1464 1609 1610
f 1464 1610 1463
f 1463 1610 1611
f 1463 1611 1498
f 1498 1611 1576
f 50 52 1612
f 1613 1614 1615
f 1616 1617 1614
f 1614 1617 1618
f 1614 1618 1615
f 1619 1620 1616
f 1616 1620 1621
f 1616 1621 1617
f 1622 1623 1619
f 1619 1623 1624
f 1619 1624 1620
f 1625 1626 1627
f 1627 1626 1628
f 1627 1628 1629
f 1629 1628 1630
f 1629 1630 1622
f 1622 1630 1631
f 1622 1631 1623
f 1632 1633 1625
f 1625 1633 1634
f 1625 1634 1626
f 1635 1636 1632
f 1632 1636 1637
f 1632 1637 1633
f 1638 1639 1635
f 1635 1639 1640
f 1635 1640 1636
f 1641 1642 1643
f 1643 1642 1644
f 1643 1644 1645
f 1645 1644 1646
f 1645 1646 1638
f 1638 1646 1647
f 1638 1647 1639
f 1648 1649 1641
f 1641 1649 1650
f 1641 1650 1642
f 1651 1652 1648
f 1648 1652 1653
f 1648 1653 1649
f 1654 1655 1656
f 1656 1655 1657
f 1656 1657 1658
f 1658 1657 1659
f 1658 1659 1660
f 1660 1659 1661
f 1660 1661 1662
f 1662 1661 1663
f 1662 1663 1651
f 1651 1663 1664
f 1651 1664 1652
f 1665 1666 1654
f 1654 1666 1667
f 1654 1667 1655
f 1612 52 1668
f 1668 52 3
f 1668 3 1669
f 1669 3 2
f 1669 2 1670
f 1670 2 1671
f 1670 1671 1665
f 1665 1671 1672
f 1665 1672 1666
f 50 1612 48
f 48 1612 1673
f 48 1673 46
f 46 1673 44
f 44 1673 1674
f 44 1674 42
f 42 1674 40
f 40 1674 1675
f 40 1675 38
f 38 1675 1676
f 38 1676 36
f 36 1676 34
f 34 1676 1677
f 34 1677 32
f 32 1677 30
f 30 1677 1678
f 30 1678 28
f 28 1678 26
f 26 1678 1679
f 26 1679 24
f 12 14 1680
f 1680 14 16
f 1680 16 1681
f 1681 16 18
f 1681 18 1682
f 1682 18 20
f 1682 20 1679
f 1679 20 22
f 1679 22 24
f 12 1680 10
f 10 1680 1683
f 10 1683 8
f 1684 55 1683
f 1683 55 6
f 1683 6 8
f 1685 58 1684
f 1684 58 56
f 1684 56 55
f 66 64 1686
f 1686 64 62
f 1686 62 1685
f 1685 62 60
f 1685 60 58
f 66 1686 69
f 69 1686 1687
f 69 1687 71
f 71 1687 73
f 73 1687 1688
f 73 1688 74
f 1689 78 1688
f 1688 78 76
f 1688 76 74
f 1690 83 1689
f 1689 83 81
f 1689 81 78
f 1615 88 1613
f 1613 88 87
f 1613 87 1690
f 1690 87 85
f 1690 85 83
f 1691 89 88
f 88 1615 1691
f 1691 1615 1618
f 1691 1618 1692
f 1618 1617 1692
f 1692 1617 1621
f 1692 1621 1693
f 1621 1620 1693
f 1693 1620 1624
f 1693 1624 1694
f 1624 1623 1694
f 1694 1623 1631
f 1694 1631 1695
f 1631 1630 1695
f 1695 1630 1628
f 1695 1628 1696
f 1628 1626 1696
f 1696 1626 1634
f 1696 1634 1697
f 1634 1633 1697
f 1697 1633 1637
f 1697 1637 1698
f 1637 1636 1698
f 1698 1636 1640
f 1698 1640 1699
f 1640 1639 1699
f 1699 1639 1647
f 1699 1647 1700
f 1700 1647 1646
f 1700 1646 1701
f 1646 1644 1701
f 1701 1644 1642
f 1701 1642 1702
f 1642 1650 1702
f 1702 1650 1649
f 1702 1649 1703
f 1649 1653 1703
f 1703 1653 1652
f 1703 1652 1704
f 1652 1664 1704
f 1704 1664 1663
f 1704 1663 1705
f 1663 1661 1705
f 1705 1661 1659
f 1705 1659 1706
f 1659 1657 1706
f 1706 1657 1655
f 1706 1655 1707
f 1655 1667 1707
f 1707 1667 1666
f 1707 1666 1708
f 2 1 1671
f 1671 1 1708
f 1671 1708 1672
f 1672 1708 1666
f 31 29 1709
f 1709 29 1710
f 1711 35 1709
f 1709 35 33
f 1709 33 31
f 43 1712 45
f 45 1712 1713
f 43 41 1712
f 1712 41 39
f 1712 39 1711
f 1711 39 37
f 1711 37 35
f 53 51 1714
f 1714 51 49
f 1714 49 1713
f 1713 49 47
f 1713 47 45
f 53 1714 54
f 54 1714 1715
f 54 1715 1
f 13 1716 15
f 15 1716 1717
f 15 1717 17
f 17 1717 19
f 1718 1719 5
f 13 11 1716
f 1716 11 9
f 1716 9 1719
f 1719 9 7
f 1719 7 5
f 29 27 1710
f 1710 27 25
f 1710 25 1720
f 1720 25 23
f 1720 23 1717
f 1717 23 21
f 1717 21 19
f 1 1715 1708
f 1708 1715 1721
f 1708 1721 1707
f 1707 1721 1722
f 1707 1722 1706
f 1706 1722 1723
f 1706 1723 1705
f 1705 1723 1724
f 1705 1724 1704
f 1704 1724 1725
f 1704 1725 1703
f 1703 1725 1726
f 1703 1726 1702
f 1702 1726 1727
f 1702 1727 1701
f 1701 1727 1728
f 1701 1728 1700
f 1700 1728 1729
f 1700 1729 1699
f 1699 1729 1698
f 1698 1729 1730
f 1698 1730 1697
f 1697 1730 1731
f 1697 1731 1696
f 1696 1731 1732
f 1696 1732 1695
f 1695 1732 1733
f 1695 1733 1694
f 1694 1733 1734
f 1694 1734 1693
f 1693 1734 1735
f 1693 1735 1692
f 1692 1735 1736
f 1692 1736 1691
f 1691 1736 1737
f 1691 1737 89
f 89 1737 1738
f 89 1738 86
f 86 1738 1739
f 86 1739 84
f 61 63 1740
f 1741 75 77
f 1740 63 1742
f 5 4 1718
f 1718 4 57
f 1718 57 1740
f 1740 57 59
f 1740 59 61
f 1741 77 1743
f 63 65 1742
f 1742 65 67
f 1742 67 1744
f 77 79 1743
f 1743 79 80
f 1743 80 1739
f 1739 80 82
f 1739 82 84
f 67 68 1744
f 1744 68 70
f 1744 70 1741
f 1741 70 72
f 1741 72 75
f 1745 1714 1746
f 1746 1714 1713
f 1746 1713 1747
f 1747 1713 1712
f 1747 1712 1748
f 1748 1712 1711
f 1748 1711 1749
f 1749 1711 1709
f 1749 1709 1750
f 1750 1709 1710
f 1750 1710 1751
f 1751 1710 1720
f 1751 1720 1752
f 1752 1720 1717
f 1752 1717 1753
f 1753 1717 1716
f 1753 1716 1754
f 1754 1716 1719
f 1754 1719 1755
f 1755 1719 1718
f 1755 1718 1756
f 1756 1718 1740
f 1756 1740 1757
f 1757 1740 1742
f 1757 1742 1758
f 1758 1742 1744
f 1758 1744 1759
f 1759 1744 1741
f 1759 1741 1760
f 1760 1741 1743
f 1760 1743 1761
f 1761 1743 1739
f 1761 1739 1762
f 1762 1739 1738
f 1762 1738 1763
f 1763 1738 1737
f 1763 1737 1764
f 1764 1737 1736
f 1764 1736 1765
f 1765 1736 1735
f 1765 1735 1766
f 1766 1735 1734
f 1766 1734 1767
f 1767 1734 1733
f 1767 1733 1768
f 1768 1733 1732
f 1768 1732 1769
f 1769 1732 1731
f 1769 1731 1770
f 1770 1731 1730
f 1770 1730 1771
f 1771 1730 1729
f 1771 1729 1772
f 1772 1729 1728
f 1772 1728 1773
f 1773 1728 1727
f 1773 1727 1774
f 1774 1727 1726
f 1774 1726 1775
f 1775 1726 1725
f 1775 1725 1776
f 1776 1725 1724
f 1776 1724 1777
f 1777 1724 1723
f 1777 1723 1778
f 1778 1723 1722
f 1778 1722 1779
f 1779 1722 1721
f 1779 1721 1780
f 1780 1721 1715
f 1780 1715 1745
f 1745 1715 1714
f 1781 1782 1783
f 1784 1785 1786
f 1787 1788 1789
f 1790 1791 1792
f 1793 1794 1795
f 1796 1797 1798
f 1799 1800 1801
f 1802 1803 1804
f 1805 1806 1807
f 1807 1806 1808
f 1809 1810 1811
f 1811 1810 1812
f 1811 1812 1813
f 1814 1815 1806
f 1814 1806 1816
f 1815 1817 1806
f 1806 1817 1818
f 1806 1818 1808
f 1819 1820 1821
f 1821 1820 1822
f 1821 1822 1823
f 1824 1825 1826
f 1813 1827 1811
f 1811 1827 1828
f 1811 1828 1829
f 1819 1821 1830
f 1830 1821 1831
f 1830 1831 1832
f 1832 1831 1833
f 1832 1833 1834
f 1833 1835 1834
f 1834 1835 1836
f 1834 1836 1829
f 1829 1836 1837
f 1829 1837 1811
f 1822 1838 1823
f 1823 1838 1839
f 1823 1839 1840
f 1840 1839 1841
f 1840 1841 1842
f 1842 1841 1843
f 1842 1843 1844
f 1845 1846 1847
f 1847 1846 1848
f 1847 1848 1849
f 1849 1848 1850
f 1849 1850 1826
f 1826 1850 1851
f 1826 1851 1824
f 1852 1853 1806
f 1806 1853 1854
f 1806 1854 1816
f 1855 1856 1857
f 1857 1856 1858
f 1855 1859 1856
f 1856 1859 1860
f 1856 1860 1861
f 1861 1862 1856
f 1856 1862 1842
f 1856 1842 1847
f 1847 1842 1844
f 1847 1844 1845
f 1825 1852 1826
f 1826 1852 1806
f 1826 1806 1863
f 1863 1806 1864
f 1865 1668 1866
f 1866 1668 1669
f 1867 1868 1806
f 1806 1868 1869
f 1806 1869 1864
f 1802 1804 1870
f 1801 1800 1871
f 1871 1800 1872
f 1871 1872 1873
f 1874 1875 1876
f 1876 1875 1877
f 1876 1877 1878
f 1879 1880 1881
f 1881 1880 1882
f 1881 1882 1883
f 1878 1884 1876
f 1876 1884 1885
f 1876 1885 1882
f 1882 1885 1886
f 1882 1886 1883
f 1879 1887 1880
f 1880 1887 1888
f 1880 1888 1889
f 1889 1888 1890
f 1889 1890 1891
f 1892 1893 1894
f 1895 1896 1892
f 1892 1896 1897
f 1892 1897 1890
f 1890 1897 1898
f 1890 1898 1899
f 1894 1900 1892
f 1892 1900 1901
f 1892 1901 1895
f 1899 1902 1890
f 1890 1902 1903
f 1890 1903 1891
f 1904 1905 1906
f 1906 1905 1907
f 1906 1907 1908
f 1909 1910 1911
f 1911 1910 1912
f 1911 1912 1913
f 1904 1906 1914
f 1914 1906 1915
f 1914 1915 1916
f 1916 1915 1917
f 1916 1917 1918
f 1918 1917 1919
f 1918 1919 1911
f 1911 1919 1920
f 1911 1920 1909
f 1921 1922 1923
f 1923 1922 1924
f 1923 1924 1925
f 1925 1924 1926
f 1925 1926 1927
f 1927 1926 1908
f 1927 1908 1928
f 1928 1908 1907
f 1929 1930 1892
f 1892 1930 1931
f 1892 1931 1893
f 1893 1931 1932
f 1893 1932 1933
f 1934 1935 1936
f 1936 1935 1933
f 1933 1935 1937
f 1933 1937 1893
f 1936 1938 1934
f 1934 1938 1939
f 1934 1939 1940
f 1940 1939 1913
f 1940 1913 1941
f 1941 1913 1912
f 1942 1943 1922
f 1922 1943 1944
f 1922 1944 1945
f 1945 1946 1922
f 1922 1946 1947
f 1922 1947 1924
f 1922 1948 1949
f 1949 1950 1922
f 1922 1950 1951
f 1922 1951 1942
f 1952 1953 1954
f 1955 1956 1957
f 1957 1956 1958
f 1955 1959 1956
f 1956 1959 1960
f 1956 1960 1892
f 1892 1960 1961
f 1892 1961 1929
f 1954 1962 1952
f 1952 1962 1963
f 1952 1963 1956
f 1956 1963 1964
f 1956 1964 1958
f 1953 1952 1965
f 1965 1952 1966
f 1965 1966 1967
f 1921 1968 1922
f 1922 1968 1969
f 1922 1969 1948
f 1969 1970 1948
f 1948 1970 1971
f 1948 1971 1972
f 1972 1971 1973
f 1972 1973 1974
f 1974 1973 1965
f 1974 1965 1975
f 1975 1965 1967
f 1976 1977 1956
f 1956 1977 1978
f 1956 1978 1952
f 1979 1980 1976
f 1976 1980 1981
f 1976 1981 1977
f 1982 1983 1984
f 1984 1983 1985
f 1984 1985 1986
f 1986 1985 1987
f 1987 1985 1988
f 1987 1988 1989
f 1990 1991 1988
f 1988 1991 1992
f 1988 1992 1989
f 1993 1994 1995
f 1995 1994 1996
f 1995 1996 1990
f 1990 1996 1997
f 1990 1997 1991
f 1998 1999 2000
f 2000 1999 2001
f 2000 2001 2002
f 2003 2004 1990
f 1990 2004 2005
f 1990 2005 1995
f 1995 2005 2006
f 1995 2006 1993
f 2002 2007 2000
f 2000 2007 2008
f 2000 2008 1990
f 1990 2008 2009
f 1990 2009 2003
f 2010 2011 2000
f 2000 2011 2012
f 2000 2012 1998
f 2013 2014 2015
f 2015 2014 2016
f 2016 2017 2015
f 2015 2017 2018
f 2015 2018 2019
f 2020 2021 2015
f 2015 2021 2022
f 2015 2022 2023
f 2023 2024 2015
f 2015 2024 2025
f 2015 2025 2013
f 2026 2027 2000
f 2028 2000 2029
f 2029 2000 2030
f 2027 2031 2000
f 2000 2031 2032
f 2000 2032 2030
f 2033 2034 2015
f 2015 2034 2035
f 2015 2035 2036
f 2037 2038 2020
f 2020 2038 2039
f 2020 2039 2040
f 2040 2039 2041
f 2040 2041 2042
f 2019 2010 2015
f 2015 2010 2000
f 2015 2000 2033
f 2033 2000 2043
f 2036 2044 2015
f 2015 2044 2045
f 2015 2045 2046
f 2028 2047 2000
f 2000 2047 2048
f 2000 2048 2043
f 2046 2049 2015
f 2015 2049 2050
f 2015 2050 2020
f 2020 2050 2051
f 2020 2051 2037
f 2052 2053 2054
f 2041 2055 2042
f 2042 2055 2056
f 2042 2056 2057
f 2057 2056 2058
f 2057 2058 2059
f 2059 2058 2060
f 2059 2060 2061
f 2053 2052 2062
f 2062 2052 2063
f 2062 2063 2064
f 2065 2066 2067
f 2067 2066 2068
f 2067 2068 2069
f 2069 2068 2070
f 2069 2070 2071
f 2071 2070 2062
f 2071 2062 2072
f 2072 2062 2064
f 2073 2059 2067
f 2067 2059 2061
f 2067 2061 2065
f 2074 2075 2076
f 2076 2075 2077
f 2076 2077 2078
f 2073 2079 2059
f 2059 2079 2075
f 2059 2075 2080
f 2080 2075 2074
f 2081 2082 2083
f 2054 2026 2052
f 2052 2026 2000
f 2052 2000 2084
f 2084 2000 2085
f 2081 2083 2086
f 2087 2088 2089
f 2089 2088 2090
f 2089 2090 2086
f 2091 2092 2093
f 2093 2092 2094
f 2093 2094 2089
f 2089 2094 2095
f 2089 2095 2087
f 2096 2097 2098
f 2098 2097 2099
f 2098 2099 2100
f 2100 2091 2098
f 2098 2091 2093
f 2098 2093 2096
f 2096 2093 2101
f 2096 2101 2102
f 2103 2104 2105
f 2104 2106 2105
f 2105 2106 2107
f 2105 2107 2101
f 2101 2107 2108
f 2101 2108 2102
f 2109 2110 2111
f 2110 2112 2111
f 2111 2112 2113
f 2111 2113 2105
f 2105 2113 2114
f 2105 2114 2103
f 1798 1797 1795
f 1797 2115 1795
f 1795 2115 2116
f 1795 2116 2111
f 2111 2116 2117
f 2111 2117 2109
f 2118 2119 1798
f 1798 2119 2120
f 2120 2121 1798
f 1798 2121 2122
f 1798 2122 2123
f 2123 2124 1798
f 1798 2124 2125
f 1798 2125 2126
f 2126 2127 1798
f 1798 2127 2128
f 1798 2128 1796
f 2129 2130 1798
f 2131 2132 2118
f 2118 2132 2133
f 2118 2133 2134
f 2134 2133 2135
f 2134 2135 2136
f 2137 2138 1794
f 1794 2138 2139
f 1794 2139 1795
f 1795 2139 2140
f 1795 2140 2141
f 2130 2142 1798
f 1798 2142 2143
f 1798 2143 2144
f 2145 2146 2147
f 2147 2146 2148
f 2147 2148 2149
f 2141 2150 1795
f 1795 2150 2151
f 1795 2151 2152
f 2152 2153 1795
f 1795 2153 2154
f 1795 2154 2155
f 2144 2156 1798
f 1798 2156 2157
f 1798 2157 2118
f 2118 2157 2158
f 2118 2158 2131
f 2148 2159 2149
f 2149 2159 2160
f 2149 2160 2161
f 2155 2162 1795
f 1795 2162 2163
f 1795 2163 1798
f 1798 2163 2164
f 1798 2164 2129
f 2135 2165 2136
f 2136 2165 2166
f 2136 2166 2167
f 2167 2166 2168
f 2167 2168 2169
f 2169 2168 2170
f 2160 2171 2161
f 2161 2171 2172
f 2161 2172 2170
f 2170 2172 2173
f 2170 2173 2169
f 2137 1794 2174
f 2174 1794 2175
f 2174 2175 2176
f 2147 2177 2145
f 2145 2177 2178
f 2145 2178 2179
f 2179 2178 2174
f 2179 2174 2180
f 2180 2174 2176
f 2181 2182 2183
f 2184 2185 2186
f 2186 2185 2187
f 2187 2188 2186
f 2186 2188 2189
f 2186 2189 2183
f 2183 2189 2190
f 2183 2190 2181
f 2191 2192 2193
f 2193 2192 2194
f 2193 2194 2184
f 2195 2196 2197
f 2197 2196 2198
f 2199 2200 2193
f 2193 2200 2201
f 2193 2201 2191
f 2202 2203 2193
f 2193 2203 2204
f 2193 2204 2205
f 2206 2207 2208
f 2208 2207 2209
f 2205 2210 2193
f 2193 2210 2211
f 2193 2211 2199
f 2199 2211 2212
f 2199 2212 2208
f 2209 2213 2208
f 2208 2213 2214
f 2208 2214 2199
f 2215 2216 2208
f 2208 2216 2217
f 2208 2217 2206
f 2198 2218 2197
f 2197 2218 2219
f 2197 2219 2193
f 2193 2219 2220
f 2193 2220 2202
f 2221 2222 2223
f 2223 2222 2215
f 2224 2225 2226
f 2226 2225 2227
f 2226 2227 2228
f 2228 2227 2223
f 2223 2227 2229
f 2223 2229 2221
f 2230 2231 2216
f 2232 2233 2234
f 2234 2233 2235
f 2231 2236 2216
f 2216 2236 2235
f 2216 2235 2237
f 2237 2235 2233
f 2215 2222 2216
f 2216 2222 2238
f 2216 2238 2230
f 2239 2240 2197
f 2197 2240 2241
f 2197 2241 2195
f 2242 2243 2239
f 2239 2243 2244
f 2239 2244 2240
f 2239 1791 2245
f 2245 2246 2239
f 2239 2246 2247
f 2239 2247 2242
f 1792 1791 2248
f 2248 1791 2239
f 2248 2239 1805
f 1809 1811 1792
f 1792 1811 2249
f 1792 2249 1790
f 2250 2251 2252
f 2253 2254 1976
f 2255 2256 2257
f 2257 2256 2258
f 2259 2260 1956
f 1956 2260 2261
f 1956 2261 1976
f 1976 2261 2262
f 1976 2262 2253
f 2252 2263 2264
f 1787 1789 2265
f 2254 2266 1976
f 1976 2266 2267
f 1976 2267 2268
f 2268 2269 1976
f 1976 2269 2270
f 1976 2270 2271
f 2272 2273 2256
f 2256 2273 2274
f 2264 2275 2252
f 2252 2275 2276
f 2252 2276 2250
f 2274 2277 2256
f 2256 2277 2278
f 2256 2278 2258
f 2255 2279 2256
f 2256 2279 2280
f 2256 2280 2252
f 2252 2280 2281
f 2252 2281 2263
f 2282 2283 1956
f 2283 2284 1956
f 1956 2284 2285
f 1956 2285 2259
f 2251 2265 2252
f 2252 2265 1789
f 2252 1789 1890
f 1890 1789 2286
f 2286 2287 1890
f 1890 2287 2288
f 1890 2288 2289
f 2290 1892 2291
f 2291 1892 1890
f 2291 1890 2292
f 2292 1890 2289
f 2290 2293 1892
f 1892 2293 2294
f 1892 2294 2295
f 2295 2296 1892
f 1892 2296 2297
f 1892 2297 2298
f 2298 2299 1892
f 1892 2299 2300
f 1892 2300 1956
f 1956 2300 2301
f 1956 2301 2282
f 1619 2302 1622
f 1622 2302 1629
f 2302 1613 2193
f 2193 1613 1690
f 2193 1690 1689
f 1619 1616 2302
f 2302 1616 1614
f 2302 1614 1613
f 1689 1688 2193
f 2193 1688 1687
f 2193 1687 1686
f 1686 1685 2193
f 2193 1685 1684
f 2193 1684 2197
f 2197 1684 1683
f 2197 1683 1680
f 1629 2302 1627
f 1627 2302 2303
f 1627 2303 1625
f 1645 1638 2304
f 2304 1638 1635
f 2304 1635 2303
f 2303 1635 1632
f 2303 1632 1625
f 1651 1783 1662
f 1662 1783 1782
f 1662 1782 1660
f 1651 1648 1783
f 1783 1648 1641
f 1783 1641 2304
f 2304 1641 1643
f 2304 1643 1645
f 1781 1670 1665
f 1665 1654 1781
f 1781 1654 1656
f 1781 1656 1782
f 1782 1656 1658
f 1782 1658 1660
f 1674 1673 1806
f 1865 1867 1668
f 1668 1867 1806
f 1668 1806 1612
f 1612 1806 1673
f 1805 2239 1806
f 1806 2239 1675
f 1806 1675 1674
f 1680 1681 2197
f 2197 1681 1682
f 2197 1682 2239
f 2239 1682 1679
f 2239 1679 1678
f 1678 1677 2239
f 2239 1677 1676
f 2239 1676 1675
f 2305 2306 2307
f 2307 2306 2308
f 2309 2310 2311
f 2311 2310 2312
f 2311 2312 2313
f 2313 2314 2311
f 2311 2314 2315
f 2311 2315 2316
f 2316 2315 2317
f 2316 2317 2318
f 2308 2319 2307
f 2307 2319 2320
f 2307 2320 2321
f 2321 2322 2307
f 2307 2322 2323
f 2307 2323 2311
f 2311 2323 2324
f 2311 2324 2309
f 2307 2325 2326
f 2326 2327 2307
f 2307 2327 2328
f 2307 2328 2329
f 2330 2331 2332
f 2333 2334 2329
f 2335 2336 2337
f 2337 2336 2338
f 2337 2338 2339
f 2339 2340 2337
f 2337 2340 2341
f 2337 2341 2342
f 2332 2331 2307
f 2307 2331 2343
f 2307 2343 2325
f 2333 2329 2344
f 2344 2329 2345
f 2344 2345 2346
f 2347 2348 2349
f 2349 2348 2350
f 2351 2352 2307
f 2353 2354 2337
f 2337 2354 2355
f 2337 2355 2335
f 2342 2356 2337
f 2337 2356 2357
f 2337 2357 2332
f 2357 2358 2332
f 2332 2358 2359
f 2332 2359 2360
f 2346 2361 2344
f 2344 2361 2362
f 2344 2362 2363
f 2363 2362 2364
f 2363 2364 2365
f 2365 2364 2350
f 2350 2364 2366
f 2350 2366 2349
f 2334 2367 2329
f 2329 2367 2368
f 2329 2368 2307
f 2307 2368 2369
f 2307 2369 2351
f 2370 2305 2371
f 2371 2305 2307
f 2371 2307 2372
f 2372 2307 2352
f 2360 2373 2332
f 2332 2373 2374
f 2332 2374 2375
f 2375 2376 2332
f 2332 2376 2377
f 2332 2377 2330
f 2378 2379 2337
f 2337 2379 2380
f 2347 2353 2348
f 2348 2353 2337
f 2348 2337 2381
f 2381 2337 2380
f 2083 2382 2383
f 2384 2385 2083
f 2386 2387 2083
f 2083 2387 2388
f 2083 2388 2389
f 2389 2388 2390
f 2389 2390 2391
f 2391 2392 2389
f 2389 2392 2393
f 2389 2393 2394
f 2394 2395 2389
f 2389 2395 2396
f 2389 2396 2337
f 2337 2396 2397
f 2337 2397 2378
f 2385 2398 2083
f 2083 2398 2399
f 2083 2399 2386
f 2383 2400 2083
f 2083 2400 2401
f 2083 2401 2402
f 2403 2384 2404
f 2404 2384 2083
f 2404 2083 2405
f 2405 2083 2402
f 2405 2402 2406
f 2407 2408 2409
f 2409 2408 2410
f 2411 2412 2413
f 2411 2413 2414
f 2410 2415 2409
f 2409 2415 2416
f 2409 2416 2417
f 2412 2418 2413
f 2413 2418 2419
f 2413 2419 2420
f 2421 2422 2382
f 2423 2424 2413
f 2422 2425 2382
f 2382 2425 2426
f 2382 2426 2383
f 2423 2413 2427
f 2424 2428 2413
f 2413 2428 2429
f 2413 2429 2382
f 2382 2429 2430
f 2382 2430 2421
f 2413 2431 2432
f 2433 2431 2434
f 2434 2431 2413
f 2434 2413 2435
f 2435 2413 2420
f 2432 2436 2413
f 2413 2436 2437
f 2413 2437 2427
f 2438 2439 2316
f 2316 2439 2440
f 2316 2440 2441
f 2442 2438 2443
f 2443 2438 2316
f 2443 2316 2444
f 2444 2316 2318
f 2445 2446 2447
f 2448 2449 2450
f 2446 2451 2447
f 2447 2451 2452
f 2447 2452 2453
f 2449 2454 2450
f 2450 2454 2455
f 2450 2455 2456
f 2457 2458 2450
f 2450 2458 2459
f 2450 2459 2448
f 2460 2461 2316
f 2462 2463 2311
f 2311 2463 2464
f 2311 2464 1786
f 1786 2464 2465
f 1786 2465 1784
f 2461 2466 2316
f 2316 2466 2467
f 2316 2467 2311
f 2311 2467 2468
f 2311 2468 2462
f 2469 2470 2316
f 2316 2470 2471
f 2316 2471 2460
f 2472 2473 2474
f 2474 2473 2469
f 2474 2469 2475
f 2475 2469 2316
f 2476 2477 2252
f 2477 2478 2252
f 2252 2478 2479
f 2252 2479 2256
f 2480 2481 1890
f 2480 1890 2482
f 2481 2483 1890
f 1890 2483 2484
f 1890 2484 2252
f 2252 2484 2485
f 2252 2485 2476
f 1887 2486 1888
f 1888 2486 2487
f 1888 2487 1890
f 1890 2487 2488
f 1890 2488 2482
f 2452 2489 2453
f 2453 2489 2490
f 2453 2490 1874
f 1804 2450 2447
f 2447 2450 2456
f 2447 2456 2445
f 1783 2450 1781
f 1781 2450 1804
f 1781 1804 1670
f 1670 1804 1803
f 1670 1803 1669
f 1669 1803 2491
f 1669 2491 1866
f 2184 2186 2193
f 2193 2186 2183
f 2193 2183 2302
f 2302 2183 2492
f 2302 2492 2303
f 1876 1873 1874
f 1874 1873 1872
f 1874 1872 2453
f 2453 1872 1800
f 2453 1800 2447
f 2447 1800 1799
f 2447 1799 1804
f 1804 1799 2493
f 1804 2493 1870
f 2492 2332 2303
f 2303 2332 2307
f 2303 2307 2304
f 2304 2307 2311
f 2304 2311 1783
f 1783 2311 1786
f 1783 1786 2450
f 2450 1786 1785
f 2450 1785 2457
f 2457 1785 1784
f 2441 2407 2316
f 2316 2407 2409
f 2316 2409 2475
f 2475 2409 2494
f 2475 2494 2474
f 2474 2494 2256
f 2474 2256 2472
f 2472 2256 2479
f 2417 2414 2409
f 2409 2414 2413
f 2409 2413 2494
f 2494 2413 2495
f 2494 2495 2256
f 2256 2495 1976
f 2256 1976 2272
f 2272 1976 2271
f 2086 2083 2089
f 2089 2083 2389
f 2089 2389 2093
f 2093 2389 2337
f 2093 2337 2101
f 2101 2337 2332
f 2101 2332 2105
f 2105 2332 2492
f 2105 2492 2111
f 2111 2492 2183
f 2111 2183 1795
f 1795 2183 2182
f 1795 2182 1793
f 2082 2085 2083
f 2083 2085 2000
f 2083 2000 2382
f 2382 2000 1990
f 2382 1990 2413
f 2413 1990 1988
f 2413 1988 2495
f 2495 1988 1985
f 2495 1985 1976
f 1976 1985 1983
f 1976 1983 1979
f 1979 1983 1982
f 2496 1780 2497
f 2497 1780 1745
f 2497 1745 2498
f 2498 1745 1746
f 2498 1746 2499
f 2499 1746 1747
f 2499 1747 2500
f 2500 1747 1748
f 2500 1748 2501
f 2501 1748 1749
f 2501 1749 2502
f 2502 1749 1750
f 2502 1750 2503
f 2503 1750 1751
f 2503 1751 2504
f 2504 1751 1752
f 2504 1752 2505
f 2505 1752 1753
f 2505 1753 2506
f 2506 1753 1754
f 2506 1754 2507
f 2507 1754 1755
f 2507 1755 2508
f 2508 1755 1756
f 2508 1756 2509
f 2509 1756 1757
f 2509 1757 2510
f 2510 1757 1758
f 2510 1758 2511
f 2511 1758 1759
f 2511 1759 2512
f 2512 1759 1760
f 2512 1760 2513
f 2513 1760 1761
f 2513 1761 2514
f 2514 1761 1762
f 2514 1762 2515
f 2515 1762 1763
f 2515 1763 2516
f 2516 1763 1764
f 2516 1764 2517
f 2517 1764 1765
f 2517 1765 2518
f 2518 1765 1766
f 2518 1766 2519
f 2519 1766 1767
f 2519 1767 2520
f 2520 1767 1768
f 2520 1768 2521
f 2521 1768 1769
f 2521 1769 2522
f 2522 1769 1770
f 2522 1770 2523
f 2523 1770 1771
f 2523 1771 2524
f 2524 1771 1772
f 2524 1772 2525
f 2525 1772 1773
f 2525 1773 2526
f 2526 1773 1774
f 2526 1774 2527
f 2527 1774 1775
f 2527 1775 2528
f 2528 1775 1776
f 2528 1776 2529
f 2529 1776 1777
f 2529 1777 2530
f 2530 1777 1778
f 2530 1778 2531
f 2531 1778 1779
f 2531 1779 2496
f 2496 1779 1780
f 1875 1874 2532
f 2532 1874 2490
f 2532 2490 2533
f 2533 2490 2489
f 2533 2489 2452
f 2533 2452 2451
f 2533 2451 2534
f 2534 2451 2446
f 2534 2446 2535
f 2535 2446 2445
f 2535 2445 2536
f 2536 2445 2456
f 2536 2456 2537
f 2537 2456 2455
f 2537 2455 2538
f 2538 2455 2454
f 2538 2454 2539
f 2539 2454 2449
f 2539 2449 2540
f 2540 2449 2448
f 2540 2448 2541
f 2541 2448 2459
f 2541 2459 2542
f 2542 2459 2458
f 2542 2458 2543
f 2465 2464 2544
f 2543 2458 2457
f 2543 2457 2544
f 2544 2457 1784
f 2544 1784 2465
f 2544 2464 2463
f 2544 2463 2545
f 2545 2463 2462
f 2545 2462 2546
f 2546 2462 2468
f 2546 2468 2547
f 2547 2468 2467
f 2547 2467 2548
f 2548 2467 2466
f 2548 2466 2549
f 2549 2466 2461
f 2549 2461 2550
f 2550 2461 2460
f 2550 2460 2551
f 2551 2460 2471
f 2551 2471 2552
f 2552 2471 2470
f 2552 2470 2553
f 2553 2470 2469
f 2469 2473 2553
f 2553 2473 2472
f 2553 2472 2554
f 2554 2472 2479
f 2554 2479 2478
f 2554 2478 2477
f 2554 2477 2555
f 2555 2477 2476
f 2555 2476 2556
f 2556 2476 2485
f 2556 2485 2557
f 2557 2485 2484
f 2557 2484 2558
f 2558 2484 2483
f 2558 2483 2559
f 2559 2483 2481
f 2559 2481 2560
f 2560 2481 2480
f 2560 2480 2561
f 2561 2480 2482
f 2561 2482 2562
f 2562 2482 2488
f 2562 2488 2563
f 2564 2563 2488
f 2488 2487 2564
f 2564 2487 2486
f 2564 2486 1887
f 2564 1887 1879
f 2564 1879 2565
f 2565 1879 1881
f 2565 1881 2566
f 2566 1881 1883
f 2566 1883 2567
f 2567 1883 1886
f 2567 1886 2568
f 2568 1886 1885
f 2568 1885 2569
f 2569 1885 1884
f 2569 1884 2570
f 2570 1884 1878
f 2570 1878 2571
f 2571 1878 1877
f 2571 1877 2572
f 2572 1877 1875
f 2572 1875 2532
f 2573 2442 2443
f 2574 2575 2576
f 2577 2578 2579
f 2579 2578 2580
f 2579 2580 2581
f 2581 2580 2582
f 2581 2582 2583
f 2583 2582 2584
f 2583 2584 2585
f 2585 2584 2586
f 2585 2586 2587
f 2587 2586 2588
f 2587 2588 2589
f 2589 2588 2590
f 2589 2590 2591
f 2591 2590 2592
f 2591 2592 2593
f 2593 2592 2594
f 2593 2594 2595
f 2595 2594 2596
f 2595 2596 2597
f 2597 2596 2598
f 2597 2598 2599
f 2599 2598 2600
f 2599 2600 2601
f 2601 2600 2602
f 2601 2602 2603
f 2603 2602 2604
f 2603 2604 2605
f 2605 2604 2606
f 2605 2606 2607
f 2607 2606 2608
f 2607 2608 2609
f 2609 2608 2610
f 2609 2610 2611
f 2611 2610 2612
f 2611 2612 2613
f 2613 2612 2574
f 2613 2574 2614
f 2614 2574 2576
f 2615 2616 2617
f 2320 2319 2615
f 2618 2318 2317
f 2618 2317 2619
f 2619 2317 2315
f 2619 2315 2620
f 2620 2315 2314
f 2620 2314 2621
f 2621 2314 2313
f 2621 2313 2622
f 2622 2313 2312
f 2622 2312 2623
f 2623 2312 2310
f 2623 2310 2624
f 2624 2310 2309
f 2624 2309 2625
f 2625 2309 2324
f 2625 2324 2626
f 2626 2324 2323
f 2626 2323 2627
f 2627 2323 2322
f 2627 2322 2628
f 2628 2322 2321
f 2628 2321 2629
f 2629 2321 2320
f 2629 2320 2630
f 2630 2320 2615
f 2630 2615 2631
f 2631 2615 2617
f 2631 2617 2577
f 2577 2617 2632
f 2577 2632 2578
f 2318 2618 2444
f 2444 2618 2633
f 2444 2633 2443
f 2443 2633 2576
f 2443 2576 2573
f 2573 2576 2575
f 2573 2575 2634
f 2615 2319 2308
f 2370 2635 2305
f 2305 2635 2306
f 2616 2615 2636
f 2636 2615 2308
f 2636 2308 2637
f 2637 2308 2638
f 2638 2308 2306
f 2638 2306 2639
f 2639 2306 2635
f 2639 2635 2640
f 2641 2642 2643
f 2641 2644 2642
f 2642 2644 2645
f 2642 2645 2646
f 2647 2648 2635
f 2640 2635 2649
f 2649 2635 2648
f 2649 2648 2650
f 2645 2651 2646
f 2646 2651 2652
f 2646 2652 2653
f 2653 2652 2654
f 2653 2654 2655
f 2655 2654 2656
f 2655 2656 2657
f 2657 2656 2658
f 2657 2658 2659
f 2659 2658 2660
f 2659 2660 2661
f 2661 2660 2662
f 2661 2662 2663
f 2663 2662 2664
f 2663 2664 2665
f 2665 2664 2666
f 2665 2666 2667
f 2667 2666 2668
f 2667 2668 2669
f 2669 2668 2670
f 2669 2670 2671
f 2671 2670 2672
f 2671 2672 2673
f 2673 2672 2674
f 2673 2674 2675
f 2675 2674 2676
f 2675 2676 2677
f 2677 2676 2678
f 2677 2678 2679
f 2679 2678 2680
f 2679 2680 2681
f 2681 2680 2682
f 2681 2682 2683
f 2683 2682 2684
f 2683 2684 2685
f 2685 2684 2686
f 2685 2686 2687
f 2687 2686 2650
f 2687 2650 2688
f 2688 2650 2648
f 2380 2641 2381
f 2381 2641 2643
f 2381 2643 2348
f 2348 2643 2689
f 2348 2689 2350
f 2350 2689 2690
f 2350 2690 2365
f 2365 2690 2691
f 2365 2691 2363
f 2363 2691 2692
f 2363 2692 2344
f 2344 2692 2693
f 2344 2693 2333
f 2333 2693 2694
f 2333 2694 2334
f 2334 2694 2695
f 2334 2695 2367
f 2367 2695 2696
f 2367 2696 2368
f 2368 2696 2697
f 2368 2697 2369
f 2369 2697 2698
f 2369 2698 2351
f 2351 2698 2699
f 2351 2699 2352
f 2352 2699 2700
f 2352 2700 2372
f 2372 2700 2647
f 2372 2647 2371
f 2371 2647 2635
f 2371 2635 2370
f 2641 2380 2379
f 2701 2378 2702
f 2702 2378 2397
f 2644 2641 2703
f 2703 2641 2379
f 2703 2379 2704
f 2704 2379 2705
f 2705 2379 2378
f 2705 2378 2706
f 2706 2378 2701
f 2706 2701 2707
f 2708 2709 2710
f 2384 2403 2711
f 2397 2396 2712
f 2712 2396 2713
f 2714 2715 2716
f 2397 2712 2702
f 2702 2712 2716
f 2702 2716 2701
f 2701 2716 2715
f 2701 2715 2707
f 2717 2718 2719
f 2719 2718 2720
f 2719 2720 2721
f 2721 2720 2722
f 2721 2722 2723
f 2723 2722 2724
f 2723 2724 2725
f 2725 2724 2726
f 2725 2726 2727
f 2727 2726 2728
f 2727 2728 2729
f 2729 2728 2730
f 2729 2730 2731
f 2731 2730 2732
f 2731 2732 2733
f 2733 2732 2734
f 2733 2734 2735
f 2735 2734 2736
f 2735 2736 2737
f 2737 2736 2738
f 2737 2738 2739
f 2739 2738 2740
f 2739 2740 2741
f 2741 2740 2742
f 2741 2742 2743
f 2743 2742 2744
f 2743 2744 2745
f 2745 2744 2746
f 2745 2746 2747
f 2747 2746 2748
f 2747 2748 2749
f 2749 2748 2750
f 2749 2750 2751
f 2751 2750 2714
f 2751 2714 2752
f 2752 2714 2716
f 2396 2395 2713
f 2713 2395 2394
f 2713 2394 2753
f 2753 2394 2393
f 2753 2393 2754
f 2754 2393 2392
f 2754 2392 2755
f 2755 2392 2391
f 2755 2391 2756
f 2756 2391 2390
f 2756 2390 2757
f 2757 2390 2388
f 2757 2388 2758
f 2758 2388 2387
f 2758 2387 2759
f 2759 2387 2386
f 2759 2386 2760
f 2760 2386 2399
f 2760 2399 2761
f 2761 2399 2398
f 2761 2398 2762
f 2762 2398 2385
f 2762 2385 2763
f 2763 2385 2384
f 2763 2384 2764
f 2764 2384 2711
f 2764 2711 2765
f 2765 2711 2708
f 2765 2708 2766
f 2766 2708 2710
f 2766 2710 2717
f 2717 2710 2767
f 2717 2767 2718
f 2768 2769 2404
f 2711 2403 2404
f 2405 2406 2770
f 2711 2404 2708
f 2708 2404 2769
f 2708 2769 2709
f 2768 2404 2771
f 2771 2404 2405
f 2771 2405 2772
f 2772 2405 2770
f 2772 2770 2773
f 2774 2775 2776
f 2777 2774 2778
f 2778 2774 2776
f 2778 2776 2779
f 2780 2781 2770
f 2773 2770 2782
f 2782 2770 2781
f 2782 2781 2783
f 2776 2784 2779
f 2779 2784 2785
f 2779 2785 2786
f 2786 2785 2787
f 2786 2787 2788
f 2788 2787 2789
f 2788 2789 2790
f 2790 2789 2791
f 2790 2791 2792
f 2792 2791 2793
f 2792 2793 2794
f 2794 2793 2795
f 2794 2795 2796
f 2796 2795 2797
f 2796 2797 2798
f 2798 2797 2799
f 2798 2799 2800
f 2800 2799 2801
f 2800 2801 2802
f 2802 2801 2803
f 2802 2803 2804
f 2804 2803 2805
f 2804 2805 2806
f 2806 2805 2807
f 2806 2807 2808
f 2808 2807 2809
f 2808 2809 2810
f 2810 2809 2811
f 2810 2811 2812
f 2812 2811 2813
f 2812 2813 2814
f 2814 2813 2815
f 2814 2815 2816
f 2816 2815 2817
f 2816 2817 2818
f 2818 2817 2819
f 2818 2819 2820
f 2820 2819 2783
f 2820 2783 2821
f 2821 2783 2781
f 2383 2822 2400
f 2400 2822 2823
f 2400 2823 2401
f 2401 2823 2780
f 2401 2780 2402
f 2402 2780 2770
f 2402 2770 2406
f 2426 2824 2383
f 2383 2824 2825
f 2383 2825 2822
f 2426 2425 2824
f 2824 2425 2422
f 2824 2422 2826
f 2826 2422 2421
f 2826 2421 2827
f 2827 2421 2430
f 2827 2430 2828
f 2828 2430 2429
f 2828 2429 2829
f 2829 2429 2428
f 2829 2428 2830
f 2830 2428 2424
f 2830 2424 2831
f 2831 2424 2423
f 2831 2423 2832
f 2832 2423 2427
f 2832 2427 2833
f 2833 2427 2437
f 2833 2437 2777
f 2777 2437 2436
f 2777 2436 2774
f 2834 2835 2836
f 2431 2433 2834
f 2436 2432 2774
f 2774 2432 2837
f 2774 2837 2775
f 2834 2836 2431
f 2431 2836 2838
f 2431 2838 2432
f 2432 2838 2839
f 2432 2839 2837
f 2834 2433 2434
f 2840 2841 1602
f 1582 2842 1583
f 1583 2842 2843
f 1583 2843 1584
f 1584 2843 2844
f 1584 2844 1585
f 1585 2844 2845
f 1585 2845 1586
f 1586 2845 2846
f 1586 2846 1587
f 1587 2846 2847
f 1587 2847 1588
f 1588 2847 2848
f 1588 2848 1589
f 1589 2848 2849
f 1589 2849 1590
f 1590 2849 2850
f 1590 2850 1591
f 1591 2850 2851
f 1591 2851 1592
f 1592 2851 2852
f 1592 2852 1593
f 1593 2852 2853
f 1593 2853 1594
f 1594 2853 2854
f 1594 2854 1595
f 1595 2854 2855
f 1595 2855 1596
f 1596 2855 2856
f 1596 2856 1597
f 1597 2856 2857
f 1597 2857 1598
f 1598 2857 2858
f 1598 2858 1599
f 1599 2858 2859
f 1599 2859 1600
f 1600 2859 2840
f 1600 2840 1601
f 1601 2840 1602
f 2860 2861 2862
f 2441 2440 2860
f 2410 2408 1579
f 2408 2407 1579
f 1579 2407 2441
f 1579 2441 1580
f 1580 2441 2860
f 1580 2860 1581
f 1581 2860 2862
f 1581 2862 1582
f 1582 2862 2863
f 1582 2863 2842
f 1579 1578 2410
f 2410 1578 1577
f 2410 1577 2415
f 2415 1577 1576
f 2415 1576 2416
f 2416 1576 1611
f 2416 1611 2417
f 2417 1611 1610
f 2417 1610 2414
f 2414 1610 1609
f 2414 1609 2411
f 2411 1609 1608
f 2411 1608 2412
f 2412 1608 1607
f 2412 1607 2418
f 2418 1607 1606
f 2418 1606 2419
f 2419 1606 1605
f 2419 1605 2420
f 2420 1605 1604
f 2420 1604 2435
f 2435 1604 1603
f 2435 1603 2434
f 2434 1603 1602
f 2434 1602 2834
f 2834 1602 2841
f 2834 2841 2835
f 2573 2634 2864
f 2438 2442 2573
f 2440 2439 2860
f 2860 2439 2865
f 2860 2865 2861
f 2573 2864 2438
f 2438 2864 2866
f 2438 2866 2439
f 2439 2866 2867
f 2439 2867 2865
f 2060 2868 2061
f 2061 2868 2869
f 2061 2869 2065
f 2065 2869 2870
f 2065 2870 2066
f 2066 2870 2871
f 2066 2871 2068
f 2068 2871 2872
f 2068 2872 2070
f 2070 2872 2873
f 2070 2873 2062
f 2062 2873 2874
f 2062 2874 2053
f 2053 2874 2875
f 2053 2875 2054
f 2054 2875 2876
f 2054 2876 2026
f 2026 2876 2877
f 2026 2877 2027
f 2027 2877 2878
f 2027 2878 2031
f 2031 2878 2879
f 2031 2879 2032
f 2032 2879 2880
f 2032 2880 2030
f 2030 2880 2881
f 2030 2881 2029
f 2029 2881 2882
f 2029 2882 2028
f 2028 2882 2883
f 2028 2883 2047
f 2047 2883 2884
f 2047 2884 2048
f 2048 2884 2885
f 2048 2885 2043
f 2043 2885 2886
f 2043 2886 2033
f 2033 2886 2887
f 2033 2887 2034
f 2034 2887 2888
f 2034 2888 2035
f 2035 2888 2889
f 2035 2889 2036
f 2036 2889 2890
f 2036 2890 2044
f 2044 2890 2891
f 2044 2891 2045
f 2045 2891 2892
f 2045 2892 2046
f 2046 2892 2893
f 2046 2893 2049
f 2049 2893 2894
f 2049 2894 2050
f 2050 2894 2895
f 2050 2895 2051
f 2051 2895 2896
f 2051 2896 2037
f 2037 2896 2897
f 2037 2897 2038
f 2038 2897 2898
f 2038 2898 2039
f 2039 2898 2899
f 2039 2899 2041
f 2041 2899 2900
f 2041 2900 2055
f 2055 2900 2901
f 2055 2901 2056
f 2056 2901 2902
f 2056 2902 2058
f 2058 2902 2903
f 2058 2903 2060
f 2060 2903 2868
f 2157 2904 2158
f 2158 2904 2905
f 2158 2905 2131
f 2131 2905 2906
f 2131 2906 2132
f 2132 2906 2907
f 2132 2907 2133
f 2133 2907 2908
f 2133 2908 2135
f 2135 2908 2909
f 2135 2909 2165
f 2165 2909 2910
f 2165 2910 2166
f 2166 2910 2911
f 2166 2911 2168
f 2168 2911 2912
f 2168 2912 2170
f 2170 2912 2913
f 2170 2913 2161
f 2161 2913 2914
f 2161 2914 2149
f 2149 2914 2915
f 2149 2915 2147
f 2147 2915 2916
f 2147 2916 2177
f 2177 2916 2917
f 2177 2917 2178
f 2178 2917 2918
f 2178 2918 2174
f 2174 2918 2919
f 2174 2919 2137
f 2137 2919 2920
f 2137 2920 2138
f 2138 2920 2921
f 2138 2921 2139
f 2139 2921 2922
f 2139 2922 2140
f 2140 2922 2923
f 2140 2923 2141
f 2141 2923 2924
f 2141 2924 2150
f 2150 2924 2925
f 2150 2925 2151
f 2151 2925 2926
f 2151 2926 2152
f 2152 2926 2927
f 2152 2927 2153
f 2153 2927 2928
f 2153 2928 2154
f 2154 2928 2929
f 2154 2929 2155
f 2155 2929 2930
f 2155 2930 2162
f 2162 2930 2931
f 2162 2931 2163
f 2163 2931 2932
f 2163 2932 2164
f 2164 2932 2933
f 2164 2933 2129
f 2129 2933 2934
f 2129 2934 2130
f 2130 2934 2935
f 2130 2935 2142
f 2142 2935 2936
f 2142 2936 2143
f 2143 2936 2937
f 2143 2937 2144
f 2144 2937 2938
f 2144 2938 2156
f 2156 2938 2939
f 2156 2939 2157
f 2157 2939 2904
f 2940 1923 2941
f 2941 1923 1925
f 2941 1925 2942
f 2942 1925 1927
f 2942 1927 2943
f 2943 1927 1928
f 2943 1928 2944
f 2944 1928 1907
f 2944 1907 2945
f 2945 1907 1905
f 2945 1905 2946
f 2946 1905 1904
f 2946 1904 2947
f 2947 1904 1914
f 2947 1914 2948
f 2948 1914 1916
f 2948 1916 2949
f 2949 1916 1918
f 2949 1918 2950
f 2950 1918 1911
f 2950 1911 2951
f 2951 1911 1913
f 2951 1913 2952
f 2952 1913 1939
f 2952 1939 2953
f 2953 1939 1938
f 2953 1938 2954
f 2954 1938 1936
f 2954 1936 2955
f 2955 1936 1933
f 2955 1933 2956
f 2956 1933 1932
f 2956 1932 2957
f 2957 1932 1931
f 2957 1931 2958
f 2958 1931 1930
f 2958 1930 2959
f 1969 1968 2940
f 2940 1968 1921
f 2940 1921 1923
f 2940 2960 1969
f 1969 2960 2961
f 1969 2961 1970
f 1970 2961 2962
f 1970 2962 1971
f 1971 2962 2963
f 1971 2963 1973
f 1973 2963 2964
f 1973 2964 1965
f 1965 2964 2965
f 1965 2965 1953
f 1953 2965 2966
f 1953 2966 1954
f 1954 2966 2967
f 1954 2967 1962
f 1962 2967 2968
f 1962 2968 1963
f 1963 2968 2969
f 1963 2969 1964
f 1964 2969 2970
f 1964 2970 1958
f 1958 2970 2971
f 1958 2971 1957
f 1957 2971 2972
f 1957 2972 1955
f 1955 2972 2973
f 1955 2973 1959
f 1959 2973 2974
f 1959 2974 1960
f 1960 2974 2975
f 1960 2975 1961
f 1961 2975 2959
f 1961 2959 1929
f 1929 2959 1930
f 1805 1807 2976
f 2976 1807 1808
f 2976 1808 2977
f 2977 1808 1818
f 2977 1818 2978
f 2978 1818 1817
f 2978 1817 2979
f 2979 1817 1815
f 2979 1815 2980
f 2980 1815 1814
f 2980 1814 2981
f 2981 1814 1816
f 2981 1816 2982
f 2982 1816 1854
f 2982 1854 2983
f 2983 1854 1853
f 2983 1853 2984
f 2984 1853 1852
f 2984 1852 2985
f 2985 1852 1825
f 2985 1825 2986
f 2986 1825 1824
f 2986 1824 2987
f 2987 1824 1851
f 2987 1851 2988
f 2988 1851 1850
f 2988 1850 2989
f 2989 1850 1848
f 2989 1848 2990
f 2990 1848 1846
f 2990 1846 2991
f 2991 1846 1845
f 2991 1845 2992
f 2992 1845 1844
f 2992 1844 2993
f 2993 1844 1843
f 2993 1843 2994
f 2994 1843 1841
f 2994 1841 2995
f 2995 1841 1839
f 2995 1839 2996
f 2996 1839 1838
f 2996 1838 2997
f 2997 1838 1822
f 2997 1822 2998
f 2998 1822 1820
f 2998 1820 2999
f 2999 1820 1819
f 2999 1819 3000
f 3000 1819 1830
f 3000 1830 3001
f 3001 1830 1832
f 3001 1832 3002
f 3002 1832 1834
f 3002 1834 3003
f 3003 1834 1829
f 3003 1829 3004
f 3004 1829 1828
f 3004 1828 3005
f 3005 1828 1827
f 3005 1827 3006
f 3006 1827 1813
f 3006 1813 3007
f 3007 1813 1812
f 3007 1812 3008
f 3008 1812 1810
f 3008 1810 3009
f 3009 1810 1809
f 3009 1809 3010
f 3010 1809 1792
f 3010 1792 3011
f 3011 1792 2248
f 3011 2248 2976
f 2976 2248 1805
f 3012 3013 3014
f 3014 3013 3015
f 3015 3016 2272
f 2272 3016 3017
f 3017 3018 2272
f 2272 3018 3019
f 2272 3019 3020
f 3020 3021 2272
f 2272 3021 3022
f 2272 3022 3023
f 3014 3024 3012
f 3012 3024 3025
f 3012 3025 3026
f 3026 3025 3027
f 3027 3025 3028
f 3027 3028 3029
f 3023 3030 2272
f 2272 3030 3031
f 2272 3031 2273
f 2273 3031 3032
f 2273 3032 3033
f 3033 3034 2273
f 2273 3034 3035
f 2273 3035 3036
f 3036 3037 2273
f 2273 3037 3038
f 2273 3038 2274
f 2274 3038 3039
f 3039 3040 2274
f 2274 3040 3041
f 2274 3041 3042
f 3042 3043 2274
f 2274 3043 3044
f 2274 3044 3045
f 3046 3047 2274
f 3045 3048 2274
f 2274 3048 3049
f 2274 3049 3046
f 3047 3050 2274
f 2274 3050 3051
f 2274 3051 3052
f 2279 3053 2280
f 2280 3053 3054
f 2280 3054 3055
f 3055 3056 2280
f 2280 3056 3057
f 2280 3057 3058
f 3058 3059 2280
f 2280 3059 3060
f 2280 3060 3061
f 3062 3063 3064
f 2255 3065 3066
f 3066 3067 2255
f 2255 3067 3068
f 2255 3068 2279
f 2279 3068 3069
f 2279 3069 3070
f 3070 3071 2279
f 2279 3071 3072
f 2279 3072 3073
f 3073 3074 2279
f 2279 3074 3075
f 2279 3075 3076
f 3076 3077 2279
f 2279 3077 3078
f 2279 3078 3053
f 2257 3079 3080
f 3080 3081 2257
f 2257 3081 3082
f 2257 3082 3083
f 3083 3084 2257
f 2257 3084 3085
f 2257 3085 2255
f 2255 3085 3086
f 2255 3086 3065
f 3087 3088 3089
f 3089 3088 3090
f 3091 3092 2258
f 2258 3092 3093
f 3093 3094 2258
f 2258 3094 3095
f 2258 3095 2257
f 2257 3095 3096
f 2257 3096 3079
f 3064 3097 3062
f 3062 3097 3098
f 3062 3098 3099
f 3099 3098 3087
f 3099 3087 3100
f 3100 3087 3089
f 3101 1788 1787
f 3101 1787 3102
f 3102 1787 2265
f 3102 2265 3103
f 3103 2265 2251
f 3103 2251 3104
f 3104 2251 2250
f 3104 2250 3105
f 3105 2250 2276
f 3105 2276 3106
f 3106 2276 2275
f 3106 2275 3107
f 3107 2275 2264
f 3107 2264 3108
f 3108 2264 2263
f 3108 2263 3109
f 3109 2263 2281
f 3109 2281 3110
f 3110 2281 2280
f 3110 2280 3063
f 3063 2280 3061
f 3063 3061 3064
f 3052 3029 2274
f 2274 3029 3028
f 2274 3028 2277
f 2277 3028 3111
f 2277 3111 2278
f 2278 3111 3089
f 2278 3089 2258
f 2258 3089 3090
f 2258 3090 3091
f 3015 2272 3014
f 3014 2272 2271
f 3014 2271 3112
f 3112 2271 2270
f 3112 2270 3113
f 3113 2270 2269
f 3113 2269 3114
f 3114 2269 2268
f 3114 2268 3115
f 3115 2268 2267
f 3115 2267 3116
f 3116 2267 2266
f 3116 2266 3117
f 3117 2266 2254
f 3117 2254 3118
f 3118 2254 2253
f 3118 2253 3119
f 3119 2253 2262
f 3119 2262 3120
f 3120 2262 2261
f 3120 2261 3121
f 3121 2261 2260
f 3121 2260 3122
f 3122 2260 2259
f 3122 2259 3123
f 2284 3124 2285
f 2285 3124 3123
f 2285 3123 2259
f 3124 2284 2283
f 3124 2283 3125
f 3125 2283 2282
f 3125 2282 3126
f 3126 2282 2301
f 3126 2301 3127
f 3127 2301 2300
f 3127 2300 3128
f 3128 2300 2299
f 3128 2299 3129
f 3129 2299 2298
f 3129 2298 3130
f 3130 2298 2297
f 3130 2297 3131
f 3131 2297 2296
f 3131 2296 3132
f 3132 2296 2295
f 3132 2295 3133
f 3133 2295 2294
f 3133 2294 3134
f 3134 2294 2293
f 3134 2293 3135
f 3135 2293 2290
f 3135 2290 3136
f 3136 2290 2291
f 3136 2291 3137
f 3137 2291 2292
f 3137 2292 3138
f 3138 2292 2289
f 3138 2289 3139
f 3139 2289 2288
f 3139 2288 3140
f 3140 2288 2287
f 3140 2287 3141
f 3141 2287 2286
f 3141 2286 3142
f 1788 3101 1789
f 1789 3101 3142
f 1789 3142 2286
f 3143 2346 3144
f 3144 2346 2345
f 3144 2345 3145
f 3145 2345 2329
f 3145 2329 3146
f 3146 2329 2328
f 3146 2328 3147
f 3147 2328 2327
f 3147 2327 3148
f 3148 2327 2326
f 3148 2326 3149
f 3149 2326 2325
f 3149 2325 3150
f 3150 2325 2343
f 3150 2343 3151
f 3151 2343 2331
f 3151 2331 3152
f 3152 2331 2330
f 3152 2330 3153
f 3153 2330 2377
f 3153 2377 3154
f 3154 2377 2376
f 3154 2376 3155
f 3155 2376 2375
f 3155 2375 3156
f 3156 2375 2374
f 3156 2374 3157
f 3157 2374 2373
f 3157 2373 3158
f 3158 2373 2360
f 3158 2360 3159
f 3159 2360 2359
f 3159 2359 3160
f 3160 2359 2358
f 3160 2358 3161
f 3161 2358 2357
f 3161 2357 3162
f 3162 2357 2356
f 3162 2356 3163
f 3163 2356 2342
f 3163 2342 3164
f 3164 2342 2341
f 3164 2341 3165
f 3165 2341 2340
f 3165 2340 3166
f 3166 2340 2339
f 3166 2339 3167
f 3167 2339 2338
f 3167 2338 3168
f 3168 2338 2336
f 3168 2336 3169
f 3169 2336 2335
f 3169 2335 3170
f 3170 2335 2355
f 3170 2355 3171
f 3171 2355 2354
f 3171 2354 3172
f 3172 2354 2353
f 3172 2353 3173
f 3173 2353 2347
f 3173 2347 3174
f 3174 2347 2349
f 3174 2349 3175
f 3175 2349 2366
f 3175 2366 3176
f 3176 2366 2364
f 3176 2364 3177
f 3177 2364 2362
f 3177 2362 3178
f 3178 2362 2361
f 3178 2361 3143
f 3143 2361 2346
f 3179 1831 1821
f 3179 1821 3180
f 3180 1821 1823
f 3180 1823 3181
f 3182 3181 1840
f 1840 3181 1823
f 3182 1840 3183
f 3183 1840 1842
f 3183 1842 3184
f 1842 1862 3184
f 3184 1862 1861
f 3184 1861 3185
f 3185 1861 1860
f 3185 1860 3186
f 3186 1860 1859
f 3186 1859 3187
f 3187 1859 1855
f 3187 1855 3188
f 3188 1855 1857
f 3188 1857 3189
f 3189 1857 1858
f 3189 1858 3190
f 3190 1858 1856
f 3190 1856 3191
f 3191 1856 3192
f 3192 1856 1847
f 3192 1847 3193
f 3193 1847 1849
f 3193 1849 1826
f 3193 1826 3194
f 1826 1863 3194
f 3194 1863 1864
f 3194 1864 3195
f 3195 1864 1869
f 3195 1869 3196
f 3196 1869 1868
f 3196 1868 3197
f 3197 1868 1867
f 3197 1867 3198
f 3198 1867 1865
f 3198 1865 3199
f 3199 1865 1866
f 3199 1866 3200
f 3200 1866 2491
f 3200 2491 3201
f 1870 3202 3203
f 3201 2491 3204
f 3204 2491 1803
f 3204 1803 3203
f 3203 1803 1802
f 3203 1802 1870
f 1801 3205 1799
f 1799 3205 3202
f 1799 3202 2493
f 2493 3202 1870
f 1801 1871 3205
f 3205 1871 1873
f 3205 1873 3206
f 1873 1876 3206
f 3206 1876 1882
f 3206 1882 3207
f 3207 1882 1880
f 3207 1880 3208
f 3208 1880 1889
f 3208 1889 3209
f 3209 1889 1891
f 1891 1903 3209
f 3209 1903 1902
f 3209 1902 3210
f 3210 1902 1899
f 3210 1899 3211
f 3211 1899 1898
f 3211 1898 3212
f 1894 3213 1900
f 1900 3213 3214
f 1900 3214 1901
f 1901 3214 3215
f 1901 3215 1895
f 1895 3215 3216
f 1895 3216 1896
f 1896 3216 3217
f 1896 3217 1897
f 1897 3217 3212
f 1897 3212 1898
f 1893 3218 1894
f 1894 3218 3219
f 1894 3219 3213
f 1893 1937 3218
f 3218 1937 1935
f 3218 1935 3220
f 1935 1934 3220
f 3220 1934 3221
f 3221 1934 1940
f 3221 1940 3222
f 3222 1940 1941
f 3222 1941 3223
f 3223 1941 1912
f 3223 1912 3224
f 3224 1912 1910
f 3224 1910 3225
f 3225 1910 1909
f 3225 1909 3226
f 3226 1909 1920
f 3226 1920 3227
f 3227 1920 1919
f 3227 1919 3228
f 3228 1919 1917
f 3228 1917 3229
f 3229 1917 1915
f 3229 1915 3230
f 3230 1915 1906
f 3230 1906 3231
f 3231 1906 1908
f 3231 1908 3232
f 3233 3232 1926
f 1926 3232 1908
f 3233 1926 3234
f 3234 1926 1924
f 3234 1924 3235
f 1924 1947 3235
f 3235 1947 1946
f 3235 1946 3236
f 3236 1946 1945
f 3236 1945 3237
f 3237 1945 1944
f 3237 1944 3238
f 3238 1944 1943
f 3238 1943 3239
f 1943 1942 3239
f 3239 1942 1951
f 3239 1951 3240
f 3240 1951 1950
f 3240 1950 3241
f 3241 1950 1949
f 3241 1949 3242
f 3242 1949 3243
f 3243 1949 1948
f 3243 1948 3244
f 3244 1948 1972
f 3244 1972 1974
f 3244 1974 3245
f 3245 1974 1975
f 3245 1975 3246
f 3246 1975 1967
f 3246 1967 3247
f 3247 1967 1966
f 3247 1966 3248
f 3248 1966 3249
f 3249 1966 1952
f 3249 1952 3250
f 1952 1978 3250
f 3250 1978 1977
f 3250 1977 3251
f 3251 1977 1981
f 3251 1981 3252
f 3252 1981 1980
f 3252 1980 3253
f 3253 1980 3254
f 3254 1980 1979
f 3254 1979 3255
f 3255 1979 1982
f 3255 1982 3256
f 3256 1982 1984
f 3256 1984 1986
f 1986 1987 3256
f 3256 1987 1989
f 3256 1989 3257
f 1989 1992 3257
f 3257 1992 1991
f 3257 1991 3258
f 3258 1991 1997
f 3258 1997 3259
f 3259 1997 1996
f 3259 1996 3260
f 2005 3261 2006
f 2006 3261 3262
f 2006 3262 1993
f 1993 3262 3260
f 1993 3260 1994
f 1994 3260 1996
f 2005 2004 3261
f 3261 2004 2003
f 3261 2003 3263
f 3263 2003 2009
f 3263 2009 3264
f 3264 2009 2008
f 3264 2008 3265
f 3265 2008 2007
f 3265 2007 3266
f 3266 2007 2002
f 3266 2002 3267
f 3267 2002 2001
f 3267 2001 3268
f 3268 2001 1999
f 3268 1999 3269
f 3269 1999 1998
f 3269 1998 3270
f 3270 1998 2012
f 3270 2012 3271
f 3271 2012 2011
f 3271 2011 3272
f 2019 3273 2010
f 2010 3273 3272
f 2010 3272 2011
f 3273 2019 2018
f 3273 2018 3274
f 3274 2018 2017
f 3274 2017 3275
f 3275 2017 2016
f 3275 2016 3276
f 3276 2016 2014
f 3276 2014 3277
f 2014 2013 3277
f 3277 2013 2025
f 3277 2025 3278
f 3278 2025 2024
f 3278 2024 3279
f 3279 2024 2023
f 3279 2023 3280
f 3280 2023 2022
f 3280 2022 3281
f 3281 2022 2021
f 3281 2021 3282
f 2042 3283 3284
f 3282 2021 2020
f 3282 2020 3284
f 3284 2020 2040
f 3284 2040 2042
f 3283 2042 2057
f 3283 2057 3285
f 3285 2057 2059
f 3285 2059 3286
f 2059 2080 3286
f 3286 2080 2074
f 3286 2074 3287
f 3287 2074 2076
f 3287 2076 3288
f 3288 2076 2078
f 3288 2078 3289
f 3289 2078 2077
f 3289 2077 3290
f 3290 2077 2075
f 3290 2075 3291
f 3291 2075 2079
f 3291 2079 3292
f 3292 2079 2073
f 3292 2073 3293
f 2069 3294 2067
f 2067 3294 3293
f 2067 3293 2073
f 3294 2069 2071
f 3294 2071 3295
f 3295 2071 2072
f 3295 2072 3296
f 3296 2072 2064
f 3296 2064 3297
f 3297 2064 2063
f 3297 2063 3298
f 3298 2063 3299
f 3299 2063 2052
f 3299 2052 3300
f 2052 2084 3300
f 3300 2084 2085
f 3300 2085 3301
f 3301 2085 2082
f 3301 2082 3302
f 3302 2082 2081
f 3302 2081 3303
f 2106 3304 3305
f 3303 2081 2086
f 3303 2086 3306
f 2086 2090 3306
f 3306 2090 2088
f 3306 2088 3307
f 3307 2088 2087
f 3307 2087 3308
f 2087 2095 3308
f 3308 2095 2094
f 3308 2094 3309
f 3309 2094 2092
f 3309 2092 3310
f 3310 2092 2091
f 3310 2091 3311
f 2091 2100 3311
f 3311 2100 2099
f 3311 2099 3312
f 2099 2097 3312
f 3312 2097 2096
f 3312 2096 3313
f 2096 2102 3313
f 3313 2102 2108
f 3313 2108 3305
f 3305 2108 2107
f 3305 2107 2106
f 2115 3314 3315
f 2103 3316 2104
f 2104 3316 3304
f 2104 3304 2106
f 2114 3317 2103
f 2103 3317 3318
f 2103 3318 3316
f 2114 2113 3317
f 3317 2113 2112
f 3317 2112 3319
f 3319 2112 2110
f 3319 2110 3320
f 3320 2110 2109
f 3320 2109 3321
f 3321 2109 2117
f 3321 2117 3315
f 3315 2117 2116
f 3315 2116 2115
f 1796 3322 1797
f 1797 3322 3314
f 1797 3314 2115
f 3322 1796 2128
f 3322 2128 3323
f 2128 2127 3323
f 3323 2127 2126
f 3323 2126 3324
f 3324 2126 2125
f 3324 2125 3325
f 3325 2125 2124
f 3325 2124 3326
f 3326 2124 2123
f 3326 2123 3327
f 3327 2123 2122
f 3327 2122 3328
f 3328 2122 2121
f 3328 2121 3329
f 3329 2121 2120
f 3329 2120 3330
f 3330 2120 2119
f 3330 2119 3331
f 2136 3332 3333
f 3331 2119 2118
f 3331 2118 3333
f 3333 2118 2134
f 3333 2134 2136
f 3332 2136 2167
f 3332 2167 3334
f 3334 2167 2169
f 3334 2169 3335
f 3335 2169 2173
f 3335 2173 3336
f 3336 2173 2172
f 3336 2172 3337
f 3337 2172 2171
f 3337 2171 3338
f 3338 2171 2160
f 3338 2160 3339
f 3339 2160 2159
f 3339 2159 3340
f 3340 2159 2148
f 3340 2148 3341
f 3341 2148 2146
f 3341 2146 3342
f 2146 2145 3342
f 3342 2145 3343
f 3343 2145 2179
f 3343 2179 3344
f 3344 2179 2180
f 3344 2180 3345
f 3345 2180 2176
f 3345 2176 3346
f 3346 2176 2175
f 3346 2175 3347
f 3347 2175 1794
f 3347 1794 3348
f 1794 1793 3348
f 3348 1793 2182
f 3348 2182 3349
f 3349 2182 2181
f 3349 2181 3350
f 3350 2181 2190
f 3350 2190 3351
f 2190 2189 3351
f 3351 2189 3352
f 2189 2188 3352
f 3352 2188 2187
f 3352 2187 3353
f 3353 2187 2185
f 3353 2185 3354
f 2200 3355 2201
f 2201 3355 3356
f 2201 3356 2191
f 2191 3356 3357
f 2191 3357 2192
f 2192 3357 3358
f 2192 3358 2194
f 2194 3358 3354
f 2194 3354 2184
f 2184 3354 2185
f 3355 2200 2199
f 3355 2199 3359
f 3359 2199 2214
f 3359 2214 3360
f 3360 2214 2213
f 3360 2213 3361
f 3361 2213 2209
f 3361 2209 3362
f 3362 2209 2207
f 3362 2207 3363
f 3363 2207 2206
f 3363 2206 3364
f 3364 2206 2217
f 3364 2217 3365
f 3365 2217 2216
f 3365 2216 3366
f 3366 2216 2237
f 3366 2237 3367
f 3367 2237 2233
f 3367 2233 3368
f 3368 2233 2232
f 3368 2232 3369
f 3369 2232 2234
f 3369 2234 3370
f 3370 2234 2235
f 3370 2235 3371
f 3371 2235 2236
f 3371 2236 3372
f 3372 2236 2231
f 3372 2231 3373
f 3373 2231 2230
f 3373 2230 3374
f 3374 2230 2238
f 3374 2238 3375
f 3375 2238 3376
f 3376 2238 2222
f 3376 2222 2221
f 3376 2221 3377
f 3377 2221 2229
f 3377 2229 3378
f 3378 2229 2227
f 3378 2227 3379
f 3379 2227 2225
f 3379 2225 3380
f 3380 2225 2224
f 3380 2224 3381
f 3381 2224 2226
f 3381 2226 3382
f 3382 2226 2228
f 3382 2228 3383
f 3383 2228 2223
f 3383 2223 3384
f 3384 2223 2215
f 3384 2215 3385
f 2202 3386 3387
f 2202 3387 2203
f 2203 3387 3388
f 2203 3388 2204
f 2204 3388 3389
f 2204 3389 2205
f 2205 3389 3390
f 2205 3390 2210
f 2210 3390 3391
f 2210 3391 2211
f 2211 3391 3392
f 2211 3392 2212
f 2212 3392 3393
f 2212 3393 2208
f 2208 3393 3385
f 2208 3385 2215
f 3386 2202 2220
f 3386 2220 3394
f 3394 2220 2219
f 3394 2219 3395
f 3395 2219 2218
f 3395 2218 3396
f 3396 2218 2198
f 3396 2198 3397
f 3397 2198 2196
f 3397 2196 3398
f 3398 2196 2195
f 3398 2195 3399
f 3399 2195 2241
f 3399 2241 3400
f 2241 2240 3400
f 3400 2240 2244
f 3400 2244 3401
f 3401 2244 2243
f 3401 2243 3402
f 3402 2243 2242
f 3402 2242 3403
f 3404 3403 2247
f 2247 3403 2242
f 3405 3406 2245
f 2245 3406 3407
f 2245 3407 2246
f 2246 3407 3404
f 2246 3404 2247
f 2245 1791 3405
f 3405 1791 1790
f 3405 1790 2249
f 1811 3408 2249
f 2249 3408 3409
f 2249 3409 3405
f 1811 1837 3408
f 3408 1837 1836
f 3408 1836 3410
f 3410 1836 1835
f 3410 1835 3411
f 3411 1835 1833
f 3411 1833 3412
f 3412 1833 1831
f 3412 1831 3179
f 3413 2525 3414
f 3414 2525 2526
f 3414 2526 3415
f 3415 2526 2527
f 3415 2527 3416
f 3416 2527 2528
f 3416 2528 3417
f 3417 2528 2529
f 3417 2529 3418
f 3418 2529 2530
f 3418 2530 3419
f 3419 2530 2531
f 3419 2531 3420
f 3420 2531 2496
f 3420 2496 3421
f 3421 2496 2497
f 3421 2497 3422
f 3422 2497 2498
f 3422 2498 3423
f 3423 2498 2499
f 3423 2499 3424
f 3424 2499 2500
f 3424 2500 3425
f 3425 2500 2501
f 3425 2501 3426
f 3426 2501 2502
f 3426 2502 3427
f 3427 2502 2503
f 3427 2503 3428
f 3428 2503 2504
f 3428 2504 3429
f 3429 2504 2505
f 3429 2505 3430
f 3430 2505 2506
f 3430 2506 3431
f 3431 2506 2507
f 3431 2507 3432
f 3432 2507 2508
f 3432 2508 3433
f 3433 2508 2509
f 3433 2509 3434
f 3434 2509 2510
f 3434 2510 3435
f 3435 2510 2511
f 3435 2511 3436
f 3436 2511 2512
f 3436 2512 3437
f 3437 2512 2513
f 3437 2513 3438
f 3438 2513 2514
f 3438 2514 3439
f 3439 2514 2515
f 3439 2515 3440
f 3440 2515 2516
f 3440 2516 3441
f 3441 2516 2517
f 3441 2517 3442
f 3442 2517 2518
f 3442 2518 3443
f 3443 2518 2519
f 3443 2519 3444
f 3444 2519 2520
f 3444 2520 3445
f 3445 2520 2521
f 3445 2521 3446
f 3446 2521 2522
f 3446 2522 3447
f 3447 2522 2523
f 3447 2523 3448
f 3448 2523 2524
f 3448 2524 3413
f 3413 2524 2525
f 2571 2572 2532
f 2533 2553 2532
f 2532 2553 2554
f 2541 2542 2533
f 2533 2542 2543
f 2533 2543 2553
f 2553 2543 2544
f 2553 2544 2552
f 2552 2544 2551
f 2561 2562 2554
f 2554 2562 2563
f 2554 2563 2532
f 2532 2563 2564
f 2535 2536 2540
f 2555 2556 2554
f 2554 2556 2557
f 2554 2557 2558
f 2571 2532 2570
f 2541 2533 2540
f 2540 2533 2534
f 2540 2534 2535
f 2536 2537 2540
f 2540 2537 2538
f 2540 2538 2539
f 2545 2546 2549
f 2549 2546 2547
f 2549 2547 2548
f 2545 2549 2544
f 2544 2549 2550
f 2544 2550 2551
f 2558 2559 2554
f 2554 2559 2560
f 2554 2560 2561
f 2564 2565 2532
f 2532 2565 2566
f 2532 2566 2567
f 2567 2568 2532
f 2532 2568 2569
f 2532 2569 2570
f 2861 2865 2862
f 2862 2865 3449
f 2634 2575 2864
f 2864 2575 3450
f 2864 3450 2866
f 2866 3450 3449
f 2866 3449 2867
f 2867 3449 2865
f 2805 2803 2728
f 2578 2650 2580
f 2580 2650 2686
f 2580 2686 2582
f 2855 2799 2797
f 3451 2785 3452
f 3452 2785 2784
f 3452 2784 2776
f 2851 2850 2732
f 2767 2710 3453
f 2863 2862 3449
f 2649 2650 3454
f 3454 2650 2578
f 3454 2578 3455
f 3455 2578 2632
f 3455 2632 2617
f 2654 2652 2750
f 2686 2684 2582
f 2582 2684 2682
f 2582 2682 2584
f 2584 2682 2680
f 2584 2680 2586
f 2586 2680 2678
f 2586 2678 2588
f 2588 2678 2676
f 2588 2676 2590
f 2841 2840 3451
f 3451 2840 2859
f 3451 2859 2785
f 2785 2859 2858
f 2718 2782 2783
f 2612 3449 2574
f 2574 3449 3450
f 2574 3450 2575
f 2750 2652 2714
f 2676 2674 2848
f 2848 2674 2672
f 2732 2850 2734
f 2767 3453 2718
f 2718 3453 3456
f 2718 3456 2782
f 2797 2795 2855
f 2855 2795 2793
f 2855 2793 2856
f 2856 2793 2791
f 2856 2791 2857
f 2857 2791 2789
f 2857 2789 2858
f 2858 2789 2787
f 2858 2787 2785
f 2668 2666 2738
f 2738 2666 2664
f 2738 2664 2740
f 2740 2664 2662
f 2728 2803 2730
f 2730 2803 2853
f 2730 2853 2732
f 2732 2853 2852
f 2732 2852 2851
f 2783 2819 2718
f 2718 2819 2817
f 2718 2817 2720
f 2720 2817 2815
f 2720 2815 2722
f 2722 2815 2813
f 2722 2813 2724
f 2724 2813 2811
f 2724 2811 2726
f 2726 2811 2809
f 2726 2809 2728
f 2728 2809 2807
f 2728 2807 2805
f 2715 2714 3457
f 3457 2714 2652
f 3457 2652 3458
f 3458 2652 2651
f 3458 2651 2645
f 2850 2849 2734
f 2734 2849 2848
f 2734 2848 2736
f 2736 2848 2672
f 2736 2672 2738
f 2738 2672 2670
f 2738 2670 2668
f 2803 2801 2853
f 2853 2801 2799
f 2853 2799 2854
f 2854 2799 2855
f 2654 2750 2656
f 2656 2750 2748
f 2656 2748 2658
f 2658 2748 2746
f 2658 2746 2660
f 2660 2746 2744
f 2660 2744 2662
f 2662 2744 2742
f 2662 2742 2740
f 2598 2596 2848
f 2848 2596 2594
f 2848 2594 2676
f 2676 2594 2592
f 2676 2592 2590
f 2863 3449 2842
f 2842 3449 2612
f 2842 2612 2843
f 2843 2612 2610
f 2843 2610 2844
f 2844 2610 2608
f 2844 2608 2845
f 2845 2608 2606
f 2845 2606 2846
f 2846 2606 2604
f 2846 2604 2847
f 2847 2604 2602
f 2847 2602 2848
f 2848 2602 2600
f 2848 2600 2598
f 2616 2636 2617
f 2617 2636 3455
f 2640 2649 2639
f 2639 2649 3454
f 2639 3454 2638
f 2638 3454 3455
f 2638 3455 2637
f 2637 3455 2636
f 3459 2585 3460
f 3460 2585 2587
f 3460 2587 3461
f 3461 2587 2589
f 3461 2589 3462
f 3462 2589 2591
f 3462 2591 3463
f 3463 2591 2593
f 3463 2593 3464
f 3464 2593 2595
f 3464 2595 3465
f 3465 2595 2597
f 3465 2597 3466
f 3466 2597 2599
f 3466 2599 3467
f 3467 2599 2601
f 3467 2601 3468
f 3468 2601 2603
f 3468 2603 3469
f 3469 2603 2605
f 3469 2605 3470
f 3470 2605 2607
f 3470 2607 3471
f 3471 2607 2609
f 3471 2609 3472
f 3472 2609 2611
f 3472 2611 3473
f 3473 2611 2613
f 3473 2613 3474
f 3474 2613 2614
f 3474 2614 3475
f 3475 2614 2576
f 3475 2576 3476
f 3476 2576 2633
f 3476 2633 3477
f 3477 2633 2618
f 3477 2618 3478
f 3478 2618 2619
f 3478 2619 3479
f 3479 2619 2620
f 3479 2620 3480
f 3480 2620 2621
f 3480 2621 3481
f 3481 2621 2622
f 3481 2622 3482
f 3482 2622 2623
f 3482 2623 3483
f 3483 2623 2624
f 3483 2624 3484
f 3484 2624 2625
f 3484 2625 3485
f 3485 2625 2626
f 3485 2626 3486
f 3486 2626 2627
f 3486 2627 3487
f 3487 2627 2628
f 3487 2628 3488
f 3488 2628 2629
f 3488 2629 3489
f 3489 2629 2630
f 3489 2630 3490
f 3490 2630 2631
f 3490 2631 3491
f 3491 2631 2577
f 3491 2577 3492
f 3492 2577 2579
f 3492 2579 3493
f 3493 2579 2581
f 3493 2581 3494
f 3494 2581 2583
f 3494 2583 3459
f 3459 2583 2585
f 3495 2646 3496
f 3496 2646 2653
f 3496 2653 3497
f 3497 2653 2655
f 3497 2655 3498
f 3498 2655 2657
f 3498 2657 3499
f 3499 2657 2659
f 3499 2659 3500
f 3500 2659 2661
f 3500 2661 3501
f 3501 2661 2663
f 3501 2663 3502
f 3502 2663 2665
f 3502 2665 3503
f 3503 2665 2667
f 3503 2667 3504
f 3504 2667 2669
f 3504 2669 3505
f 3505 2669 2671
f 3505 2671 3506
f 3506 2671 2673
f 3506 2673 3507
f 3507 2673 2675
f 3507 2675 3508
f 3508 2675 2677
f 3508 2677 3509
f 3509 2677 2679
f 3509 2679 3510
f 3510 2679 2681
f 3510 2681 3511
f 3511 2681 2683
f 3511 2683 3512
f 3512 2683 2685
f 3512 2685 3513
f 3513 2685 2687
f 3513 2687 3514
f 3514 2687 2688
f 3514 2688 3515
f 3515 2688 2648
f 3515 2648 3516
f 3516 2648 2647
f 3516 2647 3517
f 3517 2647 2700
f 3517 2700 3518
f 3518 2700 2699
f 3518 2699 3519
f 3519 2699 2698
f 3519 2698 3520
f 3520 2698 2697
f 3520 2697 3521
f 3521 2697 2696
f 3521 2696 3522
f 3522 2696 2695
f 3522 2695 3523
f 3523 2695 2694
f 3523 2694 3524
f 3524 2694 2693
f 3524 2693 3525
f 3525 2693 2692
f 3525 2692 3526
f 3526 2692 2691
f 3526 2691 3527
f 3527 2691 2690
f 3527 2690 3528
f 3528 2690 2689
f 3528 2689 3529
f 3529 2689 2643
f 3529 2643 3530
f 3530 2643 2642
f 3530 2642 3495
f 3495 2642 2646
f 2644 2703 2645
f 2645 2703 3458
f 2707 2715 2706
f 2706 2715 3457
f 2706 3457 2705
f 2705 3457 3458
f 2705 3458 2704
f 2704 3458 2703
f 3531 2713 3532
f 3532 2713 2753
f 3532 2753 3533
f 3533 2753 2754
f 3533 2754 3534
f 3534 2754 2755
f 3534 2755 3535
f 3535 2755 2756
f 3535 2756 3536
f 3536 2756 2757
f 3536 2757 3537
f 3537 2757 2758
f 3537 2758 3538
f 3538 2758 2759
f 3538 2759 3539
f 3539 2759 2760
f 3539 2760 3540
f 3540 2760 2761
f 3540 2761 3541
f 3541 2761 2762
f 3541 2762 3542
f 3542 2762 2763
f 3542 2763 3543
f 3543 2763 2764
f 3543 2764 3544
f 3544 2764 2765
f 3544 2765 3545
f 3545 2765 2766
f 3545 2766 3546
f 3546 2766 2717
f 3546 2717 3547
f 3547 2717 2719
f 3547 2719 3548
f 3548 2719 2721
f 3548 2721 3549
f 3549 2721 2723
f 3549 2723 3550
f 3550 2723 2725
f 3550 2725 3551
f 3551 2725 2727
f 3551 2727 3552
f 3552 2727 2729
f 3552 2729 3553
f 3553 2729 2731
f 3553 2731 3554
f 3554 2731 2733
f 3554 2733 3555
f 3555 2733 2735
f 3555 2735 3556
f 3556 2735 2737
f 3556 2737 3557
f 3557 2737 2739
f 3557 2739 3558
f 3558 2739 2741
f 3558 2741 3559
f 3559 2741 2743
f 3559 2743 3560
f 3560 2743 2745
f 3560 2745 3561
f 3561 2745 2747
f 3561 2747 3562
f 3562 2747 2749
f 3562 2749 3563
f 3563 2749 2751
f 3563 2751 3564
f 3564 2751 2752
f 3564 2752 3565
f 3565 2752 2716
f 3565 2716 3566
f 3566 2716 2712
f 3566 2712 3531
f 3531 2712 2713
f 2709 2769 2710
f 2710 2769 3453
f 2773 2782 2772
f 2772 2782 3456
f 2772 3456 2771
f 2771 3456 3453
f 2771 3453 2768
f 2768 3453 2769
f 2775 2837 2776
f 2776 2837 3452
f 2835 2841 2836
f 2836 2841 3451
f 2836 3451 2838
f 2838 3451 3452
f 2838 3452 2839
f 2839 3452 2837
f 3567 2780 3568
f 3568 2780 2823
f 3568 2823 3569
f 3569 2823 2822
f 3569 2822 3570
f 3570 2822 2825
f 3570 2825 3571
f 3571 2825 2824
f 3571 2824 3572
f 3572 2824 2826
f 3572 2826 3573
f 3573 2826 2827
f 3573 2827 3574
f 3574 2827 2828
f 3574 2828 3575
f 3575 2828 2829
f 3575 2829 3576
f 3576 2829 2830
f 3576 2830 3577
f 3577 2830 2831
f 3577 2831 3578
f 3578 2831 2832
f 3578 2832 3579
f 3579 2832 2833
f 3579 2833 3580
f 3580 2833 2777
f 3580 2777 3581
f 3581 2777 2778
f 3581 2778 3582
f 3582 2778 2779
f 3582 2779 3583
f 3583 2779 2786
f 3583 2786 3584
f 3584 2786 2788
f 3584 2788 3585
f 3585 2788 2790
f 3585 2790 3586
f 3586 2790 2792
f 3586 2792 3587
f 3587 2792 2794
f 3587 2794 3588
f 3588 2794 2796
f 3588 2796 3589
f 3589 2796 2798
f 3589 2798 3590
f 3590 2798 2800
f 3590 2800 3591
f 3591 2800 2802
f 3591 2802 3592
f 3592 2802 2804
f 3592 2804 3593
f 3593 2804 2806
f 3593 2806 3594
f 3594 2806 2808
f 3594 2808 3595
f 3595 2808 2810
f 3595 2810 3596
f 3596 2810 2812
f 3596 2812 3597
f 3597 2812 2814
f 3597 2814 3598
f 3598 2814 2816
f 3598 2816 3599
f 3599 2816 2818
f 3599 2818 3600
f 3600 2818 2820
f 3600 2820 3601
f 3601 2820 2821
f 3601 2821 3602
f 3602 2821 2781
f 3602 2781 3567
f 3567 2781 2780
f 2871 3603 2872
f 2872 3603 3604
f 2872 3604 2873
f 2873 3604 3605
f 2873 3605 2874
f 2874 3605 3606
f 2874 3606 2875
f 2875 3606 3607
f 2875 3607 2876
f 2876 3607 3608
f 2876 3608 2877
f 2877 3608 3609
f 2877 3609 2878
f 2878 3609 3610
f 2878 3610 2879
f 2879 3610 3611
f 2879 3611 2880
f 2880 3611 3612
f 2880 3612 2881
f 2881 3612 3613
f 2881 3613 2882
f 2882 3613 3614
f 2882 3614 2883
f 2883 3614 3615
f 2883 3615 2884
f 2884 3615 3616
f 2884 3616 2885
f 2885 3616 3617
f 2885 3617 2886
f 2886 3617 3618
f 2886 3618 2887
f 2887 3618 3619
f 2887 3619 2888
f 2888 3619 3620
f 2888 3620 2889
f 2889 3620 3621
f 2889 3621 2890
f 2890 3621 3622
f 2890 3622 2891
f 2891 3622 3623
f 2891 3623 2892
f 2892 3623 3624
f 2892 3624 2893
f 2893 3624 3625
f 2893 3625 2894
f 2894 3625 3626
f 2894 3626 2895
f 2895 3626 3627
f 2895 3627 2896
f 2896 3627 3628
f 2896 3628 2897
f 2897 3628 3629
f 2897 3629 2898
f 2898 3629 3630
f 2898 3630 2899
f 2899 3630 3631
f 2899 3631 2900
f 2900 3631 3632
f 2900 3632 2901
f 2901 3632 3633
f 2901 3633 2902
f 2902 3633 3634
f 2902 3634 2903
f 2903 3634 3635
f 2903 3635 2868
f 2868 3635 3636
f 2868 3636 2869
f 2869 3636 3637
f 2869 3637 2870
f 2870 3637 3638
f 2870 3638 2871
f 2871 3638 3603
f 2911 3639 2912
f 2912 3639 3640
f 2912 3640 2913
f 2913 3640 3641
f 2913 3641 2914
f 2914 3641 3642
f 2914 3642 2915
f 2915 3642 3643
f 2915 3643 2916
f 2916 3643 3644
f 2916 3644 2917
f 2917 3644 3645
f 2917 3645 2918
f 2918 3645 3646
f 2918 3646 2919
f 2919 3646 3647
f 2919 3647 2920
f 2920 3647 3648
f 2920 3648 2921
f 2921 3648 3649
f 2921 3649 2922
f 2922 3649 3650
f 2922 3650 2923
f 2923 3650 3651
f 2923 3651 2924
f 2924 3651 3652
f 2924 3652 2925
f 2925 3652 3653
f 2925 3653 2926
f 2926 3653 3654
f 2926 3654 2927
f 2927 3654 3655
f 2927 3655 2928
f 2928 3655 3656
f 2928 3656 2929
f 2929 3656 3657
f 2929 3657 2930
f 2930 3657 3658
f 2930 3658 2931
f 2931 3658 3659
f 2931 3659 2932
f 2932 3659 3660
f 2932 3660 2933
f 2933 3660 3661
f 2933 3661 2934
f 2934 3661 3662
f 2934 3662 2935
f 2935 3662 3663
f 2935 3663 2936
f 2936 3663 3664
f 2936 3664 2937
f 2937 3664 3665
f 2937 3665 2938
f 2938 3665 3666
f 2938 3666 2939
f 2939 3666 3667
f 2939 3667 2904
f 2904 3667 3668
f 2904 3668 2905
f 2905 3668 3669
f 2905 3669 2906
f 2906 3669 3670
f 2906 3670 2907
f 2907 3670 3671
f 2907 3671 2908
f 2908 3671 3672
f 2908 3672 2909
f 2909 3672 3673
f 2909 3673 2910
f 2910 3673 3674
f 2910 3674 2911
f 2911 3674 3639
f 2969 3675 2970
f 2970 3675 3676
f 2970 3676 2971
f 2971 3676 3677
f 2971 3677 2972
f 2972 3677 3678
f 2972 3678 2973
f 2973 3678 3679
f 2973 3679 2974
f 2974 3679 3680
f 2974 3680 2975
f 2975 3680 3681
f 2975 3681 2959
f 2959 3681 3682
f 2959 3682 2958
f 2958 3682 3683
f 2958 3683 2957
f 2957 3683 3684
f 2957 3684 2956
f 2956 3684 3685
f 2956 3685 2955
f 2955 3685 3686
f 2955 3686 2954
f 2954 3686 3687
f 2954 3687 2953
f 2953 3687 3688
f 2953 3688 2952
f 2952 3688 3689
f 2952 3689 2951
f 2951 3689 3690
f 2951 3690 2950
f 2950 3690 3691
f 2950 3691 2949
f 2949 3691 3692
f 2949 3692 2948
f 2948 3692 3693
f 2948 3693 2947
f 2947 3693 3694
f 2947 3694 2946
f 2946 3694 3695
f 2946 3695 2945
f 2945 3695 3696
f 2945 3696 2944
f 2944 3696 3697
f 2944 3697 2943
f 2943 3697 3698
f 2943 3698 2942
f 2942 3698 3699
f 2942 3699 2941
f 2941 3699 3700
f 2941 3700 2940
f 2940 3700 3701
f 2940 3701 2960
f 2960 3701 3702
f 2960 3702 2961
f 2961 3702 3703
f 2961 3703 2962
f 2962 3703 3704
f 2962 3704 2963
f 2963 3704 3705
f 2963 3705 2964
f 2964 3705 3706
f 2964 3706 2965
f 2965 3706 3707
f 2965 3707 2966
f 2966 3707 3708
f 2966 3708 2967
f 2967 3708 3709
f 2967 3709 2968
f 2968 3709 3710
f 2968 3710 2969
f 2969 3710 3675
f 2988 3711 2987
f 2987 3711 3712
f 2987 3712 2986
f 2986 3712 3713
f 2986 3713 2985
f 2985 3713 3714
f 2985 3714 2984
f 2984 3714 3715
f 2984 3715 2983
f 2983 3715 3716
f 2983 3716 2982
f 2982 3716 3717
f 2982 3717 2981
f 2981 3717 3718
f 2981 3718 2980
f 2980 3718 3719
f 2980 3719 2979
f 2979 3719 3720
f 2979 3720 2978
f 2978 3720 3721
f 2978 3721 2977
f 2977 3721 3722
f 2977 3722 2976
f 2976 3722 3723
f 2976 3723 3011
f 3011 3723 3724
f 3011 3724 3010
f 3010 3724 3725
f 3010 3725 3009
f 3009 3725 3726
f 3009 3726 3008
f 3008 3726 3727
f 3008 3727 3007
f 3007 3727 3728
f 3007 3728 3006
f 3006 3728 3729
f 3006 3729 3005
f 3005 3729 3730
f 3005 3730 3004
f 3004 3730 3731
f 3004 3731 3003
f 3003 3731 3732
f 3003 3732 3002
f 3002 3732 3733
f 3002 3733 3001
f 3001 3733 3734
f 3001 3734 3000
f 3000 3734 3735
f 3000 3735 2999
f 2999 3735 3736
f 2999 3736 2998
f 2998 3736 3737
f 2998 3737 2997
f 2997 3737 3738
f 2997 3738 2996
f 2996 3738 3739
f 2996 3739 2995
f 2995 3739 3740
f 2995 3740 2994
f 2994 3740 3741
f 2994 3741 2993
f 2993 3741 3742
f 2993 3742 2992
f 2992 3742 3743
f 2992 3743 2991
f 2991 3743 3744
f 2991 3744 2990
f 2990 3744 3745
f 2990 3745 2989
f 2989 3745 3746
f 2989 3746 2988
f 2988 3746 3711
f 3101 3102 3123
f 3123 3102 3103
f 3123 3103 3104
f 3104 3105 3123
f 3123 3105 3106
f 3123 3106 3107
f 3112 3747 3014
f 3014 3747 3748
f 3014 3748 3024
f 3110 3063 3749
f 3750 3751 3123
f 3123 3751 3752
f 3123 3752 3753
f 3754 3755 3101
f 3101 3755 3756
f 3101 3756 3757
f 3758 3759 3107
f 3107 3759 3760
f 3107 3760 3761
f 3761 3762 3107
f 3107 3762 3763
f 3107 3763 3123
f 3123 3763 3764
f 3123 3764 3765
f 3122 3123 3766
f 3119 3767 3118
f 3118 3767 3768
f 3118 3768 3117
f 3113 3769 3112
f 3112 3769 3770
f 3112 3770 3747
f 3771 3109 3772
f 3772 3109 3110
f 3772 3110 3773
f 3773 3110 3749
f 3126 3774 3775
f 3753 3776 3123
f 3123 3776 3777
f 3123 3777 3101
f 3101 3777 3778
f 3101 3778 3754
f 3757 3779 3101
f 3101 3779 3780
f 3101 3780 3781
f 3781 3782 3101
f 3101 3782 3783
f 3101 3783 3142
f 3142 3783 3784
f 3765 3785 3123
f 3123 3785 3786
f 3123 3786 3766
f 3766 3787 3122
f 3122 3787 3788
f 3122 3788 3121
f 3121 3788 3789
f 3121 3789 3120
f 3120 3789 3790
f 3120 3790 3119
f 3119 3790 3791
f 3119 3791 3767
f 3768 3792 3117
f 3117 3792 3793
f 3117 3793 3116
f 3116 3793 3794
f 3116 3794 3115
f 3115 3794 3795
f 3115 3795 3114
f 3114 3795 3796
f 3114 3796 3113
f 3113 3796 3797
f 3113 3797 3769
f 3798 3799 3099
f 3099 3799 3800
f 3099 3800 3062
f 3062 3800 3801
f 3062 3801 3063
f 3063 3801 3802
f 3063 3802 3749
f 3774 3126 3803
f 3803 3126 3127
f 3803 3127 3804
f 3784 3805 3142
f 3142 3805 3806
f 3142 3806 3141
f 3775 3807 3126
f 3126 3807 3808
f 3126 3808 3125
f 3125 3808 3809
f 3771 3810 3109
f 3109 3810 3811
f 3109 3811 3108
f 3108 3811 3812
f 3108 3812 3107
f 3107 3812 3813
f 3107 3813 3758
f 3806 3814 3141
f 3141 3814 3815
f 3141 3815 3140
f 3140 3815 3816
f 3140 3816 3817
f 3138 3139 3818
f 3111 3819 3089
f 3089 3819 3798
f 3089 3798 3100
f 3100 3798 3099
f 3748 3820 3024
f 3024 3820 3821
f 3024 3821 3025
f 3025 3821 3819
f 3025 3819 3028
f 3028 3819 3111
f 3817 3822 3140
f 3140 3822 3823
f 3140 3823 3139
f 3139 3823 3824
f 3139 3824 3818
f 3809 3825 3125
f 3125 3825 3826
f 3125 3826 3124
f 3804 3127 3827
f 3827 3127 3128
f 3827 3128 3828
f 3826 3829 3124
f 3124 3829 3830
f 3124 3830 3123
f 3123 3830 3831
f 3123 3831 3750
f 3131 3132 3832
f 3131 3832 3130
f 3132 3133 3832
f 3832 3133 3134
f 3832 3134 3135
f 3818 3833 3138
f 3138 3833 3834
f 3138 3834 3137
f 3137 3834 3832
f 3137 3832 3136
f 3136 3832 3135
f 3828 3128 3832
f 3832 3128 3129
f 3832 3129 3130
f 3060 3835 3061
f 3836 3837 3838
f 3837 3836 3839
f 3839 3840 3841
f 3842 3840 3839
f 3843 3844 3845
f 3846 3847 3841
f 3848 3849 3850
f 3851 3852 3853
f 3854 3855 3856
f 3072 3071 3857
f 3085 3084 3858
f 3081 3859 3082
f 3084 3083 3860
f 3082 3859 3083
f 3083 3859 3861
f 3083 3861 3860
f 3085 3858 3086
f 3086 3858 3862
f 3086 3862 3065
f 3065 3862 3863
f 3065 3863 3066
f 3066 3863 3864
f 3066 3864 3067
f 3067 3864 3865
f 3067 3865 3068
f 3068 3865 3069
f 3069 3865 3866
f 3069 3866 3070
f 3867 3076 3075
f 3075 3074 3867
f 3867 3074 3073
f 3867 3073 3868
f 3076 3856 3077
f 3077 3856 3855
f 3077 3855 3078
f 3056 3055 3869
f 3869 3055 3054
f 3869 3054 3855
f 3855 3054 3053
f 3855 3053 3078
f 3870 3871 3058
f 3835 3060 3871
f 3871 3060 3059
f 3871 3059 3058
f 3058 3057 3870
f 3870 3057 3056
f 3870 3056 3872
f 3872 3056 3869
f 3872 3869 3873
f 3873 3869 3855
f 3873 3855 3874
f 3874 3855 3854
f 3851 3875 3852
f 3852 3875 3876
f 3852 3876 3856
f 3856 3876 3877
f 3856 3877 3854
f 3848 3878 3849
f 3849 3878 3879
f 3849 3879 3853
f 3853 3879 3880
f 3853 3880 3851
f 3839 3881 3850
f 3850 3881 3882
f 3850 3882 3848
f 3883 3884 3885
f 3885 3884 3886
f 3084 3860 3858
f 3858 3860 3887
f 3858 3887 3888
f 3886 3846 3885
f 3885 3846 3841
f 3885 3841 3889
f 3889 3841 3840
f 3889 3840 3890
f 3890 3840 3842
f 3890 3842 3891
f 3892 3838 3893
f 3893 3838 3837
f 3893 3837 3894
f 3894 3837 3839
f 3844 3883 3845
f 3845 3883 3885
f 3845 3885 3895
f 3895 3885 3889
f 3895 3889 3896
f 3896 3889 3890
f 3896 3890 3897
f 3897 3890 3891
f 3897 3891 3898
f 3868 3892 3899
f 3899 3892 3893
f 3899 3893 3900
f 3900 3893 3894
f 3900 3894 3901
f 3901 3894 3839
f 3888 3843 3858
f 3858 3843 3845
f 3858 3845 3862
f 3862 3845 3895
f 3862 3895 3863
f 3863 3895 3896
f 3863 3896 3864
f 3864 3896 3897
f 3864 3897 3865
f 3865 3897 3898
f 3865 3898 3866
f 3847 3902 3841
f 3841 3902 3839
f 3071 3070 3857
f 3857 3070 3866
f 3857 3866 3903
f 3903 3866 3898
f 3903 3898 3904
f 3904 3898 3891
f 3904 3891 3905
f 3905 3891 3842
f 3905 3842 3839
f 3073 3072 3868
f 3868 3072 3857
f 3868 3857 3892
f 3892 3857 3903
f 3892 3903 3838
f 3838 3903 3904
f 3838 3904 3836
f 3836 3904 3905
f 3836 3905 3839
f 3076 3867 3856
f 3856 3867 3868
f 3856 3868 3852
f 3852 3868 3899
f 3852 3899 3853
f 3853 3899 3900
f 3853 3900 3849
f 3849 3900 3901
f 3849 3901 3850
f 3850 3901 3839
f 3906 3839 3902
f 3094 3093 3907
f 3907 3093 3092
f 3907 3092 3908
f 3908 3092 3091
f 3908 3091 3909
f 3910 3096 3907
f 3907 3096 3095
f 3907 3095 3094
f 3911 3080 3910
f 3910 3080 3079
f 3910 3079 3096
f 3859 3081 3080
f 3911 3912 3080
f 3080 3912 3913
f 3080 3913 3859
f 3914 3887 3915
f 3915 3887 3860
f 3915 3860 3913
f 3913 3860 3861
f 3913 3861 3859
f 3844 3843 3914
f 3914 3843 3888
f 3914 3888 3887
f 3844 3914 3883
f 3883 3914 3916
f 3883 3916 3884
f 3884 3916 3917
f 3884 3917 3886
f 3886 3917 3918
f 3886 3918 3846
f 3846 3918 3919
f 3846 3919 3847
f 3847 3919 3902
f 3902 3919 3920
f 3902 3920 3906
f 3090 3088 3027
f 3909 3091 3052
f 3052 3091 3090
f 3052 3090 3029
f 3029 3090 3027
f 3921 3922 3923
f 3027 3088 3087
f 3924 3925 3926
f 3926 3925 3927
f 3922 3013 3923
f 3923 3013 3012
f 3923 3012 3026
f 3026 3027 3923
f 3923 3027 3087
f 3923 3087 3928
f 3928 3087 3098
f 3929 3930 3931
f 3929 3931 3932
f 3098 3097 3928
f 3928 3097 3064
f 3928 3064 3933
f 3933 3064 3934
f 3933 3934 3935
f 3936 3926 3933
f 3933 3926 3927
f 3933 3927 3931
f 3931 3927 3937
f 3931 3937 3932
f 3938 3939 3933
f 3933 3939 3940
f 3933 3940 3936
f 3941 3942 3931
f 3931 3942 3943
f 3931 3943 3944
f 3944 3945 3931
f 3931 3945 3946
f 3931 3946 3923
f 3923 3946 3947
f 3923 3947 3921
f 3930 3948 3931
f 3931 3948 3949
f 3931 3949 3950
f 3935 3951 3933
f 3933 3951 3952
f 3933 3952 3953
f 3950 3954 3931
f 3931 3954 3955
f 3931 3955 3941
f 3953 3956 3933
f 3933 3956 3957
f 3933 3957 3938
f 3835 3958 3061
f 3061 3958 3934
f 3061 3934 3064
f 3959 3960 3961
f 3962 3911 3910
f 3963 3964 3965
f 3966 3915 3913
f 3967 3968 3969
f 3970 3971 3972
f 3971 3970 3906
f 3973 3906 3970
f 3042 3041 3974
f 3974 3041 3040
f 3033 3975 3034
f 3022 3021 3976
f 3976 3021 3020
f 3976 3020 3019
f 3031 3030 3976
f 3976 3030 3023
f 3976 3023 3022
f 3975 3033 3976
f 3976 3033 3032
f 3976 3032 3031
f 3038 3037 3977
f 3977 3037 3036
f 3977 3036 3035
f 3978 3050 3979
f 3979 3050 3047
f 3047 3046 3979
f 3979 3046 3049
f 3979 3049 3048
f 3048 3045 3979
f 3979 3045 3044
f 3979 3044 3043
f 3978 3979 3980
f 3980 3979 3908
f 3980 3908 3909
f 3981 3982 3983
f 3983 3982 3984
f 3983 3984 3985
f 3985 3984 3986
f 3986 3984 3987
f 3986 3987 3988
f 3988 3987 3989
f 3989 3987 3990
f 3989 3990 3991
f 3991 3990 3992
f 3992 3990 3993
f 3992 3993 3994
f 3994 3993 3995
f 3995 3993 3976
f 3995 3976 3996
f 3996 3976 3019
f 3996 3019 3018
f 3920 3971 3906
f 3997 3998 3999
f 3999 3998 4000
f 3920 3919 3971
f 3971 3919 3918
f 3971 3918 3972
f 3972 3918 3917
f 3972 3917 3916
f 4001 3997 4002
f 4002 3997 3999
f 4002 3999 4003
f 3968 4001 3969
f 3969 4001 4002
f 3969 4002 4004
f 4004 4002 4003
f 4004 4003 4005
f 3973 3970 4006
f 4006 3970 3972
f 4006 3972 4007
f 4007 3972 3916
f 4007 3916 3914
f 4008 3906 3973
f 4008 3973 4009
f 4009 3973 4006
f 4009 4006 4010
f 4010 4006 4007
f 4010 4007 3966
f 3966 4007 3914
f 3966 3914 3915
f 4011 3906 4008
f 4012 3967 4013
f 4013 3967 3969
f 4013 3969 4014
f 4014 3969 4004
f 4014 4004 4015
f 4015 4004 4005
f 4015 4005 4016
f 3964 4012 3965
f 3965 4012 4013
f 3965 4013 4017
f 4017 4013 4014
f 4017 4014 4018
f 4018 4014 4015
f 4018 4015 4019
f 4019 4015 4016
f 4019 4016 4020
f 4011 4008 4021
f 4021 4008 4009
f 4021 4009 4022
f 4022 4009 4010
f 4022 4010 4023
f 4023 4010 3966
f 4023 3966 4024
f 4024 3966 3913
f 4024 3913 3912
f 4025 3906 4011
f 4025 4011 4026
f 4026 4011 4021
f 4026 4021 4027
f 4027 4021 4022
f 4027 4022 4028
f 4028 4022 4023
f 4028 4023 4029
f 4029 4023 4024
f 4029 4024 3962
f 3962 4024 3912
f 3962 3912 3911
f 4030 3906 4025
f 3960 3963 3961
f 3961 3963 3965
f 3961 3965 4031
f 4031 3965 4017
f 4031 4017 4032
f 4032 4017 4018
f 4032 4018 4033
f 4033 4018 4019
f 4033 4019 4034
f 4034 4019 4020
f 4034 4020 3977
f 3039 3038 4035
f 4035 3038 3977
f 4035 3977 4036
f 4036 3977 4020
f 4036 4020 4037
f 4037 4020 4016
f 4037 4016 4038
f 4038 4016 4005
f 4038 4005 4039
f 4039 4005 4003
f 4039 4003 4040
f 4040 4003 3999
f 4040 3999 4041
f 4041 3999 4000
f 4041 4000 4042
f 3035 3034 3977
f 3977 3034 3975
f 3977 3975 4034
f 4034 3975 3976
f 4034 3976 4033
f 4033 3976 3993
f 4033 3993 4032
f 4032 3993 3990
f 4032 3990 4031
f 4031 3990 3987
f 4031 3987 3961
f 3961 3987 3984
f 3961 3984 3959
f 3959 3984 3982
f 3043 3042 3979
f 3979 3042 3974
f 3979 3974 4035
f 4035 3974 3040
f 4035 3040 3039
f 4030 4025 4043
f 4043 4025 4026
f 4043 4026 4044
f 4044 4026 4027
f 4044 4027 4045
f 4045 4027 4028
f 4045 4028 4046
f 4046 4028 4029
f 4046 4029 4047
f 4047 4029 3962
f 4047 3962 4048
f 4048 3962 3910
f 4048 3910 3907
f 4041 3906 4030
f 4041 4030 4040
f 4040 4030 4043
f 4040 4043 4039
f 4039 4043 4044
f 4039 4044 4038
f 4038 4044 4045
f 4038 4045 4037
f 4037 4045 4046
f 4037 4046 4036
f 4036 4046 4047
f 4036 4047 4035
f 4035 4047 4048
f 4035 4048 3979
f 3979 4048 3907
f 3979 3907 3908
f 4042 3906 4041
f 3996 3018 3017
f 3016 3015 3991
f 3947 3981 3983
f 3947 3983 3921
f 3921 3983 3985
f 3921 3985 3922
f 3922 3985 3986
f 3922 3986 3013
f 3013 3986 3988
f 3013 3988 3015
f 3015 3988 3989
f 3015 3989 3991
f 3991 3992 3016
f 3016 3992 3994
f 3016 3994 3017
f 3017 3994 3995
f 3017 3995 3996
f 3051 3050 3978
f 3978 3980 3051
f 3051 3980 3909
f 3051 3909 3052
f 4049 3145 3146
f 3144 3145 4049
f 4049 3148 3149
f 3147 3148 4049
f 3146 3147 4049
f 4049 3151 3152
f 3150 3151 4049
f 3149 3150 4049
f 4049 3154 3155
f 3153 3154 4049
f 3152 3153 4049
f 4049 3157 3158
f 3156 3157 4049
f 3155 3156 4049
f 4049 3160 3161
f 3159 3160 4049
f 3158 3159 4049
f 4049 3163 3164
f 3162 3163 4049
f 3161 3162 4049
f 4049 3166 3167
f 3165 3166 4049
f 3164 3165 4049
f 4049 3169 3170
f 3168 3169 4049
f 3167 3168 4049
f 4049 3172 3173
f 3171 3172 4049
f 3170 3171 4049
f 4049 3175 3176
f 3174 3175 4049
f 3173 3174 4049
f 4049 3178 3143
f 3177 3178 4049
f 3176 3177 4049
f 3143 3144 4049
f 4050 4051 4052
f 3231 4053 3230
f 3230 4053 4054
f 3225 4055 3224
f 3224 4055 4056
f 3212 3217 3208
f 3246 3247 4057
f 4058 4059 3249
f 3249 4059 4060
f 3249 4060 4061
f 4054 4062 3230
f 3230 4062 4063
f 3230 4063 3229
f 3229 4063 4064
f 4065 3218 4066
f 4066 3218 3220
f 4066 3220 4067
f 4067 3220 3221
f 4067 3221 4068
f 4068 3221 3222
f 4068 3222 4056
f 4056 3222 3223
f 4056 3223 3224
f 3216 3215 4069
f 3243 4070 4071
f 4072 4073 3234
f 3234 4073 4074
f 3234 4074 3233
f 3233 4074 4075
f 3233 4075 3232
f 4075 4076 3232
f 3232 4076 4077
f 3232 4077 3231
f 3231 4077 4078
f 3231 4078 4053
f 3225 3226 4055
f 4055 3226 3227
f 4055 3227 4064
f 4064 3227 3228
f 4064 3228 3229
f 3212 3208 3211
f 3211 3208 3209
f 3211 3209 3210
f 3215 3214 4069
f 4069 3214 3213
f 4069 3213 4065
f 4065 3213 3219
f 4065 3219 3218
f 4052 4051 4079
f 4057 3247 4061
f 4061 3247 3248
f 4061 3248 3249
f 4080 3208 4069
f 4069 3208 3217
f 4069 3217 3216
f 4051 4081 4079
f 4079 4081 4082
f 4079 4082 4083
f 4083 4082 4084
f 4083 4084 4085
f 4070 3243 4086
f 4086 3243 3244
f 4086 3244 4057
f 4057 3244 3245
f 4057 3245 3246
f 4087 3208 4088
f 4088 3208 4080
f 4088 4080 4089
f 4089 4080 4090
f 4089 4090 4052
f 4052 4090 4091
f 4052 4091 4050
f 4087 4092 3208
f 3208 4092 4093
f 3208 4093 3207
f 3207 4093 4094
f 3207 4094 3206
f 3206 4094 4095
f 3206 4095 3205
f 3205 4095 4096
f 4085 4058 4083
f 4083 4058 3249
f 4083 3249 4097
f 4097 3249 3250
f 3254 4098 4099
f 3250 3251 4097
f 4097 3251 3252
f 4097 3252 4099
f 4099 3252 3253
f 4099 3253 3254
f 3283 3285 4100
f 4100 3285 3286
f 4100 3286 4101
f 3278 3279 4102
f 4103 4104 4105
f 3286 3287 4101
f 4101 3287 3288
f 4101 3288 4106
f 4107 3282 4108
f 4108 3282 3284
f 4102 3279 4109
f 4103 4105 4110
f 4111 4112 3299
f 3299 4112 4113
f 3299 4113 4114
f 3294 3295 4115
f 4115 4116 3294
f 3294 4116 4117
f 3294 4117 3293
f 3293 4117 4118
f 3293 4118 3292
f 3292 4118 4119
f 3288 3289 4106
f 4106 3289 3290
f 4106 3290 4119
f 4119 3290 3291
f 4119 3291 3292
f 4100 4120 3283
f 3283 4120 4121
f 3283 4121 3284
f 3284 4121 4122
f 3284 4122 4108
f 4107 4123 3282
f 3282 4123 4124
f 3282 4124 3281
f 3281 4124 4109
f 3281 4109 3280
f 3280 4109 3279
f 4125 3276 4102
f 4102 3276 3277
f 4102 3277 3278
f 4105 4126 4110
f 4110 4126 4127
f 4110 4127 4128
f 4128 4127 4129
f 4128 4129 4130
f 3295 3296 4115
f 4115 3296 3297
f 4115 3297 4114
f 4114 3297 3298
f 4114 3298 3299
f 4131 3271 4132
f 4132 3271 3272
f 4132 3272 4133
f 4133 3272 3273
f 4133 3273 4134
f 4134 3273 3274
f 4134 3274 4125
f 4125 3274 3275
f 4125 3275 3276
f 3261 3263 3264
f 4135 3266 3267
f 3260 4135 4136
f 3266 4135 3265
f 3265 4135 3260
f 3265 3260 3264
f 3264 3260 3262
f 3264 3262 3261
f 4137 3260 4138
f 4138 3260 4136
f 4138 4136 4139
f 4139 4136 4140
f 4139 4140 4103
f 4103 4140 4141
f 4103 4141 4104
f 4137 4142 3260
f 3260 4142 4143
f 3260 4143 3259
f 3259 4143 4144
f 3259 4144 3258
f 3258 4144 4145
f 3258 4145 3257
f 3257 4145 4146
f 4098 3254 4147
f 4147 3254 3255
f 4147 3255 4146
f 4146 3255 3256
f 4146 3256 3257
f 3267 3268 4135
f 4135 3268 3269
f 4135 3269 4131
f 4131 3269 3270
f 4131 3270 3271
f 3192 4148 4149
f 4150 4151 3179
f 3192 4149 3183
f 3180 3181 4152
f 3179 4151 3412
f 3412 4151 4153
f 3412 4153 3411
f 4154 4155 4156
f 3194 4157 3193
f 3193 4157 4158
f 3193 4158 3192
f 3192 4158 4159
f 3192 4159 4148
f 4149 4160 3183
f 3183 4160 4161
f 3183 4161 3182
f 3182 4161 4162
f 3182 4162 3181
f 3181 4162 4163
f 3181 4163 4152
f 3411 4153 3410
f 3410 4153 4164
f 3410 4164 3408
f 4165 3405 4164
f 4164 3405 3409
f 4164 3409 3408
f 4166 4167 4168
f 4152 4169 3180
f 3180 4169 4170
f 3180 4170 3179
f 3179 4170 4171
f 3179 4171 4150
f 3198 3199 4156
f 4156 3199 3200
f 4156 3200 4154
f 4154 3200 3201
f 4154 3201 4172
f 4172 3201 3204
f 4172 3204 4173
f 4173 3204 3203
f 4173 3203 4096
f 4096 3203 3202
f 4096 3202 3205
f 3194 3195 4157
f 4157 3195 3196
f 4157 3196 4156
f 4156 3196 3197
f 4156 3197 3198
f 4168 4167 4174
f 4168 4175 4166
f 4166 4175 4176
f 4166 4176 4154
f 4154 4176 4177
f 4154 4177 4155
f 4178 4179 3332
f 3332 4179 4180
f 3332 4180 3333
f 4181 4182 4183
f 4183 4182 4184
f 4183 4184 4185
f 3327 3328 4186
f 3343 3344 4187
f 3332 3334 4178
f 4178 3334 3335
f 4178 3335 4188
f 4180 4189 3333
f 3333 4189 4190
f 3333 4190 3331
f 3331 4190 4191
f 4186 3328 4192
f 3304 3316 3311
f 4193 3402 4194
f 4194 3402 3403
f 4194 3403 4195
f 4195 3403 3404
f 4195 3404 4196
f 4196 3404 3407
f 4196 3407 4165
f 4165 3407 3406
f 4165 3406 3405
f 3344 3345 4187
f 4187 3345 3346
f 4187 3346 4197
f 4197 3346 3347
f 4187 4198 3343
f 3343 4198 4199
f 3343 4199 3342
f 3342 4199 4200
f 3342 4200 3341
f 3341 4200 4201
f 3335 3336 4188
f 4188 3336 3337
f 4188 3337 4202
f 4191 4203 3331
f 3331 4203 4204
f 3331 4204 3330
f 3330 4204 4192
f 3330 4192 3329
f 3329 4192 3328
f 4205 3325 4186
f 4186 3325 3326
f 4186 3326 3327
f 4206 3315 4207
f 4207 3315 3314
f 4207 3314 4208
f 4208 3314 3322
f 4208 3322 4209
f 4209 3322 3323
f 4209 3323 4205
f 4205 3323 3324
f 4205 3324 3325
f 4210 3400 4193
f 4193 3400 3401
f 4193 3401 3402
f 4211 4212 4213
f 4213 4212 4214
f 4213 4214 4215
f 4215 4214 4216
f 3347 3348 4197
f 4197 3348 3349
f 4197 3349 3350
f 3351 3352 3353
f 3337 3338 4202
f 4202 3338 3339
f 4202 3339 4201
f 4201 3339 3340
f 4201 3340 3341
f 4181 4217 4182
f 4182 4217 4218
f 4182 4218 4211
f 4211 4218 4219
f 4211 4219 4212
f 4220 4221 4222
f 4222 4221 4223
f 4222 4223 4224
f 3311 3312 3304
f 3304 3312 3313
f 3304 3313 3305
f 4225 3318 3317
f 4130 4111 4128
f 4128 4111 3299
f 4128 3299 4226
f 4226 3299 3300
f 3360 3361 3379
f 3379 3361 3362
f 3379 3362 3363
f 3397 4210 3396
f 3396 4210 3355
f 3397 3398 4210
f 4210 3398 3399
f 4210 3399 3400
f 4220 4227 4221
f 4221 4227 4228
f 4221 4228 4167
f 4167 4228 4229
f 4167 4229 4174
f 3317 3319 4225
f 4225 3319 3320
f 4225 3320 4206
f 4206 3320 3321
f 4206 3321 3315
f 3300 3301 4226
f 4226 3301 3302
f 4226 3302 4230
f 4230 3302 3303
f 4230 3303 4231
f 4231 3303 3306
f 4231 3306 4232
f 3381 3382 3359
f 3363 3364 3379
f 3379 3364 3365
f 3379 3365 3366
f 4224 4223 4210
f 4210 4223 4233
f 4210 4233 3355
f 3353 3354 3351
f 3351 3354 3358
f 3351 3358 3357
f 3360 3379 3359
f 3359 3379 3380
f 3359 3380 3381
f 3355 3387 3386
f 3357 4234 4216
f 4235 3311 4225
f 4225 3311 3316
f 4225 3316 3318
f 4236 4237 3311
f 3311 4237 4238
f 3311 4238 3310
f 3310 4238 4239
f 3310 4239 3309
f 3309 4239 4240
f 3309 4240 3308
f 3308 4240 4232
f 3308 4232 3307
f 3307 4232 3306
f 3382 3383 3359
f 3359 3383 3384
f 3359 3384 3385
f 3385 3393 3359
f 3359 3393 3392
f 3359 3392 3355
f 3355 3392 3391
f 3355 3391 3390
f 3390 3389 3355
f 3355 3389 3388
f 3355 3388 3387
f 3386 3394 3355
f 3355 3394 3395
f 3355 3395 3396
f 4233 4241 3355
f 3355 4241 4242
f 3355 4242 3356
f 3356 4242 4243
f 3356 4243 3357
f 3357 4243 4244
f 3357 4244 4234
f 4214 4245 4216
f 4216 4245 4197
f 4216 4197 3357
f 3357 4197 3350
f 3357 3350 3351
f 4236 3311 4246
f 4246 3311 4235
f 4246 4235 4247
f 4247 4235 4248
f 4247 4248 4184
f 4184 4248 4249
f 4184 4249 4185
f 3373 3374 3366
f 3366 3374 3375
f 3366 3375 3376
f 3376 3377 3366
f 3366 3377 3378
f 3366 3378 3379
f 3373 3366 3372
f 3372 3366 3367
f 3372 3367 3368
f 3368 3369 3372
f 3372 3369 3370
f 3372 3370 3371
f 3240 3241 3242
f 3240 3242 3239
f 4071 4072 3243
f 3243 4072 3234
f 3243 3234 3242
f 3242 3234 3235
f 3242 3235 3236
f 3236 3237 3242
f 3242 3237 3238
f 3242 3238 3239
f 3189 3190 3183
f 3183 3190 3191
f 3183 3191 3192
f 3185 3186 3187
f 3185 3187 3184
f 3184 3187 3183
f 3183 3187 3188
f 3183 3188 3189
f 4250 4251 4252
f 4252 4253 4250
f 4250 4253 4254
f 4250 4254 4255
f 4255 4254 4256
f 4257 4258 4259
f 4259 4258 4260
f 4259 4260 4261
f 4261 4260 4262
f 4262 4263 4261
f 4261 4263 4264
f 4261 4264 4265
f 4256 4266 4255
f 4255 4266 4267
f 4255 4267 4268
f 4268 4267 4269
f 4268 4269 4270
f 4271 4272 4273
f 4273 4272 4274
f 4273 4274 4275
f 4275 4274 4276
f 4275 4276 4277
f 4271 4278 4272
f 4272 4278 4279
f 4272 4279 4257
f 4257 4279 4280
f 4257 4280 4258
f 4269 4281 4270
f 4270 4281 4282
f 4270 4282 4276
f 4276 4282 4283
f 4276 4283 4277
f 4284 4285 4286
f 4286 4285 4287
f 4288 4289 4290
f 4291 4292 4293
f 4287 4294 4286
f 4286 4294 4295
f 4286 4295 4296
f 4284 4286 4290
f 4290 4286 4297
f 4290 4297 4288
f 4289 4298 4290
f 4290 4298 4299
f 4290 4299 4300
f 4301 4302 4300
f 4300 4302 4303
f 4300 4303 4304
f 4296 4305 4286
f 4286 4305 4306
f 4286 4306 4307
f 4307 4308 4286
f 4286 4308 4309
f 4286 4309 4310
f 4301 4300 4293
f 4293 4300 4311
f 4293 4311 4291
f 4304 4312 4300
f 4300 4312 4313
f 4300 4313 4290
f 4314 4315 4310
f 4310 4315 4316
f 4310 4316 4286
f 4314 4317 4315
f 4315 4317 4318
f 4315 4318 4319
f 4320 4286 4321
f 4321 4286 4316
f 4321 4316 4322
f 4322 4316 4315
f 4322 4315 4323
f 4323 4315 4319
f 4323 4319 4324
f 4324 4319 4318
f 4324 4318 4325
f 4325 4318 4317
f 4325 4317 4326
f 4326 4317 4314
f 4326 4314 4327
f 4327 4314 4310
f 4327 4310 4328
f 4328 4310 4309
f 4328 4309 4329
f 4329 4309 4308
f 4329 4308 4330
f 4330 4308 4307
f 4330 4307 4331
f 4331 4307 4306
f 4331 4306 4332
f 4332 4306 4305
f 4332 4305 4333
f 4333 4305 4296
f 4333 4296 4334
f 4334 4296 4295
f 4334 4295 4335
f 4335 4295 4294
f 4335 4294 4336
f 4336 4294 4287
f 4336 4287 4337
f 4337 4287 4285
f 4337 4285 4338
f 4338 4285 4284
f 4338 4284 4339
f 4339 4284 4290
f 4339 4290 4340
f 4340 4290 4313
f 4340 4313 4341
f 4341 4313 4312
f 4341 4312 4342
f 4342 4312 4304
f 4342 4304 4343
f 4343 4304 4303
f 4343 4303 4344
f 4344 4303 4302
f 4344 4302 4345
f 4345 4302 4301
f 4345 4301 4346
f 4346 4301 4293
f 4346 4293 4347
f 4347 4293 4292
f 4347 4292 4348
f 4348 4292 4291
f 4348 4291 4349
f 4349 4291 4311
f 4349 4311 4350
f 4350 4311 4300
f 4350 4300 4351
f 4351 4300 4299
f 4351 4299 4352
f 4352 4299 4298
f 4352 4298 4353
f 4353 4298 4289
f 4353 4289 4354
f 4354 4289 4288
f 4354 4288 4355
f 4355 4288 4297
f 4355 4297 4320
f 4320 4297 4286
f 4350 4356 4349
f 4349 4356 4357
f 4349 4357 4348
f 4348 4357 4358
f 4348 4358 4347
f 4347 4358 4359
f 4347 4359 4346
f 4346 4359 4360
f 4346 4360 4345
f 4345 4360 4361
f 4345 4361 4344
f 4344 4361 4362
f 4344 4362 4343
f 4343 4362 4363
f 4343 4363 4342
f 4342 4363 4364
f 4342 4364 4341
f 4341 4364 4365
f 4341 4365 4340
f 4340 4365 4366
f 4340 4366 4339
f 4339 4366 4367
f 4339 4367 4338
f 4338 4367 4368
f 4338 4368 4337
f 4337 4368 4369
f 4337 4369 4336
f 4336 4369 4370
f 4336 4370 4335
f 4335 4370 4371
f 4335 4371 4334
f 4334 4371 4372
f 4334 4372 4333
f 4333 4372 4373
f 4333 4373 4332
f 4332 4373 4374
f 4332 4374 4331
f 4331 4374 4375
f 4331 4375 4330
f 4330 4375 4376
f 4330 4376 4329
f 4329 4376 4377
f 4329 4377 4328
f 4328 4377 4378
f 4328 4378 4327
f 4327 4378 4379
f 4327 4379 4326
f 4326 4379 4380
f 4326 4380 4325
f 4325 4380 4381
f 4325 4381 4324
f 4324 4381 4382
f 4324 4382 4323
f 4323 4382 4383
f 4323 4383 4322
f 4322 4383 4384
f 4322 4384 4321
f 4321 4384 4385
f 4321 4385 4320
f 4320 4385 4386
f 4320 4386 4355
f 4355 4386 4387
f 4355 4387 4354
f 4354 4387 4388
f 4354 4388 4353
f 4353 4388 4389
f 4353 4389 4352
f 4352 4389 4390
f 4352 4390 4351
f 4351 4390 4391
f 4351 4391 4350
f 4350 4391 4356
f 3422 4367 3421
f 3421 4367 4366
f 3421 4366 3420
f 3420 4366 4365
f 3420 4365 3419
f 3419 4365 4364
f 3419 4364 3418
f 3418 4364 4363
f 3418 4363 3417
f 3417 4363 4362
f 3417 4362 3416
f 3416 4362 4361
f 3416 4361 3415
f 3415 4361 4360
f 3415 4360 3414
f 3414 4360 4359
f 3414 4359 3413
f 3413 4359 4358
f 3413 4358 3448
f 3448 4358 4357
f 3448 4357 3447
f 3447 4357 4356
f 3447 4356 3446
f 3446 4356 4391
f 3446 4391 3445
f 3445 4391 4390
f 3445 4390 3444
f 3444 4390 4389
f 3444 4389 3443
f 3443 4389 4388
f 3443 4388 3442
f 3442 4388 4387
f 3442 4387 3441
f 3441 4387 4386
f 3441 4386 3440
f 3440 4386 4385
f 3440 4385 3439
f 3439 4385 4384
f 3439 4384 3438
f 3438 4384 4383
f 3438 4383 3437
f 3437 4383 4382
f 3437 4382 3436
f 3436 4382 4381
f 3436 4381 3435
f 3435 4381 4380
f 3435 4380 3434
f 3434 4380 4379
f 3434 4379 3433
f 3433 4379 4378
f 3433 4378 3432
f 3432 4378 4377
f 3432 4377 3431
f 3431 4377 4376
f 3431 4376 3430
f 3430 4376 4375
f 3430 4375 3429
f 3429 4375 4374
f 3429 4374 3428
f 3428 4374 4373
f 3428 4373 3427
f 3427 4373 4372
f 3427 4372 3426
f 3426 4372 4371
f 3426 4371 3425
f 3425 4371 4370
f 3425 4370 3424
f 3424 4370 4369
f 3424 4369 3423
f 3423 4369 4368
f 3423 4368 3422
f 3422 4368 4367
f 4392 4393 4394
f 4395 4396 4397
f 4398 4395 4399
f 4399 4395 4400
f 4401 4402 4403
f 4393 4404 4394
f 4394 4404 4405
f 4394 4405 4406
f 4397 4407 4395
f 4395 4407 4408
f 4395 4408 4409
f 4410 4405 4398
f 4398 4405 4411
f 4398 4411 4395
f 4410 4412 4405
f 4405 4412 4413
f 4405 4413 4414
f 4401 4403 4415
f 4409 4416 4395
f 4395 4416 4417
f 4395 4417 4400
f 4414 4418 4405
f 4405 4418 4419
f 4405 4419 4406
f 4415 4403 4394
f 4394 4403 4420
f 4394 4420 4392
f 4421 4422 4423
f 4423 4422 4424
f 4421 4425 4422
f 4422 4425 4426
f 4422 4426 4395
f 4395 4426 4427
f 4395 4427 4396
f 4399 4428 4398
f 4398 4428 4429
f 4398 4429 4410
f 4410 4429 4430
f 4410 4430 4412
f 4412 4430 4431
f 4412 4431 4413
f 4413 4431 4432
f 4413 4432 4414
f 4414 4432 4433
f 4414 4433 4418
f 4418 4433 4434
f 4418 4434 4419
f 4419 4434 4435
f 4419 4435 4406
f 4406 4435 4436
f 4406 4436 4394
f 4394 4436 4437
f 4394 4437 4415
f 4415 4437 4438
f 4415 4438 4401
f 4401 4438 4439
f 4401 4439 4402
f 4402 4439 4440
f 4402 4440 4403
f 4403 4440 4441
f 4403 4441 4420
f 4420 4441 4442
f 4420 4442 4392
f 4392 4442 4443
f 4392 4443 4393
f 4393 4443 4444
f 4393 4444 4404
f 4404 4444 4445
f 4404 4445 4405
f 4405 4445 4446
f 4405 4446 4411
f 4411 4446 4447
f 4411 4447 4395
f 4395 4447 4448
f 4395 4448 4422
f 4422 4448 4449
f 4422 4449 4424
f 4424 4449 4450
f 4424 4450 4423
f 4423 4450 4451
f 4423 4451 4421
f 4421 4451 4452
f 4421 4452 4425
f 4425 4452 4453
f 4425 4453 4426
f 4426 4453 4454
f 4426 4454 4427
f 4427 4454 4455
f 4427 4455 4396
f 4396 4455 4456
f 4396 4456 4397
f 4397 4456 4457
f 4397 4457 4407
f 4407 4457 4458
f 4407 4458 4408
f 4408 4458 4459
f 4408 4459 4409
f 4409 4459 4460
f 4409 4460 4416
f 4416 4460 4461
f 4416 4461 4417
f 4417 4461 4462
f 4417 4462 4400
f 4400 4462 4463
f 4400 4463 4399
f 4399 4463 4428
f 4429 4464 4430
f 4430 4464 4465
f 4430 4465 4431
f 4462 4466 4463
f 4463 4466 4467
f 4463 4467 4428
f 4428 4467 4468
f 4428 4468 4429
f 4429 4468 4469
f 4429 4469 4464
f 4456 4470 4457
f 4457 4470 4471
f 4457 4471 4458
f 4451 4472 4452
f 4452 4472 4473
f 4452 4473 4453
f 4460 4474 4461
f 4461 4474 4475
f 4461 4475 4462
f 4462 4475 4476
f 4462 4476 4466
f 4473 4477 4453
f 4453 4477 4478
f 4453 4478 4454
f 4454 4478 4479
f 4454 4479 4455
f 4455 4479 4480
f 4455 4480 4456
f 4456 4480 4481
f 4456 4481 4470
f 4447 4482 4448
f 4448 4482 4483
f 4448 4483 4449
f 4471 4484 4458
f 4458 4484 4485
f 4458 4485 4459
f 4459 4485 4486
f 4459 4486 4460
f 4460 4486 4487
f 4460 4487 4474
f 4483 4488 4449
f 4449 4488 4489
f 4449 4489 4450
f 4450 4489 4490
f 4450 4490 4451
f 4451 4490 4491
f 4451 4491 4472
f 4465 4492 4431
f 4431 4492 4493
f 4431 4493 4432
f 4432 4493 4494
f 4432 4494 4433
f 4442 4495 4443
f 4443 4495 4496
f 4443 4496 4444
f 4435 4497 4436
f 4436 4497 4498
f 4436 4498 4437
f 4437 4498 4499
f 4437 4499 4438
f 4494 4500 4433
f 4433 4500 4501
f 4433 4501 4434
f 4434 4501 4502
f 4434 4502 4435
f 4435 4502 4503
f 4435 4503 4497
f 4496 4504 4444
f 4444 4504 4505
f 4444 4505 4445
f 4445 4505 4506
f 4445 4506 4446
f 4446 4506 4507
f 4446 4507 4447
f 4447 4507 4508
f 4447 4508 4482
f 4499 4509 4438
f 4438 4509 4510
f 4438 4510 4439
f 4439 4510 4511
f 4439 4511 4440
f 4511 4512 4440
f 4440 4512 4513
f 4440 4513 4441
f 4441 4513 4514
f 4441 4514 4442
f 4442 4514 4515
f 4442 4515 4495
f 4516 4517 4518
f 4517 4516 4519
f 4519 4520 4521
f 4522 4520 4519
f 4523 4524 4525
f 4526 4527 4528
f 4529 4530 4531
f 4531 4530 4532
f 4532 4530 4533
f 4533 4530 4534
f 4533 4534 4535
f 4535 4534 4536
f 4536 4534 4537
f 4536 4537 4538
f 4538 4537 4539
f 4539 4537 4540
f 4539 4540 4541
f 4541 4540 4542
f 4542 4540 4543
f 4542 4543 4544
f 4544 4543 4545
f 4545 4543 4546
f 4545 4546 4547
f 4547 4546 4548
f 4548 4546 4549
f 4548 4549 4550
f 4550 4549 4551
f 4551 4549 4552
f 4551 4552 4553
f 4553 4552 4554
f 4554 4552 4528
f 4554 4528 4555
f 4555 4528 4527
f 4555 4527 4556
f 4557 4558 4559
f 4559 4558 4560
f 4559 4560 4525
f 4525 4560 4561
f 4525 4561 4523
f 4562 4563 4564
f 4564 4563 4565
f 4564 4565 4557
f 4557 4565 4566
f 4557 4566 4558
f 4567 4568 4562
f 4562 4568 4569
f 4562 4569 4563
f 4519 4570 4567
f 4567 4570 4571
f 4567 4571 4568
f 4572 4521 4573
f 4573 4521 4520
f 4573 4520 4574
f 4574 4520 4522
f 4574 4522 4575
f 4576 4518 4577
f 4577 4518 4517
f 4577 4517 4578
f 4578 4517 4519
f 4579 4572 4580
f 4580 4572 4573
f 4580 4573 4581
f 4581 4573 4574
f 4581 4574 4582
f 4582 4574 4575
f 4582 4575 4583
f 4584 4576 4585
f 4585 4576 4577
f 4585 4577 4586
f 4586 4577 4578
f 4586 4578 4587
f 4587 4578 4519
f 4588 4579 4589
f 4589 4579 4580
f 4589 4580 4590
f 4590 4580 4581
f 4590 4581 4591
f 4591 4581 4582
f 4591 4582 4592
f 4592 4582 4583
f 4592 4583 4593
f 4594 4584 4595
f 4595 4584 4585
f 4595 4585 4596
f 4596 4585 4586
f 4596 4586 4597
f 4597 4586 4587
f 4597 4587 4598
f 4598 4587 4519
f 4599 4588 4600
f 4600 4588 4589
f 4600 4589 4601
f 4601 4589 4590
f 4601 4590 4602
f 4602 4590 4591
f 4602 4591 4603
f 4603 4591 4592
f 4603 4592 4604
f 4604 4592 4593
f 4604 4593 4605
f 4606 4594 4607
f 4607 4594 4595
f 4607 4595 4608
f 4608 4595 4596
f 4608 4596 4609
f 4609 4596 4597
f 4609 4597 4610
f 4610 4597 4598
f 4610 4598 4611
f 4611 4598 4519
f 4612 4599 4613
f 4613 4599 4600
f 4613 4600 4614
f 4614 4600 4601
f 4614 4601 4615
f 4615 4601 4602
f 4615 4602 4616
f 4616 4602 4603
f 4616 4603 4617
f 4617 4603 4604
f 4617 4604 4618
f 4618 4604 4605
f 4618 4605 4619
f 4524 4606 4525
f 4525 4606 4607
f 4525 4607 4559
f 4559 4607 4608
f 4559 4608 4557
f 4557 4608 4609
f 4557 4609 4564
f 4564 4609 4610
f 4564 4610 4562
f 4562 4610 4611
f 4562 4611 4567
f 4567 4611 4519
f 4620 4612 4621
f 4621 4612 4613
f 4621 4613 4622
f 4622 4613 4614
f 4622 4614 4623
f 4623 4614 4615
f 4623 4615 4624
f 4624 4615 4616
f 4624 4616 4625
f 4625 4616 4617
f 4625 4617 4626
f 4626 4617 4618
f 4626 4618 4627
f 4627 4618 4619
f 4627 4619 4628
f 4524 4628 4606
f 4606 4628 4619
f 4606 4619 4594
f 4594 4619 4605
f 4594 4605 4584
f 4584 4605 4593
f 4584 4593 4576
f 4576 4593 4583
f 4576 4583 4518
f 4518 4583 4575
f 4518 4575 4516
f 4516 4575 4522
f 4516 4522 4519
f 4523 4526 4524
f 4524 4526 4528
f 4524 4528 4628
f 4628 4528 4552
f 4628 4552 4627
f 4627 4552 4549
f 4627 4549 4626
f 4626 4549 4546
f 4626 4546 4625
f 4625 4546 4543
f 4625 4543 4624
f 4624 4543 4540
f 4624 4540 4623
f 4623 4540 4537
f 4623 4537 4622
f 4622 4537 4534
f 4622 4534 4621
f 4621 4534 4530
f 4621 4530 4620
f 4620 4530 4529
f 4529 4531 4629
f 4629 4630 4529
f 4529 4630 4631
f 4529 4631 4620
f 4620 4631 4632
f 4620 4632 4612
f 4612 4632 4633
f 4612 4633 4599
f 4599 4633 4634
f 4599 4634 4588
f 4588 4634 4635
f 4588 4635 4579
f 4579 4635 4636
f 4579 4636 4572
f 4572 4636 4637
f 4572 4637 4521
f 4521 4637 4638
f 4521 4638 4519
f 4639 4640 4641
f 4641 4640 4642
f 4519 4638 4643
f 4643 4638 4644
f 4645 4646 4647
f 4646 4645 4638
f 4638 4648 4649
f 4650 4648 4638
f 3958 4651 4652
f 4652 4651 4653
f 4652 4653 4654
f 4654 4653 4655
f 4654 4655 4656
f 4656 4655 4657
f 4657 4655 4658
f 4657 4658 4659
f 4659 4658 4660
f 4659 4660 4661
f 4661 4660 4662
f 4662 4660 4663
f 4662 4663 4664
f 4664 4663 4665
f 4664 4665 4666
f 4666 4665 4667
f 4667 4665 4668
f 4667 4668 4669
f 4669 4668 4670
f 4670 4668 4671
f 4670 4671 4672
f 4672 4671 4673
f 4673 4671 4674
f 4673 4674 4675
f 4675 4674 4630
f 4675 4630 4629
f 4638 4637 4676
f 4676 4637 4636
f 4676 4636 4677
f 4677 4636 4635
f 4677 4635 4678
f 4678 4635 4634
f 4678 4634 4679
f 4679 4634 4633
f 4679 4633 4680
f 4680 4633 4632
f 4680 4632 4681
f 4681 4632 4631
f 4681 4631 4682
f 4683 4649 4684
f 4684 4649 4648
f 4684 4648 4685
f 4685 4648 4650
f 4685 4650 4686
f 4687 4647 4688
f 4688 4647 4646
f 4688 4646 4689
f 4689 4646 4638
f 4690 4683 4691
f 4691 4683 4684
f 4691 4684 4692
f 4692 4684 4685
f 4692 4685 4693
f 4693 4685 4686
f 4693 4686 4694
f 4695 4687 4696
f 4696 4687 4688
f 4696 4688 4697
f 4697 4688 4689
f 4697 4689 4698
f 4698 4689 4638
f 4699 4690 4700
f 4700 4690 4691
f 4700 4691 4701
f 4701 4691 4692
f 4701 4692 4702
f 4702 4692 4693
f 4702 4693 4703
f 4703 4693 4694
f 4703 4694 4704
f 4705 4695 4706
f 4706 4695 4696
f 4706 4696 4707
f 4707 4696 4697
f 4707 4697 4708
f 4708 4697 4698
f 4708 4698 4709
f 4709 4698 4638
f 4710 4699 4711
f 4711 4699 4700
f 4711 4700 4712
f 4712 4700 4701
f 4712 4701 4713
f 4713 4701 4702
f 4713 4702 4714
f 4714 4702 4703
f 4714 4703 4715
f 4715 4703 4704
f 4715 4704 4716
f 4717 4705 4718
f 4718 4705 4706
f 4718 4706 4719
f 4719 4706 4707
f 4719 4707 4720
f 4720 4707 4708
f 4720 4708 4721
f 4721 4708 4709
f 4721 4709 4722
f 4722 4709 4638
f 4723 4710 4724
f 4724 4710 4711
f 4724 4711 4725
f 4725 4711 4712
f 4725 4712 4726
f 4726 4712 4713
f 4726 4713 4727
f 4727 4713 4714
f 4727 4714 4728
f 4728 4714 4715
f 4728 4715 4729
f 4729 4715 4716
f 4729 4716 4730
f 4682 4717 4681
f 4681 4717 4718
f 4681 4718 4680
f 4680 4718 4719
f 4680 4719 4679
f 4679 4719 4720
f 4679 4720 4678
f 4678 4720 4721
f 4678 4721 4677
f 4677 4721 4722
f 4677 4722 4676
f 4676 4722 4638
f 4731 4723 4732
f 4732 4723 4724
f 4732 4724 4733
f 4733 4724 4725
f 4733 4725 4734
f 4734 4725 4726
f 4734 4726 4735
f 4735 4726 4727
f 4735 4727 4736
f 4736 4727 4728
f 4736 4728 4737
f 4737 4728 4729
f 4737 4729 4738
f 4738 4729 4730
f 4738 4730 4739
f 4682 4739 4717
f 4717 4739 4730
f 4717 4730 4705
f 4705 4730 4716
f 4705 4716 4695
f 4695 4716 4704
f 4695 4704 4687
f 4687 4704 4694
f 4687 4694 4647
f 4647 4694 4686
f 4647 4686 4645
f 4645 4686 4650
f 4645 4650 4638
f 4631 4630 4682
f 4682 4630 4674
f 4682 4674 4739
f 4739 4674 4671
f 4739 4671 4738
f 4738 4671 4668
f 4738 4668 4737
f 4737 4668 4665
f 4737 4665 4736
f 4736 4665 4663
f 4736 4663 4735
f 4735 4663 4660
f 4735 4660 4734
f 4734 4660 4658
f 4734 4658 4733
f 4733 4658 4655
f 4733 4655 4732
f 4732 4655 4653
f 4732 4653 4731
f 4731 4653 4651
f 4740 4741 4742
f 4742 4741 4743
f 4742 4743 4744
f 4742 4745 4740
f 4740 4745 4746
f 4740 4746 4747
f 4748 4749 4742
f 4742 4749 4750
f 4742 4750 4745
f 4751 4752 4747
f 4748 4753 4749
f 4749 4753 4754
f 4749 4754 4755
f 4752 4756 4747
f 4747 4756 4757
f 4747 4757 4740
f 4740 4758 4741
f 4741 4758 4759
f 4741 4759 4760
f 4760 4759 4761
f 4762 4763 4764
f 4764 4763 4765
f 4761 4766 4760
f 4760 4766 4763
f 4760 4763 4767
f 4767 4763 4762
f 4744 4743 4768
f 4768 4743 4769
f 4768 4769 4770
f 4755 4771 4749
f 4749 4771 4772
f 4749 4772 4773
f 4774 4775 4776
f 4770 4777 4768
f 4768 4777 4778
f 4768 4778 4779
f 4774 4776 4747
f 4747 4776 4780
f 4747 4780 4751
f 4779 4781 4768
f 4768 4781 4782
f 4768 4782 4783
f 4784 4785 4786
f 4786 4785 4787
f 4786 4787 4788
f 4787 4789 4788
f 4788 4789 4790
f 4788 4790 4791
f 4791 4790 4792
f 4791 4792 4793
f 4793 4792 4794
f 4794 4792 4795
f 4794 4795 4796
f 4796 4795 4797
f 4797 4795 4798
f 4797 4798 4799
f 4799 4798 4800
f 4799 4800 4801
f 4801 4800 4802
f 4801 4802 4803
f 4802 4804 4803
f 4803 4804 4805
f 4803 4805 4806
f 4806 4805 4807
f 4640 4639 4808
f 4808 4639 4809
f 4808 4809 4810
f 4810 4809 4811
f 4810 4811 4812
f 4812 4811 4813
f 4812 4813 4814
f 4814 4813 4815
f 4814 4815 4816
f 4816 4815 4817
f 4816 4817 4818
f 4818 4817 4819
f 4818 4819 4820
f 4820 4819 4821
f 4820 4821 4807
f 4807 4821 4822
f 4807 4822 4806
f 4823 4824 4825
f 4826 4827 4828
f 4829 4830 4831
f 4832 4833 4834
f 4835 4836 4837
f 4838 4839 4840
f 4840 4839 4841
f 4840 4841 4842
f 4842 4841 4843
f 4842 4843 4844
f 4845 4846 4847
f 4847 4846 4848
f 4849 4850 4851
f 4851 4850 4852
f 4853 4852 4839
f 4839 4852 4850
f 4839 4850 4841
f 4841 4850 4849
f 4841 4849 4843
f 4848 4854 4847
f 4847 4854 4855
f 4847 4855 4856
f 4856 4855 4857
f 4856 4857 4858
f 4859 4860 4861
f 4861 4860 4862
f 4863 4862 4853
f 4853 4862 4860
f 4853 4860 4852
f 4852 4860 4859
f 4852 4859 4851
f 4864 4865 4866
f 4866 4865 4867
f 4868 4867 4863
f 4863 4867 4865
f 4863 4865 4862
f 4862 4865 4864
f 4862 4864 4861
f 4857 4869 4858
f 4858 4869 4870
f 4858 4870 4871
f 4872 4873 4874
f 4874 4873 4875
f 4874 4875 4876
f 4876 4875 4877
f 4876 4877 4878
f 4819 4872 4821
f 4821 4872 4874
f 4821 4874 4822
f 4822 4874 4876
f 4822 4876 4806
f 4806 4876 4878
f 4806 4878 4803
f 4879 4880 4881
f 4870 4882 4871
f 4871 4882 4883
f 4871 4883 4884
f 4884 4883 4885
f 4884 4885 4886
f 4887 4888 4889
f 4889 4888 4890
f 4887 4879 4888
f 4888 4879 4881
f 4888 4881 4890
f 4890 4881 4891
f 4885 4892 4886
f 4886 4892 4893
f 4886 4893 4894
f 4894 4893 4895
f 4894 4895 4896
f 4897 4898 4899
f 4899 4898 4900
f 4901 4900 4891
f 4891 4900 4898
f 4891 4898 4890
f 4890 4898 4897
f 4890 4897 4889
f 4902 4903 4904
f 4904 4903 4905
f 4906 4905 4901
f 4901 4905 4903
f 4901 4903 4900
f 4900 4903 4902
f 4900 4902 4899
f 4895 4907 4896
f 4896 4907 4908
f 4896 4908 4909
f 4910 4791 4793
f 4911 4912 4913
f 4913 4912 4914
f 4915 4914 4906
f 4906 4914 4912
f 4906 4912 4905
f 4905 4912 4911
f 4905 4911 4904
f 4908 4916 4909
f 4909 4916 4917
f 4909 4917 4918
f 4919 4788 4791
f 4791 4910 4919
f 4919 4910 4920
f 4919 4920 4921
f 4922 4921 4915
f 4915 4921 4920
f 4915 4920 4914
f 4914 4920 4910
f 4914 4910 4913
f 4913 4910 4793
f 4913 4793 4911
f 4911 4793 4794
f 4911 4794 4904
f 4904 4794 4796
f 4904 4796 4902
f 4902 4796 4797
f 4902 4797 4899
f 4899 4797 4799
f 4899 4799 4897
f 4897 4799 4801
f 4897 4801 4889
f 4889 4801 4803
f 4889 4803 4887
f 4887 4803 4878
f 4887 4878 4879
f 4879 4878 4877
f 4879 4877 4880
f 4880 4877 4875
f 4880 4875 4868
f 4868 4875 4873
f 4868 4873 4867
f 4867 4873 4872
f 4867 4872 4866
f 4866 4872 4819
f 4866 4819 4864
f 4864 4819 4817
f 4864 4817 4861
f 4861 4817 4815
f 4861 4815 4859
f 4859 4815 4813
f 4859 4813 4851
f 4851 4813 4811
f 4851 4811 4849
f 4849 4811 4809
f 4849 4809 4843
f 4843 4809 4639
f 4843 4639 4844
f 4788 4923 4786
f 4786 4923 4924
f 4786 4924 4784
f 4784 4924 4925
f 4923 4926 4924
f 4924 4926 4927
f 4924 4927 4925
f 4925 4927 4928
f 4922 4929 4930
f 4788 4919 4923
f 4923 4919 4921
f 4923 4921 4926
f 4926 4921 4922
f 4926 4922 4927
f 4927 4922 4930
f 4927 4930 4928
f 4838 4931 4839
f 4839 4931 4932
f 4839 4932 4853
f 4853 4932 4933
f 4853 4933 4863
f 4863 4933 4934
f 4863 4934 4868
f 4868 4934 4935
f 4868 4935 4880
f 4880 4935 4936
f 4880 4936 4881
f 4881 4936 4937
f 4881 4937 4891
f 4891 4937 4938
f 4891 4938 4901
f 4901 4938 4939
f 4901 4939 4906
f 4906 4939 4940
f 4906 4940 4915
f 4915 4940 4941
f 4915 4941 4922
f 4922 4941 4942
f 4922 4942 4929
f 4929 4942 4943
f 4931 4835 4932
f 4932 4835 4837
f 4932 4837 4933
f 4933 4837 4944
f 4933 4944 4934
f 4934 4944 4945
f 4934 4945 4935
f 4935 4945 4946
f 4935 4946 4936
f 4936 4946 4947
f 4936 4947 4937
f 4937 4947 4948
f 4937 4948 4938
f 4938 4948 4949
f 4938 4949 4939
f 4939 4949 4950
f 4939 4950 4940
f 4940 4950 4951
f 4940 4951 4941
f 4941 4951 4952
f 4941 4952 4942
f 4942 4952 4953
f 4942 4953 4943
f 4943 4953 4954
f 4836 4955 4837
f 4837 4955 4956
f 4837 4956 4944
f 4944 4956 4957
f 4944 4957 4945
f 4945 4957 4958
f 4945 4958 4946
f 4946 4958 4959
f 4946 4959 4947
f 4947 4959 4960
f 4947 4960 4948
f 4948 4960 4961
f 4948 4961 4949
f 4949 4961 4962
f 4949 4962 4950
f 4950 4962 4963
f 4950 4963 4951
f 4951 4963 4964
f 4951 4964 4952
f 4952 4964 4965
f 4952 4965 4953
f 4953 4965 4831
f 4953 4831 4954
f 4954 4831 4830
f 4966 4829 4967
f 4967 4829 4831
f 4967 4831 4968
f 4968 4831 4965
f 4968 4965 4969
f 4969 4965 4964
f 4969 4964 4970
f 4970 4964 4963
f 4970 4963 4971
f 4971 4963 4962
f 4971 4962 4972
f 4972 4962 4961
f 4972 4961 4973
f 4973 4961 4960
f 4973 4960 4974
f 4974 4960 4959
f 4974 4959 4975
f 4975 4959 4958
f 4975 4958 4976
f 4976 4958 4957
f 4976 4957 4977
f 4977 4957 4956
f 4977 4956 4978
f 4978 4956 4955
f 4978 4979 4977
f 4977 4979 4980
f 4977 4980 4976
f 4976 4980 4981
f 4976 4981 4975
f 4975 4981 4982
f 4975 4982 4974
f 4974 4982 4983
f 4974 4983 4973
f 4973 4983 4984
f 4973 4984 4972
f 4972 4984 4985
f 4972 4985 4971
f 4971 4985 4986
f 4971 4986 4970
f 4970 4986 4987
f 4970 4987 4969
f 4969 4987 4988
f 4969 4988 4968
f 4968 4988 4989
f 4968 4989 4967
f 4967 4989 4990
f 4967 4990 4966
f 4966 4990 4991
f 4979 4832 4980
f 4980 4832 4834
f 4980 4834 4981
f 4981 4834 4992
f 4981 4992 4982
f 4982 4992 4993
f 4982 4993 4983
f 4983 4993 4994
f 4983 4994 4984
f 4984 4994 4995
f 4984 4995 4985
f 4985 4995 4996
f 4985 4996 4986
f 4986 4996 4997
f 4986 4997 4987
f 4987 4997 4998
f 4987 4998 4988
f 4988 4998 4999
f 4988 4999 4989
f 4989 4999 5000
f 4989 5000 4990
f 4990 5000 4828
f 4990 4828 4991
f 4991 4828 4827
f 5001 4826 5002
f 5002 4826 4828
f 5002 4828 5003
f 5003 4828 5000
f 5003 5000 5004
f 5004 5000 4999
f 5004 4999 5005
f 5005 4999 4998
f 5005 4998 5006
f 5006 4998 4997
f 5006 4997 5007
f 5007 4997 4996
f 5007 4996 5008
f 5008 4996 4995
f 5008 4995 5009
f 5009 4995 4994
f 5009 4994 5010
f 5010 4994 4993
f 5010 4993 5011
f 5011 4993 4992
f 5011 4992 5012
f 5012 4992 4834
f 5012 4834 5013
f 5013 4834 4833
f 5013 5014 5012
f 5012 5014 5015
f 5012 5015 5011
f 5011 5015 5016
f 5011 5016 5010
f 5010 5016 5017
f 5010 5017 5009
f 5009 5017 5018
f 5009 5018 5008
f 5008 5018 5019
f 5008 5019 5007
f 5007 5019 5020
f 5007 5020 5006
f 5006 5020 5021
f 5006 5021 5005
f 5005 5021 5022
f 5005 5022 5004
f 5004 5022 5023
f 5004 5023 5003
f 5003 5023 5024
f 5003 5024 5002
f 5002 5024 4825
f 5002 4825 5001
f 5001 4825 4824
f 5025 4823 5026
f 5026 4823 4825
f 5026 4825 4918
f 4918 4825 5024
f 4918 5024 4909
f 4909 5024 5023
f 4909 5023 4896
f 4896 5023 5022
f 4896 5022 4894
f 4894 5022 5021
f 4894 5021 4886
f 4886 5021 5020
f 4886 5020 4884
f 4884 5020 5019
f 4884 5019 4871
f 4871 5019 5018
f 4871 5018 4858
f 4858 5018 5017
f 4858 5017 4856
f 4856 5017 5016
f 4856 5016 4847
f 4847 5016 5015
f 4847 5015 4845
f 4845 5015 5014
f 4917 5027 4918
f 4918 5027 5028
f 4918 5028 5026
f 5026 5028 5029
f 5026 5029 5025
f 5025 5029 5030
f 5031 4836 4835
f 5032 4845 5014
f 5033 4848 5032
f 5032 4848 4846
f 5032 4846 4845
f 5013 5034 5014
f 5014 5034 5035
f 5014 5035 5032
f 5013 4833 5034
f 5034 4833 4832
f 5034 4832 5036
f 5036 4832 5037
f 4832 4979 5037
f 5037 4979 4978
f 5037 4978 5031
f 5031 4978 4955
f 5031 4955 4836
f 4931 5038 4835
f 4835 5038 5039
f 4835 5039 5031
f 4931 4838 5038
f 5038 4838 4840
f 5038 4840 5040
f 5040 4840 4842
f 4842 4844 5040
f 5040 4844 4639
f 5040 4639 4641
f 5041 5042 5043
f 5044 5045 5046
f 5047 5048 5049
f 5050 5051 5052
f 5053 5054 5055
f 5056 5057 5058
f 5054 5059 5060
f 5061 5062 5063
f 5064 5065 5066
f 5067 5068 5069
f 5056 5058 5060
f 5057 3925 5058
f 5058 3925 5070
f 5058 5070 5071
f 5072 5073 5074
f 5074 5073 5075
f 5074 5075 5076
f 5076 5075 5077
f 5076 5077 5078
f 5078 5077 5079
f 5078 5079 5080
f 5055 5081 5053
f 5053 5081 5082
f 5053 5082 5083
f 5082 5084 5083
f 5083 5084 5085
f 5083 5085 5086
f 5070 5087 5071
f 5071 5087 5088
f 5071 5088 5089
f 5089 5088 5090
f 5089 5090 5091
f 5091 5090 5092
f 5091 5092 5093
f 5093 5092 5094
f 5085 5095 5086
f 5086 5095 5096
f 5086 5096 5097
f 5052 5051 5098
f 5098 5051 5099
f 5098 5099 5094
f 5094 5099 5100
f 5094 5100 5093
f 5096 5101 5097
f 5097 5101 5102
f 5097 5102 5103
f 5103 5102 5104
f 5103 5104 5105
f 5054 5060 5055
f 5055 5060 5058
f 5055 5058 5081
f 5081 5058 5071
f 5081 5071 5082
f 5082 5071 5089
f 5082 5089 5084
f 5084 5089 5091
f 5084 5091 5085
f 5085 5091 5093
f 5085 5093 5095
f 5095 5093 5100
f 5095 5100 5096
f 5096 5100 5099
f 5096 5099 5101
f 5101 5099 5051
f 5101 5051 5102
f 5102 5051 5050
f 5102 5050 5104
f 5080 5079 5106
f 5106 5079 5107
f 5106 5107 5108
f 5108 5107 5109
f 5108 5109 5110
f 5110 5109 5111
f 5110 5111 5112
f 5112 5111 5113
f 5112 5113 5114
f 5062 5059 5063
f 5063 5059 5054
f 5063 5054 5115
f 5115 5054 5053
f 5115 5053 5116
f 5116 5053 5083
f 5116 5083 5117
f 5117 5083 5086
f 5117 5086 5118
f 5118 5086 5097
f 5118 5097 5119
f 5119 5097 5103
f 5119 5103 5120
f 5120 5103 5105
f 5120 5105 5121
f 5122 5123 5124
f 5124 5123 5125
f 5124 5125 5126
f 5126 5125 5127
f 5126 5127 5128
f 5128 5127 5129
f 5052 5129 5050
f 5050 5129 5127
f 5050 5127 5104
f 5104 5127 5125
f 5104 5125 5105
f 5105 5125 5123
f 5105 5123 5121
f 5121 5123 5122
f 5121 5122 5130
f 5131 5132 5133
f 5133 5132 5134
f 5133 5134 5135
f 5135 5134 5136
f 5135 5136 5137
f 5137 5136 5138
f 5128 5138 5126
f 5126 5138 5136
f 5126 5136 5124
f 5124 5136 5134
f 5124 5134 5122
f 5122 5134 5132
f 5122 5132 5130
f 5130 5132 5131
f 5130 5131 5139
f 5114 5113 5140
f 5140 5113 5141
f 5140 5141 5142
f 5142 5141 5143
f 5142 5143 5144
f 5144 5143 5145
f 5144 5145 5146
f 5146 5145 5147
f 5146 5147 5148
f 5149 5061 5150
f 5150 5061 5063
f 5150 5063 5151
f 5151 5063 5115
f 5151 5115 5152
f 5152 5115 5116
f 5152 5116 5153
f 5153 5116 5117
f 5153 5117 5154
f 5154 5117 5118
f 5154 5118 5155
f 5155 5118 5119
f 5155 5119 5156
f 5156 5119 5120
f 5156 5120 5157
f 5157 5120 5121
f 5157 5121 5158
f 5158 5121 5130
f 5158 5130 5159
f 5159 5130 5139
f 5159 5139 5160
f 5160 5139 5161
f 5162 5163 5164
f 5164 5163 5165
f 5164 5165 5166
f 5166 5165 5167
f 5166 5167 5168
f 5169 5162 5170
f 5170 5162 5164
f 5170 5164 5171
f 5171 5164 5166
f 5171 5166 5172
f 5172 5166 5168
f 5172 5168 5173
f 5174 5169 5175
f 5175 5169 5170
f 5175 5170 5176
f 5176 5170 5171
f 5176 5171 5177
f 5177 5171 5172
f 5177 5172 5178
f 5178 5172 5173
f 5178 5173 5179
f 5180 5043 5161
f 5161 5043 5042
f 5161 5042 5160
f 5181 5182 5183
f 5183 5182 5184
f 5183 5184 5185
f 5148 5147 5186
f 5186 5147 5187
f 5186 5187 5188
f 5188 5187 5189
f 5188 5189 5190
f 5073 5067 5075
f 5075 5067 5069
f 5075 5069 5077
f 5077 5069 5191
f 5077 5191 5079
f 5079 5191 5192
f 5079 5192 5107
f 5107 5192 5193
f 5107 5193 5109
f 5109 5193 5194
f 5109 5194 5111
f 5111 5194 5195
f 5111 5195 5113
f 5113 5195 5196
f 5113 5196 5141
f 5141 5196 5197
f 5141 5197 5143
f 5143 5197 5198
f 5143 5198 5145
f 5145 5198 5199
f 5145 5199 5147
f 5147 5199 5200
f 5147 5200 5187
f 5187 5200 5049
f 5187 5049 5189
f 5189 5049 5048
f 5201 5047 5202
f 5202 5047 5049
f 5202 5049 5203
f 5203 5049 5200
f 5203 5200 5204
f 5204 5200 5199
f 5204 5199 5205
f 5205 5199 5198
f 5205 5198 5206
f 5206 5198 5197
f 5206 5197 5207
f 5207 5197 5196
f 5207 5196 5208
f 5208 5196 5195
f 5208 5195 5209
f 5209 5195 5194
f 5209 5194 5210
f 5210 5194 5193
f 5210 5193 5211
f 5211 5193 5192
f 5211 5192 5212
f 5212 5192 5191
f 5212 5191 5213
f 5213 5191 5069
f 5213 5069 5214
f 5214 5069 5068
f 5214 5215 5213
f 5213 5215 5216
f 5213 5216 5212
f 5212 5216 5217
f 5212 5217 5211
f 5211 5217 5218
f 5211 5218 5210
f 5210 5218 5219
f 5210 5219 5209
f 5209 5219 5220
f 5209 5220 5208
f 5208 5220 5221
f 5208 5221 5207
f 5207 5221 5222
f 5207 5222 5206
f 5206 5222 5223
f 5206 5223 5205
f 5205 5223 5224
f 5205 5224 5204
f 5204 5224 5225
f 5204 5225 5203
f 5203 5225 5226
f 5203 5226 5202
f 5202 5226 5227
f 5202 5227 5201
f 5201 5227 5228
f 5215 5064 5216
f 5216 5064 5066
f 5216 5066 5217
f 5217 5066 5229
f 5217 5229 5218
f 5218 5229 5230
f 5218 5230 5219
f 5219 5230 5231
f 5219 5231 5220
f 5220 5231 5232
f 5220 5232 5221
f 5221 5232 5233
f 5221 5233 5222
f 5222 5233 5234
f 5222 5234 5223
f 5223 5234 5235
f 5223 5235 5224
f 5224 5235 5236
f 5224 5236 5225
f 5225 5236 5237
f 5225 5237 5226
f 5226 5237 5238
f 5226 5238 5227
f 5227 5238 5239
f 5227 5239 5228
f 5228 5239 5240
f 5065 5241 5066
f 5066 5241 5242
f 5066 5242 5229
f 5229 5242 5243
f 5229 5243 5230
f 5230 5243 5244
f 5230 5244 5231
f 5231 5244 5245
f 5231 5245 5232
f 5232 5245 5246
f 5232 5246 5233
f 5233 5246 5247
f 5233 5247 5234
f 5234 5247 5248
f 5234 5248 5235
f 5235 5248 5249
f 5235 5249 5236
f 5236 5249 5250
f 5236 5250 5237
f 5237 5250 5251
f 5237 5251 5238
f 5238 5251 5252
f 5238 5252 5239
f 5239 5252 5046
f 5239 5046 5240
f 5240 5046 5045
f 5253 5044 5254
f 5254 5044 5046
f 5254 5046 5255
f 5255 5046 5252
f 5255 5252 5256
f 5256 5252 5251
f 5256 5251 5257
f 5257 5251 5250
f 5257 5250 5258
f 5258 5250 5249
f 5258 5249 5259
f 5259 5249 5248
f 5259 5248 5260
f 5260 5248 5247
f 5260 5247 5261
f 5261 5247 5246
f 5261 5246 5262
f 5262 5246 5245
f 5262 5245 5263
f 5263 5245 5244
f 5263 5244 5264
f 5264 5244 5243
f 5264 5243 5265
f 5265 5243 5242
f 5265 5242 5266
f 5266 5242 5241
f 5266 5149 5265
f 5265 5149 5150
f 5265 5150 5264
f 5264 5150 5151
f 5264 5151 5263
f 5263 5151 5152
f 5263 5152 5262
f 5262 5152 5153
f 5262 5153 5261
f 5261 5153 5154
f 5261 5154 5260
f 5260 5154 5155
f 5260 5155 5259
f 5259 5155 5156
f 5259 5156 5258
f 5258 5156 5157
f 5258 5157 5257
f 5257 5157 5158
f 5257 5158 5256
f 5256 5158 5159
f 5256 5159 5255
f 5255 5159 5160
f 5255 5160 5254
f 5254 5160 5042
f 5254 5042 5253
f 5253 5042 5041
f 5267 5268 5043
f 5043 5268 5269
f 5043 5269 5041
f 5270 5271 5181
f 5181 5271 5267
f 5181 5267 5182
f 5182 5267 5043
f 5182 5043 5184
f 5184 5043 5180
f 5184 5180 5185
f 5272 5270 5273
f 5273 5270 5181
f 5273 5181 5274
f 5274 5181 5183
f 5274 5183 5275
f 5275 5183 5185
f 5137 5179 5135
f 5135 5179 5173
f 5135 5173 5133
f 5133 5173 5168
f 5133 5168 5131
f 5131 5168 5167
f 5131 5167 5139
f 5139 5167 5165
f 5139 5165 5161
f 5161 5165 5163
f 5161 5163 5180
f 5180 5163 5162
f 5180 5162 5185
f 5185 5162 5169
f 5185 5169 5275
f 5275 5169 5174
f 5275 5174 5274
f 5274 5174 5276
f 5274 5276 5273
f 5273 5276 5277
f 5273 5277 5272
f 5272 5277 5278
f 5279 5280 5281
f 5282 5283 5284
f 5285 5286 5287
f 5288 5289 5290
f 5291 5292 5293
f 5294 5295 5296
f 5292 5297 5298
f 5299 5300 5301
f 5302 5303 5304
f 5305 5306 5307
f 5294 5296 5298
f 5295 5308 5296
f 5296 5308 5309
f 5296 5309 5310
f 5311 5312 5313
f 5313 5312 5314
f 5313 5314 5315
f 5315 5314 5316
f 5315 5316 5317
f 5317 5316 5318
f 5317 5318 5319
f 5293 5320 5291
f 5291 5320 5321
f 5291 5321 5322
f 5321 5323 5322
f 5322 5323 5324
f 5322 5324 5325
f 5309 5326 5310
f 5310 5326 5327
f 5310 5327 5328
f 5328 5327 5329
f 5328 5329 5330
f 5330 5329 5331
f 5330 5331 5332
f 5332 5331 5333
f 5324 5334 5325
f 5325 5334 5335
f 5325 5335 5336
f 5290 5289 5337
f 5337 5289 5338
f 5337 5338 5333
f 5333 5338 5339
f 5333 5339 5332
f 5335 5340 5336
f 5336 5340 5341
f 5336 5341 5342
f 5342 5341 5343
f 5342 5343 5344
f 5292 5298 5293
f 5293 5298 5296
f 5293 5296 5320
f 5320 5296 5310
f 5320 5310 5321
f 5321 5310 5328
f 5321 5328 5323
f 5323 5328 5330
f 5323 5330 5324
f 5324 5330 5332
f 5324 5332 5334
f 5334 5332 5339
f 5334 5339 5335
f 5335 5339 5338
f 5335 5338 5340
f 5340 5338 5289
f 5340 5289 5341
f 5341 5289 5288
f 5341 5288 5343
f 5319 5318 5345
f 5345 5318 5346
f 5345 5346 5347
f 5347 5346 5348
f 5347 5348 5349
f 5349 5348 5350
f 5349 5350 5351
f 5351 5350 5352
f 5351 5352 5353
f 5300 5297 5301
f 5301 5297 5292
f 5301 5292 5354
f 5354 5292 5291
f 5354 5291 5355
f 5355 5291 5322
f 5355 5322 5356
f 5356 5322 5325
f 5356 5325 5357
f 5357 5325 5336
f 5357 5336 5358
f 5358 5336 5342
f 5358 5342 5359
f 5359 5342 5344
f 5359 5344 5360
f 5361 5362 5363
f 5363 5362 5364
f 5363 5364 5365
f 5365 5364 5366
f 5365 5366 5367
f 5367 5366 5368
f 5290 5368 5288
f 5288 5368 5366
f 5288 5366 5343
f 5343 5366 5364
f 5343 5364 5344
f 5344 5364 5362
f 5344 5362 5360
f 5360 5362 5361
f 5360 5361 5369
f 5370 5371 5372
f 5372 5371 5373
f 5372 5373 5374
f 5374 5373 5375
f 5374 5375 5376
f 5376 5375 5377
f 5367 5377 5365
f 5365 5377 5375
f 5365 5375 5363
f 5363 5375 5373
f 5363 5373 5361
f 5361 5373 5371
f 5361 5371 5369
f 5369 5371 5370
f 5369 5370 5378
f 5353 5352 5379
f 5379 5352 5380
f 5379 5380 5381
f 5381 5380 5382
f 5381 5382 5383
f 5383 5382 5384
f 5383 5384 5385
f 5385 5384 5386
f 5385 5386 5387
f 5388 5299 5389
f 5389 5299 5301
f 5389 5301 5390
f 5390 5301 5354
f 5390 5354 5391
f 5391 5354 5355
f 5391 5355 5392
f 5392 5355 5356
f 5392 5356 5393
f 5393 5356 5357
f 5393 5357 5394
f 5394 5357 5358
f 5394 5358 5395
f 5395 5358 5359
f 5395 5359 5396
f 5396 5359 5360
f 5396 5360 5397
f 5397 5360 5369
f 5397 5369 5398
f 5398 5369 5378
f 5398 5378 5399
f 5399 5378 5400
f 5401 5402 5403
f 5403 5402 5404
f 5403 5404 5405
f 5405 5404 5406
f 5405 5406 5407
f 5408 5401 5409
f 5409 5401 5403
f 5409 5403 5410
f 5410 5403 5405
f 5410 5405 5411
f 5411 5405 5407
f 5411 5407 5412
f 5413 5408 5414
f 5414 5408 5409
f 5414 5409 5415
f 5415 5409 5410
f 5415 5410 5416
f 5416 5410 5411
f 5416 5411 5417
f 5417 5411 5412
f 5417 5412 5418
f 5419 5281 5400
f 5400 5281 5280
f 5400 5280 5399
f 5420 5421 5422
f 5422 5421 5423
f 5422 5423 5424
f 5387 5386 5425
f 5425 5386 5426
f 5425 5426 5427
f 5427 5426 5428
f 5427 5428 5429
f 5312 5305 5314
f 5314 5305 5307
f 5314 5307 5316
f 5316 5307 5430
f 5316 5430 5318
f 5318 5430 5431
f 5318 5431 5346
f 5346 5431 5432
f 5346 5432 5348
f 5348 5432 5433
f 5348 5433 5350
f 5350 5433 5434
f 5350 5434 5352
f 5352 5434 5435
f 5352 5435 5380
f 5380 5435 5436
f 5380 5436 5382
f 5382 5436 5437
f 5382 5437 5384
f 5384 5437 5438
f 5384 5438 5386
f 5386 5438 5439
f 5386 5439 5426
f 5426 5439 5287
f 5426 5287 5428
f 5428 5287 5286
f 5440 5285 5441
f 5441 5285 5287
f 5441 5287 5442
f 5442 5287 5439
f 5442 5439 5443
f 5443 5439 5438
f 5443 5438 5444
f 5444 5438 5437
f 5444 5437 5445
f 5445 5437 5436
f 5445 5436 5446
f 5446 5436 5435
f 5446 5435 5447
f 5447 5435 5434
f 5447 5434 5448
f 5448 5434 5433
f 5448 5433 5449
f 5449 5433 5432
f 5449 5432 5450
f 5450 5432 5431
f 5450 5431 5451
f 5451 5431 5430
f 5451 5430 5452
f 5452 5430 5307
f 5452 5307 5453
f 5453 5307 5306
f 5453 5454 5452
f 5452 5454 5455
f 5452 5455 5451
f 5451 5455 5456
f 5451 5456 5450
f 5450 5456 5457
f 5450 5457 5449
f 5449 5457 5458
f 5449 5458 5448
f 5448 5458 5459
f 5448 5459 5447
f 5447 5459 5460
f 5447 5460 5446
f 5446 5460 5461
f 5446 5461 5445
f 5445 5461 5462
f 5445 5462 5444
f 5444 5462 5463
f 5444 5463 5443
f 5443 5463 5464
f 5443 5464 5442
f 5442 5464 5465
f 5442 5465 5441
f 5441 5465 5466
f 5441 5466 5440
f 5440 5466 5467
f 5454 5302 5455
f 5455 5302 5304
f 5455 5304 5456
f 5456 5304 5468
f 5456 5468 5457
f 5457 5468 5469
f 5457 5469 5458
f 5458 5469 5470
f 5458 5470 5459
f 5459 5470 5471
f 5459 5471 5460
f 5460 5471 5472
f 5460 5472 5461
f 5461 5472 5473
f 5461 5473 5462
f 5462 5473 5474
f 5462 5474 5463
f 5463 5474 5475
f 5463 5475 5464
f 5464 5475 5476
f 5464 5476 5465
f 5465 5476 5477
f 5465 5477 5466
f 5466 5477 5478
f 5466 5478 5467
f 5467 5478 5479
f 5303 5480 5304
f 5304 5480 5481
f 5304 5481 5468
f 5468 5481 5482
f 5468 5482 5469
f 5469 5482 5483
f 5469 5483 5470
f 5470 5483 5484
f 5470 5484 5471
f 5471 5484 5485
f 5471 5485 5472
f 5472 5485 5486
f 5472 5486 5473
f 5473 5486 5487
f 5473 5487 5474
f 5474 5487 5488
f 5474 5488 5475
f 5475 5488 5489
f 5475 5489 5476
f 5476 5489 5490
f 5476 5490 5477
f 5477 5490 5491
f 5477 5491 5478
f 5478 5491 5284
f 5478 5284 5479
f 5479 5284 5283
f 5492 5282 5493
f 5493 5282 5284
f 5493 5284 5494
f 5494 5284 5491
f 5494 5491 5495
f 5495 5491 5490
f 5495 5490 5496
f 5496 5490 5489
f 5496 5489 5497
f 5497 5489 5488
f 5497 5488 5498
f 5498 5488 5487
f 5498 5487 5499
f 5499 5487 5486
f 5499 5486 5500
f 5500 5486 5485
f 5500 5485 5501
f 5501 5485 5484
f 5501 5484 5502
f 5502 5484 5483
f 5502 5483 5503
f 5503 5483 5482
f 5503 5482 5504
f 5504 5482 5481
f 5504 5481 5505
f 5505 5481 5480
f 5505 5388 5504
f 5504 5388 5389
f 5504 5389 5503
f 5503 5389 5390
f 5503 5390 5502
f 5502 5390 5391
f 5502 5391 5501
f 5501 5391 5392
f 5501 5392 5500
f 5500 5392 5393
f 5500 5393 5499
f 5499 5393 5394
f 5499 5394 5498
f 5498 5394 5395
f 5498 5395 5497
f 5497 5395 5396
f 5497 5396 5496
f 5496 5396 5397
f 5496 5397 5495
f 5495 5397 5398
f 5495 5398 5494
f 5494 5398 5399
f 5494 5399 5493
f 5493 5399 5280
f 5493 5280 5492
f 5492 5280 5279
f 5506 5507 5281
f 5281 5507 5508
f 5281 5508 5279
f 5509 5510 5420
f 5420 5510 5506
f 5420 5506 5421
f 5421 5506 5281
f 5421 5281 5423
f 5423 5281 5419
f 5423 5419 5424
f 5511 5509 5512
f 5512 5509 5420
f 5512 5420 5513
f 5513 5420 5422
f 5513 5422 5514
f 5514 5422 5424
f 5376 5418 5374
f 5374 5418 5412
f 5374 5412 5372
f 5372 5412 5407
f 5372 5407 5370
f 5370 5407 5406
f 5370 5406 5378
f 5378 5406 5404
f 5378 5404 5400
f 5400 5404 5402
f 5400 5402 5419
f 5419 5402 5401
f 5419 5401 5424
f 5424 5401 5408
f 5424 5408 5514
f 5514 5408 5413
f 5514 5413 5513
f 5513 5413 5515
f 5513 5515 5512
f 5512 5515 5516
f 5512 5516 5511
f 5511 5516 3924
f 4640 5517 4642
f 4642 5517 5518
f 5517 5519 5518
f 5518 5519 5520
f 5518 5520 5521
f 5521 5520 5522
f 5521 5522 5523
f 5523 5522 5524
f 5523 5524 5525
f 5525 5524 5526
f 5525 5526 5527
f 5527 5526 5528
f 5527 5528 5529
f 5529 5528 5530
f 5529 5530 5531
f 5531 5530 5532
f 5531 5532 5533
f 5533 5532 5534
f 5533 5534 5535
f 5535 5534 5536
f 5536 5534 5537
f 5536 5537 5538
f 5539 5540 5541
f 5540 5539 5542
f 5543 5544 5545
f 5546 5547 5548
f 5549 5550 5551
f 4785 5552 4787
f 4787 5552 5553
f 4787 5553 4789
f 4789 5553 5554
f 4789 5554 4790
f 5541 5555 5539
f 5539 5555 5556
f 5539 5556 5557
f 5556 5558 5557
f 5557 5558 5559
f 5557 5559 5560
f 5560 5559 5561
f 5560 5561 5562
f 4790 5554 4792
f 4792 5554 5563
f 4792 5563 4795
f 4795 5563 5564
f 4795 5564 5565
f 5561 5566 5562
f 5562 5566 5567
f 5562 5567 5568
f 5568 5567 5569
f 5568 5569 5570
f 5571 4800 5565
f 5565 4800 4798
f 5565 4798 4795
f 5572 4804 5571
f 5571 4804 4802
f 5571 4802 4800
f 5569 5573 5570
f 5570 5573 5574
f 5570 5574 5575
f 5575 5574 5576
f 5575 5576 5577
f 5576 5578 5577
f 5577 5578 5579
f 5577 5579 5580
f 5580 5579 5581
f 5580 5581 5582
f 5583 4818 5584
f 5584 4818 4820
f 5584 4820 5585
f 5585 4820 4807
f 5585 4807 5572
f 5572 4807 4805
f 5572 4805 4804
f 5586 4814 5583
f 5583 4814 4816
f 5583 4816 4818
f 5587 5588 5589
f 5589 5588 5590
f 5589 5590 5591
f 5591 5590 5592
f 5591 5592 5593
f 5593 5592 5594
f 5593 5594 5595
f 5595 5594 5596
f 5595 5596 5597
f 5597 5596 5598
f 5597 5598 5599
f 5599 5598 5600
f 5599 5600 5601
f 5601 5600 5602
f 5601 5602 5603
f 5603 5602 5604
f 5603 5604 5605
f 5605 5604 5606
f 5605 5606 5607
f 5607 5606 5608
f 5607 5608 5609
f 5609 5608 5610
f 5609 5610 5611
f 5588 5612 5590
f 5590 5612 5613
f 5590 5613 5592
f 5592 5613 5614
f 5592 5614 5594
f 5594 5614 5615
f 5594 5615 5596
f 5596 5615 5616
f 5596 5616 5598
f 5598 5616 5617
f 5598 5617 5600
f 5600 5617 5618
f 5600 5618 5602
f 5602 5618 5619
f 5602 5619 5604
f 5604 5619 5620
f 5604 5620 5606
f 5606 5620 5621
f 5606 5621 5608
f 5608 5621 5622
f 5608 5622 5610
f 5610 5622 5623
f 5612 5543 5613
f 5613 5543 5545
f 5613 5545 5614
f 5614 5545 5624
f 5614 5624 5615
f 5615 5624 5625
f 5615 5625 5616
f 5616 5625 5626
f 5616 5626 5617
f 5617 5626 5627
f 5617 5627 5618
f 5618 5627 5628
f 5618 5628 5619
f 5619 5628 5629
f 5619 5629 5620
f 5620 5629 5630
f 5620 5630 5621
f 5621 5630 5631
f 5621 5631 5622
f 5622 5631 5632
f 5622 5632 5623
f 5623 5632 5633
f 5544 5634 5545
f 5545 5634 5635
f 5545 5635 5624
f 5624 5635 5636
f 5624 5636 5625
f 5625 5636 5637
f 5625 5637 5626
f 5626 5637 5638
f 5626 5638 5627
f 5627 5638 5639
f 5627 5639 5628
f 5628 5639 5640
f 5628 5640 5629
f 5629 5640 5641
f 5629 5641 5630
f 5630 5641 5642
f 5630 5642 5631
f 5631 5642 5643
f 5631 5643 5632
f 5632 5643 5644
f 5632 5644 5633
f 5633 5644 5645
f 5634 5646 5635
f 5635 5646 5647
f 5635 5647 5636
f 5636 5647 5648
f 5636 5648 5637
f 5637 5648 5649
f 5637 5649 5638
f 5638 5649 5650
f 5638 5650 5639
f 5639 5650 5651
f 5639 5651 5640
f 5640 5651 5652
f 5640 5652 5641
f 5641 5652 5653
f 5641 5653 5642
f 5642 5653 5654
f 5642 5654 5643
f 5643 5654 5655
f 5643 5655 5644
f 5644 5655 5656
f 5644 5656 5645
f 5645 5656 5657
f 5646 5542 5647
f 5647 5542 5539
f 5647 5539 5648
f 5648 5539 5557
f 5648 5557 5649
f 5649 5557 5560
f 5649 5560 5650
f 5650 5560 5562
f 5650 5562 5651
f 5651 5562 5568
f 5651 5568 5652
f 5652 5568 5570
f 5652 5570 5653
f 5653 5570 5575
f 5653 5575 5654
f 5654 5575 5577
f 5654 5577 5655
f 5655 5577 5580
f 5655 5580 5656
f 5656 5580 5582
f 5656 5582 5657
f 5657 5582 5658
f 4640 4808 5659
f 5659 4808 4810
f 5552 5549 5553
f 5553 5549 5551
f 5553 5551 5554
f 5554 5551 5660
f 5554 5660 5563
f 5563 5660 5661
f 5563 5661 5564
f 5564 5661 5662
f 5564 5662 5565
f 5565 5662 5663
f 5565 5663 5571
f 5571 5663 5664
f 5571 5664 5572
f 5572 5664 5665
f 5572 5665 5585
f 5585 5665 5666
f 5585 5666 5584
f 5584 5666 5667
f 5584 5667 5583
f 5583 5667 5668
f 5583 5668 5586
f 5586 5668 5669
f 5586 5669 5670
f 5670 5669 5671
f 5550 5672 5551
f 5551 5672 5673
f 5551 5673 5660
f 5660 5673 5674
f 5660 5674 5661
f 5661 5674 5675
f 5661 5675 5662
f 5662 5675 5676
f 5662 5676 5663
f 5663 5676 5677
f 5663 5677 5664
f 5664 5677 5678
f 5664 5678 5665
f 5665 5678 5679
f 5665 5679 5666
f 5666 5679 5680
f 5666 5680 5667
f 5667 5680 5681
f 5667 5681 5668
f 5668 5681 5682
f 5668 5682 5669
f 5669 5682 5683
f 5669 5683 5671
f 5671 5683 5684
f 5611 5610 5685
f 5685 5610 5623
f 5685 5623 5686
f 5686 5623 5633
f 5686 5633 5687
f 5687 5633 5645
f 5687 5645 5688
f 5688 5645 5657
f 5688 5657 5689
f 5689 5657 5658
f 5689 5658 5690
f 5690 5658 5691
f 5690 5691 5692
f 5581 5693 5582
f 5582 5693 5694
f 5582 5694 5658
f 5658 5694 5695
f 5658 5695 5691
f 4640 5659 5517
f 5517 5659 5696
f 5517 5696 5519
f 5520 5519 5684
f 5684 5519 5696
f 5684 5696 5671
f 5671 5696 5659
f 5671 5659 5670
f 5670 5659 4810
f 5670 4810 5586
f 5586 4810 4812
f 5586 4812 4814
f 5672 5697 5673
f 5673 5697 5698
f 5673 5698 5674
f 5674 5698 5699
f 5674 5699 5675
f 5675 5699 5700
f 5675 5700 5676
f 5676 5700 5701
f 5676 5701 5677
f 5677 5701 5702
f 5677 5702 5678
f 5678 5702 5703
f 5678 5703 5679
f 5679 5703 5704
f 5679 5704 5680
f 5680 5704 5705
f 5680 5705 5681
f 5681 5705 5706
f 5681 5706 5682
f 5682 5706 5707
f 5682 5707 5683
f 5683 5707 5708
f 5683 5708 5684
f 5684 5708 5709
f 5684 5709 5520
f 5520 5709 5522
f 5697 5546 5698
f 5698 5546 5548
f 5698 5548 5699
f 5699 5548 5710
f 5699 5710 5700
f 5700 5710 5711
f 5700 5711 5701
f 5701 5711 5712
f 5701 5712 5702
f 5702 5712 5713
f 5702 5713 5703
f 5703 5713 5714
f 5703 5714 5704
f 5704 5714 5715
f 5704 5715 5705
f 5705 5715 5716
f 5705 5716 5706
f 5706 5716 5717
f 5706 5717 5707
f 5707 5717 5718
f 5707 5718 5708
f 5708 5718 5719
f 5708 5719 5709
f 5709 5719 5720
f 5709 5720 5522
f 5522 5720 5524
f 5547 5587 5548
f 5548 5587 5589
f 5548 5589 5710
f 5710 5589 5591
f 5710 5591 5711
f 5711 5591 5593
f 5711 5593 5712
f 5712 5593 5595
f 5712 5595 5713
f 5713 5595 5597
f 5713 5597 5714
f 5714 5597 5599
f 5714 5599 5715
f 5715 5599 5601
f 5715 5601 5716
f 5716 5601 5603
f 5716 5603 5717
f 5717 5603 5605
f 5717 5605 5718
f 5718 5605 5607
f 5718 5607 5719
f 5719 5607 5609
f 5719 5609 5720
f 5720 5609 5611
f 5720 5611 5524
f 5524 5611 5685
f 5524 5685 5526
f 5526 5685 5686
f 5526 5686 5528
f 5528 5686 5687
f 5528 5687 5530
f 5530 5687 5688
f 5530 5688 5532
f 5532 5688 5689
f 5532 5689 5534
f 5534 5689 5690
f 5534 5690 5537
f 5537 5690 5692
f 5537 5692 5538
f 4098 4501 4099
f 4099 4501 4500
f 4099 4500 4494
f 4098 4147 4501
f 4501 4147 4146
f 4501 4146 4502
f 4502 4146 4145
f 4502 4145 4503
f 4503 4145 4144
f 4503 4144 4497
f 4497 4144 4143
f 4497 4143 4498
f 4498 4143 4142
f 4498 4142 4499
f 4499 4142 4137
f 4499 4137 4509
f 4509 4137 4138
f 4509 4138 4510
f 4510 4138 4139
f 4510 4139 4511
f 4511 4139 4103
f 4511 4103 4512
f 4512 4103 4110
f 4512 4110 4513
f 4513 4110 4128
f 4513 4128 4514
f 4128 4226 4514
f 4514 4226 4230
f 4514 4230 4515
f 4515 4230 4231
f 4515 4231 4495
f 4495 4231 4232
f 4495 4232 4496
f 4496 4232 4240
f 4496 4240 4504
f 4504 4240 4239
f 4504 4239 4505
f 4505 4239 4238
f 4505 4238 4506
f 4506 4238 4237
f 4506 4237 4507
f 4507 4237 4236
f 4507 4236 4508
f 4508 4236 4246
f 4508 4246 4482
f 4482 4246 4247
f 4482 4247 4483
f 4483 4247 4184
f 4483 4184 4488
f 4488 4184 4182
f 4488 4182 4489
f 4489 4182 4211
f 4489 4211 4490
f 4490 4211 4213
f 4490 4213 4491
f 4491 4213 4215
f 4491 4215 4472
f 4472 4215 4216
f 4472 4216 4473
f 4473 4216 4234
f 4473 4234 4477
f 4477 4234 4244
f 4477 4244 4478
f 4478 4244 4243
f 4478 4243 4479
f 4479 4243 4242
f 4479 4242 4480
f 4480 4242 4241
f 4480 4241 4481
f 4481 4241 4233
f 4481 4233 4470
f 4470 4233 4223
f 4470 4223 4471
f 4471 4223 4221
f 4471 4221 4484
f 4484 4221 4167
f 4484 4167 4485
f 4485 4167 4166
f 4485 4166 4486
f 4486 4166 4154
f 4172 4474 4154
f 4154 4474 4487
f 4154 4487 4486
f 4172 4173 4474
f 4474 4173 4096
f 4474 4096 4475
f 4475 4096 4095
f 4475 4095 4476
f 4476 4095 4094
f 4476 4094 4466
f 4466 4094 4093
f 4466 4093 4467
f 4467 4093 4092
f 4467 4092 4468
f 4468 4092 4087
f 4468 4087 4469
f 4469 4087 4088
f 4469 4088 4464
f 4464 4088 4089
f 4464 4089 4465
f 4465 4089 4052
f 4465 4052 4492
f 4492 4052 4079
f 4492 4079 4493
f 4493 4079 4083
f 4493 4083 4494
f 4494 4083 4097
f 4494 4097 4099
f 4519 4643 4570
f 4570 4643 5721
f 5722 3906 5723
f 5723 3906 4042
f 3981 4556 3982
f 3982 4556 4527
f 3982 4527 3959
f 3959 4527 4526
f 3959 4526 3960
f 3960 4526 3963
f 3963 4526 4523
f 3963 4523 3964
f 4523 4561 3964
f 3964 4561 4560
f 3964 4560 4012
f 4012 4560 3967
f 3967 4560 4558
f 3967 4558 3968
f 4558 4566 3968
f 3968 4566 4565
f 3968 4565 4001
f 4001 4565 3997
f 3997 4565 4563
f 3997 4563 3998
f 5721 5723 4570
f 4570 5723 4042
f 4570 4042 4571
f 4571 4042 4000
f 4571 4000 4568
f 4568 4000 3998
f 4568 3998 4569
f 4569 3998 4563
f 5722 5724 3906
f 3906 5724 3839
f 3933 5725 3928
f 3928 5725 5726
f 5725 3933 4644
f 4644 3933 3931
f 4644 3931 4643
f 4643 3931 5721
f 3923 5723 3931
f 3931 5723 5721
f 5723 3923 5722
f 5722 3923 3928
f 5722 3928 5724
f 5724 3928 5726
f 3981 3947 4556
f 4556 3947 3946
f 4531 4532 3937
f 3937 4532 3932
f 4532 4533 3932
f 3932 4533 4535
f 3932 4535 3929
f 3929 4535 4536
f 3929 4536 3930
f 3930 4536 4538
f 3930 4538 3948
f 3948 4538 4539
f 3948 4539 3949
f 3949 4539 4541
f 3949 4541 3950
f 3950 4541 4542
f 3950 4542 3954
f 3954 4542 4544
f 3954 4544 3955
f 3955 4544 4545
f 3955 4545 3941
f 3941 4545 4547
f 3941 4547 3942
f 3942 4547 4548
f 3942 4548 3943
f 3943 4548 4550
f 3943 4550 3944
f 4550 4551 3944
f 3944 4551 4553
f 3944 4553 3945
f 4556 3946 4555
f 4555 3946 3945
f 4555 3945 4554
f 4554 3945 4553
f 3925 5057 3927
f 3927 5057 5727
f 5057 5056 5727
f 5727 5056 5060
f 5727 5060 5728
f 5728 5060 5059
f 5728 5059 5729
f 5059 5062 5729
f 5729 5062 5061
f 5729 5061 5730
f 5730 5061 5149
f 5730 5149 5731
f 5149 5266 5731
f 5731 5266 5241
f 5731 5241 5732
f 5732 5241 5065
f 5732 5065 5064
f 5215 5733 5064
f 5064 5733 5734
f 5064 5734 5732
f 5215 5214 5733
f 5733 5214 5068
f 5733 5068 5735
f 5735 5068 5067
f 5735 5067 5736
f 5736 5067 5073
f 5736 5073 5072
f 3925 3924 5070
f 5070 3924 5516
f 5070 5516 5087
f 5087 5516 5515
f 5087 5515 5088
f 5088 5515 5413
f 5088 5413 5090
f 5090 5413 5414
f 5090 5414 5092
f 5092 5414 5094
f 5094 5414 5415
f 5094 5415 5098
f 5415 5416 5098
f 5098 5416 5417
f 5098 5417 5052
f 5052 5417 5418
f 5052 5418 5129
f 5129 5418 5376
f 5137 5138 5376
f 5376 5138 5128
f 5376 5128 5129
f 5376 5377 5137
f 5137 5377 5367
f 5137 5367 5179
f 5179 5367 5368
f 5179 5368 5178
f 5368 5290 5178
f 5178 5290 5337
f 5178 5337 5177
f 5177 5337 5333
f 5177 5333 5176
f 5176 5333 5331
f 5176 5331 5175
f 5175 5331 5174
f 5174 5331 5329
f 5174 5329 5276
f 5308 5278 5309
f 5309 5278 5277
f 5309 5277 5326
f 5326 5277 5276
f 5326 5276 5327
f 5327 5276 5329
f 5737 5429 5738
f 5738 5429 5428
f 5428 5286 5738
f 5738 5286 5285
f 5738 5285 5739
f 5739 5285 5740
f 5285 5440 5740
f 5740 5440 5467
f 5740 5467 5741
f 5741 5467 5479
f 5479 5283 5741
f 5741 5283 5282
f 5741 5282 5742
f 5742 5282 5743
f 5282 5492 5743
f 5743 5492 5279
f 5743 5279 5744
f 5744 5279 5508
f 5508 5507 5744
f 5744 5507 5506
f 5744 5506 5745
f 5745 5506 5746
f 5506 5510 5746
f 5746 5510 5509
f 5746 5509 3926
f 3926 5509 5511
f 3926 5511 3924
f 5746 3926 3936
f 5743 5744 3936
f 3936 5744 5745
f 3936 5745 5746
f 3927 5727 3937
f 3937 5727 5728
f 3937 5728 5729
f 5038 5040 4531
f 4531 5040 4641
f 4531 4641 4629
f 4629 4641 4642
f 4629 4642 5518
f 5518 5521 4629
f 4629 5521 5523
f 4629 5523 5525
f 5037 5031 4531
f 4531 5031 5039
f 4531 5039 5038
f 5740 5741 3936
f 3936 5741 5742
f 3936 5742 5743
f 5729 5730 3937
f 3937 5730 5731
f 3937 5731 5732
f 5525 5527 4629
f 4629 5527 5529
f 4629 5529 5531
f 5035 5034 4531
f 4531 5034 5036
f 4531 5036 5037
f 5732 5734 3937
f 3937 5734 5733
f 3937 5733 5735
f 5737 5738 3936
f 3936 5738 5739
f 3936 5739 5740
f 5531 5533 4629
f 4629 5533 5535
f 4629 5535 3936
f 3936 5535 5536
f 3936 5536 5737
f 5735 5736 3937
f 3937 5736 5033
f 3937 5033 4531
f 4531 5033 5032
f 4531 5032 5035
f 3934 3958 4652
f 4629 3936 4675
f 4675 3936 3940
f 4654 3951 4652
f 4652 3951 3935
f 4652 3935 3934
f 4654 4656 3951
f 3951 4656 4657
f 3951 4657 3952
f 3952 4657 4659
f 3952 4659 3953
f 4659 4661 3953
f 3953 4661 4662
f 3953 4662 3956
f 3956 4662 4664
f 3956 4664 3957
f 4664 4666 3957
f 3957 4666 4667
f 3957 4667 3938
f 3938 4667 4669
f 3938 4669 3939
f 4669 4670 3939
f 3939 4670 4672
f 3939 4672 3940
f 3940 4672 4673
f 3940 4673 4675
f 3881 3839 5724
f 3881 5724 3882
f 4644 4638 5725
f 5725 4638 4649
f 5725 4649 5726
f 4651 3958 3835
f 3835 3871 4651
f 4651 3871 3870
f 4651 3870 4731
f 3870 3872 4731
f 4731 3872 3873
f 4731 3873 4723
f 3873 3874 4723
f 4723 3874 3854
f 4723 3854 4710
f 3854 3877 4710
f 4710 3877 3876
f 4710 3876 4699
f 3876 3875 4699
f 4699 3875 3851
f 4699 3851 4690
f 3851 3880 4690
f 4690 3880 3879
f 4690 3879 4683
f 5724 5726 3882
f 3882 5726 4649
f 3882 4649 3848
f 3848 4649 4683
f 3848 4683 3878
f 3878 4683 3879
f 4742 4744 3811
f 3811 4744 3812
f 4743 3785 3765
f 4743 3765 4769
f 4769 3765 3764
f 4769 3764 4770
f 4770 3764 3763
f 4770 3763 4777
f 4777 3763 3762
f 4777 3762 4778
f 4778 3762 3761
f 4778 3761 4779
f 4779 3761 3760
f 4779 3760 4781
f 4781 3760 3759
f 4781 3759 4782
f 4782 3759 3758
f 4782 3758 4783
f 4783 3758 3813
f 4783 3813 4768
f 4768 3813 3812
f 4768 3812 4744
f 4741 3786 4743
f 4743 3786 3785
f 4758 3793 3792
f 4758 3792 4759
f 4759 3792 3768
f 4759 3768 4761
f 4761 3768 3767
f 4761 3767 4766
f 4766 3767 3791
f 4766 3791 4763
f 4763 3791 3790
f 4763 3790 4765
f 4765 3790 3789
f 4765 3789 4764
f 4764 3789 3788
f 4764 3788 4762
f 4762 3788 3787
f 4762 3787 4767
f 4767 3787 3766
f 4767 3766 4760
f 4760 3766 3786
f 4760 3786 4741
f 4758 4740 3793
f 3793 4740 3794
f 4746 3819 3821
f 4746 3821 4747
f 4747 3821 3820
f 4747 3820 4774
f 4774 3820 3748
f 4774 3748 4775
f 4775 3748 3747
f 4775 3747 4776
f 4776 3747 3770
f 4776 3770 4780
f 4780 3770 3769
f 4780 3769 4751
f 4751 3769 3797
f 4751 3797 4752
f 4752 3797 3796
f 4752 3796 4756
f 4756 3796 3795
f 4756 3795 4757
f 4757 3795 3794
f 4757 3794 4740
f 4745 3798 4746
f 4746 3798 3819
f 4742 3811 3810
f 4742 3810 4748
f 4748 3810 3771
f 4748 3771 4753
f 4753 3771 3772
f 4753 3772 4754
f 4754 3772 3773
f 4754 3773 4755
f 4755 3773 3749
f 4755 3749 4771
f 4771 3749 3802
f 4771 3802 4772
f 4772 3802 3801
f 4772 3801 4773
f 4773 3801 3800
f 4773 3800 4749
f 4749 3800 3799
f 4749 3799 4750
f 4750 3799 3798
f 4750 3798 4745
f 4784 3828 4785
f 4785 3828 3832
f 3828 4784 4925
f 3828 4925 3827
f 3827 4925 4928
f 3827 4928 3804
f 4928 4930 3804
f 3804 4930 4929
f 3804 4929 3803
f 4929 4943 3803
f 3803 4943 4954
f 3803 4954 3774
f 4954 4830 3774
f 3774 4830 4829
f 3774 4829 3775
f 3775 4829 4966
f 3775 4966 3807
f 4966 4991 3807
f 3807 4991 4827
f 3807 4827 3808
f 4827 4826 3808
f 3808 4826 5001
f 3808 5001 3809
f 3809 5001 4824
f 3809 4824 3825
f 5030 3826 5025
f 5025 3826 3825
f 5025 3825 4823
f 4823 3825 4824
f 4857 5080 4869
f 4869 5080 5106
f 4869 5106 4870
f 5144 4908 5142
f 5142 4908 4907
f 5142 4907 5140
f 5140 4907 4895
f 5140 4895 5114
f 5114 4895 4893
f 5114 4893 5112
f 5112 4893 4892
f 5112 4892 5110
f 5110 4892 4885
f 5110 4885 5108
f 5108 4885 4883
f 5108 4883 5106
f 5106 4883 4882
f 5106 4882 4870
f 3829 3826 5190
f 5190 3826 5030
f 5190 5030 5188
f 5188 5030 5029
f 5188 5029 5186
f 5186 5029 5028
f 5186 5028 5148
f 5148 5028 5027
f 5148 5027 5146
f 5146 5027 4917
f 5146 4917 5144
f 5144 4917 4916
f 5144 4916 4908
f 5033 5736 4848
f 4848 5736 5072
f 4848 5072 4854
f 4854 5072 5074
f 4854 5074 4855
f 4855 5074 5076
f 4855 5076 4857
f 4857 5076 5078
f 4857 5078 5080
f 3829 5190 3830
f 3830 5190 5189
f 5189 5048 3830
f 3830 5048 5047
f 3830 5047 3831
f 3831 5047 5201
f 3831 5201 3750
f 3750 5201 5228
f 3750 5228 3751
f 3751 5228 5240
f 5240 5045 3751
f 3751 5045 5044
f 3751 5044 3752
f 3752 5044 5253
f 3752 5253 3753
f 3753 5253 5041
f 3753 5041 3776
f 3776 5041 5269
f 5269 5268 3776
f 3776 5268 5267
f 3776 5267 3777
f 3777 5267 5271
f 3777 5271 3778
f 5278 3754 5272
f 5272 3754 3778
f 5272 3778 5270
f 5270 3778 5271
f 5308 3755 5278
f 5278 3755 3754
f 3755 5308 3756
f 3756 5308 5295
f 5295 5294 3756
f 3756 5294 5298
f 3756 5298 3757
f 3757 5298 5297
f 3757 5297 3779
f 5297 5300 3779
f 3779 5300 5299
f 3779 5299 3780
f 3780 5299 5388
f 3780 5388 3781
f 5388 5505 3781
f 3781 5505 5480
f 3781 5480 3782
f 5480 5303 3782
f 3782 5303 5302
f 3782 5302 3783
f 3783 5302 5454
f 3783 5454 3784
f 5454 5453 3784
f 3784 5453 5306
f 3784 5306 3805
f 5311 3806 5312
f 5312 3806 3805
f 5312 3805 5305
f 5305 3805 5306
f 5541 3814 3806
f 5558 5315 5559
f 5559 5315 5317
f 5385 5693 5383
f 5383 5693 5581
f 5383 5581 5381
f 5381 5581 5579
f 5381 5579 5379
f 5379 5579 5578
f 5379 5578 5353
f 5353 5578 5576
f 5353 5576 5351
f 5351 5576 5574
f 5351 5574 5349
f 5349 5574 5573
f 5349 5573 5347
f 5347 5573 5569
f 5347 5569 5345
f 5345 5569 5567
f 5345 5567 5319
f 5319 5567 5566
f 5319 5566 5317
f 5317 5566 5561
f 5317 5561 5559
f 5737 5536 5429
f 5429 5536 5538
f 5429 5538 5427
f 5427 5538 5692
f 5427 5692 5425
f 5425 5692 5691
f 5425 5691 5387
f 5387 5691 5695
f 5387 5695 5385
f 5385 5695 5694
f 5385 5694 5693
f 5558 5556 5315
f 5315 5556 5555
f 5315 5555 5313
f 5313 5555 5541
f 5313 5541 5311
f 5311 5541 3806
f 5541 5540 3814
f 3814 5540 3815
f 5540 5542 3815
f 3815 5542 5646
f 3815 5646 3816
f 3816 5646 5634
f 3816 5634 3817
f 5634 5544 3817
f 3817 5544 5543
f 3817 5543 3822
f 3822 5543 5612
f 3822 5612 3823
f 5612 5588 3823
f 3823 5588 5587
f 3823 5587 3824
f 5587 5547 3824
f 3824 5547 5546
f 3824 5546 3818
f 3818 5546 5697
f 3818 5697 3833
f 5697 5672 3833
f 3833 5672 5550
f 3833 5550 3834
f 4785 3832 5552
f 5552 3832 3834
f 5552 3834 5549
f 5549 3834 5550
f 3723 4224 3724
f 3724 4224 4210
f 3724 4210 3725
f 3725 4210 4193
f 3725 4193 3726
f 3726 4193 4194
f 3726 4194 3727
f 3727 4194 4195
f 3727 4195 3728
f 3728 4195 4196
f 3728 4196 3729
f 3729 4196 4165
f 3729 4165 3730
f 3730 4165 4164
f 3730 4164 3731
f 3731 4164 4153
f 3731 4153 3732
f 3732 4153 4151
f 3732 4151 3733
f 3733 4151 4150
f 3733 4150 3734
f 3734 4150 4171
f 3734 4171 3735
f 3735 4171 4170
f 3735 4170 3736
f 3736 4170 4169
f 3736 4169 3737
f 3737 4169 4152
f 3737 4152 3738
f 3738 4152 4163
f 3738 4163 3739
f 3739 4163 4162
f 3739 4162 3740
f 3740 4162 4161
f 3740 4161 3741
f 3741 4161 4160
f 3741 4160 3742
f 3742 4160 4149
f 3742 4149 3743
f 3743 4149 4148
f 3743 4148 3744
f 3744 4148 4159
f 3744 4159 3745
f 3745 4159 4158
f 3745 4158 3746
f 3746 4158 4157
f 3746 4157 3711
f 3711 4157 4156
f 3711 4156 3712
f 3712 4156 4155
f 3712 4155 3713
f 3713 4155 4177
f 3713 4177 3714
f 3714 4177 4176
f 3714 4176 3715
f 3715 4176 4175
f 3715 4175 3716
f 3716 4175 4168
f 3716 4168 3717
f 3717 4168 4174
f 3717 4174 3718
f 3718 4174 4229
f 3718 4229 3719
f 3719 4229 4228
f 3719 4228 3720
f 3720 4228 4227
f 3720 4227 3721
f 3721 4227 4220
f 3721 4220 3722
f 3722 4220 4222
f 3722 4222 3723
f 3723 4222 4224
f 3709 4058 3710
f 3710 4058 4085
f 3710 4085 3675
f 3675 4085 4084
f 3675 4084 3676
f 3676 4084 4082
f 3676 4082 3677
f 3677 4082 4081
f 3677 4081 3678
f 3678 4081 4051
f 3678 4051 3679
f 3679 4051 4050
f 3679 4050 3680
f 3680 4050 4091
f 3680 4091 3681
f 3681 4091 4090
f 3681 4090 3682
f 3682 4090 4080
f 3682 4080 3683
f 3683 4080 4069
f 3683 4069 3684
f 3684 4069 4065
f 3684 4065 3685
f 3685 4065 4066
f 3685 4066 3686
f 3686 4066 4067
f 3686 4067 3687
f 3687 4067 4068
f 3687 4068 3688
f 3688 4068 4056
f 3688 4056 3689
f 3689 4056 4055
f 3689 4055 3690
f 3690 4055 4064
f 3690 4064 3691
f 3691 4064 4063
f 3691 4063 3692
f 3692 4063 4062
f 3692 4062 3693
f 3693 4062 4054
f 3693 4054 3694
f 3694 4054 4053
f 3694 4053 3695
f 3695 4053 4078
f 3695 4078 3696
f 3696 4078 4077
f 3696 4077 3697
f 3697 4077 4076
f 3697 4076 3698
f 3698 4076 4075
f 3698 4075 3699
f 3699 4075 4074
f 3699 4074 3700
f 3700 4074 4073
f 3700 4073 3701
f 3701 4073 4072
f 3701 4072 3702
f 3702 4072 4071
f 3702 4071 3703
f 3703 4071 4070
f 3703 4070 3704
f 3704 4070 4086
f 3704 4086 3705
f 3705 4086 4057
f 3705 4057 3706
f 3706 4057 4061
f 3706 4061 3707
f 3707 4061 4060
f 3707 4060 3708
f 3708 4060 4059
f 3708 4059 3709
f 3709 4059 4058
f 3667 4204 3668
f 3668 4204 4203
f 3668 4203 3669
f 3669 4203 4191
f 3669 4191 3670
f 3670 4191 4190
f 3670 4190 3671
f 3671 4190 4189
f 3671 4189 3672
f 3672 4189 4180
f 3672 4180 3673
f 3673 4180 4179
f 3673 4179 3674
f 3674 4179 4178
f 3674 4178 3639
f 3639 4178 4188
f 3639 4188 3640
f 3640 4188 4202
f 3640 4202 3641
f 3641 4202 4201
f 3641 4201 3642
f 3642 4201 4200
f 3642 4200 3643
f 3643 4200 4199
f 3643 4199 3644
f 3644 4199 4198
f 3644 4198 3645
f 3645 4198 4187
f 3645 4187 3646
f 3646 4187 4197
f 3646 4197 3647
f 3647 4197 4245
f 3647 4245 3648
f 3648 4245 4214
f 3648 4214 3649
f 3649 4214 4212
f 3649 4212 3650
f 3650 4212 4219
f 3650 4219 3651
f 3651 4219 4218
f 3651 4218 3652
f 3652 4218 4217
f 3652 4217 3653
f 3653 4217 4181
f 3653 4181 3654
f 3654 4181 4183
f 3654 4183 3655
f 3655 4183 4185
f 3655 4185 3656
f 3656 4185 4249
f 3656 4249 3657
f 3657 4249 4248
f 3657 4248 3658
f 3658 4248 4235
f 3658 4235 3659
f 3659 4235 4225
f 3659 4225 3660
f 3660 4225 4206
f 3660 4206 3661
f 3661 4206 4207
f 3661 4207 3662
f 3662 4207 4208
f 3662 4208 3663
f 3663 4208 4209
f 3663 4209 3664
f 3664 4209 4205
f 3664 4205 3665
f 3665 4205 4186
f 3665 4186 3666
f 3666 4186 4192
f 3666 4192 3667
f 3667 4192 4204
f 3635 4106 3636
f 3636 4106 4119
f 3636 4119 3637
f 3637 4119 4118
f 3637 4118 3638
f 3638 4118 4117
f 3638 4117 3603
f 3603 4117 4116
f 3603 4116 3604
f 3604 4116 4115
f 3604 4115 3605
f 3605 4115 4114
f 3605 4114 3606
f 3606 4114 4113
f 3606 4113 3607
f 3607 4113 4112
f 3607 4112 3608
f 3608 4112 4111
f 3608 4111 3609
f 3609 4111 4130
f 3609 4130 3610
f 3610 4130 4129
f 3610 4129 3611
f 3611 4129 4127
f 3611 4127 3612
f 3612 4127 4126
f 3612 4126 3613
f 3613 4126 4105
f 3613 4105 3614
f 3614 4105 4104
f 3614 4104 3615
f 3615 4104 4141
f 3615 4141 3616
f 3616 4141 4140
f 3616 4140 3617
f 3617 4140 4136
f 3617 4136 3618
f 3618 4136 4135
f 3618 4135 3619
f 3619 4135 4131
f 3619 4131 3620
f 3620 4131 4132
f 3620 4132 3621
f 3621 4132 4133
f 3621 4133 3622
f 3622 4133 4134
f 3622 4134 3623
f 3623 4134 4125
f 3623 4125 3624
f 3624 4125 4102
f 3624 4102 3625
f 3625 4102 4109
f 3625 4109 3626
f 3626 4109 4124
f 3626 4124 3627
f 3627 4124 4123
f 3627 4123 3628
f 3628 4123 4107
f 3628 4107 3629
f 3629 4107 4108
f 3629 4108 3630
f 3630 4108 4122
f 3630 4122 3631
f 3631 4122 4121
f 3631 4121 3632
f 3632 4121 4120
f 3632 4120 3633
f 3633 4120 4100
f 3633 4100 3634
f 3634 4100 4101
f 3634 4101 3635
f 3635 4101 4106
f 5747 5748 5749
f 5747 5749 5750
f 5750 5749 5751
f 5750 5751 5752
f 5752 5751 5753
f 5752 5753 5754
f 5754 5753 5755
f 5754 5755 5756
f 5756 5755 5757
f 5756 5757 5758
f 5758 5757 5759
f 5758 5759 5760
f 5760 5759 5761
f 5761 5759 5762
f 5761 5762 5763
f 5762 5764 5763
f 5763 5764 5765
f 5763 5765 5766
f 5766 5765 5767
f 5766 5767 5768
f 5768 5767 5769
f 5768 5769 5770
f 5770 5769 5771
f 5770 5771 5772
f 5772 5771 5773
f 5772 5773 5774
f 5774 5773 5775
f 5774 5775 5776
f 5776 5775 5777
f 5776 5777 5778
f 5778 5777 5779
f 5778 5779 5780
f 5780 5779 5781
f 5780 5781 5782
f 5782 5781 5783
f 5782 5783 5784
f 5784 5783 5785
f 5784 5785 5786
f 5786 5785 5787
f 5786 5787 5788
f 5788 5787 5789
f 5788 5789 5790
f 5790 5789 5791
f 5790 5791 5792
f 5792 5791 5793
f 5792 5793 5794
f 5794 5793 5795
f 5794 5795 5796
f 5796 5795 5797
f 5796 5797 5798
f 5798 5797 5799
f 5798 5799 5800
f 5800 5799 5801
f 5800 5801 5802
f 5802 5801 5803
f 5802 5803 5804
f 5804 5803 5805
f 5804 5805 5806
f 5806 5805 5807
f 5806 5807 5808
f 5808 5807 5809
f 5808 5809 5810
f 5810 5809 5811
f 5810 5811 5812
f 5812 5811 5813
f 5812 5813 5814
f 5814 5813 5815
f 5814 5815 5816
f 5816 5815 5817
f 5816 5817 5818
f 5818 5817 5819
f 5818 5819 5820
f 5820 5819 5821
f 5820 5821 5822
f 5823 5824 5825
f 5825 5824 5826
f 5825 5826 5827
f 5827 5826 5828
f 5827 5828 5829
f 5829 5828 5830
f 5829 5830 5831
f 5831 5830 5832
f 5831 5832 5833
f 5833 5832 5834
f 5833 5834 5835
f 5835 5834 5836
f 5835 5836 5837
f 5837 5836 5838
f 5837 5838 5839
f 5839 5838 5840
f 5839 5840 5841
f 5841 5840 5842
f 5841 5842 5843
f 5843 5842 5844
f 5843 5844 5845
f 5845 5844 5846
f 5845 5846 5847
f 5847 5846 5848
f 5847 5848 5849
f 5849 5848 5850
f 5849 5850 5851
f 5851 5850 5822
f 5851 5822 5821
f 5852 5853 5854
f 5854 5853 5855
f 5854 5855 5823
f 5823 5855 5856
f 5823 5856 5824
f 5853 5852 5857
f 5853 5857 5858
f 5858 5857 5859
f 5858 5859 5860
f 5860 5859 5861
f 5860 5861 5862
f 5862 5861 5863
f 5862 5863 5864
f 5864 5863 5865
f 5864 5865 5866
f 5866 5865 5867
f 5866 5867 5868
f 5868 5867 5869
f 5868 5869 5870
f 5870 5869 5871
f 5870 5871 5872
f 5872 5871 5873
f 5872 5873 5874
f 5874 5873 5875
f 5874 5875 5876
f 5876 5875 5877
f 5876 5877 5878
f 5878 5877 5879
f 5878 5879 5880
f 5880 5879 5881
f 5880 5881 5882
f 5882 5881 5883
f 5882 5883 5884
f 5884 5883 5885
f 5884 5885 5886
f 5886 5885 5887
f 5886 5887 5888
f 5888 5887 5889
f 5888 5889 5890
f 5890 5889 5891
f 5890 5891 5892
f 5892 5891 5893
f 5892 5893 5894
f 5894 5893 5895
f 5895 5893 5896
f 5895 5896 5897
f 5896 5898 5897
f 5897 5898 5899
f 5897 5899 5900
f 5900 5899 5901
f 5900 5901 5902
f 5902 5901 5903
f 5902 5903 5904
f 5904 5903 5905
f 5904 5905 5906
f 5906 5905 5907
f 5906 5907 5908
f 5908 5907 5909
f 5908 5909 5910
f 5911 5912 5913
f 5911 5913 5914
f 5914 5913 5915
f 5914 5915 5916
f 5916 5915 5917
f 5916 5917 5918
f 5918 5917 5919
f 5918 5919 5920
f 5920 5919 5921
f 5920 5921 5922
f 5922 5921 5923
f 5922 5923 5924
f 5924 5923 5925
f 5925 5923 5926
f 5925 5926 5927
f 5926 5928 5927
f 5927 5928 5929
f 5927 5929 5930
f 5930 5929 5931
f 5930 5931 5932
f 5932 5931 5933
f 5932 5933 5934
f 5934 5933 5935
f 5934 5935 5936
f 5936 5935 5937
f 5936 5937 5938
f 5938 5937 5939
f 5938 5939 5940
f 5940 5939 5941
f 5940 5941 5942
f 5942 5941 5943
f 5942 5943 5944
f 5944 5943 5945
f 5944 5945 5946
f 5946 5945 5947
f 5946 5947 5948
f 5948 5947 5949
f 5948 5949 5950
f 5950 5949 5951
f 5950 5951 5952
f 5952 5951 5953
f 5952 5953 5954
f 5954 5953 5955
f 5954 5955 5956
f 5956 5955 5957
f 5956 5957 5958
f 5958 5957 5959
f 5958 5959 5960
f 5960 5959 5961
f 5960 5961 5962
f 5962 5961 5963
f 5962 5963 5964
f 5964 5963 5965
f 5964 5965 5966
f 5966 5965 5967
f 5966 5967 5968
f 5968 5967 5969
f 5968 5969 5970
f 5970 5969 5971
f 5970 5971 5972
f 5972 5971 5973
f 5972 5973 5974
f 5974 5973 5975
f 5974 5975 5976
f 5976 5975 5977
f 5976 5977 5978
f 5978 5977 5979
f 5978 5979 5980
f 5980 5979 5981
f 5980 5981 5982
f 5982 5981 5983
f 5982 5983 5984
f 5984 5983 5985
f 5984 5985 5986
f 5987 5988 5989
f 5989 5988 5990
f 5989 5990 5991
f 5991 5990 5992
f 5991 5992 5993
f 5993 5992 5994
f 5993 5994 5995
f 5995 5994 5996
f 5995 5996 5997
f 5997 5996 5998
f 5997 5998 5999
f 5999 5998 6000
f 5999 6000 6001
f 6001 6000 6002
f 6001 6002 6003
f 6003 6002 6004
f 6003 6004 6005
f 6005 6004 6006
f 6005 6006 6007
f 6007 6006 6008
f 6007 6008 6009
f 6009 6008 6010
f 6009 6010 6011
f 6011 6010 6012
f 6011 6012 6013
f 6013 6012 6014
f 6013 6014 6015
f 6015 6014 5986
f 6015 5986 5985
f 6016 6017 6018
f 6018 6017 6019
f 6018 6019 5987
f 5987 6019 6020
f 5987 6020 5988
f 6017 6016 6021
f 6017 6021 6022
f 6022 6021 6023
f 6022 6023 6024
f 6024 6023 6025
f 6024 6025 6026
f 6026 6025 6027
f 6026 6027 6028
f 6028 6027 6029
f 6028 6029 6030
f 6030 6029 6031
f 6030 6031 6032
f 6032 6031 6033
f 6032 6033 6034
f 6034 6033 6035
f 6034 6035 6036
f 6036 6035 6037
f 6036 6037 6038
f 6038 6037 6039
f 6038 6039 6040
f 6040 6039 6041
f 6040 6041 6042
f 6042 6041 6043
f 6042 6043 6044
f 6044 6043 6045
f 6044 6045 6046
f 6046 6045 6047
f 6046 6047 6048
f 6048 6047 6049
f 6048 6049 6050
f 6050 6049 6051
f 6050 6051 6052
f 6052 6051 6053
f 6052 6053 6054
f 6054 6053 6055
f 6054 6055 6056
f 6056 6055 6057
f 6056 6057 6058
f 6058 6057 6059
f 6059 6057 6060
f 6059 6060 6061
f 6060 6062 6061
f 6061 6062 6063
f 6061 6063 6064
f 6064 6063 6065
f 6064 6065 6066
f 6066 6065 6067
f 6066 6067 6068
f 6068 6067 6069
f 6068 6069 6070
f 6070 6069 6071
f 6070 6071 6072
f 6072 6071 6073
f 6072 6073 6074
f 6075 6076 6077
f 6075 6077 6078
f 6078 6077 6079
f 6078 6079 6080
f 6080 6079 6081
f 6080 6081 6082
f 6082 6081 6083
f 6082 6083 6084
f 6084 6083 6085
f 6085 6083 6086
f 6085 6086 6087
f 6086 6088 6087
f 6087 6088 6089
f 6087 6089 6090
f 6090 6089 6091
f 6090 6091 6092
f 6092 6091 6093
f 6092 6093 6094
f 6094 6093 6095
f 6094 6095 6096
f 6096 6095 6097
f 6096 6097 6098
f 6098 6097 6099
f 6098 6099 6100
f 6100 6099 6101
f 6100 6101 6102
f 6102 6101 6103
f 6102 6103 6104
f 6104 6103 6105
f 6104 6105 6106
f 6106 6105 6107
f 6106 6107 6108
f 6108 6107 6109
f 6108 6109 6110
f 6110 6109 6111
f 6110 6111 6112
f 6112 6111 6113
f 6112 6113 6114
f 6114 6113 6115
f 6114 6115 6116
f 6116 6115 6117
f 6116 6117 6118
f 6118 6117 6119
f 6118 6119 6120
f 6120 6119 6121
f 6120 6121 6122
f 6122 6121 6123
f 6122 6123 6124
f 6124 6123 6125
f 6124 6125 6126
f 6126 6125 6127
f 6126 6127 6128
f 6128 6127 6129
f 6128 6129 6130
f 6130 6129 6131
f 6130 6131 6132
f 6132 6131 6133
f 6132 6133 6134
f 6134 6133 6135
f 6134 6135 6136
f 6136 6135 6137
f 6136 6137 6138
f 6138 6137 6139
f 6138 6139 6140
f 6140 6139 6141
f 6140 6141 6142
f 6142 6141 6143
f 6142 6143 6144
f 6144 6143 6145
f 6144 6145 6146
f 6146 6145 6147
f 6146 6147 6148
f 6148 6147 6149
f 6148 6149 6150
f 6150 6149 6151
f 6150 6151 6152
f 6152 6151 6153
f 6152 6153 6154
f 6154 6153 6155
f 6154 6155 6156
f 6156 6155 6157
f 6156 6157 6158
f 6158 6157 6159
f 6158 6159 6160
f 6160 6159 6161
f 6160 6161 6162
f 6162 6161 6163
f 6162 6163 6164
f 6164 6163 6165
f 6164 6165 6166
f 6166 6165 6167
f 6166 6167 6168
f 6168 6167 6169
f 6168 6169 6170
f 6170 6169 6171
f 6170 6171 6172
f 6172 6171 6173
f 6172 6173 6174
f 6174 6173 6175
f 6174 6175 6176
f 6176 6175 6177
f 6176 6177 6178
f 6178 6177 6179
f 6178 6179 6180
f 6180 6179 6181
f 6180 6181 6182
f 6182 6181 6183
f 6182 6183 6184
f 6184 6183 6185
f 6184 6185 6186
f 6186 6185 6187
f 6186 6187 6188
f 6188 6187 6189
f 6188 6189 6190
f 6190 6189 6191
f 6190 6191 6192
f 6192 6191 6193
f 6192 6193 6194
f 6194 6193 6195
f 6194 6195 6196
f 6196 6195 6197
f 6196 6197 6198
f 6198 6197 6199
f 6198 6199 6200
f 6200 6199 6201
f 6200 6201 6202
f 6202 6201 6203
f 6202 6203 6204
f 6204 6203 6205
f 6204 6205 6206
f 6206 6205 6207
f 6206 6207 6208
f 6208 6207 6209
f 6208 6209 6210
f 6210 6209 6211
f 6210 6211 6212
f 6212 6211 6213
f 6212 6213 6214
f 6214 6213 6215
f 6214 6215 6216
f 6216 6215 6217
f 6216 6217 6218
f 6218 6217 6219
f 6218 6219 6220
f 6220 6219 6221
f 6220 6221 6222
f 6222 6221 6223
f 6222 6223 6224
f 6224 6223 6225
f 6225 6223 6226
f 6225 6226 6227
f 6226 6228 6227
f 6227 6228 6229
f 6227 6229 6230
f 6230 6229 6231
f 6230 6231 6232
f 6232 6231 6233
f 6232 6233 6234
f 6234 6233 6235
f 6234 6235 6236
f 6237 6238 6239
f 6240 6241 6242
f 6243 6240 6244
f 6244 6240 6242
f 6244 6242 6245
f 6246 6247 6248
f 6248 6247 6249
f 6248 6249 6250
f 6250 6249 6251
f 6243 6252 6240
f 6240 6252 6253
f 6240 6253 6254
f 6251 6255 6250
f 6250 6255 6256
f 6250 6256 6239
f 6239 6256 6257
f 6239 6257 6237
f 6258 6259 6260
f 6259 6258 6261
f 6260 6262 6258
f 6258 6262 6263
f 6258 6263 6246
f 6246 6263 6264
f 6246 6264 6247
f 6265 6266 6267
f 6258 6268 6261
f 6261 6268 6269
f 6261 6269 6270
f 6270 6269 6265
f 6270 6265 6271
f 6271 6265 6267
f 6254 6272 6240
f 6240 6272 6273
f 6240 6273 6274
f 6274 6273 6275
f 6274 6275 6265
f 6265 6275 6276
f 6265 6276 6266
f 6277 6238 6278
f 6279 6280 6281
f 6281 6280 6282
f 6281 6282 6283
f 6278 6284 6277
f 6277 6284 6285
f 6277 6285 6286
f 6285 6287 6286
f 6286 6287 6288
f 6286 6288 6289
f 6290 6291 6292
f 6292 6291 6293
f 6292 6293 6281
f 6281 6293 6294
f 6281 6294 6279
f 6295 6296 6297
f 6298 6299 6300
f 6300 6299 6301
f 6300 6301 6302
f 6302 6301 6303
f 6301 6304 6303
f 6303 6304 6297
f 6303 6297 6305
f 6305 6297 6296
f 6298 6306 6299
f 6299 6306 6307
f 6299 6307 6308
f 6308 6307 6309
f 6308 6309 6290
f 6290 6309 6310
f 6290 6310 6291
f 6288 6311 6289
f 6289 6311 6312
f 6289 6312 6313
f 6313 6312 6314
f 6313 6314 6297
f 6297 6314 6315
f 6297 6315 6295
f 6316 6245 6317
f 6316 6317 6318
f 6319 6320 6321
f 6321 6320 6322
f 6319 6323 6320
f 6320 6323 6324
f 6320 6324 6325
f 6326 6327 6328
f 6328 6329 6326
f 6326 6329 6330
f 6326 6330 6317
f 6317 6330 6331
f 6317 6331 6318
f 6332 6333 6334
f 6334 6333 6335
f 6324 6336 6325
f 6325 6336 6337
f 6325 6337 6338
f 6338 6337 6339
f 6338 6339 6340
f 6340 6339 6341
f 6340 6341 6332
f 6332 6341 6342
f 6332 6342 6343
f 6343 6344 6332
f 6332 6344 6345
f 6332 6345 6333
f 6335 6333 6346
f 6346 6333 6347
f 6346 6347 6348
f 6348 6349 6346
f 6346 6349 6350
f 6346 6350 6351
f 6351 6350 6352
f 6351 6352 6327
f 6327 6352 6353
f 6327 6353 6328
f 6354 6309 6307
f 6354 6307 6355
f 6355 6307 6306
f 6355 6306 6356
f 6356 6306 6357
f 6357 6306 6298
f 6357 6298 6358
f 6298 6300 6358
f 6358 6300 6302
f 6358 6302 6359
f 6359 6302 6303
f 6359 6303 6360
f 6360 6303 6305
f 6360 6305 6361
f 6361 6305 6296
f 6361 6296 6362
f 6362 6296 6295
f 6362 6295 6363
f 6363 6295 6315
f 6363 6315 6364
f 6364 6315 6314
f 6364 6314 6365
f 6365 6314 6312
f 6365 6312 6366
f 6366 6312 6311
f 6366 6311 6367
f 6367 6311 6288
f 6367 6288 6368
f 6368 6288 6287
f 6368 6287 6369
f 6369 6287 6285
f 6369 6285 6370
f 6370 6285 6284
f 6370 6284 6371
f 6371 6284 6278
f 6371 6278 6372
f 6372 6278 6238
f 6372 6238 6373
f 6373 6238 6237
f 6373 6237 6374
f 6374 6237 6257
f 6374 6257 6375
f 6375 6257 6256
f 6375 6256 6376
f 6376 6256 6255
f 6376 6255 6377
f 6377 6255 6251
f 6377 6251 6378
f 6378 6251 6249
f 6378 6249 6379
f 6379 6249 6247
f 6379 6247 6380
f 6380 6247 6264
f 6380 6264 6381
f 6275 6382 6383
f 6381 6264 6263
f 6381 6263 6384
f 6384 6263 6262
f 6384 6262 6385
f 6385 6262 6260
f 6385 6260 6386
f 6386 6260 6259
f 6386 6259 6387
f 6387 6259 6261
f 6387 6261 6388
f 6388 6261 6270
f 6388 6270 6389
f 6389 6270 6271
f 6389 6271 6390
f 6390 6271 6267
f 6390 6267 6391
f 6391 6267 6392
f 6392 6267 6266
f 6392 6266 6383
f 6383 6266 6276
f 6383 6276 6275
f 6382 6275 6273
f 6382 6273 6393
f 6393 6273 6272
f 6393 6272 6394
f 6394 6272 6254
f 6394 6254 6395
f 6395 6254 6253
f 6395 6253 6396
f 6396 6253 6252
f 6396 6252 6397
f 6397 6252 6243
f 6397 6243 6398
f 6398 6243 6244
f 6398 6244 6399
f 6399 6244 6245
f 6399 6245 6400
f 6400 6245 6316
f 6400 6316 6401
f 6401 6316 6318
f 6401 6318 6402
f 6402 6318 6331
f 6402 6331 6403
f 6403 6331 6330
f 6403 6330 6404
f 6404 6330 6329
f 6404 6329 6405
f 6405 6329 6328
f 6405 6328 6406
f 6406 6328 6353
f 6406 6353 6407
f 6407 6353 6352
f 6407 6352 6408
f 6408 6352 6350
f 6408 6350 6409
f 6409 6350 6349
f 6409 6349 6410
f 6410 6349 6348
f 6410 6348 6411
f 6411 6348 6347
f 6411 6347 6412
f 6412 6347 6333
f 6412 6333 6413
f 6413 6333 6345
f 6413 6345 6414
f 6414 6345 6344
f 6414 6344 6415
f 6415 6344 6343
f 6415 6343 6416
f 6416 6343 6342
f 6416 6342 6417
f 6417 6342 6341
f 6417 6341 6418
f 6418 6341 6339
f 6418 6339 6419
f 6419 6339 6337
f 6419 6337 6420
f 6420 6337 6336
f 6420 6336 6421
f 6421 6336 6324
f 6421 6324 6422
f 6422 6324 6323
f 6422 6323 6423
f 6423 6323 6319
f 6423 6319 6424
f 6424 6319 6321
f 6424 6321 6425
f 6425 6321 6322
f 6425 6322 6426
f 6426 6322 6427
f 6426 6427 6428
f 6428 6427 6429
f 6428 6429 6430
f 6430 6429 6431
f 6430 6431 6432
f 6432 6431 6433
f 6432 6433 6434
f 6434 6433 6435
f 6434 6435 6436
f 6436 6435 6437
f 6437 6435 6438
f 6437 6438 6439
f 6438 6440 6439
f 6439 6440 6441
f 6439 6441 6442
f 6442 6441 6443
f 6442 6443 6444
f 6445 6446 6447
f 6445 6447 6448
f 6448 6447 6449
f 6448 6449 6450
f 6450 6449 6451
f 6450 6451 6452
f 6452 6451 6453
f 6452 6453 6454
f 6454 6453 6455
f 6454 6455 6456
f 6456 6455 6457
f 6456 6457 6458
f 6458 6457 6459
f 6458 6459 6460
f 6460 6459 6283
f 6460 6283 6461
f 6461 6283 6282
f 6461 6282 6462
f 6462 6282 6280
f 6462 6280 6463
f 6463 6280 6279
f 6463 6279 6464
f 6464 6279 6294
f 6464 6294 6465
f 6465 6294 6293
f 6465 6293 6466
f 6466 6293 6291
f 6466 6291 6467
f 6467 6291 6310
f 6467 6310 6468
f 6468 6310 6309
f 6468 6309 6354
f 6469 6470 3504
f 6471 6472 3510
f 3510 6472 6473
f 3510 6473 3509
f 3509 6473 6474
f 3509 6474 6475
f 6475 6476 3509
f 3509 6476 6477
f 3509 6477 3508
f 6477 6478 3508
f 3508 6478 6479
f 3508 6479 3507
f 3507 6479 6480
f 3507 6480 6481
f 6481 6482 3507
f 3507 6482 6483
f 3507 6483 3506
f 3506 6483 6484
f 3506 6484 6485
f 6485 6486 3506
f 3506 6486 6487
f 3506 6487 3505
f 3505 6487 6488
f 3505 6488 6489
f 6489 6490 3505
f 3505 6490 6491
f 3505 6491 3504
f 3504 6491 6492
f 3504 6492 6469
f 6470 6493 3504
f 3504 6493 6494
f 3504 6494 3503
f 3503 6494 6495
f 3503 6495 6496
f 6496 6497 3503
f 3503 6497 6498
f 3503 6498 3502
f 3502 6498 6499
f 3502 6499 6500
f 6500 6501 3502
f 3502 6501 6502
f 3502 6502 3501
f 3501 6502 6503
f 3501 6503 6504
f 6504 6505 3501
f 3501 6505 6506
f 3501 6506 3500
f 3500 6506 6507
f 3500 6507 6508
f 6508 6509 3500
f 3500 6509 6510
f 3500 6510 3499
f 3499 6510 6511
f 3499 6511 6512
f 6513 3498 6514
f 6514 3498 3499
f 6514 3499 6515
f 6515 3499 6512
f 6513 6516 3498
f 3498 6516 6517
f 3498 6517 3497
f 3497 6517 6518
f 6518 6519 3497
f 3497 6519 6520
f 3497 6520 3496
f 3496 6520 6521
f 6521 6522 3496
f 3496 6522 6523
f 3496 6523 3495
f 3495 6523 6524
f 3495 6524 6525
f 6525 6526 3495
f 3495 6526 6527
f 3495 6527 3530
f 3530 6527 6528
f 3530 6528 6529
f 6530 3529 6531
f 6531 3529 3530
f 6531 3530 6532
f 6532 3530 6529
f 6530 6533 3529
f 3529 6533 6534
f 3529 6534 3528
f 3528 6534 6535
f 6535 6536 3528
f 3528 6536 6537
f 3528 6537 3527
f 3527 6537 6538
f 3527 6538 6539
f 6539 6540 3527
f 3527 6540 6541
f 3527 6541 3526
f 3526 6541 6542
f 3526 6542 6543
f 6543 6544 3526
f 3526 6544 6545
f 3526 6545 3525
f 3525 6545 6546
f 3525 6546 6547
f 6547 6548 3525
f 3525 6548 6549
f 3525 6549 3524
f 3524 6549 6550
f 3524 6550 6551
f 6552 3523 6553
f 6553 3523 3524
f 6553 3524 6554
f 6554 3524 6551
f 6552 6555 3523
f 3523 6555 6556
f 3523 6556 3522
f 3522 6556 6557
f 3522 6557 6558
f 6559 3521 6560
f 6560 3521 3522
f 6560 3522 6561
f 6561 3522 6558
f 6559 6562 3521
f 3521 6562 6563
f 3521 6563 6564
f 6564 6565 3521
f 3521 6565 6566
f 3521 6566 3520
f 3520 6566 6567
f 3520 6567 6568
f 6568 6569 3520
f 3520 6569 6570
f 3520 6570 3519
f 6570 6571 3519
f 3519 6571 6572
f 3519 6572 3518
f 3518 6572 6573
f 3518 6573 6574
f 6574 6575 3518
f 3518 6575 6576
f 3518 6576 3517
f 3517 6576 6577
f 3517 6577 6578
f 6578 6579 3517
f 3517 6579 6580
f 3517 6580 3516
f 3516 6580 6581
f 3516 6581 6582
f 6582 6583 3516
f 3516 6583 6584
f 3516 6584 3515
f 3515 6584 6585
f 3515 6585 6586
f 6587 3514 6588
f 6588 3514 3515
f 6588 3515 6589
f 6589 3515 6586
f 6587 6590 3514
f 3514 6590 6591
f 3514 6591 3513
f 3513 6591 6592
f 3513 6592 6593
f 6593 6594 3513
f 3513 6594 6595
f 3513 6595 3512
f 6595 6596 3512
f 3512 6596 6597
f 3512 6597 3511
f 3511 6597 6598
f 3511 6598 6599
f 6599 6600 3511
f 3511 6600 6601
f 3511 6601 3510
f 3510 6601 6602
f 3510 6602 6471
f 6510 6509 6603
f 6604 6557 6556
f 6605 6606 6607
f 6608 6552 6553
f 6609 6610 6611
f 6612 6613 6614
f 6615 6616 6617
f 6618 6619 6620
f 6621 6622 6623
f 6624 6625 6626
f 6627 6628 6629
f 6630 6631 6632
f 6633 6634 6635
f 6636 6637 6638
f 6639 6640 6641
f 6642 6643 6644
f 6645 6646 6647
f 6648 6322 6320
f 6649 6650 6639
f 6651 6652 6653
f 6653 6652 6654
f 6654 6655 6656
f 6656 6655 6649
f 6657 6658 6659
f 6660 6661 6662
f 6662 6661 6657
f 6662 6657 6663
f 6663 6657 6664
f 6657 6659 6664
f 6664 6659 6665
f 6664 6665 6666
f 6667 6668 6669
f 6670 6671 6672
f 6672 6671 6645
f 6668 6667 6646
f 6669 6673 6674
f 6674 6673 6675
f 6676 6677 6678
f 6653 6679 6680
f 6680 6679 6681
f 6680 6681 6678
f 6678 6677 6680
f 6680 6677 6682
f 6680 6682 6653
f 6643 6648 6644
f 6644 6648 6320
f 6644 6320 6683
f 6683 6320 6325
f 6495 6676 6684
f 6684 6676 6678
f 6684 6678 6685
f 6685 6678 6681
f 6685 6681 6686
f 6686 6681 6679
f 6686 6679 6687
f 6688 6689 6690
f 6690 6689 6691
f 6690 6691 6692
f 6693 6688 6694
f 6694 6688 6690
f 6694 6690 6695
f 6695 6690 6692
f 6695 6692 6696
f 6697 6698 6699
f 6639 6641 6700
f 6700 6641 6701
f 6700 6701 6702
f 6702 6701 6703
f 6702 6703 6704
f 6704 6703 6705
f 6704 6705 6706
f 6706 6705 6707
f 6706 6707 6708
f 6654 6656 6653
f 6653 6656 6709
f 6653 6709 6679
f 6679 6709 6710
f 6679 6710 6687
f 6687 6710 6711
f 6687 6711 6697
f 6697 6711 6712
f 6697 6712 6698
f 6698 6712 6713
f 6698 6713 6714
f 6649 6639 6656
f 6656 6639 6700
f 6656 6700 6709
f 6709 6700 6702
f 6709 6702 6710
f 6710 6702 6704
f 6710 6704 6711
f 6711 6704 6706
f 6711 6706 6712
f 6712 6706 6708
f 6712 6708 6713
f 6715 6716 6717
f 6325 6338 6683
f 6683 6338 6340
f 6683 6340 6718
f 6718 6340 6332
f 6718 6332 6719
f 6719 6332 6334
f 6719 6334 6720
f 6720 6334 6335
f 6720 6335 6721
f 6721 6335 6346
f 6716 6722 6717
f 6717 6722 6723
f 6717 6723 6724
f 6724 6723 6725
f 6724 6725 6726
f 6715 6717 6727
f 6727 6717 6724
f 6727 6724 6728
f 6728 6724 6726
f 6728 6726 6729
f 6716 6699 6722
f 6722 6699 6698
f 6722 6698 6723
f 6723 6698 6714
f 6723 6714 6725
f 6725 6714 6730
f 6725 6730 6726
f 6726 6730 6731
f 6726 6731 6729
f 6729 6731 6603
f 6729 6603 6508
f 6508 6603 6509
f 6732 6636 6733
f 6734 6735 6736
f 6737 6738 6739
f 6739 6738 6740
f 6739 6740 6736
f 6736 6735 6739
f 6739 6735 6741
f 6739 6741 6737
f 6511 6734 6742
f 6742 6734 6736
f 6742 6736 6743
f 6743 6736 6740
f 6743 6740 6744
f 6744 6740 6738
f 6744 6738 6745
f 6346 6351 6721
f 6721 6351 6327
f 6721 6327 6746
f 6746 6327 6326
f 6746 6326 6747
f 6747 6326 6317
f 6747 6317 6748
f 6749 6750 6751
f 6751 6750 6752
f 6751 6752 6753
f 6753 6752 6754
f 6753 6754 6755
f 6756 6749 6757
f 6757 6749 6751
f 6757 6751 6758
f 6758 6751 6753
f 6758 6753 6759
f 6759 6753 6755
f 6759 6755 6760
f 6761 6762 6763
f 6763 6762 6764
f 6763 6764 6765
f 6766 6765 6767
f 6767 6765 6764
f 6767 6764 6768
f 6768 6764 6762
f 6768 6762 6769
f 6317 6245 6748
f 6748 6245 6242
f 6748 6242 6770
f 6770 6242 6241
f 6770 6241 6771
f 6771 6241 6240
f 6771 6240 6772
f 6772 6240 6274
f 6773 6774 6775
f 6775 6774 6776
f 6775 6776 6777
f 6777 6776 6778
f 6779 6778 6780
f 6780 6778 6776
f 6780 6776 6781
f 6781 6776 6774
f 6634 6633 6782
f 6782 6633 6783
f 6782 6783 6784
f 6785 6773 6786
f 6786 6773 6775
f 6786 6775 6769
f 6769 6775 6777
f 6769 6777 6768
f 6768 6777 6778
f 6768 6778 6767
f 6767 6778 6779
f 6767 6779 6766
f 6269 6268 6787
f 6631 6630 6788
f 6788 6630 6789
f 6788 6789 6790
f 6791 6635 6785
f 6785 6635 6634
f 6785 6634 6773
f 6773 6634 6782
f 6773 6782 6774
f 6774 6782 6784
f 6774 6784 6781
f 6628 6627 6792
f 6792 6627 6793
f 6792 6793 6794
f 6795 6632 6791
f 6791 6632 6631
f 6791 6631 6635
f 6635 6631 6788
f 6635 6788 6633
f 6633 6788 6790
f 6633 6790 6783
f 6625 6624 6796
f 6796 6624 6797
f 6796 6797 6798
f 6799 6629 6795
f 6795 6629 6628
f 6795 6628 6632
f 6632 6628 6792
f 6632 6792 6630
f 6630 6792 6794
f 6630 6794 6789
f 6268 6258 6787
f 6787 6258 6246
f 6787 6246 6800
f 6800 6246 6248
f 6800 6248 6801
f 6801 6248 6250
f 6801 6250 6802
f 6622 6621 6803
f 6803 6621 6804
f 6803 6804 6805
f 6806 6626 6799
f 6799 6626 6625
f 6799 6625 6629
f 6629 6625 6796
f 6629 6796 6627
f 6627 6796 6798
f 6627 6798 6793
f 6619 6618 6807
f 6807 6618 6808
f 6807 6808 6809
f 6810 6623 6806
f 6806 6623 6622
f 6806 6622 6626
f 6626 6622 6803
f 6626 6803 6624
f 6624 6803 6805
f 6624 6805 6797
f 6250 6239 6802
f 6802 6239 6238
f 6802 6238 6811
f 6811 6238 6277
f 6811 6277 6812
f 6812 6277 6286
f 6616 6615 6813
f 6813 6615 6814
f 6813 6814 6815
f 6816 6620 6810
f 6810 6620 6619
f 6810 6619 6623
f 6623 6619 6807
f 6623 6807 6621
f 6621 6807 6809
f 6621 6809 6804
f 6817 6818 6819
f 6819 6818 6820
f 6819 6820 6821
f 6821 6820 6822
f 6821 6822 6823
f 6823 6822 6824
f 6823 6824 6825
f 6825 6824 6826
f 6825 6826 6827
f 6827 6826 6828
f 6827 6828 6829
f 6829 6828 6830
f 6829 6830 6831
f 6831 6830 6832
f 6831 6832 6772
f 6772 6832 6833
f 6772 6833 6771
f 6771 6833 6834
f 6771 6834 6770
f 6770 6834 6835
f 6770 6835 6748
f 6748 6835 6836
f 6748 6836 6747
f 6747 6836 6837
f 6747 6837 6746
f 6746 6837 6838
f 6746 6838 6721
f 6721 6838 6839
f 6721 6839 6720
f 6720 6839 6840
f 6720 6840 6719
f 6719 6840 6841
f 6719 6841 6718
f 6718 6841 6842
f 6718 6842 6683
f 6683 6842 6674
f 6683 6674 6644
f 6644 6674 6675
f 6644 6675 6642
f 6613 6612 6843
f 6843 6612 6844
f 6843 6844 6845
f 6846 6617 6816
f 6816 6617 6616
f 6816 6616 6620
f 6620 6616 6813
f 6620 6813 6618
f 6618 6813 6815
f 6618 6815 6808
f 6610 6609 6847
f 6847 6609 6848
f 6847 6848 6849
f 6850 6614 6846
f 6846 6614 6613
f 6846 6613 6617
f 6617 6613 6843
f 6617 6843 6615
f 6615 6843 6845
f 6615 6845 6814
f 6851 6611 6850
f 6850 6611 6610
f 6850 6610 6614
f 6614 6610 6847
f 6614 6847 6612
f 6612 6847 6849
f 6612 6849 6844
f 6286 6289 6812
f 6812 6289 6313
f 6812 6313 6852
f 6852 6313 6297
f 6852 6297 6853
f 6853 6297 6304
f 6853 6304 6854
f 6854 6304 6301
f 6854 6301 6855
f 6855 6301 6299
f 6856 6857 6858
f 6856 6858 6859
f 6859 6858 6860
f 6859 6860 6861
f 6862 6860 6863
f 6863 6860 6858
f 6863 6858 6864
f 6864 6858 6857
f 6864 6857 6865
f 6866 6867 6868
f 6868 6867 6869
f 6868 6869 6870
f 6870 6869 6871
f 6669 6674 6667
f 6667 6674 6842
f 6667 6842 6872
f 6872 6842 6841
f 6872 6841 6873
f 6873 6841 6840
f 6873 6840 6874
f 6874 6840 6839
f 6874 6839 6875
f 6875 6839 6838
f 6875 6838 6876
f 6876 6838 6837
f 6876 6837 6877
f 6877 6837 6836
f 6877 6836 6878
f 6878 6836 6835
f 6878 6835 6879
f 6879 6835 6834
f 6879 6834 6880
f 6880 6834 6833
f 6880 6833 6881
f 6881 6833 6832
f 6881 6832 6882
f 6882 6832 6830
f 6882 6830 6883
f 6883 6830 6828
f 6883 6828 6884
f 6884 6828 6826
f 6884 6826 6885
f 6885 6826 6824
f 6885 6824 6886
f 6886 6824 6822
f 6886 6822 6887
f 6887 6822 6820
f 6887 6820 6888
f 6888 6820 6818
f 6888 6818 6889
f 6889 6818 6817
f 6889 6817 6890
f 6890 6817 6891
f 6890 6891 6892
f 6892 6891 6893
f 6892 6893 6894
f 6894 6893 6895
f 6894 6895 6896
f 6896 6895 6897
f 6896 6897 6898
f 6898 6897 6899
f 6898 6899 6900
f 6645 6647 6672
f 6672 6647 6901
f 6672 6901 6902
f 6902 6901 6903
f 6902 6903 6904
f 6904 6903 6905
f 6904 6905 6906
f 6906 6905 6907
f 6906 6907 6908
f 6908 6907 6909
f 6908 6909 6910
f 6910 6909 6911
f 6910 6911 6912
f 6912 6911 6913
f 6912 6913 6914
f 6914 6913 6915
f 6914 6915 6916
f 6916 6915 6917
f 6916 6917 6918
f 6918 6917 6919
f 6918 6919 6920
f 6920 6919 6921
f 6920 6921 6922
f 6922 6921 6923
f 6922 6923 6924
f 6924 6923 6925
f 6924 6925 6926
f 6926 6925 6927
f 6926 6927 6928
f 6928 6927 6929
f 6928 6929 6930
f 6930 6929 6931
f 6930 6931 6932
f 6932 6931 6933
f 6932 6933 6934
f 6934 6933 6935
f 6934 6935 6936
f 6936 6935 6937
f 6936 6937 6938
f 6938 6937 6939
f 6938 6939 6940
f 6940 6939 6941
f 6940 6941 6942
f 6942 6941 6943
f 6942 6943 6944
f 6944 6943 6945
f 6944 6945 6946
f 6946 6945 6947
f 6946 6947 6948
f 6949 6950 6951
f 6952 6953 6954
f 6954 6953 6955
f 6636 6638 6733
f 6733 6638 6956
f 6733 6956 6957
f 6957 6956 6958
f 6957 6958 6959
f 6959 6958 6960
f 6959 6960 6961
f 6961 6960 6962
f 6961 6962 6963
f 6963 6962 6964
f 6963 6964 6965
f 6965 6964 6966
f 6965 6966 6967
f 6967 6966 6968
f 6967 6968 6969
f 6969 6968 6970
f 6969 6970 6971
f 6971 6970 6972
f 6971 6972 6973
f 6973 6972 6974
f 6973 6974 6975
f 6975 6974 6976
f 6975 6976 6977
f 6977 6976 6978
f 6977 6978 6979
f 6979 6978 6980
f 6979 6980 6981
f 6981 6980 6982
f 6981 6982 6983
f 6983 6982 6984
f 6983 6984 6985
f 6985 6984 6986
f 6985 6986 6987
f 6987 6986 6954
f 6987 6954 6607
f 6607 6954 6955
f 6607 6955 6605
f 6988 6989 6990
f 6990 6991 6988
f 6988 6991 6992
f 6988 6992 6993
f 6993 6992 6851
f 6993 6851 6994
f 6994 6851 6850
f 6994 6850 6995
f 6995 6850 6846
f 6995 6846 6996
f 6996 6846 6816
f 6996 6816 6997
f 6997 6816 6810
f 6997 6810 6998
f 6998 6810 6806
f 6998 6806 6999
f 6999 6806 6799
f 6999 6799 7000
f 7000 6799 6795
f 7000 6795 7001
f 7001 6795 6791
f 7001 6791 7002
f 7002 6791 6785
f 7002 6785 7003
f 7003 6785 6786
f 7003 6786 7004
f 7004 6786 6769
f 7004 6769 7005
f 7005 6769 6762
f 7005 6762 7006
f 7006 6762 6761
f 7006 6761 7007
f 7007 6761 6745
f 7007 6745 7008
f 7008 6745 6738
f 7008 6738 7009
f 7009 6738 6737
f 7009 6737 6732
f 6732 6733 7009
f 7009 6733 6957
f 7009 6957 7008
f 7008 6957 6959
f 7008 6959 7007
f 7007 6959 6961
f 7007 6961 7006
f 7006 6961 6963
f 7006 6963 7005
f 7005 6963 6965
f 7005 6965 7004
f 7004 6965 6967
f 7004 6967 7003
f 7003 6967 6969
f 7003 6969 7002
f 7002 6969 6971
f 7002 6971 7001
f 7001 6971 6973
f 7001 6973 7000
f 7000 6973 6975
f 7000 6975 6999
f 6999 6975 6977
f 6999 6977 6998
f 6998 6977 6979
f 6998 6979 6997
f 6997 6979 6981
f 6997 6981 6996
f 6996 6981 6983
f 6996 6983 6995
f 6995 6983 6985
f 6995 6985 6994
f 6994 6985 6987
f 6994 6987 6993
f 6993 6987 6607
f 6993 6607 6988
f 6988 6607 6606
f 6988 6606 6989
f 7010 7011 7012
f 7012 7011 7013
f 7014 7015 7016
f 7016 7015 7013
f 7016 7013 7017
f 7017 7013 7011
f 7015 6866 7013
f 7013 6866 6868
f 7013 6868 7012
f 7012 6868 6870
f 7012 6870 6991
f 6991 6870 6871
f 6991 6871 6992
f 6990 7018 6991
f 6991 7018 7019
f 6991 7019 7012
f 7012 7019 7020
f 7012 7020 7010
f 6299 6308 6855
f 6855 6308 6290
f 6855 6290 6949
f 6949 6290 6292
f 6949 6292 6950
f 6950 6292 6281
f 6281 6283 6950
f 6950 6283 7021
f 6950 7021 7022
f 6899 7023 7024
f 6899 7024 6900
f 6900 7024 7025
f 6900 7025 7026
f 6646 6667 6647
f 6647 6667 6872
f 6647 6872 6901
f 6901 6872 6873
f 6901 6873 6903
f 6903 6873 6874
f 6903 6874 6905
f 6905 6874 6875
f 6905 6875 6907
f 6907 6875 6876
f 6907 6876 6909
f 6909 6876 6877
f 6909 6877 6911
f 6911 6877 6878
f 6911 6878 6913
f 6913 6878 6879
f 6913 6879 6915
f 6915 6879 6880
f 6915 6880 6917
f 6917 6880 6881
f 6917 6881 6919
f 6919 6881 6882
f 6919 6882 6921
f 6921 6882 6883
f 6921 6883 6923
f 6923 6883 6884
f 6923 6884 6925
f 6925 6884 6885
f 6925 6885 6927
f 6927 6885 6886
f 6927 6886 6929
f 6929 6886 6887
f 6929 6887 6931
f 6931 6887 6888
f 6931 6888 6933
f 6933 6888 6889
f 6933 6889 6935
f 6935 6889 6890
f 6935 6890 6937
f 6937 6890 6892
f 6937 6892 6939
f 6939 6892 6894
f 6939 6894 6941
f 6941 6894 6896
f 6941 6896 6943
f 6943 6896 6898
f 6943 6898 6945
f 6945 6898 6900
f 6945 6900 6947
f 6947 6900 7026
f 6947 7026 7027
f 7022 7028 6950
f 6950 7028 7029
f 6950 7029 6951
f 6951 7029 7030
f 6951 7030 7031
f 6274 6265 6772
f 6772 6265 6269
f 6772 6269 6831
f 6831 6269 6787
f 6831 6787 6829
f 6829 6787 6800
f 6829 6800 6827
f 6827 6800 6801
f 6827 6801 6825
f 6825 6801 6802
f 6825 6802 6823
f 6823 6802 6811
f 6823 6811 6821
f 6821 6811 6812
f 6821 6812 6819
f 6819 6812 6852
f 6819 6852 6817
f 6817 6852 6853
f 6817 6853 6891
f 6891 6853 6854
f 6891 6854 6893
f 6893 6854 6855
f 6893 6855 6895
f 6895 6855 6949
f 6895 6949 6897
f 6897 6949 6951
f 6897 6951 6899
f 6899 6951 7031
f 6899 7031 7023
f 6492 7032 6469
f 6469 7032 6661
f 6469 6661 6470
f 6470 6661 6660
f 6470 6660 6493
f 6493 6660 6494
f 7032 7033 6661
f 6661 7033 7034
f 6661 7034 6657
f 6657 7034 7035
f 6657 7035 6658
f 6650 7036 6639
f 6639 7036 7037
f 6639 7037 6640
f 6640 7037 7038
f 6640 7038 6670
f 6495 6494 6676
f 6676 6494 6660
f 6676 6660 6677
f 6677 6660 6662
f 6677 6662 6682
f 6682 6662 6663
f 6682 6663 6653
f 6653 6663 6664
f 6653 6664 6651
f 6651 6664 6666
f 6502 6501 6696
f 6696 6501 6500
f 6696 6500 6695
f 6695 6500 6499
f 6695 6499 6694
f 6694 6499 6498
f 6694 6498 6693
f 6693 6498 6497
f 6693 6497 6496
f 6503 6502 7039
f 7039 6502 6696
f 7039 6696 7040
f 7040 6696 6692
f 7040 6692 7041
f 7041 6692 6691
f 6507 6506 7042
f 7042 6506 6505
f 7042 6505 7043
f 7043 6505 6504
f 7043 6504 6503
f 6508 6507 6729
f 6729 6507 7042
f 6729 7042 6728
f 6728 7042 7043
f 6728 7043 6727
f 6727 7043 6503
f 6727 6503 6715
f 6715 6503 7039
f 6715 7039 6716
f 6716 7039 7040
f 6716 7040 6699
f 6699 7040 7041
f 6699 7041 6697
f 6697 7041 6691
f 6697 6691 6687
f 6687 6691 6689
f 6687 6689 6686
f 6686 6689 6688
f 6686 6688 6685
f 6685 6688 6693
f 6685 6693 6684
f 6684 6693 6496
f 6684 6496 6495
f 6511 6510 6734
f 6734 6510 6603
f 6734 6603 6735
f 6735 6603 6731
f 6735 6731 6741
f 6741 6731 6730
f 6741 6730 6737
f 6737 6730 6714
f 6737 6714 6732
f 6732 6714 6713
f 6732 6713 6636
f 6636 6713 6708
f 6636 6708 6637
f 6637 6708 6707
f 6756 6515 6512
f 6766 6760 6765
f 6765 6760 6755
f 6765 6755 6763
f 6763 6755 6754
f 6763 6754 6761
f 6761 6754 6752
f 6761 6752 6745
f 6745 6752 6750
f 6745 6750 6744
f 6744 6750 6749
f 6744 6749 6743
f 6743 6749 6756
f 6743 6756 6742
f 6742 6756 6512
f 6742 6512 6511
f 6517 7044 6518
f 6518 7044 7045
f 6518 7045 6519
f 6519 7045 7046
f 6519 7046 6520
f 6520 7046 7047
f 6520 7047 6521
f 6521 7047 7048
f 6521 7048 6522
f 6522 7048 7049
f 6522 7049 6523
f 6523 7049 7050
f 7051 6527 7052
f 7052 6527 6526
f 7052 6526 7053
f 7053 6526 6525
f 7053 6525 7050
f 7050 6525 6524
f 7050 6524 6523
f 6532 6529 7051
f 7051 6529 6528
f 7051 6528 6527
f 7051 7054 6532
f 6532 7054 7055
f 6532 7055 6531
f 6531 7055 7056
f 7057 6537 7058
f 7058 6537 6536
f 7058 6536 7059
f 7059 6536 6535
f 7059 6535 7060
f 7060 6535 6534
f 7060 6534 7061
f 7061 6534 6533
f 7061 6533 7056
f 7056 6533 6530
f 7056 6530 6531
f 6540 6539 7057
f 7057 6539 6538
f 7057 6538 6537
f 6540 7062 6541
f 6541 7062 7063
f 6545 6544 7064
f 7064 6544 6543
f 7064 6543 7063
f 7063 6543 6542
f 7063 6542 6541
f 6515 6756 6514
f 6514 6756 6757
f 6514 6757 6513
f 6513 6757 6758
f 6513 6758 6516
f 6516 6758 6759
f 6516 6759 6517
f 6517 6759 6760
f 6517 6760 7044
f 7044 6760 6766
f 7044 6766 7045
f 7045 6766 6779
f 7045 6779 7046
f 7046 6779 6780
f 7046 6780 7047
f 7047 6780 6781
f 7047 6781 7048
f 7048 6781 6784
f 7048 6784 7049
f 7049 6784 6783
f 7049 6783 7050
f 7050 6783 6790
f 7050 6790 7053
f 7053 6790 6789
f 7053 6789 7052
f 7052 6789 6794
f 7052 6794 7051
f 7051 6794 6793
f 7051 6793 7054
f 7054 6793 6798
f 7054 6798 7055
f 7055 6798 6797
f 7055 6797 7056
f 7056 6797 6805
f 7056 6805 7061
f 7061 6805 6804
f 7061 6804 7060
f 7060 6804 6809
f 7060 6809 7059
f 7059 6809 6808
f 7059 6808 7058
f 7058 6808 6815
f 7058 6815 7057
f 7057 6815 6814
f 7057 6814 6540
f 6540 6814 6845
f 6540 6845 7062
f 7062 6845 6844
f 7062 6844 7063
f 7063 6844 6849
f 7063 6849 7064
f 7064 6849 6848
f 7064 6848 6545
f 6861 6860 7065
f 7065 6860 6862
f 7065 6862 7066
f 7066 6862 6547
f 7066 6547 6546
f 6553 6554 6865
f 6865 6554 6551
f 6865 6551 6864
f 6864 6551 6550
f 6864 6550 6863
f 6863 6550 6549
f 6863 6549 6862
f 6862 6549 6548
f 6862 6548 6547
f 7014 7067 7015
f 7015 7067 6608
f 7015 6608 6866
f 6866 6608 6553
f 6866 6553 6867
f 6867 6553 6865
f 6867 6865 6869
f 6869 6865 6857
f 6869 6857 6871
f 6871 6857 6856
f 6871 6856 6992
f 6992 6856 6859
f 6992 6859 6851
f 6851 6859 6861
f 6851 6861 6611
f 6611 6861 7065
f 6611 7065 6609
f 6609 7065 7066
f 6609 7066 6848
f 6848 7066 6546
f 6848 6546 6545
f 7014 6604 7067
f 7067 6604 6556
f 7067 6556 6608
f 6608 6556 6555
f 6608 6555 6552
f 7027 7068 6947
f 6947 7068 7069
f 6947 7069 6948
f 6948 7069 7070
f 6948 7070 7071
f 6670 6672 6640
f 6640 6672 6902
f 6640 6902 6641
f 6641 6902 6904
f 6641 6904 6701
f 6701 6904 6906
f 6701 6906 6703
f 6703 6906 6908
f 6703 6908 6705
f 6705 6908 6910
f 6705 6910 6707
f 6707 6910 6912
f 6707 6912 6637
f 6637 6912 6914
f 6637 6914 6638
f 6638 6914 6916
f 6638 6916 6956
f 6956 6916 6918
f 6956 6918 6958
f 6958 6918 6920
f 6958 6920 6960
f 6960 6920 6922
f 6960 6922 6962
f 6962 6922 6924
f 6962 6924 6964
f 6964 6924 6926
f 6964 6926 6966
f 6966 6926 6928
f 6966 6928 6968
f 6968 6928 6930
f 6968 6930 6970
f 6970 6930 6932
f 6970 6932 6972
f 6972 6932 6934
f 6972 6934 6974
f 6974 6934 6936
f 6974 6936 6976
f 6976 6936 6938
f 6976 6938 6978
f 6978 6938 6940
f 6978 6940 6980
f 6980 6940 6942
f 6980 6942 6982
f 6982 6942 6944
f 6982 6944 6984
f 6984 6944 6946
f 6984 6946 6986
f 6986 6946 6948
f 6986 6948 6954
f 6954 6948 7071
f 6954 7071 6952
f 6444 6443 7072
f 6444 7072 7073
f 7073 7072 7074
f 7073 7074 7075
f 7075 7074 7076
f 7075 7076 7077
f 7077 7076 7078
f 7077 7078 7079
f 7079 7078 7080
f 7079 7080 7081
f 7081 7080 7082
f 7081 7082 7083
f 7083 7082 7084
f 7083 7084 7085
f 7085 7084 7086
f 7085 7086 7087
f 7087 7086 7088
f 7087 7088 7089
f 7089 7088 7090
f 7089 7090 7091
f 7092 7093 7094
f 7094 7095 7092
f 7092 7095 7096
f 7092 7096 7097
f 7097 7096 7098
f 6433 6431 7099
f 6431 6429 7099
f 7099 6429 6427
f 7099 6427 6322
f 6433 7099 6435
f 6435 7099 7100
f 6435 7100 6438
f 6438 7100 7101
f 6438 7101 6440
f 7102 7080 7103
f 7103 7080 7078
f 7103 7078 7076
f 7086 7084 7104
f 7076 7074 7103
f 7103 7074 7072
f 7103 7072 7105
f 7105 7072 6443
f 7105 6443 7101
f 7101 6443 6441
f 7101 6441 6440
f 7098 7106 7097
f 7097 7106 7107
f 7097 7107 7108
f 7108 7107 7109
f 7108 7109 7110
f 7110 7109 7090
f 7110 7090 7104
f 7104 7090 7088
f 7104 7088 7086
f 7102 7111 7080
f 7080 7111 7104
f 7080 7104 7082
f 7082 7104 7084
f 7112 7113 7114
f 7114 7113 7115
f 6457 7116 6459
f 6459 7116 6283
f 6457 6455 7116
f 7116 6455 6453
f 7116 6453 7117
f 7118 7119 7120
f 7120 7121 7118
f 7118 7121 7122
f 7118 7122 7113
f 7113 7122 7123
f 7113 7123 7115
f 7124 7125 7126
f 7127 7128 7129
f 7128 7127 7126
f 7126 7127 7130
f 7126 7130 7124
f 7131 7132 7125
f 7125 7132 7133
f 7125 7133 7126
f 7129 7134 7127
f 7127 7134 7135
f 7127 7135 7136
f 7136 7135 7137
f 7136 7137 7119
f 7119 7137 7138
f 7119 7138 7120
f 6453 6451 7117
f 7117 6451 6449
f 7117 6449 7139
f 7139 6449 6447
f 7139 6447 7140
f 7140 6447 6446
f 7140 6446 7125
f 7125 6446 7141
f 7125 7141 7131
f 7142 7137 7135
f 7142 7135 7143
f 7143 7135 7134
f 7143 7134 7144
f 7144 7134 7129
f 7144 7129 7145
f 7145 7129 7128
f 7145 7128 7146
f 7146 7128 7126
f 7146 7126 7147
f 7147 7126 7133
f 7147 7133 7148
f 7148 7133 7132
f 7148 7132 7149
f 7149 7132 7131
f 7149 7131 7150
f 7150 7131 7141
f 7150 7141 7151
f 7151 7141 6446
f 7151 6446 6445
f 6358 6359 7151
f 6354 6355 6445
f 6358 7151 6357
f 6361 6362 7152
f 7075 6417 7073
f 7073 6417 6418
f 6445 6355 7151
f 7151 6355 6356
f 7151 6356 6357
f 7153 7144 7145
f 7146 7147 6359
f 6359 7147 7148
f 6385 6364 6384
f 6384 6364 6365
f 6384 6365 6381
f 6418 6437 6439
f 6354 6445 6468
f 6468 6445 6448
f 6468 6448 6450
f 6468 6456 6458
f 7075 7077 6417
f 6417 7077 7079
f 6417 7079 6416
f 6408 6409 6382
f 7148 7149 6359
f 6359 7149 7150
f 6359 7150 7151
f 6439 6442 6418
f 6418 6442 6444
f 6418 6444 7073
f 6450 6452 6468
f 6468 6452 6454
f 6468 6454 6456
f 6458 6460 6468
f 6468 6460 6461
f 6468 6461 6462
f 7085 7087 7154
f 7154 7087 7089
f 7154 7089 7155
f 7155 7089 7091
f 7155 7091 7156
f 7085 7154 7083
f 7083 7154 7157
f 7083 7157 7081
f 6411 6412 7158
f 7158 6412 6413
f 7158 7159 6411
f 6411 7159 6382
f 6411 6382 6410
f 6410 6382 6409
f 6385 6386 6364
f 6364 6386 6387
f 6364 6387 6363
f 6363 6387 6362
f 6432 6434 6418
f 6418 6434 6436
f 6418 6436 6437
f 6465 6462 6464
f 6464 6462 6463
f 7160 7161 7155
f 7155 7161 7162
f 7155 7162 7163
f 7079 7081 6416
f 6416 7081 7157
f 6416 7157 6415
f 6415 7157 7158
f 6415 7158 6414
f 6414 7158 6413
f 7152 6362 7164
f 7164 6362 6387
f 7164 6387 7165
f 7165 6387 6388
f 7165 6388 7159
f 7145 7146 7153
f 7153 7146 6359
f 7153 6359 7152
f 7152 6359 6360
f 7152 6360 6361
f 6419 6420 6428
f 6465 6466 6462
f 6462 6466 6467
f 6462 6467 6468
f 7163 7166 7155
f 7155 7166 7167
f 7155 7167 7168
f 7168 7169 7155
f 7155 7169 7170
f 7155 7170 7171
f 6367 6368 6380
f 6420 6421 6428
f 6428 6421 6422
f 6428 6422 6423
f 6419 6428 6418
f 6418 6428 6430
f 6418 6430 6432
f 7156 7172 7155
f 7155 7172 7173
f 7155 7173 7174
f 7174 7175 7155
f 7155 7175 7176
f 7155 7176 7160
f 6388 6389 7159
f 7159 6389 6390
f 7159 6390 6391
f 7144 7153 7143
f 7143 7153 7177
f 7143 7177 7142
f 7142 7177 7178
f 7142 7178 7179
f 6423 6424 6428
f 6428 6424 6425
f 6428 6425 6426
f 6381 6365 6380
f 6380 6365 6366
f 6380 6366 6367
f 6370 6371 6372
f 6375 6376 6370
f 6370 6376 6377
f 6370 6377 6378
f 6368 6369 6380
f 6380 6369 6370
f 6380 6370 6379
f 6379 6370 6378
f 6393 6406 6382
f 6382 6406 6407
f 6382 6407 6408
f 6393 6394 6406
f 6406 6394 6395
f 6406 6395 6396
f 6391 6392 7159
f 7159 6392 6383
f 7159 6383 6382
f 6372 6373 6370
f 6370 6373 6374
f 6370 6374 6375
f 6396 6397 6406
f 6406 6397 6398
f 6406 6398 6405
f 7180 7181 7182
f 6402 6403 6401
f 6401 6403 6400
f 6398 6399 6405
f 6405 6399 6400
f 6405 6400 6404
f 6404 6400 6403
f 7179 7183 7142
f 7142 7183 7184
f 7142 7184 7182
f 7182 7184 7185
f 7182 7185 7180
f 7181 7186 7182
f 7182 7186 7187
f 7182 7187 7188
f 7189 7190 7191
f 7191 7190 7192
f 7190 7193 7192
f 7192 7193 7182
f 7192 7182 7194
f 7194 7182 7188
f 7155 4280 4279
f 7155 4279 7154
f 7154 4279 4278
f 7154 4278 7157
f 7157 4278 4271
f 7157 4271 7158
f 7158 4271 4273
f 7158 4273 7159
f 7159 4273 4275
f 7159 4275 7165
f 7165 4275 4277
f 7165 4277 7164
f 7164 4277 4283
f 7164 4283 7152
f 7152 4283 4282
f 7152 4282 7153
f 7153 4282 4281
f 7153 4281 7177
f 7177 4281 4269
f 7177 4269 7178
f 7179 7178 4267
f 4267 7178 4269
f 7179 4267 7183
f 7183 4267 4266
f 7183 4266 7184
f 4266 4256 7184
f 7184 4256 4254
f 7184 4254 7185
f 7185 4254 4253
f 7185 4253 7180
f 7180 4253 4252
f 7180 4252 7181
f 4252 4251 7181
f 7181 4251 7195
f 7181 7195 7186
f 7186 7195 7196
f 7197 7188 7196
f 7196 7188 7187
f 7196 7187 7186
f 7197 7112 7188
f 7188 7112 7114
f 7188 7114 7194
f 7194 7114 7115
f 7194 7115 7192
f 7192 7115 7123
f 7192 7123 7191
f 7191 7123 7122
f 7191 7122 7189
f 7189 7122 7121
f 7189 7121 7190
f 7190 7121 7120
f 7190 7120 7193
f 7193 7120 7138
f 7193 7138 7182
f 7182 7138 7137
f 7182 7137 7142
f 7091 7090 7109
f 7091 7109 7156
f 7156 7109 7107
f 7156 7107 7172
f 7172 7107 7106
f 7172 7106 7173
f 7173 7106 7098
f 7173 7098 7174
f 7174 7098 7096
f 7174 7096 7175
f 7175 7096 7095
f 7175 7095 7176
f 7176 7095 7094
f 7176 7094 7160
f 7160 7094 7161
f 7161 7094 7093
f 7161 7093 7162
f 7093 7198 7162
f 7162 7198 7199
f 7162 7199 7163
f 7163 7199 7200
f 7163 7200 7166
f 7166 7200 7201
f 7201 4265 7166
f 7166 4265 4264
f 7166 4264 7167
f 7167 4264 4263
f 7167 4263 7168
f 7168 4263 4262
f 7168 4262 7169
f 7169 4262 4260
f 7169 4260 7170
f 7170 4260 4258
f 7170 4258 7171
f 7171 4258 4280
f 7171 4280 7155
f 6579 6578 7202
f 6571 6570 7203
f 7032 6492 6491
f 6478 6477 7204
f 7205 7206 7207
f 7208 7209 7210
f 7211 7212 7213
f 7214 7215 7216
f 6583 6582 7217
f 6575 6574 7218
f 6567 6566 7219
f 7030 7029 7220
f 7018 6990 7221
f 6561 6558 7222
f 7099 6322 6648
f 7127 7136 7223
f 7223 7136 7119
f 7223 7119 7224
f 7224 7119 7118
f 7224 7118 7225
f 7225 7118 7113
f 7225 7113 7226
f 7226 7113 7112
f 7226 7112 7197
f 7127 7223 7130
f 7130 7223 7227
f 7130 7227 7124
f 7124 7227 7228
f 7124 7228 7125
f 7125 7228 7229
f 7125 7229 7140
f 7140 7229 7230
f 7140 7230 7139
f 7231 7116 7230
f 7230 7116 7117
f 7230 7117 7139
f 7103 7105 7232
f 7232 7105 7101
f 7232 7101 7233
f 7233 7101 7100
f 7233 7100 7234
f 7234 7100 7099
f 7103 7232 7102
f 7102 7232 7235
f 7102 7235 7111
f 7111 7235 7236
f 7111 7236 7104
f 7104 7236 7237
f 7104 7237 7110
f 7110 7237 7238
f 7110 7238 7108
f 7200 7199 7239
f 7199 7198 7239
f 7239 7198 7093
f 7239 7093 7240
f 7240 7093 7092
f 7240 7092 7238
f 7238 7092 7097
f 7238 7097 7108
f 7241 4265 7239
f 7239 4265 7201
f 7239 7201 7200
f 4274 4272 7242
f 7242 4272 4257
f 7242 4257 7243
f 7243 4257 4259
f 7243 4259 7241
f 7241 4259 4261
f 7241 4261 4265
f 4274 7242 4276
f 4276 7242 7244
f 4276 7244 4270
f 4270 7244 7245
f 4270 7245 4268
f 4268 7245 7246
f 4268 7246 4255
f 4255 7246 7247
f 4255 7247 4250
f 7197 7196 7226
f 7226 7196 7195
f 7226 7195 7247
f 7247 7195 4251
f 7247 4251 4250
f 6955 7248 7249
f 7221 6990 7250
f 6990 6989 7250
f 7250 6989 6606
f 7250 6606 7249
f 7249 6606 6605
f 7249 6605 6955
f 7019 7251 7020
f 7020 7251 7010
f 6560 6561 7252
f 7252 6561 7222
f 7252 7222 7253
f 7253 7222 7254
f 7253 7254 7255
f 7255 7254 7251
f 7010 7251 7011
f 7011 7251 7254
f 7011 7254 7017
f 7017 7254 7222
f 7017 7222 7016
f 7029 7028 7231
f 6283 7116 7021
f 7021 7116 7231
f 7021 7231 7022
f 7022 7231 7028
f 7026 7025 7256
f 7256 7025 7024
f 7256 7024 7023
f 7068 7027 7257
f 7257 7027 7026
f 7258 7031 7030
f 7259 7260 7261
f 7261 7260 7262
f 7261 7262 7263
f 7263 7262 7264
f 7263 7264 7265
f 7265 7264 7266
f 7265 7266 7221
f 6565 6564 7267
f 7267 6564 7268
f 7267 7268 7269
f 7269 7268 7270
f 7269 7270 7271
f 7271 7270 7272
f 7271 7272 7273
f 7273 7272 7274
f 7273 7274 7275
f 6568 6567 7276
f 7276 6567 7219
f 7276 7219 7277
f 7277 7219 7278
f 7277 7278 7279
f 7279 7278 7280
f 7279 7280 7281
f 7281 7280 7282
f 7281 7282 7283
f 6570 6569 7203
f 7203 6569 7284
f 7203 7284 7285
f 7285 7284 7286
f 7285 7286 7287
f 7287 7286 7288
f 7287 7288 7289
f 7289 7288 7290
f 7289 7290 7291
f 6573 6572 7292
f 7292 6572 7293
f 7292 7293 7294
f 7294 7293 7295
f 7294 7295 7296
f 7296 7295 7297
f 7296 7297 7298
f 7298 7297 7299
f 7298 7299 7300
f 6576 6575 7301
f 7301 6575 7218
f 7301 7218 7302
f 7302 7218 7303
f 7302 7303 7304
f 7304 7303 7305
f 7304 7305 7306
f 7306 7305 7307
f 7306 7307 7308
f 6578 6577 7202
f 7202 6577 7309
f 7202 7309 7310
f 7310 7309 7311
f 7310 7311 7312
f 7312 7311 7313
f 7312 7313 7314
f 7314 7313 7315
f 7314 7315 7316
f 6581 6580 7317
f 7317 6580 7318
f 7317 7318 7319
f 7319 7318 7320
f 7319 7320 7321
f 7321 7320 7322
f 7321 7322 7323
f 7323 7322 7324
f 7323 7324 7325
f 6584 6583 7326
f 7326 6583 7217
f 7326 7217 7327
f 7327 7217 7328
f 7327 7328 7329
f 7329 7328 7330
f 7329 7330 7331
f 7331 7330 7332
f 7331 7332 7333
f 6586 6585 7334
f 7334 6585 7335
f 7334 7335 7336
f 7336 7335 7337
f 7336 7337 7338
f 7338 7337 7339
f 7338 7339 7340
f 7340 7339 7341
f 7340 7341 7342
f 7212 7214 7343
f 7344 7345 7346
f 7211 7347 7348
f 7348 7347 7349
f 7348 7349 7346
f 7346 7345 7348
f 7348 7345 7350
f 7348 7350 7211
f 7351 7352 7353
f 7354 7344 7355
f 7355 7344 7346
f 7355 7346 7356
f 7356 7346 7349
f 7356 7349 7357
f 7357 7349 7347
f 7357 7347 7358
f 7359 7352 7360
f 7360 7352 7351
f 7360 7351 7361
f 6593 6592 7362
f 7362 6592 7359
f 7362 7359 7363
f 7363 7359 7360
f 7363 7360 7364
f 7364 7360 7361
f 7364 7361 7365
f 6589 7354 7366
f 7366 7354 7355
f 7366 7355 7367
f 7367 7355 7356
f 7367 7356 7368
f 7368 7356 7357
f 7368 7357 7369
f 7369 7357 7358
f 7369 7358 7370
f 7371 7372 7373
f 7373 7372 7374
f 7373 7374 7375
f 7375 7374 7376
f 7375 7376 7377
f 7377 7376 7378
f 7377 7378 6594
f 7379 7380 7381
f 7381 7380 7382
f 7381 7382 7383
f 7209 7208 7384
f 7384 7208 7385
f 7384 7385 7386
f 7386 7385 7387
f 7386 7387 7388
f 7389 7383 7390
f 7390 7383 7382
f 7390 7382 7391
f 7391 7382 7380
f 7391 7380 7392
f 6600 7393 7394
f 7394 7393 7395
f 7394 7395 7396
f 7396 7395 7397
f 7396 7397 7398
f 7398 7397 7399
f 7398 7399 7400
f 7388 7389 7386
f 7386 7389 7390
f 7386 7390 7384
f 7384 7390 7391
f 7384 7391 7209
f 7209 7391 7392
f 7209 7392 7210
f 7210 7392 7401
f 7402 7206 7403
f 7403 7206 7205
f 7403 7205 7404
f 7405 7207 7406
f 7406 7207 7206
f 7406 7206 7407
f 7407 7206 7402
f 7407 7402 7408
f 7409 7400 7401
f 7401 7400 7399
f 7401 7399 7210
f 7210 7399 7397
f 7210 7397 7208
f 7208 7397 7395
f 7208 7395 7385
f 7385 7395 7393
f 7385 7393 7387
f 6476 6475 7410
f 7410 6475 7411
f 7410 7411 7412
f 7412 7411 7413
f 7412 7413 7414
f 7414 7413 7415
f 7414 7415 7416
f 7416 7415 7417
f 7418 7419 7420
f 7420 7419 7421
f 7420 7421 7422
f 7423 7424 7425
f 7426 7427 7428
f 7428 7427 6480
f 7428 6480 6479
f 7204 7418 7429
f 7429 7418 7420
f 7429 7420 7430
f 7430 7420 7422
f 7430 7422 7431
f 7419 7425 7421
f 7421 7425 7424
f 7421 7424 7422
f 7422 7424 7432
f 7422 7432 7431
f 7433 7434 7435
f 7435 7434 7436
f 7435 7436 7437
f 7437 7436 7438
f 7437 7438 7439
f 6478 7204 7440
f 7440 7204 7429
f 7440 7429 7441
f 7441 7429 7430
f 7441 7430 7442
f 7442 7430 7431
f 7442 7431 7443
f 7443 7431 7432
f 7443 7432 7444
f 6487 6486 7445
f 7445 6486 7446
f 7445 7446 7447
f 7447 7446 7448
f 7447 7448 7449
f 7449 7448 7450
f 7449 7450 7451
f 7451 7450 7452
f 7446 7433 7448
f 7448 7433 7435
f 7448 7435 7450
f 7450 7435 7437
f 7450 7437 7452
f 7452 7437 7439
f 7214 7216 7343
f 7343 7216 7453
f 7343 7453 7454
f 7454 7453 7455
f 7454 7455 7456
f 7456 7455 7457
f 7456 7457 7458
f 7458 7457 7459
f 7458 7459 7460
f 7460 7459 7461
f 7460 7461 7462
f 7462 7461 7463
f 7462 7463 7464
f 7464 7463 7465
f 7464 7465 7466
f 7466 7465 7467
f 7466 7467 7468
f 7468 7467 7469
f 7468 7469 7470
f 7470 7469 7471
f 7470 7471 7472
f 7472 7471 7473
f 7472 7473 7474
f 7474 7473 7475
f 7474 7475 7476
f 7476 7475 7477
f 7476 7477 7478
f 6489 6488 7479
f 7479 6488 7480
f 7479 7480 7481
f 7481 7480 7482
f 7481 7482 7483
f 7484 7485 7486
f 7486 7485 7487
f 7486 7487 7488
f 6673 7489 7490
f 7490 7489 7491
f 7490 7491 7492
f 7492 7491 7493
f 7492 7493 7494
f 7494 7493 7495
f 7494 7495 7496
f 7496 7495 7497
f 7496 7497 7498
f 7498 7497 7499
f 7498 7499 7500
f 7500 7499 7501
f 7500 7501 7502
f 7502 7501 7503
f 7502 7503 7504
f 7504 7503 7505
f 7504 7505 7506
f 7506 7505 7507
f 7506 7507 7508
f 7508 7507 7509
f 7508 7509 7510
f 7510 7509 7511
f 7510 7511 7512
f 7512 7511 7513
f 7512 7513 7514
f 7514 7513 7515
f 7514 7515 7516
f 7516 7515 7517
f 7516 7517 7518
f 7518 7517 7519
f 7518 7519 7520
f 7520 7519 7521
f 7520 7521 7522
f 7522 7521 7523
f 7522 7523 7524
f 7524 7523 7525
f 7524 7525 7526
f 7526 7525 7527
f 7526 7527 7528
f 7528 7527 7529
f 7528 7529 7530
f 7530 7529 7531
f 7530 7531 7532
f 7532 7531 7533
f 7532 7533 7534
f 7534 7533 7535
f 7534 7535 7536
f 7536 7535 7256
f 7536 7256 7258
f 7258 7256 7023
f 7258 7023 7031
f 7068 7257 7537
f 7537 7257 7538
f 7537 7538 7539
f 7539 7538 7540
f 7539 7540 7541
f 7541 7540 7542
f 7541 7542 7543
f 7543 7542 7544
f 7543 7544 7545
f 7545 7544 7546
f 7545 7546 7547
f 7547 7546 7548
f 7547 7548 7549
f 7549 7548 7550
f 7549 7550 7551
f 7551 7550 7552
f 7551 7552 7553
f 7553 7552 7554
f 7553 7554 7555
f 7555 7554 7556
f 7555 7556 7557
f 7557 7556 7558
f 7557 7558 7559
f 7559 7558 7560
f 7559 7560 7561
f 7561 7560 7562
f 7561 7562 7563
f 7563 7562 7564
f 7563 7564 7565
f 7565 7564 7566
f 7565 7566 7567
f 7567 7566 7568
f 7567 7568 7569
f 7569 7568 7570
f 7569 7570 7571
f 7571 7570 7572
f 7571 7572 7573
f 7573 7572 7574
f 7573 7574 7575
f 7575 7574 7576
f 7575 7576 7577
f 7577 7576 7578
f 7577 7578 7579
f 7579 7578 7580
f 7579 7580 7581
f 7581 7580 7582
f 7581 7582 7583
f 7583 7582 7584
f 7583 7584 7585
f 7026 7256 7257
f 7257 7256 7535
f 7257 7535 7538
f 7538 7535 7533
f 7538 7533 7540
f 7540 7533 7531
f 7540 7531 7542
f 7542 7531 7529
f 7542 7529 7544
f 7544 7529 7527
f 7544 7527 7546
f 7546 7527 7525
f 7546 7525 7548
f 7548 7525 7523
f 7548 7523 7550
f 7550 7523 7521
f 7550 7521 7552
f 7552 7521 7519
f 7552 7519 7554
f 7554 7519 7517
f 7554 7517 7556
f 7556 7517 7515
f 7556 7515 7558
f 7558 7515 7513
f 7558 7513 7560
f 7560 7513 7511
f 7560 7511 7562
f 7562 7511 7509
f 7562 7509 7564
f 7564 7509 7507
f 7564 7507 7566
f 7566 7507 7505
f 7566 7505 7568
f 7568 7505 7503
f 7568 7503 7570
f 7570 7503 7501
f 7570 7501 7572
f 7572 7501 7499
f 7572 7499 7574
f 7574 7499 7497
f 7574 7497 7576
f 7576 7497 7495
f 7576 7495 7578
f 7578 7495 7493
f 7578 7493 7580
f 7580 7493 7491
f 7580 7491 7582
f 7582 7491 7489
f 7582 7489 7584
f 6649 6655 7586
f 7586 6655 6654
f 7211 7213 7347
f 7347 7213 7587
f 7347 7587 7358
f 7358 7587 7588
f 7358 7588 7370
f 7370 7588 7589
f 7370 7589 7379
f 7379 7589 7590
f 7379 7590 7380
f 7380 7590 7591
f 7380 7591 7392
f 7392 7591 7592
f 7392 7592 7401
f 7401 7592 7593
f 7401 7593 7409
f 7409 7593 7594
f 7409 7594 7423
f 7423 7594 7595
f 7423 7595 7424
f 7424 7595 7596
f 7424 7596 7432
f 7432 7596 7597
f 7432 7597 7444
f 7444 7597 7598
f 7444 7598 7484
f 7484 7598 7586
f 7484 7586 7485
f 7485 7586 6654
f 7485 6654 6652
f 6670 7038 7477
f 7477 7038 7037
f 7477 7037 7478
f 7478 7037 7036
f 7478 7036 6650
f 7212 7343 7213
f 7213 7343 7454
f 7213 7454 7587
f 7587 7454 7456
f 7587 7456 7588
f 7588 7456 7458
f 7588 7458 7589
f 7589 7458 7460
f 7589 7460 7590
f 7590 7460 7462
f 7590 7462 7591
f 7591 7462 7464
f 7591 7464 7592
f 7592 7464 7466
f 7592 7466 7593
f 7593 7466 7468
f 7593 7468 7594
f 7594 7468 7470
f 7594 7470 7595
f 7595 7470 7472
f 7595 7472 7596
f 7596 7472 7474
f 7596 7474 7597
f 7597 7474 7476
f 7597 7476 7598
f 7598 7476 7478
f 7598 7478 7586
f 7586 7478 6650
f 7586 6650 6649
f 6658 7599 6659
f 6659 7599 7600
f 6658 7035 7599
f 7599 7035 7034
f 7599 7034 7601
f 7601 7034 7033
f 7601 7033 7602
f 7602 7479 7601
f 7601 7479 7481
f 7601 7481 7599
f 7599 7481 7483
f 7599 7483 7600
f 6651 6666 7600
f 7600 6666 6665
f 7600 6665 6659
f 6652 6651 7485
f 7485 6651 7600
f 7485 7600 7487
f 7487 7600 7483
f 7487 7483 7488
f 7488 7483 7482
f 7099 6648 7234
f 7234 6648 6643
f 7234 6643 6642
f 7029 7231 7220
f 7220 7231 7230
f 7220 7230 7603
f 7603 7230 7229
f 7603 7229 7604
f 7604 7229 7228
f 7604 7228 7605
f 7605 7228 7227
f 7605 7227 7606
f 7606 7227 7223
f 7606 7223 7607
f 7607 7223 7224
f 7607 7224 7608
f 7608 7224 7225
f 7608 7225 7609
f 7609 7225 7226
f 7609 7226 7610
f 7610 7226 7247
f 7610 7247 7611
f 7611 7247 7246
f 7611 7246 7612
f 7612 7246 7245
f 7612 7245 7613
f 7613 7245 7244
f 7613 7244 7614
f 7614 7244 7242
f 7614 7242 7615
f 7615 7242 7243
f 7615 7243 7616
f 7616 7243 7241
f 7616 7241 7617
f 7617 7241 7239
f 7617 7239 7618
f 7618 7239 7240
f 7618 7240 7619
f 7619 7240 7238
f 7619 7238 7620
f 7620 7238 7237
f 7620 7237 7621
f 7621 7237 7236
f 7621 7236 7622
f 7622 7236 7235
f 7622 7235 7623
f 7623 7235 7232
f 7623 7232 7624
f 7624 7232 7233
f 7624 7233 7625
f 7625 7233 7234
f 7625 7234 7626
f 7626 7234 6642
f 7626 6642 6675
f 7030 7220 7258
f 7258 7220 7603
f 7258 7603 7536
f 7536 7603 7604
f 7536 7604 7534
f 7534 7604 7605
f 7534 7605 7532
f 7532 7605 7606
f 7532 7606 7530
f 7530 7606 7607
f 7530 7607 7528
f 7528 7607 7608
f 7528 7608 7526
f 7526 7608 7609
f 7526 7609 7524
f 7524 7609 7610
f 7524 7610 7522
f 7522 7610 7611
f 7522 7611 7520
f 7520 7611 7612
f 7520 7612 7518
f 7518 7612 7613
f 7518 7613 7516
f 7516 7613 7614
f 7516 7614 7514
f 7514 7614 7615
f 7514 7615 7512
f 7512 7615 7616
f 7512 7616 7510
f 7510 7616 7617
f 7510 7617 7508
f 7508 7617 7618
f 7508 7618 7506
f 7506 7618 7619
f 7506 7619 7504
f 7504 7619 7620
f 7504 7620 7502
f 7502 7620 7621
f 7502 7621 7500
f 7500 7621 7622
f 7500 7622 7498
f 7498 7622 7623
f 7498 7623 7496
f 7496 7623 7624
f 7496 7624 7494
f 7494 7624 7625
f 7494 7625 7492
f 7492 7625 7626
f 7492 7626 7490
f 7490 7626 6675
f 7490 6675 6673
f 6558 6557 6604
f 6558 6604 7222
f 7222 6604 7014
f 7222 7014 7016
f 7071 7070 7537
f 7537 7070 7069
f 7537 7069 7068
f 6955 6953 7248
f 7248 6953 6952
f 7248 6952 7071
f 7019 7018 7251
f 7251 7018 7221
f 7251 7221 7255
f 7255 7221 7266
f 7255 7266 7253
f 7253 7266 7264
f 7253 7264 7252
f 7252 7264 7262
f 7252 7262 6560
f 6560 7262 7260
f 6560 7260 6559
f 6559 7260 7259
f 6559 7259 6562
f 6562 7259 6563
f 6564 6563 7268
f 7268 6563 7259
f 7268 7259 7270
f 7270 7259 7261
f 7270 7261 7272
f 7272 7261 7263
f 7272 7263 7274
f 7274 7263 7265
f 7274 7265 7275
f 7275 7265 7221
f 7275 7221 7627
f 7627 7221 7250
f 7627 7250 7628
f 7628 7250 7249
f 7628 7249 7629
f 7629 7249 7248
f 6566 6565 7219
f 7219 6565 7267
f 7219 7267 7278
f 7278 7267 7269
f 7278 7269 7280
f 7280 7269 7271
f 7280 7271 7282
f 7282 7271 7273
f 7282 7273 7283
f 7283 7273 7275
f 7283 7275 7630
f 7630 7275 7627
f 7630 7627 7631
f 7631 7627 7628
f 7631 7628 7632
f 7632 7628 7629
f 6569 6568 7284
f 7284 6568 7276
f 7284 7276 7286
f 7286 7276 7277
f 7286 7277 7288
f 7288 7277 7279
f 7288 7279 7290
f 7290 7279 7281
f 7290 7281 7291
f 7291 7281 7283
f 7291 7283 7633
f 7633 7283 7630
f 7633 7630 7634
f 7634 7630 7631
f 7634 7631 7635
f 7635 7631 7632
f 6572 6571 7293
f 7293 6571 7203
f 7293 7203 7295
f 7295 7203 7285
f 7295 7285 7297
f 7297 7285 7287
f 7297 7287 7299
f 7299 7287 7289
f 7299 7289 7300
f 7300 7289 7291
f 7300 7291 7636
f 7636 7291 7633
f 7636 7633 7637
f 7637 7633 7634
f 7637 7634 7638
f 7638 7634 7635
f 6574 6573 7218
f 7218 6573 7292
f 7218 7292 7303
f 7303 7292 7294
f 7303 7294 7305
f 7305 7294 7296
f 7305 7296 7307
f 7307 7296 7298
f 7307 7298 7308
f 7308 7298 7300
f 7308 7300 7639
f 7639 7300 7636
f 7639 7636 7640
f 7640 7636 7637
f 7640 7637 7641
f 7641 7637 7638
f 6577 6576 7309
f 7309 6576 7301
f 7309 7301 7311
f 7311 7301 7302
f 7311 7302 7313
f 7313 7302 7304
f 7313 7304 7315
f 7315 7304 7306
f 7315 7306 7316
f 7316 7306 7308
f 7316 7308 7642
f 7642 7308 7639
f 7642 7639 7643
f 7643 7639 7640
f 7643 7640 7644
f 7644 7640 7641
f 6580 6579 7318
f 7318 6579 7202
f 7318 7202 7320
f 7320 7202 7310
f 7320 7310 7322
f 7322 7310 7312
f 7322 7312 7324
f 7324 7312 7314
f 7324 7314 7325
f 7325 7314 7316
f 7325 7316 7645
f 7645 7316 7642
f 7645 7642 7646
f 7646 7642 7643
f 7646 7643 7647
f 7647 7643 7644
f 6582 6581 7217
f 7217 6581 7317
f 7217 7317 7328
f 7328 7317 7319
f 7328 7319 7330
f 7330 7319 7321
f 7330 7321 7332
f 7332 7321 7323
f 7332 7323 7333
f 7333 7323 7325
f 7333 7325 7648
f 7648 7325 7645
f 7648 7645 7649
f 7649 7645 7646
f 7649 7646 7650
f 7650 7646 7647
f 6585 6584 7335
f 7335 6584 7326
f 7335 7326 7337
f 7337 7326 7327
f 7337 7327 7339
f 7339 7327 7329
f 7339 7329 7341
f 7341 7329 7331
f 7341 7331 7342
f 7342 7331 7333
f 7342 7333 7651
f 7651 7333 7648
f 7651 7648 7652
f 7652 7648 7649
f 7652 7649 7653
f 7653 7649 7650
f 6589 6586 7354
f 7354 6586 7334
f 7354 7334 7344
f 7344 7334 7336
f 7344 7336 7345
f 7345 7336 7338
f 7345 7338 7350
f 7350 7338 7340
f 7350 7340 7211
f 7211 7340 7342
f 7211 7342 7212
f 7212 7342 7651
f 7212 7651 7214
f 7214 7651 7652
f 7214 7652 7215
f 7215 7652 7653
f 6588 7353 6587
f 6587 7353 7352
f 6587 7352 6590
f 6590 7352 7359
f 6590 7359 6591
f 6591 7359 6592
f 6594 6593 7377
f 7377 6593 7362
f 7377 7362 7375
f 7375 7362 7363
f 7375 7363 7373
f 7373 7363 7364
f 7373 7364 7371
f 7371 7364 7365
f 6597 6596 7378
f 7378 6596 6595
f 7378 6595 6594
f 6600 6599 7393
f 7393 6599 6598
f 7393 6598 7387
f 7387 6598 6597
f 7387 6597 7388
f 7388 6597 7378
f 7388 7378 7389
f 7389 7378 7376
f 7389 7376 7383
f 7383 7376 7374
f 7383 7374 7381
f 7381 7374 7372
f 7381 7372 7379
f 7379 7372 7371
f 7379 7371 7370
f 7370 7371 7365
f 7370 7365 7369
f 7369 7365 7361
f 7369 7361 7368
f 7368 7361 7351
f 7368 7351 7367
f 7367 7351 7353
f 7367 7353 7366
f 7366 7353 6588
f 7366 6588 6589
f 6601 7405 6602
f 6602 7405 7406
f 6602 7406 6471
f 6471 7406 7407
f 6471 7407 6472
f 6472 7407 7408
f 6472 7408 6473
f 6473 7408 6474
f 6475 6474 7411
f 7411 6474 7408
f 7411 7408 7413
f 7413 7408 7402
f 7413 7402 7415
f 7415 7402 7403
f 7415 7403 7417
f 7417 7403 7404
f 6477 6476 7204
f 7204 6476 7410
f 7204 7410 7418
f 7418 7410 7412
f 7418 7412 7419
f 7419 7412 7414
f 7419 7414 7425
f 7425 7414 7416
f 7425 7416 7423
f 7423 7416 7417
f 7423 7417 7409
f 7409 7417 7404
f 7409 7404 7400
f 7400 7404 7205
f 7400 7205 7398
f 7398 7205 7207
f 7398 7207 7396
f 7396 7207 7405
f 7396 7405 7394
f 7394 7405 6601
f 7394 6601 6600
f 6483 6482 7427
f 7427 6482 6481
f 7427 6481 6480
f 6486 6485 7446
f 7446 6485 6484
f 7446 6484 7433
f 7433 6484 6483
f 7433 6483 7434
f 7434 6483 7427
f 7434 7427 7436
f 7436 7427 7426
f 7436 7426 7438
f 6488 6487 7480
f 7480 6487 7445
f 7480 7445 7482
f 7482 7445 7447
f 7482 7447 7488
f 7488 7447 7449
f 7488 7449 7486
f 7486 7449 7451
f 7486 7451 7484
f 7484 7451 7452
f 7484 7452 7444
f 7444 7452 7439
f 7444 7439 7443
f 7443 7439 7438
f 7443 7438 7442
f 7442 7438 7426
f 7442 7426 7441
f 7441 7426 7428
f 7441 7428 7440
f 7440 7428 6479
f 7440 6479 6478
f 7033 7032 7602
f 7602 7032 6491
f 7602 6491 7479
f 7479 6491 6490
f 7479 6490 6489
f 6673 6669 7489
f 7489 6669 6668
f 7489 6668 7584
f 7584 6668 6646
f 7584 6646 7585
f 7585 6646 6645
f 7585 6645 6671
f 7071 7537 7248
f 7248 7537 7539
f 7248 7539 7629
f 7629 7539 7541
f 7629 7541 7632
f 7632 7541 7543
f 7632 7543 7635
f 7635 7543 7545
f 7635 7545 7638
f 7638 7545 7547
f 7638 7547 7641
f 7641 7547 7549
f 7641 7549 7644
f 7644 7549 7551
f 7644 7551 7647
f 7647 7551 7553
f 7647 7553 7650
f 7650 7553 7555
f 7650 7555 7653
f 7653 7555 7557
f 7653 7557 7215
f 7215 7557 7559
f 7215 7559 7216
f 7216 7559 7561
f 7216 7561 7453
f 7453 7561 7563
f 7453 7563 7455
f 7455 7563 7565
f 7455 7565 7457
f 7457 7565 7567
f 7457 7567 7459
f 7459 7567 7569
f 7459 7569 7461
f 7461 7569 7571
f 7461 7571 7463
f 7463 7571 7573
f 7463 7573 7465
f 7465 7573 7575
f 7465 7575 7467
f 7467 7575 7577
f 7467 7577 7469
f 7469 7577 7579
f 7469 7579 7471
f 7471 7579 7581
f 7471 7581 7473
f 7473 7581 7583
f 7473 7583 7475
f 7475 7583 7585
f 7475 7585 7477
f 7477 7585 6671
f 7477 6671 6670
f 6115 6113 7654
f 6121 6119 7655
f 6163 7656 7657
f 6159 6157 7658
f 7655 6119 7654
f 7654 6119 6117
f 7654 6117 6115
f 6157 6155 7658
f 7658 6155 6153
f 7658 6153 6151
f 7659 6127 7660
f 7660 6127 6125
f 7660 6125 7655
f 7655 6125 6123
f 7655 6123 6121
f 6165 6163 7661
f 7661 6163 7657
f 7661 7657 7662
f 7656 6163 7658
f 7658 6163 6161
f 7658 6161 6159
f 7663 6137 6135
f 6137 7663 6139
f 6135 6133 7663
f 7663 6133 6131
f 7663 6131 7659
f 7659 6131 6129
f 7659 6129 6127
f 7663 7664 6139
f 6139 7664 7665
f 6139 7665 6141
f 6141 7665 6143
f 6151 6149 7658
f 7658 6149 6147
f 7658 6147 7665
f 7665 6147 6145
f 7665 6145 6143
f 6101 6099 7666
f 7667 7668 6111
f 6111 7668 7669
f 7667 6111 7666
f 7666 6111 6109
f 7666 6109 6107
f 6107 6105 7666
f 7666 6105 6103
f 7666 6103 6101
f 6113 6111 7670
f 7670 6111 7669
f 7670 7669 7671
f 7672 7673 7674
f 7674 7673 7675
f 7674 7675 7676
f 7677 7678 7679
f 7679 7678 7680
f 7679 7680 7674
f 7674 7680 7681
f 7674 7681 7672
f 6081 7682 6083
f 6083 7682 7683
f 6083 7683 6086
f 6099 6097 7666
f 7666 6097 6095
f 7666 6095 6093
f 6093 6091 7666
f 7666 6091 6089
f 7666 6089 7683
f 7683 6089 6088
f 7683 6088 6086
f 6081 6079 7682
f 7682 6079 6077
f 7682 6077 7684
f 7684 6077 6076
f 7684 6076 7677
f 7677 6076 7685
f 7677 7685 7678
f 6167 6165 7686
f 6167 7686 6169
f 6213 7687 6215
f 6215 7687 6217
f 7688 7689 6177
f 6197 6195 7690
f 6213 6211 7687
f 7687 6211 6209
f 7687 6209 7691
f 7692 7693 6191
f 6191 7693 7690
f 6191 7690 6193
f 6193 7690 6195
f 6177 6175 7688
f 7688 6175 6173
f 7688 6173 7686
f 7686 6173 6171
f 7686 6171 6169
f 7692 6191 7694
f 7694 6191 6189
f 7694 6189 6187
f 6209 6207 7691
f 7691 6207 6205
f 7691 6205 7695
f 7695 6205 6203
f 7695 6203 7696
f 7696 6203 6201
f 7696 6201 7690
f 7690 6201 6199
f 7690 6199 6197
f 6187 6185 7694
f 7694 6185 6183
f 7694 6183 7697
f 7697 6183 6181
f 7697 6181 7689
f 7689 6181 6179
f 7689 6179 6177
f 7698 7699 7700
f 7698 7700 7701
f 7701 7700 7702
f 7701 7702 7703
f 7703 7702 7704
f 7703 7704 7705
f 7705 7704 7706
f 7705 7706 7707
f 7707 7706 7708
f 7707 7708 7709
f 7709 7708 7710
f 7709 7710 7711
f 7711 7710 7712
f 7711 7712 7713
f 7713 7712 7676
f 7713 7676 7714
f 7714 7676 7675
f 7714 7675 7715
f 7715 7675 7673
f 7715 7673 7716
f 7716 7673 7672
f 7716 7672 7717
f 7717 7672 7681
f 7717 7681 7718
f 7718 7681 7680
f 7718 7680 7719
f 7719 7680 7678
f 7719 7678 7720
f 7720 7678 7685
f 7720 7685 7721
f 7721 7685 6076
f 7721 6076 6075
f 6236 6235 7722
f 6236 7722 7723
f 7723 7722 7724
f 7723 7724 7725
f 7725 7724 7726
f 7725 7726 7727
f 7727 7726 7728
f 7727 7728 7729
f 7729 7728 7730
f 7729 7730 7731
f 7731 7730 7732
f 7731 7732 7733
f 7733 7732 7734
f 7733 7734 7735
f 7735 7734 7736
f 7735 7736 7737
f 7737 7736 7738
f 7737 7738 7739
f 7739 7738 7740
f 7739 7740 7741
f 7742 7743 7744
f 7742 7744 7745
f 7745 7744 7746
f 7745 7746 7747
f 7747 7746 7748
f 7747 7748 7749
f 7749 7748 7750
f 7749 7750 7751
f 7751 7750 7752
f 7751 7752 7753
f 7753 7752 7754
f 7753 7754 7755
f 7755 7754 7756
f 7755 7756 7757
f 7757 7756 7758
f 7757 7758 7759
f 7759 7758 7760
f 7759 7760 7761
f 7761 7760 7699
f 7761 7699 7698
f 6138 6140 7762
f 6124 6126 6098
f 6116 6118 6106
f 6126 6128 6098
f 6098 6128 6130
f 6098 6130 6096
f 6096 6130 6132
f 6096 6132 6094
f 7763 7764 7745
f 7745 7764 7765
f 7745 7765 7742
f 7742 7765 7766
f 7767 7762 7737
f 7737 7762 7735
f 7725 6200 7723
f 7723 6200 6202
f 7723 6202 6236
f 6124 6098 6122
f 6122 6098 6100
f 6122 6100 6102
f 6108 6110 6112
f 6102 6104 6122
f 6122 6104 6106
f 6122 6106 6120
f 6120 6106 6118
f 6144 6146 6184
f 6184 6146 6148
f 6184 6148 6182
f 6182 6148 6150
f 6182 6150 6152
f 7766 7768 7742
f 7742 7768 7769
f 7742 7769 7770
f 7763 7745 7771
f 7771 7745 7747
f 7771 7747 7749
f 6190 6192 6140
f 6108 6112 6106
f 6106 6112 6114
f 6106 6114 6116
f 7759 6134 7757
f 7757 6134 6136
f 7757 6136 7755
f 7755 6136 7753
f 7772 7773 7739
f 7739 7773 7774
f 7739 7774 7737
f 7737 7774 7775
f 7737 7775 7767
f 6222 6224 6212
f 6152 6154 6182
f 6182 6154 6156
f 6182 6156 6158
f 7761 6080 7759
f 7759 6080 6082
f 7759 6082 6084
f 7762 7771 6138
f 6138 7771 7749
f 6138 7749 6136
f 6136 7749 7751
f 6136 7751 7753
f 6194 6196 7731
f 7731 6196 6198
f 7731 6198 7729
f 7729 6198 6200
f 7729 6200 7727
f 7727 6200 7725
f 7776 7777 7778
f 6144 6184 6142
f 6142 6184 6186
f 6142 6186 6140
f 6140 6186 6188
f 6140 6188 6190
f 6206 6224 6204
f 6204 6224 6202
f 6224 6225 6202
f 6202 6225 6227
f 6202 6227 6230
f 6168 6170 6172
f 7779 7780 7769
f 7769 7780 7781
f 7769 7781 7770
f 7779 7782 7780
f 7780 7782 7778
f 7780 7778 7783
f 7783 7778 7777
f 6084 6085 7759
f 7759 6085 6087
f 7759 6087 6134
f 6134 6087 6090
f 6134 6090 6132
f 6132 6090 6092
f 6132 6092 6094
f 7735 7762 7733
f 7733 7762 6140
f 7733 6140 7731
f 7731 6140 6192
f 7731 6192 6194
f 6216 6218 6220
f 6230 6232 6202
f 6202 6232 6234
f 6202 6234 6236
f 6158 6160 6182
f 6182 6160 6162
f 6182 6162 6164
f 6172 6174 6168
f 6168 6174 6176
f 6168 6176 6178
f 6164 6166 6182
f 6182 6166 6168
f 6182 6168 6180
f 6180 6168 6178
f 7784 7785 7786
f 6206 6208 6224
f 6224 6208 6210
f 6224 6210 6212
f 7787 7788 7789
f 6222 6212 6220
f 6220 6212 6214
f 6220 6214 6216
f 7776 7778 7786
f 7786 7778 7790
f 7786 7790 7784
f 7718 7719 7701
f 7789 7788 7791
f 7719 7720 7701
f 7701 7720 7721
f 7701 7721 7698
f 7698 7721 6075
f 7698 6075 7761
f 7761 6075 6078
f 7761 6078 6080
f 7739 7741 7772
f 7772 7741 7792
f 7772 7792 7793
f 7793 7794 7772
f 7772 7794 7795
f 7772 7795 7796
f 7797 7798 7799
f 7703 7705 7716
f 7716 7705 7707
f 7716 7707 7709
f 7709 7711 7716
f 7716 7711 7713
f 7716 7713 7715
f 7715 7713 7714
f 7703 7716 7701
f 7701 7716 7717
f 7701 7717 7718
f 7796 7800 7772
f 7772 7800 7801
f 7772 7801 7788
f 7788 7801 7802
f 7788 7802 7791
f 7787 7789 7799
f 7799 7789 7803
f 7799 7803 7797
f 7804 7805 7806
f 7806 7807 7804
f 7804 7807 7808
f 7804 7808 7809
f 7808 7810 7809
f 7809 7810 7811
f 7809 7811 7812
f 7812 7811 7813
f 6217 7814 6219
f 6219 7814 6221
f 6229 7815 6231
f 6231 7815 7816
f 6231 7816 6233
f 6233 7816 7817
f 6233 7817 6235
f 6235 7817 7818
f 6229 6228 7815
f 7815 6228 6226
f 7815 6226 7814
f 7814 6226 6223
f 7814 6223 6221
f 7728 7819 7730
f 7730 7819 7820
f 7730 7820 7732
f 7728 7726 7819
f 7819 7726 7724
f 7819 7724 7818
f 7818 7724 7722
f 7818 7722 6235
f 7813 7821 7812
f 7812 7821 7822
f 7812 7822 7823
f 7823 7822 7740
f 7823 7740 7824
f 7824 7740 7738
f 7824 7738 7736
f 7820 7825 7732
f 7732 7825 7824
f 7732 7824 7734
f 7734 7824 7736
f 7826 7827 3557
f 7828 7829 3564
f 7830 3552 7831
f 7831 3552 3553
f 7831 3553 7832
f 7832 3553 7833
f 7834 3551 7835
f 7835 3551 3552
f 7835 3552 7836
f 7836 3552 7830
f 7837 3550 7838
f 7838 3550 3551
f 7838 3551 7839
f 7839 3551 7834
f 7837 7840 3550
f 3550 7840 7841
f 3550 7841 3549
f 3549 7841 7842
f 3549 7842 7843
f 7844 3548 7845
f 7845 3548 3549
f 7845 3549 7846
f 7846 3549 7843
f 7844 7847 3548
f 3548 7847 7848
f 3548 7848 3547
f 3547 7848 7849
f 3547 7849 7850
f 7850 7851 3547
f 3547 7851 7852
f 3547 7852 3546
f 3546 7852 7853
f 3546 7853 7854
f 7854 7855 3546
f 3546 7855 7856
f 3546 7856 3545
f 3545 7856 7857
f 3545 7857 7858
f 7859 3544 7860
f 7860 3544 3545
f 7860 3545 7861
f 7861 3545 7858
f 7859 7862 3544
f 3544 7862 7863
f 3544 7863 3543
f 3543 7863 7864
f 3543 7864 7865
f 7865 7866 3543
f 3543 7866 7867
f 3543 7867 3542
f 3542 7867 7868
f 3542 7868 7869
f 7869 7870 3542
f 3542 7870 7871
f 3542 7871 3541
f 3541 7871 7872
f 3541 7872 7873
f 7873 7874 3541
f 3541 7874 7875
f 3541 7875 3540
f 3540 7875 7876
f 3540 7876 7877
f 7878 3539 7879
f 7879 3539 3540
f 7879 3540 7880
f 7880 3540 7877
f 7878 7881 3539
f 3539 7881 7882
f 3539 7882 3538
f 3538 7882 7883
f 3538 7883 7884
f 7884 7885 3538
f 3538 7885 7886
f 3538 7886 3537
f 3537 7886 7887
f 3537 7887 7888
f 7888 7889 3537
f 3537 7889 7890
f 3537 7890 3536
f 3536 7890 7891
f 3536 7891 7892
f 7893 3535 7894
f 7894 3535 3536
f 7894 3536 7895
f 7895 3536 7892
f 7893 7896 3535
f 3535 7896 7897
f 3535 7897 3534
f 3534 7897 7898
f 7898 7899 3534
f 3534 7899 7900
f 3534 7900 3533
f 3533 7900 7901
f 7901 7902 3533
f 3533 7902 7903
f 3533 7903 3532
f 3532 7903 7904
f 3532 7904 7905
f 7905 7906 3532
f 3532 7906 7907
f 3532 7907 3531
f 3531 7907 7908
f 3531 7908 7909
f 7909 7910 3531
f 3531 7910 7911
f 3531 7911 3566
f 3566 7911 7912
f 3566 7912 7913
f 7913 7914 3566
f 3566 7914 7915
f 3566 7915 3565
f 3565 7915 7916
f 3565 7916 7917
f 7917 7918 3565
f 3565 7918 7919
f 3565 7919 3564
f 3564 7919 7920
f 3564 7920 7828
f 7921 3563 7922
f 7922 3563 3564
f 7922 3564 7923
f 7923 3564 7829
f 7924 3562 7925
f 7925 3562 3563
f 7925 3563 7926
f 7926 3563 7921
f 7924 7927 3562
f 3562 7927 7928
f 3562 7928 3561
f 3561 7928 7929
f 3561 7929 7930
f 7930 7931 3561
f 3561 7931 7932
f 3561 7932 3560
f 3560 7932 7933
f 3560 7933 7934
f 7934 7935 3560
f 3560 7935 7936
f 3560 7936 3559
f 7936 7937 3559
f 3559 7937 7938
f 3559 7938 3558
f 3558 7938 7939
f 3558 7939 7940
f 7940 7941 3558
f 3558 7941 7942
f 3558 7942 3557
f 3557 7942 7943
f 3557 7943 7826
f 7827 7944 3557
f 3557 7944 7945
f 3557 7945 3556
f 3556 7945 7946
f 3556 7946 7947
f 7947 7948 3556
f 3556 7948 7949
f 3556 7949 3555
f 7949 7950 3555
f 3555 7950 7951
f 3555 7951 3554
f 3554 7951 7952
f 3554 7952 7953
f 7953 7954 3554
f 3554 7954 7955
f 3554 7955 3553
f 3553 7955 7956
f 3553 7956 7833
f 7900 7899 7957
f 7873 7872 7958
f 7959 7868 7867
f 7960 7961 7962
f 7957 7899 7963
f 7964 7965 7966
f 7967 7968 7969
f 7970 7971 7972
f 7877 7876 7973
f 7974 7975 7976
f 7977 7978 7979
f 7980 7981 7982
f 7983 7984 7985
f 7986 7987 7988
f 7989 6217 7687
f 7990 7991 7980
f 7992 7993 7994
f 7994 7993 7995
f 7995 7996 7997
f 7997 7996 7990
f 7998 7999 8000
f 8001 8002 8003
f 8003 8002 7998
f 8003 7998 8004
f 8004 7998 8005
f 7998 8000 8005
f 8005 8000 8006
f 8005 8006 8007
f 8008 8009 8010
f 8011 8012 8013
f 8013 8012 7986
f 8009 8008 7987
f 8010 8014 8015
f 8015 8014 8016
f 8017 8018 8019
f 7994 8020 8021
f 8021 8020 8022
f 8021 8022 8019
f 8019 8018 8021
f 8021 8018 8023
f 8021 8023 7994
f 7984 7989 7985
f 7985 7989 7687
f 7985 7687 8024
f 8024 7687 7691
f 7847 8017 8025
f 8025 8017 8019
f 8025 8019 8026
f 8026 8019 8022
f 8026 8022 8027
f 8027 8022 8020
f 8027 8020 8028
f 8029 8030 8031
f 8031 8030 8032
f 8031 8032 8033
f 8034 8029 8035
f 8035 8029 8031
f 8035 8031 8036
f 8036 8031 8033
f 8036 8033 8037
f 8038 8039 8040
f 8040 8039 8041
f 8040 8041 8042
f 7979 8042 7977
f 7977 8042 8041
f 7977 8041 8043
f 8043 8041 8039
f 8043 8039 8044
f 7691 7695 8024
f 8024 7695 7696
f 8024 7696 8045
f 8045 7696 7690
f 8045 7690 8046
f 8046 7690 7693
f 8046 7693 8047
f 8047 7693 7692
f 8047 7692 8048
f 8048 7692 7694
f 7860 7861 8049
f 8049 7861 8050
f 8051 8052 8053
f 8053 8052 8054
f 8053 8054 8055
f 8055 8054 8056
f 8055 8056 8057
f 7978 8051 8058
f 8058 8051 8053
f 8058 8053 8050
f 8050 8053 8055
f 8050 8055 8049
f 8049 8055 8057
f 8059 8060 8061
f 7978 7977 8051
f 8051 7977 8043
f 8051 8043 8052
f 8052 8043 8044
f 8052 8044 8054
f 8054 8044 8059
f 8054 8059 8056
f 8056 8059 8061
f 8056 8061 8057
f 7694 7697 8048
f 8048 7697 7689
f 8048 7689 8062
f 8062 7689 7688
f 8062 7688 8063
f 8063 7688 7686
f 8063 7686 8064
f 7980 7982 8065
f 8065 7982 8066
f 8065 8066 8067
f 8067 8066 8068
f 8067 8068 8069
f 8069 8068 8070
f 8069 8070 8071
f 8071 8070 8072
f 8071 8072 8073
f 8073 8072 8074
f 8073 8074 8075
f 8075 8074 8076
f 8075 8076 8077
f 8077 8076 8078
f 8077 8078 8079
f 8079 8078 8080
f 8079 8080 8081
f 7995 7997 7994
f 7994 7997 8082
f 7994 8082 8020
f 8020 8082 8083
f 8020 8083 8028
f 8028 8083 8084
f 8028 8084 8038
f 8038 8084 8085
f 8038 8085 8039
f 8039 8085 8086
f 8039 8086 8044
f 8044 8086 8087
f 8044 8087 8059
f 8059 8087 8088
f 8059 8088 8060
f 8060 8088 8089
f 8060 8089 8090
f 8090 8089 8091
f 8090 8091 8092
f 7990 7980 7997
f 7997 7980 8065
f 7997 8065 8082
f 8082 8065 8067
f 8082 8067 8083
f 8083 8067 8069
f 8083 8069 8084
f 8084 8069 8071
f 8084 8071 8085
f 8085 8071 8073
f 8085 8073 8086
f 8086 8073 8075
f 8086 8075 8087
f 8087 8075 8077
f 8087 8077 8088
f 8088 8077 8079
f 8088 8079 8089
f 8089 8079 8081
f 8089 8081 8091
f 8093 8094 8095
f 8095 8094 8096
f 8095 8096 8097
f 8097 8096 8098
f 8097 8098 8099
f 8100 8093 8101
f 8101 8093 8095
f 8101 8095 8102
f 8102 8095 8097
f 8102 8097 8103
f 8103 8097 8099
f 8103 8099 8104
f 8105 8106 7959
f 7868 7959 7869
f 7869 7959 8106
f 7869 8106 7870
f 8107 8108 8109
f 8109 8108 8110
f 8109 8110 8111
f 8111 8110 8112
f 8105 8107 8113
f 8113 8107 8109
f 8113 8109 8114
f 8114 8109 8111
f 8114 8111 8092
f 8092 8111 8112
f 8092 8112 8090
f 7872 7871 7958
f 7958 7871 8115
f 7958 8115 8116
f 8116 8115 8117
f 8116 8117 8118
f 8118 8117 8119
f 8118 8119 8120
f 8120 8119 8121
f 8120 8121 8122
f 7686 6165 8064
f 8064 6165 7661
f 8064 7661 8123
f 8123 7661 7662
f 8123 7662 8124
f 8124 7662 7657
f 8124 7657 8125
f 8125 7657 7656
f 7875 7874 8126
f 8126 7874 8127
f 8126 8127 8128
f 8128 8127 8129
f 8128 8129 8130
f 8130 8129 8131
f 8130 8131 8132
f 8132 8131 8133
f 8132 8133 8134
f 8135 7974 8136
f 8137 8138 8139
f 8139 8138 8140
f 8139 8140 8141
f 8142 7880 7877
f 8143 8144 8145
f 7665 7664 8146
f 7880 8147 7879
f 7879 8147 8148
f 7973 8137 8149
f 8149 8137 8139
f 8149 8139 8150
f 8150 8139 8141
f 8150 8141 8151
f 8138 8145 8140
f 8140 8145 8144
f 8140 8144 8141
f 8141 8144 8152
f 8141 8152 8151
f 8153 7971 8154
f 8154 7971 7970
f 8154 7970 8155
f 8147 7972 8148
f 8148 7972 7971
f 8148 7971 8156
f 8156 7971 8153
f 8156 8153 8157
f 7877 7973 8142
f 8142 7973 8149
f 8142 8149 8158
f 8158 8149 8150
f 8158 8150 8159
f 8159 8150 8151
f 8159 8151 8160
f 8160 8151 8152
f 8160 8152 8161
f 7886 7885 8162
f 8162 7885 8163
f 8162 8163 8164
f 8164 8163 8165
f 8164 8165 8166
f 8166 8165 8167
f 8166 8167 8168
f 8168 8167 8169
f 7664 7663 8146
f 8146 7663 7659
f 8146 7659 8170
f 8170 7659 7660
f 8170 7660 8171
f 8171 7660 7655
f 8171 7655 8172
f 8173 8174 8175
f 8175 8174 8176
f 8175 8176 8177
f 7968 7967 8178
f 8178 7967 8179
f 8178 8179 8180
f 8180 8179 8181
f 8180 8181 8182
f 8183 8177 8184
f 8184 8177 8176
f 8184 8176 8185
f 8185 8176 8174
f 8185 8174 8186
f 7655 7654 8172
f 8172 7654 6113
f 8172 6113 8187
f 8187 6113 7670
f 8187 7670 8188
f 8188 7670 7671
f 7965 7964 8189
f 8189 7964 8190
f 8189 8190 8191
f 8191 8190 8192
f 8191 8192 8193
f 8182 8183 8180
f 8180 8183 8184
f 8180 8184 8178
f 8178 8184 8185
f 8178 8185 7968
f 7968 8185 8186
f 7968 8186 7969
f 7969 8186 8194
f 8195 8196 8197
f 8197 8196 8198
f 8197 8198 8199
f 8199 8198 8200
f 8199 8200 8201
f 8201 8200 8202
f 8201 8202 8203
f 8203 8202 8204
f 8203 8204 8205
f 8205 8204 8206
f 8205 8206 8207
f 8207 8206 8208
f 8207 8208 8209
f 8209 8208 8210
f 8209 8210 8125
f 8125 8210 8211
f 8125 8211 8124
f 8124 8211 8212
f 8124 8212 8123
f 8123 8212 8213
f 8123 8213 8064
f 8064 8213 8214
f 8064 8214 8063
f 8063 8214 8215
f 8063 8215 8062
f 8062 8215 8216
f 8062 8216 8048
f 8048 8216 8217
f 8048 8217 8047
f 8047 8217 8218
f 8047 8218 8046
f 8046 8218 8219
f 8046 8219 8045
f 8045 8219 8220
f 8045 8220 8024
f 8024 8220 8015
f 8024 8015 7985
f 7985 8015 8016
f 7985 8016 7983
f 8221 7966 8194
f 8194 7966 7965
f 8194 7965 7969
f 7969 7965 8189
f 7969 8189 7967
f 7967 8189 8191
f 7967 8191 8179
f 8179 8191 8193
f 8179 8193 8181
f 8222 8223 8224
f 8224 8223 8225
f 8224 8225 8226
f 8226 8225 8227
f 8226 8227 8228
f 8229 8222 8230
f 8230 8222 8224
f 8230 8224 8231
f 8231 8224 8226
f 8231 8226 7963
f 7963 8226 8228
f 7963 8228 7957
f 8232 8233 8234
f 8234 8233 8235
f 8234 8235 8236
f 7671 7669 8188
f 8188 7669 7668
f 8188 7668 8237
f 8237 7668 7667
f 8237 7667 8238
f 8238 7667 7666
f 8238 7666 8239
f 8239 7666 7683
f 8239 7683 8240
f 8240 7683 7682
f 8241 8236 8242
f 8242 8236 8235
f 8242 8235 8243
f 8243 8235 8233
f 8243 8233 8244
f 8245 8246 8247
f 8247 8246 8248
f 8247 8248 8249
f 8249 8248 8250
f 8249 8250 8251
f 7906 7905 8252
f 8252 7905 7904
f 8252 7904 8253
f 8254 8245 8255
f 8255 8245 8247
f 8255 8247 8256
f 8256 8247 8249
f 8256 8249 8257
f 8257 8249 8251
f 8010 8015 8008
f 8008 8015 8220
f 8008 8220 8258
f 8258 8220 8219
f 8258 8219 8259
f 8259 8219 8218
f 8259 8218 8260
f 8260 8218 8217
f 8260 8217 8261
f 8261 8217 8216
f 8261 8216 8262
f 8262 8216 8215
f 8262 8215 8263
f 8263 8215 8214
f 8263 8214 8264
f 8264 8214 8213
f 8264 8213 8265
f 8265 8213 8212
f 8265 8212 8266
f 8266 8212 8211
f 8266 8211 8267
f 8267 8211 8210
f 8267 8210 8268
f 8268 8210 8208
f 8268 8208 8269
f 8269 8208 8206
f 8269 8206 8270
f 8270 8206 8204
f 8270 8204 8271
f 8271 8204 8202
f 8271 8202 8272
f 8272 8202 8200
f 8272 8200 8273
f 8273 8200 8198
f 8273 8198 8274
f 8274 8198 8196
f 8274 8196 8275
f 8275 8196 8195
f 8275 8195 8276
f 8276 8195 8277
f 8276 8277 8278
f 8278 8277 8279
f 8278 8279 8280
f 8280 8279 8281
f 8280 8281 8282
f 8282 8281 8283
f 8282 8283 8284
f 8284 8283 8285
f 8284 8285 8286
f 7986 7988 8013
f 8013 7988 8287
f 8013 8287 8288
f 8288 8287 8289
f 8288 8289 8290
f 8290 8289 8291
f 8290 8291 8292
f 8292 8291 8293
f 8292 8293 8294
f 8294 8293 8295
f 8294 8295 8296
f 8296 8295 8297
f 8296 8297 8298
f 8298 8297 8299
f 8298 8299 8300
f 8300 8299 8301
f 8300 8301 8302
f 8302 8301 8303
f 8302 8303 8304
f 8304 8303 8305
f 8304 8305 8306
f 8306 8305 8307
f 8306 8307 8308
f 8308 8307 8309
f 8308 8309 8310
f 8310 8309 8311
f 8310 8311 8312
f 8312 8311 8313
f 8312 8313 8314
f 8314 8313 8315
f 8314 8315 8316
f 8316 8315 8317
f 8316 8317 8318
f 8318 8317 8319
f 8318 8319 8320
f 8320 8319 8321
f 8320 8321 8322
f 8322 8321 8323
f 8322 8323 8324
f 8324 8323 8325
f 8324 8325 8326
f 8326 8325 8327
f 8326 8327 8328
f 8328 8327 8329
f 8328 8329 8330
f 8330 8329 8331
f 8330 8331 8332
f 8332 8331 8333
f 8332 8333 8334
f 8335 8336 8337
f 8338 8339 8340
f 8340 8339 8341
f 7974 7976 8136
f 8136 7976 8342
f 8136 8342 8343
f 8343 8342 8344
f 8343 8344 8345
f 8345 8344 8346
f 8345 8346 8347
f 8347 8346 8348
f 8347 8348 8349
f 8349 8348 8350
f 8349 8350 8351
f 8351 8350 8352
f 8351 8352 8353
f 8353 8352 8354
f 8353 8354 8355
f 8355 8354 8356
f 8355 8356 8357
f 8357 8356 8358
f 8357 8358 8359
f 8359 8358 8360
f 8359 8360 8361
f 8361 8360 8340
f 8361 8340 7962
f 7962 8340 8341
f 7962 8341 7960
f 8362 8363 8364
f 8364 8365 8362
f 8362 8365 8244
f 8362 8244 8366
f 8366 8244 8233
f 8366 8233 8367
f 8367 8233 8232
f 8367 8232 8368
f 8368 8232 8221
f 8368 8221 8369
f 8369 8221 8194
f 8369 8194 8370
f 8370 8194 8186
f 8370 8186 8371
f 8371 8186 8174
f 8371 8174 8372
f 8372 8174 8173
f 8372 8173 8373
f 8373 8173 8161
f 8373 8161 8374
f 8374 8161 8152
f 8374 8152 8375
f 8375 8152 8144
f 8375 8144 8376
f 8376 8144 8143
f 8376 8143 8135
f 8135 8136 8376
f 8376 8136 8343
f 8376 8343 8375
f 8375 8343 8345
f 8375 8345 8374
f 8374 8345 8347
f 8374 8347 8373
f 8373 8347 8349
f 8373 8349 8372
f 8372 8349 8351
f 8372 8351 8371
f 8371 8351 8353
f 8371 8353 8370
f 8370 8353 8355
f 8370 8355 8369
f 8369 8355 8357
f 8369 8357 8368
f 8368 8357 8359
f 8368 8359 8367
f 8367 8359 8361
f 8367 8361 8366
f 8366 8361 7962
f 8366 7962 8362
f 8362 7962 7961
f 8362 7961 8363
f 8377 8378 8379
f 8377 8379 8380
f 8380 8379 8381
f 8380 8381 8382
f 7908 7907 8383
f 8383 7907 8384
f 8383 8384 8385
f 8385 8384 8382
f 8385 8382 8386
f 8386 8382 8381
f 8364 8387 8365
f 8365 8387 8388
f 8365 8388 8377
f 8377 8388 8389
f 8377 8389 8378
f 7682 7684 8240
f 8240 7684 7677
f 8240 7677 8335
f 8335 7677 7679
f 8335 7679 8336
f 8336 7679 7674
f 7674 7676 8336
f 8336 7676 8390
f 8336 8390 8391
f 8285 8392 8393
f 8285 8393 8286
f 8286 8393 8394
f 8286 8394 8395
f 7987 8008 7988
f 7988 8008 8258
f 7988 8258 8287
f 8287 8258 8259
f 8287 8259 8289
f 8289 8259 8260
f 8289 8260 8291
f 8291 8260 8261
f 8291 8261 8293
f 8293 8261 8262
f 8293 8262 8295
f 8295 8262 8263
f 8295 8263 8297
f 8297 8263 8264
f 8297 8264 8299
f 8299 8264 8265
f 8299 8265 8301
f 8301 8265 8266
f 8301 8266 8303
f 8303 8266 8267
f 8303 8267 8305
f 8305 8267 8268
f 8305 8268 8307
f 8307 8268 8269
f 8307 8269 8309
f 8309 8269 8270
f 8309 8270 8311
f 8311 8270 8271
f 8311 8271 8313
f 8313 8271 8272
f 8313 8272 8315
f 8315 8272 8273
f 8315 8273 8317
f 8317 8273 8274
f 8317 8274 8319
f 8319 8274 8275
f 8319 8275 8321
f 8321 8275 8276
f 8321 8276 8323
f 8323 8276 8278
f 8323 8278 8325
f 8325 8278 8280
f 8325 8280 8327
f 8327 8280 8282
f 8327 8282 8329
f 8329 8282 8284
f 8329 8284 8331
f 8331 8284 8286
f 8331 8286 8333
f 8333 8286 8395
f 8333 8395 8396
f 8391 8397 8336
f 8336 8397 8398
f 8336 8398 8337
f 8337 8398 8399
f 8337 8399 8400
f 7656 7658 8125
f 8125 7658 7665
f 8125 7665 8209
f 8209 7665 8146
f 8209 8146 8207
f 8207 8146 8170
f 8207 8170 8205
f 8205 8170 8171
f 8205 8171 8203
f 8203 8171 8172
f 8203 8172 8201
f 8201 8172 8187
f 8201 8187 8199
f 8199 8187 8188
f 8199 8188 8197
f 8197 8188 8237
f 8197 8237 8195
f 8195 8237 8238
f 8195 8238 8277
f 8277 8238 8239
f 8277 8239 8279
f 8279 8239 8240
f 8279 8240 8281
f 8281 8240 8335
f 8281 8335 8283
f 8283 8335 8337
f 8283 8337 8285
f 8285 8337 8400
f 8285 8400 8392
f 7842 8401 7843
f 7843 8401 8002
f 7843 8002 7846
f 7846 8002 8001
f 7846 8001 7845
f 7845 8001 7844
f 8401 8402 8002
f 8002 8402 8403
f 8002 8403 7998
f 7998 8403 8404
f 7998 8404 7999
f 7991 8405 7980
f 7980 8405 8406
f 7980 8406 7981
f 7981 8406 8407
f 7981 8407 8011
f 7847 7844 8017
f 8017 7844 8001
f 8017 8001 8018
f 8018 8001 8003
f 8018 8003 8023
f 8023 8003 8004
f 8023 8004 7994
f 7994 8004 8005
f 7994 8005 7992
f 7992 8005 8007
f 7848 8034 7849
f 7849 8034 8035
f 7849 8035 7850
f 7850 8035 8036
f 7850 8036 7851
f 7851 8036 8037
f 7851 8037 7852
f 7852 8037 7853
f 7854 7853 8408
f 8408 7853 8037
f 8408 8037 8409
f 8409 8037 8033
f 8409 8033 8410
f 8410 8033 8032
f 7858 7857 8411
f 8411 7857 7856
f 8411 7856 8412
f 8412 7856 7855
f 8412 7855 7854
f 7861 7858 8050
f 8050 7858 8411
f 8050 8411 8058
f 8058 8411 8412
f 8058 8412 7978
f 7978 8412 7854
f 7978 7854 7979
f 7979 7854 8408
f 7979 8408 8042
f 8042 8408 8409
f 8042 8409 8040
f 8040 8409 8410
f 8040 8410 8038
f 8038 8410 8032
f 8038 8032 8028
f 8028 8032 8030
f 8028 8030 8027
f 8027 8030 8029
f 8027 8029 8026
f 8026 8029 8034
f 8026 8034 8025
f 8025 8034 7848
f 8025 7848 7847
f 7859 8100 7862
f 7862 8100 8101
f 7862 8101 7863
f 7863 8101 8102
f 7863 8102 7864
f 7864 8102 8103
f 7864 8103 7865
f 7865 8103 8104
f 7865 8104 7866
f 7866 8104 7867
f 8105 7959 8107
f 8107 7959 7867
f 8107 7867 8108
f 8108 7867 8104
f 8108 8104 8110
f 8110 8104 8099
f 8110 8099 8112
f 8112 8099 8098
f 8112 8098 8090
f 8090 8098 8096
f 8090 8096 8060
f 8060 8096 8094
f 8060 8094 8061
f 8061 8094 8093
f 8061 8093 8057
f 8057 8093 8100
f 8057 8100 8049
f 8049 8100 7859
f 8049 7859 7860
f 7871 7870 8115
f 8115 7870 8106
f 8115 8106 8117
f 8117 8106 8105
f 8117 8105 8119
f 8119 8105 8113
f 8119 8113 8121
f 8121 8113 8114
f 8121 8114 8122
f 8122 8114 8092
f 8122 8092 8413
f 8413 8092 8091
f 8413 8091 8414
f 8414 8091 8081
f 8414 8081 8415
f 8415 8081 8080
f 7874 7873 8127
f 8127 7873 7958
f 8127 7958 8129
f 8129 7958 8116
f 8129 8116 8131
f 8131 8116 8118
f 8131 8118 8133
f 8133 8118 8120
f 8133 8120 8134
f 8134 8120 8122
f 8134 8122 8416
f 8416 8122 8413
f 8416 8413 8417
f 8417 8413 8414
f 8417 8414 8418
f 8418 8414 8415
f 7876 7875 7973
f 7973 7875 8126
f 7973 8126 8137
f 8137 8126 8128
f 8137 8128 8138
f 8138 8128 8130
f 8138 8130 8145
f 8145 8130 8132
f 8145 8132 8143
f 8143 8132 8134
f 8143 8134 8135
f 8135 8134 8416
f 8135 8416 7974
f 7974 8416 8417
f 7974 8417 7975
f 7975 8417 8418
f 7884 7883 8157
f 8157 7883 7882
f 8157 7882 8156
f 8156 7882 7881
f 8156 7881 8148
f 8148 7881 7878
f 8148 7878 7879
f 7885 7884 8163
f 8163 7884 8157
f 8163 8157 8165
f 8165 8157 8153
f 8165 8153 8167
f 8167 8153 8154
f 8167 8154 8169
f 8169 8154 8155
f 7880 8142 8147
f 8147 8142 8158
f 8147 8158 7972
f 7972 8158 8159
f 7972 8159 7970
f 7970 8159 8160
f 7970 8160 8155
f 8155 8160 8161
f 8155 8161 8169
f 8169 8161 8173
f 8169 8173 8168
f 8168 8173 8175
f 8168 8175 8166
f 8166 8175 8177
f 8166 8177 8164
f 8164 8177 8183
f 8164 8183 8162
f 8162 8183 8182
f 8162 8182 7886
f 7892 7891 8192
f 8192 7891 7890
f 8192 7890 8193
f 8193 7890 7889
f 8193 7889 8181
f 8181 7889 7888
f 8181 7888 8182
f 8182 7888 7887
f 8182 7887 7886
f 7895 8419 7894
f 7894 8419 8420
f 7898 7897 8421
f 8421 7897 7896
f 8421 7896 8420
f 8420 7896 7893
f 8420 7893 7894
f 7899 7898 7963
f 7963 7898 8421
f 7963 8421 8231
f 8231 8421 8420
f 8231 8420 8230
f 8230 8420 8419
f 8230 8419 8229
f 8229 8419 7895
f 7892 8192 7895
f 7895 8192 8190
f 7895 8190 8229
f 8229 8190 7964
f 8229 7964 8222
f 8222 7964 7966
f 8222 7966 8223
f 8223 7966 8221
f 8223 8221 8225
f 8225 8221 8232
f 8225 8232 8227
f 8227 8232 8234
f 8227 8234 8228
f 8228 8234 8236
f 8228 8236 7957
f 7957 8236 8241
f 7957 8241 7900
f 7901 8254 7902
f 7902 8254 8255
f 7902 8255 7903
f 7903 8255 8256
f 7903 8256 7904
f 7904 8256 8257
f 7904 8257 8253
f 8253 8257 8251
f 7907 7906 8384
f 8384 7906 8252
f 8384 8252 8382
f 8382 8252 8253
f 8382 8253 8380
f 8380 8253 8251
f 8380 8251 8377
f 8377 8251 8250
f 8377 8250 8365
f 8365 8250 8248
f 8365 8248 8244
f 8244 8248 8246
f 8244 8246 8243
f 8243 8246 8245
f 8243 8245 8242
f 8242 8245 8254
f 8242 8254 8241
f 8241 8254 7901
f 8241 7901 7900
f 8396 8422 8333
f 8333 8422 8423
f 8333 8423 8334
f 8334 8423 8424
f 8334 8424 8425
f 8011 8013 7981
f 7981 8013 8288
f 7981 8288 7982
f 7982 8288 8290
f 7982 8290 8066
f 8066 8290 8292
f 8066 8292 8068
f 8068 8292 8294
f 8068 8294 8070
f 8070 8294 8296
f 8070 8296 8072
f 8072 8296 8298
f 8072 8298 8074
f 8074 8298 8300
f 8074 8300 8076
f 8076 8300 8302
f 8076 8302 8078
f 8078 8302 8304
f 8078 8304 8080
f 8080 8304 8306
f 8080 8306 8415
f 8415 8306 8308
f 8415 8308 8418
f 8418 8308 8310
f 8418 8310 7975
f 7975 8310 8312
f 7975 8312 7976
f 7976 8312 8314
f 7976 8314 8342
f 8342 8314 8316
f 8342 8316 8344
f 8344 8316 8318
f 8344 8318 8346
f 8346 8318 8320
f 8346 8320 8348
f 8348 8320 8322
f 8348 8322 8350
f 8350 8322 8324
f 8350 8324 8352
f 8352 8324 8326
f 8352 8326 8354
f 8354 8326 8328
f 8354 8328 8356
f 8356 8328 8330
f 8356 8330 8358
f 8358 8330 8332
f 8358 8332 8360
f 8360 8332 8334
f 8360 8334 8340
f 8340 8334 8425
f 8340 8425 8338
f 8426 8427 8428
f 8428 8427 8429
f 7710 8430 7712
f 7712 8430 7676
f 8431 8432 8433
f 8433 8434 8431
f 8431 8434 8435
f 8431 8435 8427
f 8427 8435 8436
f 8427 8436 8429
f 7710 7708 8430
f 8430 7708 7706
f 8430 7706 8437
f 8438 7752 8439
f 8439 7752 8440
f 8440 7752 8441
f 8441 7752 7750
f 8441 7750 7748
f 7706 7704 8437
f 8437 7704 7702
f 8437 7702 8442
f 8442 7702 7700
f 8442 7700 8443
f 8443 7700 7699
f 8443 7699 8438
f 8438 7699 7760
f 8438 7760 7758
f 7758 7756 8438
f 8438 7756 7754
f 8438 7754 7752
f 7748 7746 8441
f 8441 7746 7744
f 8441 7744 8444
f 8444 7744 7743
f 8444 7743 8432
f 8432 7743 8445
f 8432 8445 8433
f 7772 8446 8447
f 7772 8447 7773
f 7773 8447 8448
f 7773 8448 7774
f 7774 8448 8449
f 7774 8449 7775
f 7775 8449 8450
f 7775 8450 7767
f 7767 8450 8451
f 7767 8451 7762
f 7762 8451 8452
f 7762 8452 7771
f 7771 8452 8453
f 7771 8453 7763
f 7763 8453 8454
f 7763 8454 7764
f 7764 8454 8455
f 7764 8455 7765
f 7765 8455 8456
f 7765 8456 7766
f 7946 7945 8457
f 7937 7936 8458
f 8459 8460 8461
f 8462 8463 8464
f 8465 8466 8467
f 8468 8469 8470
f 8471 8472 8473
f 8474 8475 8476
f 8477 8478 8479
f 7933 7932 8480
f 8481 8482 8483
f 8484 8485 8486
f 7918 7917 8487
f 8399 8398 8488
f 8387 8364 8489
f 7910 7909 8490
f 7814 6217 7989
f 8441 8444 8491
f 8491 8444 8432
f 8491 8432 8492
f 8492 8432 8431
f 8492 8431 8493
f 8493 8431 8427
f 8493 8427 8494
f 8494 8427 8426
f 8494 8426 8495
f 8441 8491 8440
f 8440 8491 8496
f 8440 8496 8439
f 8439 8496 8497
f 8439 8497 8438
f 8438 8497 8498
f 8438 8498 8443
f 8443 8498 8499
f 8443 8499 8442
f 8500 8430 8499
f 8499 8430 8437
f 8499 8437 8442
f 7820 7819 8501
f 8501 7819 7818
f 8501 7818 8502
f 8502 7818 7817
f 8502 7817 8503
f 8503 7817 7816
f 8503 7816 8504
f 8504 7816 7815
f 8504 7815 7814
f 7820 8501 7825
f 7825 8501 8505
f 7825 8505 7824
f 7824 8505 8506
f 7824 8506 7823
f 7823 8506 8507
f 7823 8507 7812
f 7812 8507 8508
f 7812 8508 7809
f 8509 8510 8511
f 8511 8510 7805
f 8511 7805 8508
f 8508 7805 7804
f 8508 7804 7809
f 8512 8513 8511
f 8511 8513 8514
f 8511 8514 8509
f 8515 8516 8517
f 8517 8516 8518
f 8517 8518 8519
f 8519 8518 8520
f 8519 8520 8512
f 8512 8520 8521
f 8512 8521 8513
f 8515 8517 8522
f 8522 8517 8523
f 8522 8523 8524
f 8524 8523 8525
f 8524 8525 8526
f 8526 8525 8527
f 8526 8527 8528
f 8528 8527 8529
f 8528 8529 8530
f 8495 8531 8494
f 8494 8531 8532
f 8494 8532 8529
f 8529 8532 8533
f 8529 8533 8530
f 8341 8534 8535
f 8489 8364 8536
f 8364 8363 8536
f 8536 8363 7961
f 8536 7961 8535
f 8535 7961 7960
f 8535 7960 8341
f 8388 8537 8389
f 8389 8537 8378
f 7911 7910 8538
f 8538 7910 8490
f 8538 8490 8539
f 8539 8490 8540
f 8539 8540 8541
f 8541 8540 8537
f 8378 8537 8379
f 8379 8537 8540
f 8379 8540 8381
f 8381 8540 8490
f 8381 8490 8386
f 8398 8397 8500
f 7676 8430 8390
f 8390 8430 8500
f 8390 8500 8391
f 8391 8500 8397
f 8395 8394 8542
f 8542 8394 8393
f 8542 8393 8392
f 8422 8396 8543
f 8543 8396 8395
f 8544 8400 8399
f 8545 8546 8547
f 8547 8546 8548
f 8547 8548 8549
f 8549 8548 8550
f 8549 8550 8551
f 8551 8550 8552
f 8551 8552 8489
f 7916 7915 8553
f 8553 7915 8554
f 8553 8554 8555
f 8555 8554 8556
f 8555 8556 8557
f 8557 8556 8558
f 8557 8558 8559
f 8559 8558 8560
f 8559 8560 8561
f 7919 7918 8562
f 8562 7918 8487
f 8562 8487 8563
f 8563 8487 8564
f 8563 8564 8565
f 8565 8564 8566
f 8565 8566 8567
f 8567 8566 8568
f 8567 8568 8569
f 8570 8485 8571
f 8571 8485 8484
f 8571 8484 8572
f 8573 8574 8575
f 8575 8574 8576
f 8575 8576 8577
f 8577 8576 8578
f 8579 8572 8580
f 8580 8572 8484
f 8580 8484 8581
f 8581 8484 8486
f 8581 8486 8582
f 8583 8584 8585
f 8577 8586 8575
f 8575 8586 8579
f 8575 8579 8573
f 8573 8579 8580
f 8573 8580 8587
f 8587 8580 8581
f 8587 8581 8588
f 8588 8581 8582
f 8588 8582 8589
f 8482 8481 8590
f 8590 8481 8591
f 8590 8591 8592
f 8592 8591 8593
f 8592 8593 8594
f 8584 8483 8585
f 8585 8483 8482
f 8585 8482 8595
f 8595 8482 8590
f 8595 8590 8596
f 8596 8590 8592
f 8596 8592 8597
f 8597 8592 8594
f 8597 8594 8598
f 8598 8594 7920
f 8599 8584 8600
f 8600 8584 8583
f 8600 8583 8601
f 8589 8601 8588
f 8588 8601 8583
f 8588 8583 8587
f 8587 8583 8585
f 8587 8585 8573
f 8573 8585 8595
f 8573 8595 8574
f 8574 8595 8596
f 8574 8596 8576
f 8576 8596 8597
f 8576 8597 8578
f 8578 8597 8598
f 8602 8603 8604
f 8604 8603 8605
f 8604 8605 8606
f 8606 8605 8607
f 8606 8607 8608
f 8609 8610 8611
f 8611 8610 8612
f 8611 8612 8613
f 8613 8612 8614
f 8613 8614 8615
f 8615 8614 8616
f 8615 8616 8617
f 8617 8616 8618
f 8617 8618 8619
f 8610 8602 8612
f 8612 8602 8604
f 8612 8604 8614
f 8614 8604 8606
f 8614 8606 8616
f 8616 8606 8608
f 8616 8608 8618
f 8620 8619 8621
f 8621 8619 8618
f 8621 8618 8622
f 8622 8618 8608
f 8622 8608 8623
f 8623 8608 8607
f 8623 8607 8599
f 8599 8607 8605
f 8599 8605 8584
f 8584 8605 8603
f 8584 8603 8483
f 8483 8603 8602
f 8483 8602 8481
f 8481 8602 8610
f 8481 8610 8591
f 8591 8610 8609
f 8591 8609 8593
f 7931 7930 8624
f 8624 7930 8625
f 8624 8625 8626
f 8626 8625 8627
f 8626 8627 8628
f 8628 8627 8629
f 8628 8629 8630
f 8630 8629 8631
f 8630 8631 8632
f 7934 7933 8633
f 8633 7933 8480
f 8633 8480 8634
f 8634 8480 8635
f 8634 8635 8636
f 8636 8635 8637
f 8636 8637 8638
f 8638 8637 8639
f 8638 8639 8640
f 7936 7935 8458
f 8458 7935 8641
f 8458 8641 8642
f 8642 8641 8643
f 8642 8643 8644
f 8644 8643 8645
f 8644 8645 8646
f 8646 8645 8647
f 8646 8647 8648
f 8475 8477 8649
f 8650 8472 8651
f 8651 8472 8471
f 8651 8471 8652
f 8653 8652 8654
f 8654 8652 8471
f 8654 8471 8655
f 8655 8471 8473
f 8655 8473 8656
f 8650 8474 8472
f 8472 8474 8657
f 8472 8657 8473
f 8473 8657 8658
f 8473 8658 8656
f 8659 8469 8660
f 8660 8469 8468
f 8660 8468 8661
f 8662 8470 8663
f 8663 8470 8469
f 8663 8469 8664
f 8664 8469 8659
f 8664 8659 8665
f 7938 8653 8666
f 8666 8653 8654
f 8666 8654 8667
f 8667 8654 8655
f 8667 8655 8668
f 8668 8655 8656
f 8668 8656 8669
f 8669 8656 8658
f 8669 8658 8670
f 7945 7944 8457
f 8457 7944 8671
f 8457 8671 8672
f 8672 8671 8673
f 8672 8673 8674
f 8674 8673 8675
f 8674 8675 8676
f 8676 8675 8677
f 8678 8679 8680
f 8680 8679 8681
f 8680 8681 8682
f 8683 8684 8685
f 8686 8678 8687
f 8687 8678 8680
f 8687 8680 8688
f 8688 8680 8682
f 8688 8682 8689
f 8679 8685 8681
f 8681 8685 8684
f 8681 8684 8682
f 8682 8684 8690
f 8682 8690 8689
f 8691 8466 8692
f 8692 8466 8465
f 8692 8465 8693
f 8694 8467 8695
f 8695 8467 8466
f 8695 8466 8696
f 8696 8466 8691
f 8696 8691 8697
f 7947 8686 8698
f 8698 8686 8687
f 8698 8687 8699
f 8699 8687 8688
f 8699 8688 8700
f 8700 8688 8689
f 8700 8689 8701
f 8701 8689 8690
f 8701 8690 8702
f 7956 7955 8703
f 8703 7955 8704
f 8703 8704 8705
f 8705 8704 8706
f 8705 8706 8707
f 8707 8706 8708
f 8707 8708 8709
f 8709 8708 8710
f 8711 8712 8713
f 8713 8712 8714
f 8713 8714 8715
f 8463 8462 8716
f 8716 8462 8717
f 8716 8717 8718
f 8718 8717 8719
f 8718 8719 8720
f 8721 8715 8722
f 8722 8715 8714
f 8722 8714 8723
f 8723 8714 8712
f 8723 8712 8724
f 8460 8459 8725
f 8725 8459 8726
f 8725 8726 8727
f 8727 8726 8728
f 8727 8728 8729
f 8730 8731 8732
f 8720 8721 8718
f 8718 8721 8722
f 8718 8722 8716
f 8716 8722 8723
f 8716 8723 8463
f 8463 8723 8724
f 8463 8724 8464
f 8464 8724 8733
f 8734 8735 8736
f 8736 8735 8737
f 8736 8737 8738
f 8739 8731 8734
f 8734 8731 8730
f 8734 8730 8735
f 8740 8461 8733
f 8733 8461 8460
f 8733 8460 8464
f 8464 8460 8725
f 8464 8725 8462
f 8462 8725 8727
f 8462 8727 8717
f 8717 8727 8729
f 8717 8729 8719
f 8477 8479 8649
f 8649 8479 8741
f 8649 8741 8742
f 8742 8741 8743
f 8742 8743 8744
f 8744 8743 8745
f 8744 8745 8746
f 8746 8745 8747
f 8746 8747 8748
f 8748 8747 8749
f 8748 8749 8750
f 8750 8749 8751
f 8750 8751 8752
f 8752 8751 8753
f 8752 8753 8754
f 8754 8753 8755
f 8754 8755 8756
f 8756 8755 8757
f 8756 8757 8758
f 8758 8757 8759
f 8758 8759 8760
f 8760 8759 8761
f 8760 8761 8762
f 8762 8761 8763
f 8762 8763 8764
f 8474 8476 8657
f 8657 8476 8765
f 8657 8765 8658
f 8658 8765 8766
f 8658 8766 8670
f 8670 8766 8767
f 8670 8767 8683
f 8683 8767 8768
f 8683 8768 8684
f 8684 8768 8769
f 8684 8769 8690
f 8690 8769 8770
f 8690 8770 8702
f 8702 8770 8771
f 8702 8771 8711
f 8711 8771 8772
f 8711 8772 8712
f 8712 8772 8773
f 8712 8773 8724
f 8724 8773 8774
f 8724 8774 8733
f 8733 8774 8775
f 8733 8775 8740
f 8740 8775 8776
f 8740 8776 8777
f 8777 8738 8740
f 8740 8738 8737
f 8740 8737 8461
f 8461 8737 8735
f 8461 8735 8459
f 8459 8735 8730
f 8459 8730 8726
f 8726 8730 8732
f 8726 8732 8728
f 8014 8778 8779
f 8779 8778 8780
f 8779 8780 8781
f 8781 8780 8782
f 8781 8782 8783
f 8783 8782 8784
f 8783 8784 8785
f 8785 8784 8786
f 8785 8786 8787
f 8787 8786 8788
f 8787 8788 8789
f 8789 8788 8790
f 8789 8790 8791
f 8791 8790 8792
f 8791 8792 8793
f 8793 8792 8794
f 8793 8794 8795
f 8795 8794 8796
f 8795 8796 8797
f 8797 8796 8798
f 8797 8798 8799
f 8799 8798 8800
f 8799 8800 8801
f 8801 8800 8802
f 8801 8802 8803
f 8803 8802 8804
f 8803 8804 8805
f 8805 8804 8806
f 8805 8806 8807
f 8807 8806 8808
f 8807 8808 8809
f 8809 8808 8810
f 8809 8810 8811
f 8811 8810 8812
f 8811 8812 8813
f 8813 8812 8814
f 8813 8814 8815
f 8815 8814 8816
f 8815 8816 8817
f 8817 8816 8818
f 8817 8818 8819
f 8819 8818 8820
f 8819 8820 8821
f 8821 8820 8822
f 8821 8822 8823
f 8823 8822 8824
f 8823 8824 8825
f 8825 8824 8542
f 8825 8542 8544
f 8544 8542 8392
f 8544 8392 8400
f 8422 8543 8826
f 8826 8543 8827
f 8826 8827 8828
f 8828 8827 8829
f 8828 8829 8830
f 8830 8829 8831
f 8830 8831 8832
f 8832 8831 8833
f 8832 8833 8834
f 8834 8833 8835
f 8834 8835 8836
f 8836 8835 8837
f 8836 8837 8838
f 8838 8837 8839
f 8838 8839 8840
f 8840 8839 8841
f 8840 8841 8842
f 8842 8841 8843
f 8842 8843 8844
f 8844 8843 8845
f 8844 8845 8846
f 8846 8845 8847
f 8846 8847 8848
f 8848 8847 8849
f 8848 8849 8850
f 8850 8849 8851
f 8850 8851 8852
f 8852 8851 8853
f 8852 8853 8854
f 8854 8853 8855
f 8854 8855 8856
f 8856 8855 8857
f 8856 8857 8858
f 8858 8857 8859
f 8858 8859 8860
f 8860 8859 8861
f 8860 8861 8862
f 8862 8861 8863
f 8862 8863 8864
f 8864 8863 8865
f 8864 8865 8866
f 8866 8865 8867
f 8866 8867 8868
f 8868 8867 8869
f 8868 8869 8870
f 8870 8869 8871
f 8870 8871 8872
f 8872 8871 8873
f 8872 8873 8874
f 8395 8542 8543
f 8543 8542 8824
f 8543 8824 8827
f 8827 8824 8822
f 8827 8822 8829
f 8829 8822 8820
f 8829 8820 8831
f 8831 8820 8818
f 8831 8818 8833
f 8833 8818 8816
f 8833 8816 8835
f 8835 8816 8814
f 8835 8814 8837
f 8837 8814 8812
f 8837 8812 8839
f 8839 8812 8810
f 8839 8810 8841
f 8841 8810 8808
f 8841 8808 8843
f 8843 8808 8806
f 8843 8806 8845
f 8845 8806 8804
f 8845 8804 8847
f 8847 8804 8802
f 8847 8802 8849
f 8849 8802 8800
f 8849 8800 8851
f 8851 8800 8798
f 8851 8798 8853
f 8853 8798 8796
f 8853 8796 8855
f 8855 8796 8794
f 8855 8794 8857
f 8857 8794 8792
f 8857 8792 8859
f 8859 8792 8790
f 8859 8790 8861
f 8861 8790 8788
f 8861 8788 8863
f 8863 8788 8786
f 8863 8786 8865
f 8865 8786 8784
f 8865 8784 8867
f 8867 8784 8782
f 8867 8782 8869
f 8869 8782 8780
f 8869 8780 8871
f 8871 8780 8778
f 8871 8778 8873
f 8011 8407 8763
f 8763 8407 8406
f 8763 8406 8764
f 8764 8406 8405
f 8764 8405 7991
f 8475 8649 8476
f 8476 8649 8742
f 8476 8742 8765
f 8765 8742 8744
f 8765 8744 8766
f 8766 8744 8746
f 8766 8746 8767
f 8767 8746 8748
f 8767 8748 8768
f 8768 8748 8750
f 8768 8750 8769
f 8769 8750 8752
f 8769 8752 8770
f 8770 8752 8754
f 8770 8754 8771
f 8771 8754 8756
f 8771 8756 8772
f 8772 8756 8758
f 8772 8758 8773
f 8773 8758 8760
f 8773 8760 8774
f 8774 8760 8762
f 8774 8762 8775
f 8775 8762 8764
f 8775 8764 8776
f 8776 8764 7991
f 8776 7991 7990
f 8007 8006 8875
f 8875 8006 8000
f 8000 8876 8875
f 8875 8876 8877
f 8875 8877 8878
f 8878 8877 8879
f 8000 7999 8876
f 8876 7999 8404
f 8876 8404 8403
f 8739 8880 8881
f 8881 8880 8882
f 8881 8882 8883
f 8883 8882 8884
f 8883 8884 8885
f 8885 8884 8886
f 8885 8886 8887
f 8887 8886 8402
f 8887 8402 8401
f 8880 8879 8882
f 8882 8879 8877
f 8882 8877 8884
f 8884 8877 8876
f 8884 8876 8886
f 8886 8876 8403
f 8886 8403 8402
f 7990 7996 8776
f 8776 7996 7995
f 8776 7995 8777
f 8777 7995 7993
f 8777 7993 7992
f 8739 8734 8880
f 8880 8734 8736
f 8880 8736 8879
f 8879 8736 8738
f 8879 8738 8878
f 8878 8738 8777
f 8878 8777 8875
f 8875 8777 7992
f 8875 7992 8007
f 7814 7989 8504
f 8504 7989 7984
f 8504 7984 7983
f 8398 8500 8488
f 8488 8500 8499
f 8488 8499 8888
f 8888 8499 8498
f 8888 8498 8889
f 8889 8498 8497
f 8889 8497 8890
f 8890 8497 8496
f 8890 8496 8891
f 8891 8496 8491
f 8891 8491 8892
f 8892 8491 8492
f 8892 8492 8893
f 8893 8492 8493
f 8893 8493 8894
f 8894 8493 8494
f 8894 8494 8895
f 8895 8494 8529
f 8895 8529 8896
f 8896 8529 8527
f 8896 8527 8897
f 8897 8527 8525
f 8897 8525 8898
f 8898 8525 8523
f 8898 8523 8899
f 8899 8523 8517
f 8899 8517 8900
f 8900 8517 8519
f 8900 8519 8901
f 8901 8519 8512
f 8901 8512 8902
f 8902 8512 8511
f 8902 8511 8903
f 8903 8511 8508
f 8903 8508 8904
f 8904 8508 8507
f 8904 8507 8905
f 8905 8507 8506
f 8905 8506 8906
f 8906 8506 8505
f 8906 8505 8907
f 8907 8505 8501
f 8907 8501 8908
f 8908 8501 8502
f 8908 8502 8909
f 8909 8502 8503
f 8909 8503 8910
f 8910 8503 8504
f 8910 8504 8911
f 8911 8504 7983
f 8911 7983 8016
f 8399 8488 8544
f 8544 8488 8888
f 8544 8888 8825
f 8825 8888 8889
f 8825 8889 8823
f 8823 8889 8890
f 8823 8890 8821
f 8821 8890 8891
f 8821 8891 8819
f 8819 8891 8892
f 8819 8892 8817
f 8817 8892 8893
f 8817 8893 8815
f 8815 8893 8894
f 8815 8894 8813
f 8813 8894 8895
f 8813 8895 8811
f 8811 8895 8896
f 8811 8896 8809
f 8809 8896 8897
f 8809 8897 8807
f 8807 8897 8898
f 8807 8898 8805
f 8805 8898 8899
f 8805 8899 8803
f 8803 8899 8900
f 8803 8900 8801
f 8801 8900 8901
f 8801 8901 8799
f 8799 8901 8902
f 8799 8902 8797
f 8797 8902 8903
f 8797 8903 8795
f 8795 8903 8904
f 8795 8904 8793
f 8793 8904 8905
f 8793 8905 8791
f 8791 8905 8906
f 8791 8906 8789
f 8789 8906 8907
f 8789 8907 8787
f 8787 8907 8908
f 8787 8908 8785
f 8785 8908 8909
f 8785 8909 8783
f 8783 8909 8910
f 8783 8910 8781
f 8781 8910 8911
f 8781 8911 8779
f 8779 8911 8016
f 8779 8016 8014
f 7909 7908 8383
f 7909 8383 8490
f 8490 8383 8385
f 8490 8385 8386
f 8425 8424 8826
f 8826 8424 8423
f 8826 8423 8422
f 8341 8339 8534
f 8534 8339 8338
f 8534 8338 8425
f 8388 8387 8537
f 8537 8387 8489
f 8537 8489 8541
f 8541 8489 8552
f 8541 8552 8539
f 8539 8552 8550
f 8539 8550 8538
f 8538 8550 8548
f 8538 8548 7911
f 7911 8548 8546
f 7911 8546 7912
f 7912 8546 8545
f 7912 8545 7913
f 7913 8545 7914
f 8534 8912 8535
f 8535 8912 8913
f 8535 8913 8536
f 8536 8913 8914
f 8536 8914 8489
f 8489 8914 8561
f 8489 8561 8551
f 8551 8561 8560
f 8551 8560 8549
f 8549 8560 8558
f 8549 8558 8547
f 8547 8558 8556
f 8547 8556 8545
f 8545 8556 8554
f 8545 8554 7914
f 7914 8554 7915
f 7917 7916 8487
f 8487 7916 8553
f 8487 8553 8564
f 8564 8553 8555
f 8564 8555 8566
f 8566 8555 8557
f 8566 8557 8568
f 8568 8557 8559
f 8568 8559 8569
f 8569 8559 8561
f 8569 8561 8915
f 8915 8561 8914
f 8915 8914 8916
f 8916 8914 8913
f 8916 8913 8917
f 8917 8913 8912
f 7920 7919 8598
f 8598 7919 8562
f 8598 8562 8578
f 8578 8562 8563
f 8578 8563 8577
f 8577 8563 8565
f 8577 8565 8586
f 8586 8565 8567
f 8586 8567 8579
f 8579 8567 8569
f 8579 8569 8572
f 8572 8569 8915
f 8572 8915 8571
f 8571 8915 8916
f 8571 8916 8570
f 8570 8916 8917
f 7929 7928 8620
f 8620 7928 7927
f 8620 7927 8619
f 8619 7927 7924
f 8619 7924 8617
f 8617 7924 7925
f 8617 7925 8615
f 8615 7925 7926
f 8615 7926 8613
f 8613 7926 7921
f 8613 7921 8611
f 8611 7921 7922
f 8611 7922 8609
f 8609 7922 7923
f 8609 7923 8593
f 8593 7923 7829
f 8593 7829 8594
f 8594 7829 7828
f 8594 7828 7920
f 7930 7929 8625
f 8625 7929 8620
f 8625 8620 8627
f 8627 8620 8621
f 8627 8621 8629
f 8629 8621 8622
f 8629 8622 8631
f 8631 8622 8623
f 8631 8623 8632
f 8632 8623 8599
f 8632 8599 8918
f 8918 8599 8600
f 8918 8600 8919
f 8919 8600 8601
f 8919 8601 8920
f 8920 8601 8589
f 7932 7931 8480
f 8480 7931 8624
f 8480 8624 8635
f 8635 8624 8626
f 8635 8626 8637
f 8637 8626 8628
f 8637 8628 8639
f 8639 8628 8630
f 8639 8630 8640
f 8640 8630 8632
f 8640 8632 8921
f 8921 8632 8918
f 8921 8918 8922
f 8922 8918 8919
f 8922 8919 8923
f 8923 8919 8920
f 7935 7934 8641
f 8641 7934 8633
f 8641 8633 8643
f 8643 8633 8634
f 8643 8634 8645
f 8645 8634 8636
f 8645 8636 8647
f 8647 8636 8638
f 8647 8638 8648
f 8648 8638 8640
f 8648 8640 8924
f 8924 8640 8921
f 8924 8921 8925
f 8925 8921 8922
f 8925 8922 8926
f 8926 8922 8923
f 7938 7937 8653
f 8653 7937 8458
f 8653 8458 8652
f 8652 8458 8642
f 8652 8642 8651
f 8651 8642 8644
f 8651 8644 8650
f 8650 8644 8646
f 8650 8646 8474
f 8474 8646 8648
f 8474 8648 8475
f 8475 8648 8924
f 8475 8924 8477
f 8477 8924 8925
f 8477 8925 8478
f 8478 8925 8926
f 7827 7826 8665
f 8665 7826 7943
f 8665 7943 8664
f 8664 7943 7942
f 8664 7942 8663
f 8663 7942 7941
f 8663 7941 8662
f 8662 7941 7940
f 8662 7940 7939
f 7944 7827 8671
f 8671 7827 8665
f 8671 8665 8673
f 8673 8665 8659
f 8673 8659 8675
f 8675 8659 8660
f 8675 8660 8677
f 8677 8660 8661
f 7947 7946 8686
f 8686 7946 8457
f 8686 8457 8678
f 8678 8457 8672
f 8678 8672 8679
f 8679 8672 8674
f 8679 8674 8685
f 8685 8674 8676
f 8685 8676 8683
f 8683 8676 8677
f 8683 8677 8670
f 8670 8677 8661
f 8670 8661 8669
f 8669 8661 8468
f 8669 8468 8668
f 8668 8468 8470
f 8668 8470 8667
f 8667 8470 8662
f 8667 8662 8666
f 8666 8662 7939
f 8666 7939 7938
f 7954 7953 8697
f 8697 7953 7952
f 8697 7952 8696
f 8696 7952 7951
f 8696 7951 8695
f 8695 7951 7950
f 8695 7950 8694
f 8694 7950 7949
f 8694 7949 7948
f 7955 7954 8704
f 8704 7954 8697
f 8704 8697 8706
f 8706 8697 8691
f 8706 8691 8708
f 8708 8691 8692
f 8708 8692 8710
f 8710 8692 8693
f 7833 7956 8720
f 8720 7956 8703
f 8720 8703 8721
f 8721 8703 8705
f 8721 8705 8715
f 8715 8705 8707
f 8715 8707 8713
f 8713 8707 8709
f 8713 8709 8711
f 8711 8709 8710
f 8711 8710 8702
f 8702 8710 8693
f 8702 8693 8701
f 8701 8693 8465
f 8701 8465 8700
f 8700 8465 8467
f 8700 8467 8699
f 8699 8467 8694
f 8699 8694 8698
f 8698 8694 7948
f 8698 7948 7947
f 7833 8720 7832
f 7832 8720 8719
f 7832 8719 7831
f 7831 8719 8729
f 7831 8729 7830
f 7830 8729 8728
f 7830 8728 7836
f 7836 8728 8732
f 7836 8732 7835
f 7835 8732 8731
f 7835 8731 7834
f 7834 8731 8739
f 7834 8739 7839
f 7839 8739 8881
f 7839 8881 7838
f 7838 8881 8883
f 7838 8883 7837
f 7837 8883 8885
f 7837 8885 7840
f 7840 8885 8887
f 7840 8887 7841
f 7841 8887 8401
f 7841 8401 7842
f 8014 8010 8778
f 8778 8010 8009
f 8778 8009 8873
f 8873 8009 7987
f 8873 7987 8874
f 8874 7987 7986
f 8874 7986 8012
f 8425 8826 8534
f 8534 8826 8828
f 8534 8828 8912
f 8912 8828 8830
f 8912 8830 8917
f 8917 8830 8832
f 8917 8832 8570
f 8570 8832 8834
f 8570 8834 8485
f 8485 8834 8836
f 8485 8836 8486
f 8486 8836 8838
f 8486 8838 8582
f 8582 8838 8840
f 8582 8840 8589
f 8589 8840 8842
f 8589 8842 8920
f 8920 8842 8844
f 8920 8844 8923
f 8923 8844 8846
f 8923 8846 8926
f 8926 8846 8848
f 8926 8848 8478
f 8478 8848 8850
f 8478 8850 8479
f 8479 8850 8852
f 8479 8852 8741
f 8741 8852 8854
f 8741 8854 8743
f 8743 8854 8856
f 8743 8856 8745
f 8745 8856 8858
f 8745 8858 8747
f 8747 8858 8860
f 8747 8860 8749
f 8749 8860 8862
f 8749 8862 8751
f 8751 8862 8864
f 8751 8864 8753
f 8753 8864 8866
f 8753 8866 8755
f 8755 8866 8868
f 8755 8868 8757
f 8757 8868 8870
f 8757 8870 8759
f 8759 8870 8872
f 8759 8872 8761
f 8761 8872 8874
f 8761 8874 8763
f 8763 8874 8012
f 8763 8012 8011
f 7766 8456 8927
f 7766 8927 7768
f 7768 8927 8928
f 7768 8928 7769
f 7769 8928 8929
f 7769 8929 7779
f 7779 8929 8930
f 7779 8930 7782
f 7782 8930 8931
f 7782 8931 7778
f 8931 8533 7778
f 7778 8533 8532
f 7778 8532 7790
f 7790 8532 8531
f 7790 8531 7784
f 7784 8531 8495
f 7784 8495 7785
f 8495 8426 7785
f 7785 8426 8428
f 7785 8428 7786
f 7786 8428 8429
f 7786 8429 7776
f 7776 8429 8436
f 7776 8436 7777
f 7777 8436 8435
f 7777 8435 7783
f 7783 8435 8434
f 7783 8434 7780
f 7780 8434 8433
f 7780 8433 7781
f 7781 8433 8445
f 7781 8445 7770
f 7770 8445 7743
f 7770 7743 7742
f 7741 7740 7822
f 7741 7822 7792
f 7792 7822 7821
f 7792 7821 7793
f 7793 7821 7813
f 7793 7813 7794
f 7794 7813 7811
f 7794 7811 7795
f 7795 7811 7810
f 7795 7810 7796
f 7796 7810 7800
f 7800 7810 7808
f 7800 7808 7801
f 7808 7807 7801
f 7801 7807 7806
f 7801 7806 7802
f 7802 7806 7805
f 7802 7805 7791
f 7791 7805 8510
f 7791 8510 7789
f 7789 8510 8509
f 7789 8509 7803
f 7803 8509 8514
f 8514 8513 7803
f 7803 8513 8932
f 7803 8932 7797
f 7797 8932 8933
f 7797 8933 7798
f 7798 8933 8934
f 7798 8934 7799
f 7799 8934 8935
f 7799 8935 7787
f 7787 8935 8936
f 7787 8936 7788
f 7788 8936 8446
f 7788 8446 7772
f 5951 5949 8937
f 8938 8939 8940
f 5957 5955 8941
f 6005 8938 6003
f 6003 8938 8940
f 6003 8940 6001
f 8941 5955 8937
f 8937 5955 5953
f 8937 5953 5951
f 6005 6007 8938
f 8938 6007 6009
f 8938 6009 6011
f 8942 5963 8943
f 8943 5963 5961
f 8943 5961 8941
f 8941 5961 5959
f 8941 5959 5957
f 8944 5973 5971
f 5973 8944 5975
f 5971 5969 8944
f 8944 5969 5967
f 8944 5967 8942
f 8942 5967 5965
f 8942 5965 5963
f 8944 8945 5975
f 5975 8945 8946
f 5975 8946 5977
f 5977 8946 8947
f 5977 8947 5979
f 5979 8947 5981
f 6011 6013 8938
f 8938 6013 6015
f 8938 6015 8948
f 8948 6015 5985
f 8948 5985 8947
f 8947 5985 5983
f 8947 5983 5981
f 5943 8949 5945
f 5945 8949 5947
f 8949 8950 5947
f 5947 8950 8951
f 5947 8951 8952
f 5943 5941 8949
f 8949 5941 5939
f 8949 5939 5937
f 5949 5947 8953
f 8953 5947 8952
f 8953 8952 8954
f 8955 8956 8957
f 8957 8956 8958
f 8957 8958 8959
f 8960 8961 8962
f 8962 8961 8963
f 8962 8963 8957
f 8957 8963 8964
f 8957 8964 8955
f 8949 5926 5923
f 5917 5915 8965
f 8965 5915 5913
f 8965 5913 8966
f 8966 5913 5912
f 8966 5912 8960
f 8960 5912 8967
f 8960 8967 8961
f 5937 5935 8949
f 8949 5935 5933
f 8949 5933 5931
f 8949 5923 8968
f 8968 5923 5921
f 8968 5921 8965
f 8965 5921 5919
f 8965 5919 5917
f 5931 5929 8949
f 8949 5929 5928
f 8949 5928 5926
f 5999 6001 8969
f 5999 8969 5997
f 6051 8970 6053
f 6053 8970 6055
f 6051 6049 8970
f 8970 6049 6047
f 8970 6047 8971
f 5987 5989 8972
f 8972 5989 8973
f 5989 5991 8973
f 8973 5991 5993
f 8973 5993 8969
f 8969 5993 5995
f 8969 5995 5997
f 8974 6029 8975
f 8975 6029 8976
f 6035 6033 8974
f 8974 6033 6031
f 8974 6031 6029
f 8976 6029 8977
f 8977 6029 6027
f 8977 6027 8978
f 8978 6027 6025
f 8978 6025 6023
f 6047 6045 8971
f 8971 6045 6043
f 8971 6043 8979
f 8979 6043 6041
f 8979 6041 8980
f 8980 6041 6039
f 8980 6039 8974
f 8974 6039 6037
f 8974 6037 6035
f 6023 6021 8978
f 8978 6021 6016
f 8978 6016 8972
f 8972 6016 6018
f 8972 6018 5987
f 8981 8982 8983
f 8981 8983 8984
f 8984 8983 8985
f 8984 8985 8986
f 8986 8985 8987
f 8986 8987 8988
f 8988 8987 8989
f 8988 8989 8990
f 8990 8989 8991
f 8990 8991 8992
f 8992 8991 8993
f 8992 8993 8994
f 8994 8993 8995
f 8994 8995 8996
f 8996 8995 8959
f 8996 8959 8997
f 8997 8959 8958
f 8997 8958 8998
f 8998 8958 8956
f 8998 8956 8999
f 8999 8956 8955
f 8999 8955 9000
f 9000 8955 8964
f 9000 8964 9001
f 9001 8964 8963
f 9001 8963 9002
f 9002 8963 8961
f 9002 8961 9003
f 9003 8961 8967
f 9003 8967 9004
f 9004 8967 5912
f 9004 5912 5911
f 6074 6073 9005
f 6074 9005 9006
f 9006 9005 9007
f 9006 9007 9008
f 9008 9007 9009
f 9008 9009 9010
f 9010 9009 9011
f 9010 9011 9012
f 9012 9011 9013
f 9012 9013 9014
f 9014 9013 9015
f 9014 9015 9016
f 9016 9015 9017
f 9016 9017 9018
f 9018 9017 9019
f 9018 9019 9020
f 9020 9019 9021
f 9020 9021 9022
f 9022 9021 9023
f 9022 9023 9024
f 9025 9026 9027
f 9027 9026 9028
f 9027 9028 9029
f 9028 9030 9029
f 9029 9030 9031
f 9029 9031 9032
f 9032 9031 9033
f 9032 9033 9034
f 9034 9033 9035
f 9034 9035 9036
f 9036 9035 9037
f 9036 9037 9038
f 9038 9037 9039
f 9038 9039 9040
f 9040 9039 9041
f 9040 9041 9042
f 9042 9041 9043
f 9042 9043 9044
f 9044 9043 9045
f 9044 9045 9046
f 9046 9045 8982
f 9046 8982 8981
f 5986 6017 5984
f 5984 6017 6022
f 5984 6022 6024
f 6034 6036 9006
f 9006 6036 6038
f 9006 6038 6074
f 6074 6038 6040
f 6074 6040 6072
f 6034 9006 6032
f 6032 9006 9008
f 6032 9008 6030
f 5988 6020 5986
f 5986 6020 6019
f 5986 6019 6017
f 6024 6026 5984
f 5984 6026 6028
f 5984 6028 5982
f 5968 5970 5934
f 5934 5970 5972
f 9018 9020 9032
f 6028 6030 5982
f 5982 6030 9008
f 5982 9008 5980
f 5980 9008 9010
f 5980 9010 5978
f 5978 9010 5976
f 5932 5934 9012
f 9012 5934 5972
f 9012 5972 9010
f 9010 5972 5974
f 9010 5974 5976
f 5925 5927 9012
f 9012 5927 5930
f 9012 5930 5932
f 9018 5911 9016
f 9016 5911 5914
f 9016 5914 5916
f 6059 6040 6058
f 6058 6040 6042
f 6058 6042 6056
f 5916 5918 9016
f 9016 5918 5920
f 9016 5920 9014
f 9014 5920 5922
f 9014 5922 9012
f 9012 5922 5924
f 9012 5924 5925
f 9032 9034 9018
f 9018 9034 9036
f 9018 9036 9038
f 9038 9040 9018
f 9018 9040 9042
f 9018 9042 5911
f 5911 9042 9044
f 5911 9044 9046
f 5936 5964 5934
f 5934 5964 5966
f 5934 5966 5968
f 9047 9020 9048
f 9048 9020 9022
f 9048 9022 9049
f 9047 9050 9020
f 9020 9050 9051
f 9020 9051 9032
f 9032 9051 9052
f 5994 5992 5986
f 5986 5992 5990
f 5986 5990 5988
f 6059 6061 6040
f 6040 6061 6064
f 6040 6064 6066
f 6066 6068 6040
f 6040 6068 6070
f 6040 6070 6072
f 9052 9053 9032
f 9032 9053 9054
f 9032 9054 9055
f 6014 5998 5986
f 5986 5998 5996
f 5986 5996 5994
f 6014 6012 5998
f 5998 6012 6010
f 5998 6010 6000
f 6000 6010 6008
f 6042 6044 6056
f 6056 6044 6046
f 6056 6046 6048
f 6048 6050 6056
f 6056 6050 6052
f 6056 6052 6054
f 8997 8998 8999
f 9056 9057 9058
f 6008 6006 6000
f 6000 6006 6004
f 6000 6004 6002
f 5938 5940 5948
f 5952 5954 5936
f 5936 5954 5956
f 5936 5956 5958
f 5958 5960 5936
f 5936 5960 5962
f 5936 5962 5964
f 9046 8981 5911
f 5911 8981 8984
f 5911 8984 9004
f 9004 8984 8986
f 9004 8986 8988
f 8988 8990 9004
f 9004 8990 8992
f 9004 8992 8994
f 8999 9000 8997
f 8997 9000 9001
f 8997 9001 9002
f 8994 8996 9004
f 9004 8996 8997
f 9004 8997 9003
f 9003 8997 9002
f 9049 9022 9058
f 9058 9022 9024
f 9058 9024 9056
f 9059 9060 9061
f 5938 5948 5936
f 5936 5948 5950
f 5936 5950 5952
f 5940 5942 5948
f 5948 5942 5944
f 5948 5944 5946
f 9057 9062 9058
f 9058 9062 9063
f 9058 9063 9060
f 9060 9063 9064
f 9065 9066 9067
f 9067 9066 9025
f 9067 9025 9068
f 9068 9025 9027
f 9068 9027 9055
f 9055 9027 9029
f 9055 9029 9032
f 9064 9069 9060
f 9060 9069 9070
f 9060 9070 9071
f 9071 9072 9060
f 9060 9072 9073
f 9060 9073 9061
f 9074 9075 9061
f 9061 9075 9076
f 9061 9076 9059
f 9065 9077 9066
f 9066 9077 9078
f 9066 9078 9079
f 9079 9080 9066
f 9066 9080 9081
f 9066 9081 9082
f 9082 9083 9066
f 9066 9083 9084
f 9066 9084 9085
f 9085 9086 9066
f 9066 9086 9087
f 9066 9087 9088
f 9089 9090 9091
f 9092 9093 9094
f 9094 9093 9089
f 9094 9089 9095
f 9095 9089 9091
f 6065 9096 6067
f 6067 9096 9097
f 6067 9097 6069
f 6069 9097 9098
f 9099 6057 9100
f 9100 6057 6055
f 9092 9101 9093
f 9093 9101 9102
f 9093 9102 9103
f 6065 6063 9096
f 9096 6063 6062
f 9096 6062 9099
f 9099 6062 6060
f 9099 6060 6057
f 9102 9104 9103
f 9103 9104 9105
f 9103 9105 9106
f 9106 9105 9023
f 9106 9023 9107
f 9108 9013 9109
f 9109 9013 9011
f 9109 9011 9009
f 9009 9007 9109
f 9109 9007 9005
f 9109 9005 9110
f 9110 9005 6073
f 9110 6073 9098
f 9098 6073 6071
f 9098 6071 6069
f 9023 9021 9107
f 9107 9021 9019
f 9107 9019 9017
f 9108 9111 9013
f 9013 9111 9107
f 9013 9107 9015
f 9015 9107 9017
f 9112 9113 3582
f 3582 9113 9114
f 3582 9114 3581
f 3581 9114 9115
f 3581 9115 9116
f 9116 9117 3581
f 3581 9117 9118
f 3581 9118 3580
f 3580 9118 9119
f 3580 9119 9120
f 9120 9121 3580
f 3580 9121 9122
f 3580 9122 3579
f 3579 9122 9123
f 3579 9123 9124
f 9125 3578 9126
f 9126 3578 3579
f 9126 3579 9127
f 9127 3579 9124
f 9125 9128 3578
f 3578 9128 9129
f 3578 9129 3577
f 3577 9129 9130
f 3577 9130 9131
f 9131 9132 3577
f 3577 9132 9133
f 3577 9133 3576
f 3576 9133 9134
f 3576 9134 9135
f 9135 9136 3576
f 3576 9136 9137
f 3576 9137 3575
f 3575 9137 9138
f 3575 9138 9139
f 9139 9140 3575
f 3575 9140 9141
f 3575 9141 3574
f 3574 9141 9142
f 3574 9142 9143
f 9144 3573 9145
f 9145 3573 3574
f 9145 3574 9146
f 9146 3574 9143
f 9144 9147 3573
f 3573 9147 9148
f 3573 9148 3572
f 3572 9148 9149
f 9149 9150 3572
f 3572 9150 9151
f 3572 9151 3571
f 3571 9151 9152
f 9152 9153 3571
f 3571 9153 9154
f 3571 9154 3570
f 3570 9154 9155
f 3570 9155 9156
f 9157 3569 9158
f 9158 3569 3570
f 9158 3570 9159
f 9159 3570 9156
f 9157 9160 3569
f 3569 9160 9161
f 3569 9161 3568
f 3568 9161 9162
f 9162 9163 3568
f 3568 9163 9164
f 3568 9164 3567
f 3567 9164 9165
f 3567 9165 9166
f 9166 9167 3567
f 3567 9167 9168
f 3567 9168 3602
f 3602 9168 9169
f 3602 9169 9170
f 9170 9171 3602
f 3602 9171 9172
f 3602 9172 3601
f 9172 9173 3601
f 3601 9173 9174
f 3601 9174 9175
f 9175 9176 3601
f 3601 9176 9177
f 3601 9177 3600
f 3600 9177 9178
f 3600 9178 9179
f 9179 9180 3600
f 3600 9180 9181
f 3600 9181 3599
f 3599 9181 9182
f 3599 9182 9183
f 9183 9184 3599
f 3599 9184 9185
f 3599 9185 3598
f 3598 9185 9186
f 3598 9186 9187
f 9187 9188 3598
f 3598 9188 9189
f 3598 9189 3597
f 3597 9189 9190
f 3597 9190 9191
f 9191 9192 3597
f 3597 9192 9193
f 3597 9193 3596
f 9193 9194 3596
f 3596 9194 9195
f 3596 9195 3595
f 9195 9196 3595
f 3595 9196 9197
f 3595 9197 9198
f 9198 9199 3595
f 3595 9199 9200
f 3595 9200 3594
f 3594 9200 9201
f 3594 9201 9202
f 9202 9203 3594
f 3594 9203 9204
f 3594 9204 3593
f 3593 9204 9205
f 3593 9205 9206
f 9206 9207 3593
f 3593 9207 9208
f 3593 9208 3592
f 9208 9209 3592
f 3592 9209 9210
f 3592 9210 3591
f 3591 9210 9211
f 3591 9211 9212
f 9213 3590 9214
f 9214 3590 3591
f 9214 3591 9215
f 9215 3591 9212
f 9216 3589 9217
f 9217 3589 3590
f 9217 3590 9218
f 9218 3590 9213
f 9216 9219 3589
f 3589 9219 9220
f 3589 9220 3588
f 3588 9220 9221
f 3588 9221 9222
f 9223 3587 9224
f 9224 3587 3588
f 9224 3588 9225
f 9225 3588 9222
f 9226 3586 9227
f 9227 3586 3587
f 9227 3587 9228
f 9228 3587 9223
f 9229 3585 9230
f 9230 3585 3586
f 9230 3586 9231
f 9231 3586 9226
f 9229 9232 3585
f 3585 9232 9233
f 3585 9233 3584
f 3584 9233 9234
f 3584 9234 9235
f 9235 9236 3584
f 3584 9236 9237
f 3584 9237 3583
f 3583 9237 9238
f 3583 9238 9239
f 9239 9240 3583
f 3583 9240 9241
f 3583 9241 3582
f 3582 9241 9242
f 3582 9242 9112
f 9173 9172 9243
f 9244 9144 9145
f 9143 9142 9245
f 9182 9181 9246
f 9247 9248 9249
f 9250 9180 9179
f 9243 9172 9251
f 9252 9164 9163
f 9253 9254 9255
f 9256 9257 9258
f 9259 9260 9134
f 9261 9262 9263
f 9264 9265 9266
f 9267 9268 9269
f 9270 9271 9272
f 9273 6055 8970
f 9274 9275 9264
f 9276 9277 9278
f 9278 9277 9279
f 9280 9281 9274
f 9282 9283 9284
f 9285 9286 9287
f 9287 9286 9282
f 9287 9282 9288
f 9288 9282 9289
f 9282 9284 9289
f 9289 9284 9290
f 9289 9290 9291
f 9292 9293 9294
f 9295 9296 9297
f 9297 9296 9270
f 9293 9292 9271
f 9294 9298 9299
f 9299 9298 9300
f 9301 9302 9303
f 9122 9121 9301
f 9278 9304 9305
f 9305 9304 9306
f 9305 9306 9303
f 9303 9302 9305
f 9305 9302 9307
f 9305 9307 9278
f 9268 9273 9269
f 9269 9273 8970
f 9269 8970 9308
f 9308 8970 8971
f 9123 9309 9124
f 9124 9309 9310
f 9124 9310 9127
f 9122 9301 9311
f 9311 9301 9303
f 9311 9303 9312
f 9312 9303 9306
f 9312 9306 9313
f 9313 9306 9304
f 9313 9304 9314
f 9315 9316 9317
f 9317 9316 9318
f 9317 9318 9319
f 9319 9318 9320
f 9319 9320 9321
f 9309 9315 9310
f 9310 9315 9317
f 9310 9317 9322
f 9322 9317 9319
f 9322 9319 9323
f 9323 9319 9321
f 9323 9321 9324
f 9325 9326 9327
f 9327 9326 9328
f 9327 9328 9329
f 9263 9329 9261
f 9261 9329 9328
f 9261 9328 9330
f 9330 9328 9326
f 9330 9326 9331
f 8971 8979 9308
f 9308 8979 8980
f 9308 8980 9332
f 9332 8980 8974
f 9332 8974 9333
f 9333 8974 8975
f 9333 8975 9334
f 9334 8975 8976
f 9334 8976 9335
f 9335 8976 8977
f 9336 9337 9338
f 9338 9337 9339
f 9338 9339 9340
f 9340 9339 9341
f 9340 9341 9342
f 9262 9336 9343
f 9343 9336 9338
f 9343 9338 9259
f 9259 9338 9340
f 9259 9340 9260
f 9260 9340 9342
f 9344 9345 9346
f 9262 9261 9336
f 9336 9261 9330
f 9336 9330 9337
f 9337 9330 9331
f 9337 9331 9339
f 9339 9331 9344
f 9339 9344 9341
f 9341 9344 9346
f 9341 9346 9342
f 9347 9348 9349
f 9349 9348 9350
f 9349 9350 9351
f 9352 9347 9353
f 9353 9347 9349
f 9353 9349 9354
f 9354 9349 9351
f 9354 9351 9355
f 8977 8978 9335
f 9335 8978 8972
f 9335 8972 9356
f 9356 8972 8973
f 9356 8973 9357
f 9357 8973 8969
f 9357 8969 9358
f 9359 9360 9361
f 9361 9360 9362
f 9361 9362 9363
f 9364 9363 9365
f 9365 9363 9362
f 9365 9362 9366
f 9366 9362 9360
f 9366 9360 9367
f 9257 9256 9368
f 9368 9256 9369
f 9368 9369 9370
f 9371 9258 9367
f 9367 9258 9257
f 9367 9257 9366
f 9366 9257 9368
f 9366 9368 9365
f 9365 9368 9370
f 9365 9370 9364
f 8969 6001 9358
f 9358 6001 8940
f 9358 8940 9372
f 9372 8940 8939
f 9372 8939 9373
f 9373 8939 8938
f 9373 8938 9374
f 9374 8938 8948
f 9375 9376 9377
f 9375 9377 9378
f 9378 9377 9379
f 9378 9379 9380
f 9380 9379 9381
f 9380 9381 9382
f 9244 9383 9384
f 9384 9383 9385
f 9384 9385 9386
f 9386 9385 9387
f 9386 9387 9388
f 9388 9387 9389
f 9388 9389 9390
f 9390 9389 9391
f 9390 9391 9392
f 9383 9381 9385
f 9385 9381 9379
f 9385 9379 9387
f 9387 9379 9377
f 9387 9377 9389
f 9389 9377 9376
f 9389 9376 9391
f 8946 8945 9393
f 9394 9395 9396
f 9396 9395 9397
f 9396 9397 9398
f 9399 9400 9401
f 9402 9394 9403
f 9403 9394 9396
f 9403 9396 9404
f 9404 9396 9398
f 9404 9398 9405
f 9395 9401 9397
f 9397 9401 9400
f 9397 9400 9398
f 9398 9400 9406
f 9398 9406 9405
f 9407 9254 9408
f 9408 9254 9253
f 9408 9253 9409
f 9410 9255 9411
f 9411 9255 9254
f 9411 9254 9412
f 9412 9254 9407
f 9412 9407 9413
f 9153 9402 9414
f 9414 9402 9403
f 9414 9403 9415
f 9415 9403 9404
f 9415 9404 9416
f 9416 9404 9405
f 9416 9405 9417
f 9417 9405 9406
f 9417 9406 9418
f 8945 8944 9393
f 9393 8944 8942
f 9393 8942 9419
f 9419 8942 8943
f 9419 8943 9420
f 9420 8943 8941
f 9420 8941 9421
f 9162 9161 9422
f 9422 9161 9423
f 9422 9423 9424
f 9424 9423 9425
f 9424 9425 9426
f 9426 9425 9427
f 9426 9427 9428
f 9428 9427 9429
f 9430 9431 9432
f 9432 9431 9433
f 9432 9433 9434
f 9435 9436 9437
f 8941 8937 9421
f 9421 8937 5949
f 9421 5949 9438
f 9438 5949 8953
f 9438 8953 9439
f 9439 8953 8954
f 9440 9430 9441
f 9441 9430 9432
f 9441 9432 9442
f 9442 9432 9434
f 9442 9434 9443
f 9431 9437 9433
f 9433 9437 9436
f 9433 9436 9434
f 9434 9436 9444
f 9434 9444 9443
f 9445 9446 9447
f 9447 9446 9448
f 9447 9448 9449
f 9449 9448 9450
f 9449 9450 9451
f 9451 9450 9452
f 9451 9452 9453
f 9453 9452 9454
f 9453 9454 9455
f 9455 9454 9456
f 9455 9456 9457
f 9457 9456 9458
f 9457 9458 9459
f 9459 9458 9460
f 9459 9460 9374
f 9374 9460 9461
f 9374 9461 9373
f 9373 9461 9462
f 9373 9462 9372
f 9372 9462 9463
f 9372 9463 9358
f 9358 9463 9464
f 9358 9464 9357
f 9357 9464 9465
f 9357 9465 9356
f 9356 9465 9466
f 9356 9466 9335
f 9335 9466 9467
f 9335 9467 9334
f 9334 9467 9468
f 9334 9468 9333
f 9333 9468 9469
f 9333 9469 9332
f 9332 9469 9470
f 9332 9470 9308
f 9308 9470 9299
f 9308 9299 9269
f 9269 9299 9300
f 9269 9300 9267
f 9163 9440 9252
f 9252 9440 9441
f 9252 9441 9471
f 9471 9441 9442
f 9471 9442 9472
f 9472 9442 9443
f 9472 9443 9473
f 9473 9443 9444
f 9473 9444 9474
f 9475 9476 9477
f 9477 9476 9478
f 9477 9478 9479
f 9479 9478 9480
f 9479 9480 9481
f 9482 9475 9483
f 9483 9475 9477
f 9483 9477 9484
f 9484 9477 9479
f 9484 9479 9251
f 9251 9479 9481
f 9251 9481 9243
f 9485 9175 9174
f 9486 9487 9488
f 9488 9487 9489
f 9488 9489 9490
f 8954 8952 9439
f 9439 8952 8951
f 9439 8951 9491
f 9491 8951 8950
f 9491 8950 9492
f 9492 8950 8949
f 9492 8949 9493
f 9493 8949 8968
f 9493 8968 9494
f 9494 8968 8965
f 9495 9490 9496
f 9496 9490 9489
f 9496 9489 9497
f 9497 9489 9487
f 9497 9487 9498
f 9499 9500 9501
f 9501 9500 9502
f 9501 9502 9503
f 9503 9502 9504
f 9503 9504 9505
f 9485 9499 9506
f 9506 9499 9501
f 9506 9501 9507
f 9507 9501 9503
f 9507 9503 9508
f 9508 9503 9505
f 9508 9505 9509
f 9294 9299 9292
f 9292 9299 9470
f 9292 9470 9510
f 9510 9470 9469
f 9510 9469 9511
f 9511 9469 9468
f 9511 9468 9512
f 9512 9468 9467
f 9512 9467 9513
f 9513 9467 9466
f 9513 9466 9514
f 9514 9466 9465
f 9514 9465 9515
f 9515 9465 9464
f 9515 9464 9516
f 9516 9464 9463
f 9516 9463 9517
f 9517 9463 9462
f 9517 9462 9518
f 9518 9462 9461
f 9518 9461 9519
f 9519 9461 9460
f 9519 9460 9520
f 9520 9460 9458
f 9520 9458 9521
f 9521 9458 9456
f 9521 9456 9522
f 9522 9456 9454
f 9522 9454 9523
f 9523 9454 9452
f 9523 9452 9524
f 9524 9452 9450
f 9524 9450 9525
f 9525 9450 9448
f 9525 9448 9526
f 9526 9448 9446
f 9526 9446 9527
f 9527 9446 9445
f 9527 9445 9528
f 9528 9445 9529
f 9528 9529 9530
f 9530 9529 9531
f 9530 9531 9532
f 9532 9531 9533
f 9532 9533 9534
f 9534 9533 9535
f 9534 9535 9536
f 9536 9535 9537
f 9536 9537 9538
f 9270 9272 9297
f 9297 9272 9539
f 9297 9539 9540
f 9540 9539 9541
f 9540 9541 9542
f 9542 9541 9543
f 9542 9543 9544
f 9544 9543 9545
f 9544 9545 9546
f 9546 9545 9547
f 9546 9547 9548
f 9548 9547 9549
f 9548 9549 9550
f 9550 9549 9551
f 9550 9551 9552
f 9552 9551 9553
f 9552 9553 9554
f 9554 9553 9555
f 9554 9555 9556
f 9556 9555 9557
f 9556 9557 9558
f 9558 9557 9559
f 9558 9559 9560
f 9560 9559 9561
f 9560 9561 9562
f 9562 9561 9563
f 9562 9563 9564
f 9564 9563 9565
f 9564 9565 9566
f 9566 9565 9567
f 9566 9567 9568
f 9568 9567 9569
f 9568 9569 9570
f 9570 9569 9571
f 9570 9571 9572
f 9572 9571 9573
f 9572 9573 9574
f 9574 9573 9575
f 9574 9575 9576
f 9576 9575 9577
f 9576 9577 9578
f 9578 9577 9579
f 9578 9579 9580
f 9580 9579 9581
f 9580 9581 9582
f 9582 9581 9583
f 9582 9583 9584
f 9584 9583 9585
f 9584 9585 9586
f 9587 9588 9589
f 9590 9591 9592
f 9592 9591 9593
f 9264 9266 9594
f 9594 9266 9595
f 9594 9595 9596
f 9596 9595 9597
f 9596 9597 9598
f 9598 9597 9599
f 9598 9599 9600
f 9600 9599 9601
f 9600 9601 9602
f 9602 9601 9603
f 9602 9603 9604
f 9604 9603 9605
f 9604 9605 9606
f 9606 9605 9607
f 9606 9607 9608
f 9608 9607 9609
f 9608 9609 9610
f 9610 9609 9611
f 9610 9611 9612
f 9612 9611 9613
f 9612 9613 9614
f 9614 9613 9615
f 9614 9615 9616
f 9616 9615 9617
f 9616 9617 9618
f 9618 9617 9619
f 9618 9619 9620
f 9620 9619 9621
f 9620 9621 9622
f 9622 9621 9623
f 9622 9623 9624
f 9624 9623 9625
f 9624 9625 9626
f 9626 9625 9627
f 9626 9627 9628
f 9628 9627 9629
f 9628 9629 9630
f 9630 9629 9631
f 9630 9631 9632
f 9632 9631 9633
f 9632 9633 9634
f 9634 9633 9635
f 9634 9635 9636
f 9636 9635 9637
f 9636 9637 9638
f 9638 9637 9592
f 9638 9592 9249
f 9249 9592 9593
f 9249 9593 9247
f 9639 9640 9641
f 9641 9642 9639
f 9639 9642 9498
f 9639 9498 9643
f 9643 9498 9487
f 9643 9487 9644
f 9644 9487 9486
f 9644 9486 9645
f 9645 9486 9474
f 9645 9474 9646
f 9646 9474 9444
f 9646 9444 9647
f 9647 9444 9436
f 9647 9436 9648
f 9648 9436 9435
f 9648 9435 9649
f 9649 9435 9418
f 9649 9418 9650
f 9650 9418 9406
f 9650 9406 9651
f 9651 9406 9400
f 9651 9400 9652
f 9652 9400 9399
f 9652 9399 9653
f 9653 9399 9654
f 9653 9654 9655
f 9655 9654 9371
f 9655 9371 9656
f 9656 9371 9367
f 9656 9367 9657
f 9657 9367 9360
f 9657 9360 9658
f 9658 9360 9359
f 9658 9359 9659
f 9659 9359 9345
f 9659 9345 9660
f 9660 9345 9344
f 9660 9344 9661
f 9661 9344 9331
f 9661 9331 9662
f 9662 9331 9326
f 9662 9326 9663
f 9663 9326 9325
f 9663 9325 9664
f 9664 9325 9314
f 9664 9314 9665
f 9665 9314 9304
f 9665 9304 9666
f 9666 9304 9278
f 9666 9278 9280
f 9280 9278 9279
f 9280 9279 9281
f 9274 9264 9280
f 9280 9264 9594
f 9280 9594 9666
f 9666 9594 9596
f 9666 9596 9665
f 9665 9596 9598
f 9665 9598 9664
f 9664 9598 9600
f 9664 9600 9663
f 9663 9600 9602
f 9663 9602 9662
f 9662 9602 9604
f 9662 9604 9661
f 9661 9604 9606
f 9661 9606 9660
f 9660 9606 9608
f 9660 9608 9659
f 9659 9608 9610
f 9659 9610 9658
f 9658 9610 9612
f 9658 9612 9657
f 9657 9612 9614
f 9657 9614 9656
f 9656 9614 9616
f 9656 9616 9655
f 9655 9616 9618
f 9655 9618 9653
f 9653 9618 9620
f 9653 9620 9652
f 9652 9620 9622
f 9652 9622 9651
f 9651 9622 9624
f 9651 9624 9650
f 9650 9624 9626
f 9650 9626 9649
f 9649 9626 9628
f 9649 9628 9648
f 9648 9628 9630
f 9648 9630 9647
f 9647 9630 9632
f 9647 9632 9646
f 9646 9632 9634
f 9646 9634 9645
f 9645 9634 9636
f 9645 9636 9644
f 9644 9636 9638
f 9644 9638 9643
f 9643 9638 9249
f 9643 9249 9639
f 9639 9249 9248
f 9639 9248 9640
f 9667 9668 9669
f 9667 9669 9670
f 9670 9669 9671
f 9670 9671 9672
f 9183 9182 9673
f 9673 9182 9246
f 9673 9246 9674
f 9674 9246 9672
f 9674 9672 9675
f 9675 9672 9671
f 9641 9676 9642
f 9642 9676 9677
f 9642 9677 9667
f 9667 9677 9678
f 9667 9678 9668
f 8965 8966 9494
f 9494 8966 8960
f 9494 8960 9587
f 9587 8960 8962
f 9587 8962 9588
f 9588 8962 8957
f 8957 8959 9588
f 9588 8959 9679
f 9588 9679 9680
f 9537 9681 9682
f 9537 9682 9538
f 9538 9682 9683
f 9538 9683 9684
f 9271 9292 9272
f 9272 9292 9510
f 9272 9510 9539
f 9539 9510 9511
f 9539 9511 9541
f 9541 9511 9512
f 9541 9512 9543
f 9543 9512 9513
f 9543 9513 9545
f 9545 9513 9514
f 9545 9514 9547
f 9547 9514 9515
f 9547 9515 9549
f 9549 9515 9516
f 9549 9516 9551
f 9551 9516 9517
f 9551 9517 9553
f 9553 9517 9518
f 9553 9518 9555
f 9555 9518 9519
f 9555 9519 9557
f 9557 9519 9520
f 9557 9520 9559
f 9559 9520 9521
f 9559 9521 9561
f 9561 9521 9522
f 9561 9522 9563
f 9563 9522 9523
f 9563 9523 9565
f 9565 9523 9524
f 9565 9524 9567
f 9567 9524 9525
f 9567 9525 9569
f 9569 9525 9526
f 9569 9526 9571
f 9571 9526 9527
f 9571 9527 9573
f 9573 9527 9528
f 9573 9528 9575
f 9575 9528 9530
f 9575 9530 9577
f 9577 9530 9532
f 9577 9532 9579
f 9579 9532 9534
f 9579 9534 9581
f 9581 9534 9536
f 9581 9536 9583
f 9583 9536 9538
f 9583 9538 9585
f 9585 9538 9684
f 9585 9684 9685
f 9680 9686 9588
f 9588 9686 9687
f 9588 9687 9589
f 9589 9687 9688
f 9589 9688 9689
f 8948 8947 9374
f 9374 8947 8946
f 9374 8946 9459
f 9459 8946 9393
f 9459 9393 9457
f 9457 9393 9419
f 9457 9419 9455
f 9455 9419 9420
f 9455 9420 9453
f 9453 9420 9421
f 9453 9421 9451
f 9451 9421 9438
f 9451 9438 9449
f 9449 9438 9439
f 9449 9439 9447
f 9447 9439 9491
f 9447 9491 9445
f 9445 9491 9492
f 9445 9492 9529
f 9529 9492 9493
f 9529 9493 9531
f 9531 9493 9494
f 9531 9494 9533
f 9533 9494 9587
f 9533 9587 9535
f 9535 9587 9589
f 9535 9589 9537
f 9537 9589 9689
f 9537 9689 9681
f 9117 9690 9118
f 9118 9690 9286
f 9118 9286 9119
f 9119 9286 9285
f 9119 9285 9120
f 9690 9691 9286
f 9286 9691 9692
f 9286 9692 9282
f 9282 9692 9693
f 9282 9693 9283
f 9275 9694 9264
f 9264 9694 9695
f 9264 9695 9265
f 9265 9695 9696
f 9265 9696 9295
f 9121 9120 9301
f 9301 9120 9285
f 9301 9285 9302
f 9302 9285 9287
f 9302 9287 9307
f 9307 9287 9288
f 9307 9288 9278
f 9278 9288 9289
f 9278 9289 9276
f 9276 9289 9291
f 9127 9310 9126
f 9126 9310 9322
f 9126 9322 9125
f 9125 9322 9323
f 9125 9323 9128
f 9128 9323 9324
f 9128 9324 9129
f 9133 9132 9697
f 9697 9132 9131
f 9697 9131 9698
f 9698 9131 9130
f 9698 9130 9129
f 9134 9133 9259
f 9259 9133 9697
f 9259 9697 9343
f 9343 9697 9698
f 9343 9698 9262
f 9262 9698 9129
f 9262 9129 9263
f 9263 9129 9324
f 9263 9324 9329
f 9329 9324 9321
f 9329 9321 9327
f 9327 9321 9320
f 9327 9320 9325
f 9325 9320 9318
f 9325 9318 9314
f 9314 9318 9316
f 9314 9316 9313
f 9313 9316 9315
f 9313 9315 9312
f 9312 9315 9309
f 9312 9309 9311
f 9311 9309 9123
f 9311 9123 9122
f 9141 9140 9355
f 9355 9140 9139
f 9355 9139 9354
f 9354 9139 9138
f 9354 9138 9353
f 9353 9138 9137
f 9353 9137 9352
f 9352 9137 9136
f 9352 9136 9135
f 9142 9141 9699
f 9699 9141 9355
f 9699 9355 9700
f 9700 9355 9351
f 9700 9351 9701
f 9701 9351 9350
f 9369 9245 9370
f 9370 9245 9142
f 9370 9142 9364
f 9364 9142 9699
f 9364 9699 9363
f 9363 9699 9700
f 9363 9700 9361
f 9361 9700 9701
f 9361 9701 9359
f 9359 9701 9350
f 9359 9350 9345
f 9345 9350 9348
f 9345 9348 9346
f 9346 9348 9347
f 9346 9347 9342
f 9342 9347 9352
f 9342 9352 9260
f 9260 9352 9135
f 9260 9135 9134
f 9382 9381 9702
f 9702 9381 9383
f 9702 9383 9703
f 9703 9383 9244
f 9703 9244 9704
f 9704 9244 9145
f 9704 9145 9146
f 9144 9244 9147
f 9147 9244 9384
f 9147 9384 9148
f 9148 9384 9386
f 9148 9386 9149
f 9149 9386 9388
f 9149 9388 9150
f 9150 9388 9390
f 9150 9390 9151
f 9151 9390 9392
f 9151 9392 9152
f 9153 9152 9402
f 9402 9152 9392
f 9402 9392 9394
f 9394 9392 9391
f 9394 9391 9395
f 9395 9391 9376
f 9395 9376 9401
f 9401 9376 9375
f 9401 9375 9399
f 9399 9375 9378
f 9399 9378 9654
f 9654 9378 9380
f 9654 9380 9371
f 9371 9380 9382
f 9371 9382 9258
f 9258 9382 9702
f 9258 9702 9256
f 9256 9702 9703
f 9256 9703 9369
f 9369 9703 9704
f 9369 9704 9245
f 9245 9704 9146
f 9245 9146 9143
f 9160 9157 9413
f 9413 9157 9158
f 9413 9158 9412
f 9412 9158 9159
f 9412 9159 9411
f 9411 9159 9156
f 9411 9156 9410
f 9410 9156 9155
f 9410 9155 9154
f 9161 9160 9423
f 9423 9160 9413
f 9423 9413 9425
f 9425 9413 9407
f 9425 9407 9427
f 9427 9407 9408
f 9427 9408 9429
f 9429 9408 9409
f 9163 9162 9440
f 9440 9162 9422
f 9440 9422 9430
f 9430 9422 9424
f 9430 9424 9431
f 9431 9424 9426
f 9431 9426 9437
f 9437 9426 9428
f 9437 9428 9435
f 9435 9428 9429
f 9435 9429 9418
f 9418 9429 9409
f 9418 9409 9417
f 9417 9409 9253
f 9417 9253 9416
f 9416 9253 9255
f 9416 9255 9415
f 9415 9255 9410
f 9415 9410 9414
f 9414 9410 9154
f 9414 9154 9153
f 9705 9168 9706
f 9706 9168 9167
f 9706 9167 9707
f 9707 9167 9166
f 9707 9166 9165
f 9171 9170 9705
f 9705 9170 9169
f 9705 9169 9168
f 9172 9171 9251
f 9251 9171 9705
f 9251 9705 9484
f 9484 9705 9706
f 9484 9706 9483
f 9483 9706 9707
f 9483 9707 9482
f 9482 9707 9165
f 9164 9252 9165
f 9165 9252 9471
f 9165 9471 9482
f 9482 9471 9472
f 9482 9472 9475
f 9475 9472 9473
f 9475 9473 9476
f 9476 9473 9474
f 9476 9474 9478
f 9478 9474 9486
f 9478 9486 9480
f 9480 9486 9488
f 9480 9488 9481
f 9481 9488 9490
f 9481 9490 9243
f 9243 9490 9495
f 9243 9495 9173
f 9175 9485 9176
f 9176 9485 9506
f 9176 9506 9177
f 9177 9506 9507
f 9177 9507 9178
f 9178 9507 9508
f 9178 9508 9179
f 9179 9508 9509
f 9179 9509 9250
f 9181 9180 9246
f 9246 9180 9250
f 9246 9250 9672
f 9672 9250 9509
f 9672 9509 9670
f 9670 9509 9505
f 9670 9505 9667
f 9667 9505 9504
f 9667 9504 9642
f 9642 9504 9502
f 9642 9502 9498
f 9498 9502 9500
f 9498 9500 9497
f 9497 9500 9499
f 9497 9499 9496
f 9496 9499 9485
f 9496 9485 9495
f 9495 9485 9174
f 9495 9174 9173
f 9685 9708 9585
f 9585 9708 9709
f 9585 9709 9586
f 9586 9709 9710
f 9586 9710 9711
f 9295 9297 9265
f 9265 9297 9540
f 9265 9540 9266
f 9266 9540 9542
f 9266 9542 9595
f 9595 9542 9544
f 9595 9544 9597
f 9597 9544 9546
f 9597 9546 9599
f 9599 9546 9548
f 9599 9548 9601
f 9601 9548 9550
f 9601 9550 9603
f 9603 9550 9552
f 9603 9552 9605
f 9605 9552 9554
f 9605 9554 9607
f 9607 9554 9556
f 9607 9556 9609
f 9609 9556 9558
f 9609 9558 9611
f 9611 9558 9560
f 9611 9560 9613
f 9613 9560 9562
f 9613 9562 9615
f 9615 9562 9564
f 9615 9564 9617
f 9617 9564 9566
f 9617 9566 9619
f 9619 9566 9568
f 9619 9568 9621
f 9621 9568 9570
f 9621 9570 9623
f 9623 9570 9572
f 9623 9572 9625
f 9625 9572 9574
f 9625 9574 9627
f 9627 9574 9576
f 9627 9576 9629
f 9629 9576 9578
f 9629 9578 9631
f 9631 9578 9580
f 9631 9580 9633
f 9633 9580 9582
f 9633 9582 9635
f 9635 9582 9584
f 9635 9584 9637
f 9637 9584 9586
f 9637 9586 9592
f 9592 9586 9711
f 9592 9711 9590
f 9712 9713 9714
f 9714 9713 9715
f 8993 9716 8995
f 8995 9716 8959
f 8993 8991 9716
f 9716 8991 8989
f 9716 8989 9717
f 9718 9719 9720
f 9720 9721 9718
f 9718 9721 9722
f 9718 9722 9713
f 9713 9722 9723
f 9713 9723 9715
f 9724 9028 9725
f 9725 9028 9026
f 9725 9026 9719
f 9719 9026 9726
f 9719 9726 9720
f 8989 8987 9717
f 9717 8987 8985
f 9717 8985 9727
f 9727 8985 8983
f 9727 8983 9728
f 9728 8983 8982
f 9728 8982 9729
f 9729 8982 9045
f 9729 9045 9043
f 9043 9041 9729
f 9729 9041 9039
f 9729 9039 9037
f 9035 9730 9037
f 9037 9730 9731
f 9037 9731 9729
f 9035 9033 9730
f 9730 9033 9031
f 9730 9031 9724
f 9724 9031 9030
f 9724 9030 9028
f 9058 9732 9733
f 9058 9733 9049
f 9049 9733 9734
f 9049 9734 9048
f 9048 9734 9735
f 9048 9735 9047
f 9047 9735 9736
f 9047 9736 9050
f 9050 9736 9737
f 9050 9737 9051
f 9051 9737 9738
f 9051 9738 9052
f 9052 9738 9739
f 9052 9739 9053
f 9053 9739 9740
f 9053 9740 9054
f 9054 9740 9741
f 9054 9741 9055
f 9055 9741 9742
f 9055 9742 9068
f 9201 9200 9743
f 9116 9115 9744
f 9745 9746 9747
f 9748 9749 9750
f 9751 9752 9753
f 9754 9755 9756
f 9205 9204 9757
f 9197 9196 9758
f 9190 9189 9759
f 9688 9687 9760
f 9676 9641 9761
f 9724 9725 9762
f 9762 9725 9719
f 9762 9719 9763
f 9763 9719 9718
f 9763 9718 9764
f 9764 9718 9713
f 9764 9713 9765
f 9765 9713 9712
f 9765 9712 9766
f 9724 9762 9730
f 9730 9762 9767
f 9730 9767 9731
f 9731 9767 9768
f 9731 9768 9729
f 9729 9768 9769
f 9729 9769 9728
f 9728 9769 9770
f 9728 9770 9727
f 9771 9716 9770
f 9770 9716 9717
f 9770 9717 9727
f 9096 9099 9273
f 9273 9099 9100
f 9273 9100 6055
f 9109 9110 9772
f 9772 9110 9098
f 9772 9098 9773
f 9773 9098 9097
f 9773 9097 9774
f 9774 9097 9096
f 9109 9772 9108
f 9108 9772 9775
f 9108 9775 9111
f 9111 9775 9776
f 9111 9776 9107
f 9107 9776 9777
f 9107 9777 9106
f 9106 9777 9778
f 9106 9778 9103
f 9779 9780 9781
f 9781 9780 9090
f 9781 9090 9782
f 9782 9090 9089
f 9782 9089 9778
f 9778 9089 9093
f 9778 9093 9103
f 9783 9784 9781
f 9781 9784 9785
f 9781 9785 9779
f 9786 9787 9788
f 9788 9787 9789
f 9788 9789 9790
f 9790 9789 9791
f 9790 9791 9783
f 9783 9791 9792
f 9783 9792 9784
f 9786 9788 9793
f 9793 9788 9794
f 9793 9794 9795
f 9795 9794 9796
f 9795 9796 9797
f 9797 9796 9798
f 9797 9798 9799
f 9799 9798 9800
f 9799 9800 9801
f 9766 9802 9765
f 9765 9802 9803
f 9765 9803 9800
f 9800 9803 9804
f 9800 9804 9801
f 9593 9805 9806
f 9761 9641 9807
f 9641 9640 9807
f 9807 9640 9248
f 9807 9248 9806
f 9806 9248 9247
f 9806 9247 9593
f 9677 9808 9678
f 9678 9808 9668
f 9808 9809 9810
f 9810 9809 9811
f 9810 9811 9812
f 9811 9813 9812
f 9812 9813 9185
f 9812 9185 9184
f 9668 9808 9669
f 9669 9808 9810
f 9669 9810 9671
f 9671 9810 9812
f 9671 9812 9675
f 9687 9686 9771
f 8959 9716 9679
f 9679 9716 9771
f 9679 9771 9680
f 9680 9771 9686
f 9684 9683 9814
f 9814 9683 9682
f 9814 9682 9681
f 9708 9685 9815
f 9815 9685 9684
f 9816 9689 9688
f 9188 9187 9817
f 9817 9187 9818
f 9817 9818 9819
f 9819 9818 9820
f 9819 9820 9821
f 9821 9820 9822
f 9821 9822 9823
f 9823 9822 9824
f 9823 9824 9761
f 9191 9190 9825
f 9825 9190 9759
f 9825 9759 9826
f 9826 9759 9827
f 9826 9827 9828
f 9828 9827 9829
f 9828 9829 9830
f 9830 9829 9831
f 9830 9831 9832
f 9193 9192 9833
f 9833 9192 9834
f 9833 9834 9835
f 9835 9834 9836
f 9835 9836 9837
f 9837 9836 9838
f 9837 9838 9839
f 9839 9838 9840
f 9839 9840 9841
f 9195 9194 9842
f 9842 9194 9843
f 9842 9843 9844
f 9844 9843 9845
f 9844 9845 9846
f 9846 9845 9847
f 9846 9847 9848
f 9848 9847 9849
f 9848 9849 9850
f 9198 9197 9851
f 9851 9197 9758
f 9851 9758 9852
f 9852 9758 9853
f 9852 9853 9854
f 9854 9853 9855
f 9854 9855 9856
f 9856 9855 9857
f 9856 9857 9858
f 9200 9199 9743
f 9743 9199 9859
f 9743 9859 9860
f 9860 9859 9861
f 9860 9861 9862
f 9862 9861 9863
f 9862 9863 9864
f 9864 9863 9865
f 9864 9865 9866
f 9203 9202 9867
f 9867 9202 9868
f 9867 9868 9869
f 9869 9868 9870
f 9869 9870 9871
f 9871 9870 9872
f 9871 9872 9873
f 9873 9872 9874
f 9873 9874 9875
f 9206 9205 9876
f 9876 9205 9757
f 9876 9757 9877
f 9877 9757 9878
f 9877 9878 9879
f 9879 9878 9880
f 9879 9880 9881
f 9881 9880 9882
f 9881 9882 9883
f 9207 9884 9885
f 9885 9884 9886
f 9886 9884 9887
f 9886 9887 9888
f 9888 9887 9889
f 9888 9889 9890
f 9890 9889 9891
f 9890 9891 9892
f 9893 9894 9895
f 9895 9894 9896
f 9895 9896 9897
f 9897 9896 9898
f 9897 9898 9899
f 9899 9898 9900
f 9901 9902 9903
f 9903 9902 9904
f 9903 9904 9905
f 9905 9904 9906
f 9905 9906 9907
f 9907 9906 9908
f 9909 9908 9910
f 9910 9908 9906
f 9910 9906 9911
f 9911 9906 9904
f 9911 9904 9912
f 9912 9904 9902
f 9901 9894 9902
f 9902 9894 9893
f 9902 9893 9912
f 9912 9893 9913
f 9912 9913 9911
f 9911 9913 9914
f 9911 9914 9910
f 9910 9914 9915
f 9910 9915 9909
f 9909 9915 9916
f 9909 9916 9215
f 9215 9916 9214
f 9218 9213 9917
f 9917 9213 9918
f 9917 9918 9919
f 9919 9918 9920
f 9919 9920 9921
f 9921 9920 9922
f 9921 9922 9923
f 9923 9922 9924
f 9923 9924 9925
f 9926 9754 9927
f 9928 9929 9930
f 9930 9929 9931
f 9930 9931 9932
f 9933 9934 9935
f 9936 9928 9937
f 9937 9928 9930
f 9937 9930 9938
f 9938 9930 9932
f 9938 9932 9939
f 9929 9935 9931
f 9931 9935 9934
f 9931 9934 9932
f 9932 9934 9940
f 9932 9940 9939
f 9752 9751 9941
f 9941 9751 9942
f 9941 9942 9943
f 9943 9942 9944
f 9943 9944 9945
f 9945 9944 9219
f 9945 9219 9216
f 9217 9936 9946
f 9946 9936 9937
f 9946 9937 9947
f 9947 9937 9938
f 9947 9938 9948
f 9948 9938 9939
f 9948 9939 9949
f 9949 9939 9940
f 9949 9940 9950
f 9951 9749 9952
f 9952 9749 9748
f 9952 9748 9953
f 9953 9748 9753
f 9954 9750 9955
f 9955 9750 9749
f 9955 9749 9956
f 9956 9749 9951
f 9956 9951 9957
f 9958 9959 9960
f 9960 9959 9961
f 9960 9961 9962
f 9963 9964 9965
f 9966 9958 9967
f 9967 9958 9960
f 9967 9960 9968
f 9968 9960 9962
f 9968 9962 9969
f 9959 9965 9961
f 9961 9965 9964
f 9961 9964 9962
f 9962 9964 9970
f 9962 9970 9969
f 9227 9966 9971
f 9971 9966 9967
f 9971 9967 9972
f 9972 9967 9968
f 9972 9968 9973
f 9973 9968 9969
f 9973 9969 9974
f 9974 9969 9970
f 9974 9970 9975
f 9976 9977 9978
f 9978 9977 9979
f 9978 9979 9980
f 9980 9979 9981
f 9980 9981 9982
f 9983 9984 9985
f 9985 9984 9986
f 9985 9986 9987
f 9987 9986 9988
f 9987 9988 9989
f 9989 9988 9990
f 9989 9990 9991
f 9991 9990 9992
f 9991 9992 9993
f 9984 9976 9986
f 9986 9976 9978
f 9986 9978 9988
f 9988 9978 9980
f 9988 9980 9990
f 9990 9980 9982
f 9990 9982 9992
f 9994 9995 9996
f 9996 9995 9997
f 9996 9997 9998
f 9999 10000 10001
f 10002 9994 10003
f 10003 9994 9996
f 10003 9996 10004
f 10004 9996 9998
f 10004 9998 10005
f 9995 10001 9997
f 9997 10001 10000
f 9997 10000 9998
f 9998 10000 10006
f 9998 10006 10005
f 10007 9746 10008
f 10008 9746 9745
f 10008 9745 10009
f 10010 9747 10011
f 10011 9747 9746
f 10011 9746 10012
f 10012 9746 10007
f 10012 10007 10013
f 9236 10002 10014
f 10014 10002 10003
f 10014 10003 10015
f 10015 10003 10004
f 10015 10004 10016
f 10016 10004 10005
f 10016 10005 10017
f 10017 10005 10006
f 10017 10006 10018
f 9754 9756 9927
f 9927 9756 10019
f 9927 10019 10020
f 10020 10019 10021
f 10020 10021 10022
f 10022 10021 10023
f 10022 10023 10024
f 10024 10023 10025
f 10024 10025 10026
f 10026 10025 10027
f 10026 10027 10028
f 10028 10027 10029
f 10028 10029 10030
f 10030 10029 10031
f 10030 10031 10032
f 10032 10031 10033
f 10032 10033 10034
f 10034 10033 10035
f 10034 10035 10036
f 10036 10035 10037
f 10036 10037 10038
f 10038 10037 10039
f 10038 10039 10040
f 9114 9113 10041
f 10041 9113 10042
f 10041 10042 10043
f 10043 10042 10044
f 10043 10044 10045
f 10045 10044 10046
f 10045 10046 10047
f 10047 10046 10048
f 9298 10049 10050
f 10050 10049 10051
f 10050 10051 10052
f 10052 10051 10053
f 10052 10053 10054
f 10054 10053 10055
f 10054 10055 10056
f 10056 10055 10057
f 10056 10057 10058
f 10058 10057 10059
f 10058 10059 10060
f 10060 10059 10061
f 10060 10061 10062
f 10062 10061 10063
f 10062 10063 10064
f 10064 10063 10065
f 10064 10065 10066
f 10066 10065 10067
f 10066 10067 10068
f 10068 10067 10069
f 10068 10069 10070
f 10070 10069 10071
f 10070 10071 10072
f 10072 10071 10073
f 10072 10073 10074
f 10074 10073 10075
f 10074 10075 10076
f 10076 10075 10077
f 10076 10077 10078
f 10078 10077 10079
f 10078 10079 10080
f 10080 10079 10081
f 10080 10081 10082
f 10082 10081 10083
f 10082 10083 10084
f 10084 10083 10085
f 10084 10085 10086
f 10086 10085 10087
f 10086 10087 10088
f 10088 10087 10089
f 10088 10089 10090
f 10090 10089 10091
f 10090 10091 10092
f 10092 10091 10093
f 10092 10093 10094
f 10094 10093 10095
f 10094 10095 10096
f 10096 10095 9814
f 10096 9814 9816
f 9816 9814 9681
f 9816 9681 9689
f 9708 9815 10097
f 10097 9815 10098
f 10097 10098 10099
f 10099 10098 10100
f 10099 10100 10101
f 10101 10100 10102
f 10101 10102 10103
f 10103 10102 10104
f 10103 10104 10105
f 10105 10104 10106
f 10105 10106 10107
f 10107 10106 10108
f 10107 10108 10109
f 10109 10108 10110
f 10109 10110 10111
f 10111 10110 10112
f 10111 10112 10113
f 10113 10112 10114
f 10113 10114 10115
f 10115 10114 10116
f 10115 10116 10117
f 10117 10116 10118
f 10117 10118 10119
f 10119 10118 10120
f 10119 10120 10121
f 10121 10120 10122
f 10121 10122 10123
f 10123 10122 10124
f 10123 10124 10125
f 10125 10124 10126
f 10125 10126 10127
f 10127 10126 10128
f 10127 10128 10129
f 10129 10128 10130
f 10129 10130 10131
f 10131 10130 10132
f 10131 10132 10133
f 10133 10132 10134
f 10133 10134 10135
f 10135 10134 10136
f 10135 10136 10137
f 10137 10136 10138
f 10137 10138 10139
f 10139 10138 10140
f 10139 10140 10141
f 10141 10140 10142
f 10141 10142 10143
f 10143 10142 10144
f 10143 10144 10145
f 9684 9814 9815
f 9815 9814 10095
f 9815 10095 10098
f 10098 10095 10093
f 10098 10093 10100
f 10100 10093 10091
f 10100 10091 10102
f 10102 10091 10089
f 10102 10089 10104
f 10104 10089 10087
f 10104 10087 10106
f 10106 10087 10085
f 10106 10085 10108
f 10108 10085 10083
f 10108 10083 10110
f 10110 10083 10081
f 10110 10081 10112
f 10112 10081 10079
f 10112 10079 10114
f 10114 10079 10077
f 10114 10077 10116
f 10116 10077 10075
f 10116 10075 10118
f 10118 10075 10073
f 10118 10073 10120
f 10120 10073 10071
f 10120 10071 10122
f 10122 10071 10069
f 10122 10069 10124
f 10124 10069 10067
f 10124 10067 10126
f 10126 10067 10065
f 10126 10065 10128
f 10128 10065 10063
f 10128 10063 10130
f 10130 10063 10061
f 10130 10061 10132
f 10132 10061 10059
f 10132 10059 10134
f 10134 10059 10057
f 10134 10057 10136
f 10136 10057 10055
f 10136 10055 10138
f 10138 10055 10053
f 10138 10053 10140
f 10140 10053 10051
f 10140 10051 10142
f 10142 10051 10049
f 10142 10049 10144
f 9274 9281 10146
f 10146 9281 9279
f 9279 10147 10146
f 10146 10147 10018
f 10146 10018 10148
f 10148 10018 10006
f 10148 10006 10149
f 10149 10006 10000
f 10149 10000 10150
f 10150 10000 9999
f 10150 9999 10151
f 10151 9999 9975
f 10151 9975 10152
f 10152 9975 9970
f 10152 9970 10153
f 10153 9970 9964
f 10153 9964 10154
f 10154 9964 9963
f 10154 9963 10155
f 10155 9963 9950
f 10155 9950 10156
f 10156 9950 9940
f 10156 9940 10157
f 10157 9940 9934
f 10157 9934 10158
f 10158 9934 9933
f 10158 9933 9926
f 9295 9696 10039
f 10039 9696 9695
f 10039 9695 10040
f 10040 9695 9694
f 10040 9694 9275
f 9926 9927 10158
f 10158 9927 10020
f 10158 10020 10157
f 10157 10020 10022
f 10157 10022 10156
f 10156 10022 10024
f 10156 10024 10155
f 10155 10024 10026
f 10155 10026 10154
f 10154 10026 10028
f 10154 10028 10153
f 10153 10028 10030
f 10153 10030 10152
f 10152 10030 10032
f 10152 10032 10151
f 10151 10032 10034
f 10151 10034 10150
f 10150 10034 10036
f 10150 10036 10149
f 10149 10036 10038
f 10149 10038 10148
f 10148 10038 10040
f 10148 10040 10146
f 10146 10040 9275
f 10146 9275 9274
f 9283 10159 9284
f 9284 10159 10160
f 9284 10160 9290
f 9117 9116 9690
f 9690 9116 9744
f 9690 9744 9691
f 9691 9744 10161
f 9691 10161 9692
f 9692 10161 10159
f 9692 10159 9693
f 9693 10159 9283
f 9279 9277 10147
f 10147 9277 9276
f 10147 9276 10160
f 10160 9276 9291
f 10160 9291 9290
f 9096 9273 9774
f 9774 9273 9268
f 9774 9268 9267
f 9687 9771 9760
f 9760 9771 9770
f 9760 9770 10162
f 10162 9770 9769
f 10162 9769 10163
f 10163 9769 9768
f 10163 9768 10164
f 10164 9768 9767
f 10164 9767 10165
f 10165 9767 9762
f 10165 9762 10166
f 10166 9762 9763
f 10166 9763 10167
f 10167 9763 9764
f 10167 9764 10168
f 10168 9764 9765
f 10168 9765 10169
f 10169 9765 9800
f 10169 9800 10170
f 10170 9800 9798
f 10170 9798 10171
f 10171 9798 9796
f 10171 9796 10172
f 10172 9796 9794
f 10172 9794 10173
f 10173 9794 9788
f 10173 9788 10174
f 10174 9788 9790
f 10174 9790 10175
f 10175 9790 9783
f 10175 9783 10176
f 10176 9783 9781
f 10176 9781 10177
f 10177 9781 9782
f 10177 9782 10178
f 10178 9782 9778
f 10178 9778 10179
f 10179 9778 9777
f 10179 9777 10180
f 10180 9777 9776
f 10180 9776 10181
f 10181 9776 9775
f 10181 9775 10182
f 10182 9775 9772
f 10182 9772 10183
f 10183 9772 9773
f 10183 9773 10184
f 10184 9773 9774
f 10184 9774 10185
f 10185 9774 9267
f 10185 9267 9300
f 9688 9760 9816
f 9816 9760 10162
f 9816 10162 10096
f 10096 10162 10163
f 10096 10163 10094
f 10094 10163 10164
f 10094 10164 10092
f 10092 10164 10165
f 10092 10165 10090
f 10090 10165 10166
f 10090 10166 10088
f 10088 10166 10167
f 10088 10167 10086
f 10086 10167 10168
f 10086 10168 10084
f 10084 10168 10169
f 10084 10169 10082
f 10082 10169 10170
f 10082 10170 10080
f 10080 10170 10171
f 10080 10171 10078
f 10078 10171 10172
f 10078 10172 10076
f 10076 10172 10173
f 10076 10173 10074
f 10074 10173 10174
f 10074 10174 10072
f 10072 10174 10175
f 10072 10175 10070
f 10070 10175 10176
f 10070 10176 10068
f 10068 10176 10177
f 10068 10177 10066
f 10066 10177 10178
f 10066 10178 10064
f 10064 10178 10179
f 10064 10179 10062
f 10062 10179 10180
f 10062 10180 10060
f 10060 10180 10181
f 10060 10181 10058
f 10058 10181 10182
f 10058 10182 10056
f 10056 10182 10183
f 10056 10183 10054
f 10054 10183 10184
f 10054 10184 10052
f 10052 10184 10185
f 10052 10185 10050
f 10050 10185 9300
f 10050 9300 9298
f 9184 9183 9673
f 9184 9673 9812
f 9812 9673 9674
f 9812 9674 9675
f 9711 9710 10097
f 10097 9710 9709
f 10097 9709 9708
f 9593 9591 9805
f 9805 9591 9590
f 9805 9590 9711
f 9677 9676 9808
f 9808 9676 9761
f 9808 9761 9809
f 9809 9761 9824
f 9809 9824 9811
f 9811 9824 9822
f 9811 9822 9813
f 9813 9822 9820
f 9813 9820 9185
f 9185 9820 9818
f 9185 9818 9186
f 9186 9818 9187
f 9189 9188 9759
f 9759 9188 9817
f 9759 9817 9827
f 9827 9817 9819
f 9827 9819 9829
f 9829 9819 9821
f 9829 9821 9831
f 9831 9821 9823
f 9831 9823 9832
f 9832 9823 9761
f 9832 9761 10186
f 10186 9761 9807
f 10186 9807 10187
f 10187 9807 9806
f 10187 9806 10188
f 10188 9806 9805
f 9192 9191 9834
f 9834 9191 9825
f 9834 9825 9836
f 9836 9825 9826
f 9836 9826 9838
f 9838 9826 9828
f 9838 9828 9840
f 9840 9828 9830
f 9840 9830 9841
f 9841 9830 9832
f 9841 9832 10189
f 10189 9832 10186
f 10189 10186 10190
f 10190 10186 10187
f 10190 10187 10191
f 10191 10187 10188
f 9194 9193 9843
f 9843 9193 9833
f 9843 9833 9845
f 9845 9833 9835
f 9845 9835 9847
f 9847 9835 9837
f 9847 9837 9849
f 9849 9837 9839
f 9849 9839 9850
f 9850 9839 9841
f 9850 9841 10192
f 10192 9841 10189
f 10192 10189 10193
f 10193 10189 10190
f 10193 10190 10194
f 10194 10190 10191
f 9196 9195 9758
f 9758 9195 9842
f 9758 9842 9853
f 9853 9842 9844
f 9853 9844 9855
f 9855 9844 9846
f 9855 9846 9857
f 9857 9846 9848
f 9857 9848 9858
f 9858 9848 9850
f 9858 9850 10195
f 10195 9850 10192
f 10195 10192 10196
f 10196 10192 10193
f 10196 10193 10197
f 10197 10193 10194
f 9199 9198 9859
f 9859 9198 9851
f 9859 9851 9861
f 9861 9851 9852
f 9861 9852 9863
f 9863 9852 9854
f 9863 9854 9865
f 9865 9854 9856
f 9865 9856 9866
f 9866 9856 9858
f 9866 9858 10198
f 10198 9858 10195
f 10198 10195 10199
f 10199 10195 10196
f 10199 10196 10200
f 10200 10196 10197
f 9202 9201 9868
f 9868 9201 9743
f 9868 9743 9870
f 9870 9743 9860
f 9870 9860 9872
f 9872 9860 9862
f 9872 9862 9874
f 9874 9862 9864
f 9874 9864 9875
f 9875 9864 9866
f 9875 9866 10201
f 10201 9866 10198
f 10201 10198 10202
f 10202 10198 10199
f 10202 10199 10203
f 10203 10199 10200
f 9204 9203 9757
f 9757 9203 9867
f 9757 9867 9878
f 9878 9867 9869
f 9878 9869 9880
f 9880 9869 9871
f 9880 9871 9882
f 9882 9871 9873
f 9882 9873 9883
f 9883 9873 9875
f 9883 9875 10204
f 10204 9875 10201
f 10204 10201 10205
f 10205 10201 10202
f 10205 10202 10206
f 10206 10202 10203
f 9207 9206 9884
f 9884 9206 9876
f 9884 9876 9887
f 9887 9876 9877
f 9887 9877 9889
f 9889 9877 9879
f 9889 9879 9891
f 9891 9879 9881
f 9891 9881 9892
f 9892 9881 9883
f 9892 9883 10207
f 10207 9883 10204
f 10207 10204 10208
f 10208 10204 10205
f 10208 10205 10209
f 10209 10205 10206
f 9210 9209 9885
f 9885 9209 9208
f 9885 9208 9207
f 10209 9900 10208
f 10208 9900 9898
f 10208 9898 10207
f 10207 9898 9896
f 10207 9896 9892
f 9892 9896 9894
f 9892 9894 9890
f 9890 9894 9901
f 9890 9901 9888
f 9888 9901 9903
f 9888 9903 9886
f 9886 9903 9905
f 9886 9905 9885
f 9885 9905 9907
f 9885 9907 9210
f 9210 9907 9908
f 9210 9908 9211
f 9211 9908 9909
f 9211 9909 9212
f 9212 9909 9215
f 9213 9214 9918
f 9918 9214 9916
f 9918 9916 9920
f 9920 9916 9915
f 9920 9915 9922
f 9922 9915 9914
f 9922 9914 9924
f 9924 9914 9913
f 9924 9913 9925
f 9925 9913 9893
f 9925 9893 10210
f 10210 9893 9895
f 10210 9895 10211
f 10211 9895 9897
f 10211 9897 10212
f 10212 9897 9899
f 9217 9218 9936
f 9936 9218 9917
f 9936 9917 9928
f 9928 9917 9919
f 9928 9919 9929
f 9929 9919 9921
f 9929 9921 9935
f 9935 9921 9923
f 9935 9923 9933
f 9933 9923 9925
f 9933 9925 9926
f 9926 9925 10210
f 9926 10210 9754
f 9754 10210 10211
f 9754 10211 9755
f 9755 10211 10212
f 9753 9748 9751
f 9751 9748 9750
f 9751 9750 9942
f 9942 9750 9954
f 9942 9954 9944
f 9944 9954 9220
f 9944 9220 9219
f 9228 9223 9957
f 9957 9223 9224
f 9957 9224 9956
f 9956 9224 9225
f 9956 9225 9955
f 9955 9225 9222
f 9955 9222 9954
f 9954 9222 9221
f 9954 9221 9220
f 9227 9228 9966
f 9966 9228 9957
f 9966 9957 9958
f 9958 9957 9951
f 9958 9951 9959
f 9959 9951 9952
f 9959 9952 9965
f 9965 9952 9953
f 9965 9953 9963
f 9963 9953 9753
f 9963 9753 9950
f 9950 9753 9752
f 9950 9752 9949
f 9949 9752 9941
f 9949 9941 9948
f 9948 9941 9943
f 9948 9943 9947
f 9947 9943 9945
f 9947 9945 9946
f 9946 9945 9216
f 9946 9216 9217
f 9226 9983 9231
f 9231 9983 9985
f 9231 9985 9230
f 9230 9985 9987
f 9230 9987 9229
f 9229 9987 9989
f 9229 9989 9232
f 9232 9989 9991
f 9232 9991 9233
f 9233 9991 9993
f 9233 9993 9234
f 9234 9993 9235
f 9236 9235 10002
f 10002 9235 9993
f 10002 9993 9994
f 9994 9993 9992
f 9994 9992 9995
f 9995 9992 9982
f 9995 9982 10001
f 10001 9982 9981
f 10001 9981 9999
f 9999 9981 9979
f 9999 9979 9975
f 9975 9979 9977
f 9975 9977 9974
f 9974 9977 9976
f 9974 9976 9973
f 9973 9976 9984
f 9973 9984 9972
f 9972 9984 9983
f 9972 9983 9971
f 9971 9983 9226
f 9971 9226 9227
f 9112 9242 10013
f 10013 9242 9241
f 10013 9241 10012
f 10012 9241 9240
f 10012 9240 10011
f 10011 9240 9239
f 10011 9239 10010
f 10010 9239 9238
f 10010 9238 9237
f 9113 9112 10042
f 10042 9112 10013
f 10042 10013 10044
f 10044 10013 10007
f 10044 10007 10046
f 10046 10007 10008
f 10046 10008 10048
f 10048 10008 10009
f 9115 9114 9744
f 9744 9114 10041
f 9744 10041 10161
f 10161 10041 10043
f 10161 10043 10159
f 10159 10043 10045
f 10159 10045 10160
f 10160 10045 10047
f 10160 10047 10147
f 10147 10047 10048
f 10147 10048 10018
f 10018 10048 10009
f 10018 10009 10017
f 10017 10009 9745
f 10017 9745 10016
f 10016 9745 9747
f 10016 9747 10015
f 10015 9747 10010
f 10015 10010 10014
f 10014 10010 9237
f 10014 9237 9236
f 9298 9294 10049
f 10049 9294 9293
f 10049 9293 10144
f 10144 9293 9271
f 10144 9271 10145
f 10145 9271 9270
f 10145 9270 9296
f 9711 10097 9805
f 9805 10097 10099
f 9805 10099 10188
f 10188 10099 10101
f 10188 10101 10191
f 10191 10101 10103
f 10191 10103 10194
f 10194 10103 10105
f 10194 10105 10197
f 10197 10105 10107
f 10197 10107 10200
f 10200 10107 10109
f 10200 10109 10203
f 10203 10109 10111
f 10203 10111 10206
f 10206 10111 10113
f 10206 10113 10209
f 10209 10113 10115
f 10209 10115 9900
f 9900 10115 10117
f 9900 10117 9899
f 9899 10117 10119
f 9899 10119 10212
f 10212 10119 10121
f 10212 10121 9755
f 9755 10121 10123
f 9755 10123 9756
f 9756 10123 10125
f 9756 10125 10019
f 10019 10125 10127
f 10019 10127 10021
f 10021 10127 10129
f 10021 10129 10023
f 10023 10129 10131
f 10023 10131 10025
f 10025 10131 10133
f 10025 10133 10027
f 10027 10133 10135
f 10027 10135 10029
f 10029 10135 10137
f 10029 10137 10031
f 10031 10137 10139
f 10031 10139 10033
f 10033 10139 10141
f 10033 10141 10035
f 10035 10141 10143
f 10035 10143 10037
f 10037 10143 10145
f 10037 10145 10039
f 10039 10145 9296
f 10039 9296 9295
f 9068 9742 10213
f 9068 10213 9067
f 9067 10213 10214
f 9067 10214 9065
f 9065 10214 10215
f 9065 10215 9077
f 9077 10215 10216
f 9077 10216 9078
f 9078 10216 10217
f 9078 10217 9079
f 10217 9804 9079
f 9079 9804 9803
f 9079 9803 9080
f 9080 9803 9802
f 9766 9082 9802
f 9802 9082 9081
f 9802 9081 9080
f 9766 9712 9082
f 9082 9712 9714
f 9082 9714 9083
f 9083 9714 9715
f 9083 9715 9084
f 9084 9715 9723
f 9084 9723 9085
f 9085 9723 9722
f 9085 9722 9086
f 9086 9722 9721
f 9086 9721 9087
f 9087 9721 9720
f 9087 9720 9088
f 9088 9720 9726
f 9088 9726 9066
f 9066 9726 9026
f 9066 9026 9025
f 9024 9023 9105
f 9024 9105 9056
f 9056 9105 9104
f 9056 9104 9057
f 9057 9104 9062
f 9062 9104 9102
f 9062 9102 9063
f 9102 9101 9063
f 9063 9101 9092
f 9063 9092 9064
f 9064 9092 9094
f 9064 9094 9069
f 9069 9094 9095
f 9069 9095 9070
f 9070 9095 9091
f 9070 9091 9071
f 9071 9091 9090
f 9071 9090 9072
f 9072 9090 9780
f 9072 9780 9073
f 9073 9780 9779
f 9073 9779 9061
f 9061 9779 9785
f 9785 9784 9061
f 9061 9784 10218
f 9061 10218 9074
f 9074 10218 10219
f 9074 10219 9075
f 9075 10219 10220
f 9075 10220 9076
f 9076 10220 10221
f 9076 10221 9059
f 9059 10221 10222
f 9059 10222 9060
f 9060 10222 9732
f 9060 9732 9058
f 5787 5785 10223
f 10224 5793 5791
f 10224 5791 10223
f 10223 5791 5789
f 10223 5789 5787
f 5837 5839 10225
f 10225 5839 5841
f 10225 5841 5843
f 10226 5799 10227
f 10227 5799 5797
f 10227 5797 10224
f 10224 5797 5795
f 10224 5795 5793
f 5811 5809 10228
f 5843 5845 10225
f 10225 5845 5847
f 10225 5847 10229
f 10229 5847 5849
f 10229 5849 10230
f 10230 5849 5851
f 10230 5851 10231
f 10231 5851 5821
f 10231 5821 10232
f 10232 5821 5819
f 10232 5819 5817
f 10228 5803 10226
f 10226 5803 5801
f 10226 5801 5799
f 5809 5807 10228
f 10228 5807 5805
f 10228 5805 5803
f 10228 10233 5811
f 5811 10233 10234
f 5811 10234 5813
f 5813 10234 10232
f 5813 10232 5815
f 5815 10232 5817
f 10235 10236 10237
f 10237 10236 10238
f 10237 10238 10239
f 10240 10241 5779
f 5785 5783 10241
f 10241 5783 5781
f 10241 5781 5779
f 5779 5777 10240
f 10240 5777 5775
f 10240 5775 10242
f 10243 10244 10245
f 10245 10244 10246
f 10245 10246 10237
f 10237 10246 10247
f 10237 10247 10235
f 5764 5762 10248
f 10249 5757 10250
f 10250 5757 5755
f 10250 5755 5753
f 5764 10248 5765
f 10249 10251 5757
f 5757 10251 10248
f 5757 10248 5759
f 5759 10248 5762
f 5753 5751 10250
f 10250 5751 5749
f 10250 5749 10252
f 10252 5749 5748
f 10252 5748 10243
f 10243 5748 10253
f 10243 10253 10244
f 5775 5773 10242
f 10242 5773 5771
f 10242 5771 10254
f 10254 5771 5769
f 10254 5769 10248
f 10248 5769 5767
f 10248 5767 5765
f 5887 10255 5889
f 5889 10255 5891
f 5827 5829 10256
f 5837 10257 5835
f 5835 10257 5833
f 10256 5829 10257
f 10257 5829 5831
f 10257 5831 5833
f 5887 5885 10255
f 10255 5885 5883
f 10255 5883 10258
f 5827 10256 5825
f 5825 10256 10259
f 5825 10259 5823
f 10260 5865 10261
f 10261 5865 10262
f 5859 5857 10263
f 10263 5857 5852
f 10263 5852 10259
f 10259 5852 5854
f 10259 5854 5823
f 5871 5869 10260
f 10260 5869 5867
f 10260 5867 5865
f 10262 5865 10264
f 10264 5865 5863
f 10264 5863 10263
f 10263 5863 5861
f 10263 5861 5859
f 5883 5881 10258
f 10258 5881 5879
f 10258 5879 10265
f 10265 5879 5877
f 10265 5877 10266
f 10266 5877 5875
f 10266 5875 10260
f 10260 5875 5873
f 10260 5873 5871
f 10267 10268 10269
f 10267 10269 10270
f 10270 10269 10271
f 10270 10271 10272
f 10272 10271 10273
f 10272 10273 10274
f 10274 10273 10275
f 10274 10275 10276
f 10276 10275 10277
f 10276 10277 10278
f 10278 10277 10279
f 10278 10279 10280
f 10280 10279 10281
f 10280 10281 10282
f 10282 10281 10239
f 10282 10239 10283
f 10283 10239 10238
f 10283 10238 10284
f 10284 10238 10236
f 10284 10236 10285
f 10285 10236 10235
f 10285 10235 10286
f 10286 10235 10247
f 10286 10247 10287
f 10287 10247 10246
f 10287 10246 10288
f 10288 10246 10244
f 10288 10244 10289
f 10289 10244 10253
f 10289 10253 10290
f 10290 10253 5748
f 10290 5748 5747
f 5910 5909 10291
f 5910 10291 10292
f 10292 10291 10293
f 10292 10293 10294
f 10294 10293 10295
f 10294 10295 10296
f 10296 10295 10297
f 10296 10297 10298
f 10298 10297 10299
f 10298 10299 10300
f 10300 10299 10301
f 10300 10301 10302
f 10302 10301 10303
f 10302 10303 10304
f 10304 10303 10305
f 10304 10305 10306
f 10306 10305 10307
f 10306 10307 10308
f 10308 10307 10309
f 10308 10309 10310
f 10311 10312 10313
f 10313 10312 10314
f 10313 10314 10315
f 10314 10316 10315
f 10315 10316 10317
f 10315 10317 10318
f 10318 10317 10319
f 10318 10319 10320
f 10320 10319 10321
f 10320 10321 10322
f 10322 10321 10323
f 10322 10323 10324
f 10324 10323 10325
f 10324 10325 10326
f 10326 10325 10327
f 10326 10327 10328
f 10328 10327 10329
f 10328 10329 10330
f 10330 10329 10331
f 10330 10331 10332
f 10332 10331 10268
f 10332 10268 10267
f 10302 10304 5816
f 10320 5808 5810
f 5870 5872 10298
f 10298 5872 5874
f 10298 5874 10296
f 5860 5862 5818
f 5908 5910 5876
f 5876 5910 10292
f 5876 10292 5874
f 5874 10292 10294
f 5874 10294 10296
f 10315 10318 10333
f 5894 5895 5876
f 10270 10272 5747
f 5747 10272 10274
f 5747 10274 10276
f 10328 5750 10326
f 10326 5750 5752
f 10326 5752 5754
f 10326 5806 10324
f 10324 5806 5808
f 10324 5808 10322
f 10322 5808 10320
f 5810 10334 10335
f 10336 10337 10308
f 10308 10337 10338
f 10308 10338 10306
f 10306 10338 10304
f 5864 5866 10298
f 10298 5866 5868
f 10298 5868 5870
f 10336 10308 10339
f 10339 10308 10310
f 10339 10310 10340
f 10340 10310 10341
f 10340 10341 10342
f 10328 10330 5750
f 5750 10330 10332
f 5750 10332 5747
f 5747 10332 10267
f 5747 10267 10270
f 10289 10290 10280
f 10280 10290 5747
f 10280 5747 10278
f 10278 5747 10276
f 10318 10320 10333
f 10333 10320 5810
f 10333 5810 10343
f 10343 5810 10335
f 5816 10304 5814
f 5814 10304 10338
f 5814 10338 5812
f 5812 10338 10344
f 5812 10344 5810
f 5810 10344 10345
f 5810 10345 10334
f 5862 5864 5818
f 5818 5864 10298
f 5818 10298 5816
f 5816 10298 10300
f 5816 10300 10302
f 10280 10282 10283
f 10283 10284 10280
f 10280 10284 10285
f 10280 10285 10286
f 10286 10287 10280
f 10280 10287 10288
f 10280 10288 10289
f 10346 10311 10333
f 10333 10311 10313
f 10333 10313 10315
f 5761 5763 5806
f 5806 5763 5766
f 5806 5766 5804
f 5860 5818 5858
f 5858 5818 5820
f 5858 5820 5853
f 5853 5820 5822
f 5853 5822 5855
f 5876 5878 5894
f 5894 5878 5880
f 5894 5880 5882
f 5895 5897 5876
f 5876 5897 5900
f 5876 5900 5902
f 10347 10348 10349
f 5754 5756 10326
f 10326 5756 5758
f 10326 5758 5806
f 5806 5758 5760
f 5806 5760 5761
f 5888 5882 5886
f 5886 5882 5884
f 5888 5890 5882
f 5882 5890 5892
f 5882 5892 5894
f 5902 5904 5876
f 5876 5904 5906
f 5876 5906 5908
f 10342 10350 10340
f 10340 10350 10351
f 10340 10351 10349
f 10349 10351 10352
f 10349 10352 10347
f 10353 10354 10355
f 10355 10354 10349
f 10355 10349 10356
f 10356 10349 10348
f 10357 10358 10359
f 5824 5856 5838
f 10357 10359 10355
f 10355 10359 10360
f 10355 10360 10353
f 5766 5768 5804
f 5804 5768 5770
f 5804 5770 5802
f 5802 5770 5772
f 5802 5772 5800
f 5800 5772 5798
f 5846 5844 5856
f 10333 10361 10346
f 10346 10361 10362
f 10346 10362 10363
f 10364 10365 10366
f 10363 10367 10346
f 10346 10367 10365
f 10346 10365 10368
f 10368 10365 10364
f 5846 5856 5848
f 5855 5822 5856
f 5856 5822 5850
f 5856 5850 5848
f 10369 10370 10371
f 5844 5842 5856
f 5856 5842 5840
f 5856 5840 5838
f 5786 5788 5772
f 5772 5788 5790
f 5772 5790 5792
f 5792 5794 5772
f 5772 5794 5796
f 5772 5796 5798
f 5824 5838 5826
f 5826 5838 5836
f 5826 5836 5834
f 5782 5776 5780
f 5780 5776 5778
f 5772 5774 5786
f 5786 5774 5776
f 5786 5776 5784
f 5784 5776 5782
f 10366 10372 10364
f 10364 10372 10373
f 10364 10373 10371
f 10371 10373 10374
f 10371 10374 10369
f 5834 5832 5826
f 5826 5832 5830
f 5826 5830 5828
f 10375 10376 10377
f 10378 10379 10380
f 10380 10379 10375
f 10380 10375 10381
f 10381 10375 10377
f 5901 10382 5903
f 5903 10382 10383
f 5903 10383 5905
f 5905 10383 10384
f 10378 10385 10379
f 10379 10385 10386
f 10379 10386 10387
f 10388 5893 10389
f 10389 5893 5891
f 5901 5899 10382
f 10382 5899 5898
f 10382 5898 10388
f 10388 5898 5896
f 10388 5896 5893
f 10390 10299 10391
f 10391 10299 10392
f 10305 10303 10390
f 10390 10303 10301
f 10390 10301 10299
f 10295 10293 10393
f 10393 10293 10291
f 10393 10291 10394
f 10394 10291 5909
f 10394 5909 10384
f 10384 5909 5907
f 10384 5907 5905
f 10386 10395 10387
f 10387 10395 10396
f 10387 10396 10397
f 10397 10396 10309
f 10397 10309 10390
f 10390 10309 10307
f 10390 10307 10305
f 10392 10299 10393
f 10393 10299 10297
f 10393 10297 10295
f 10398 10399 3477
f 3477 10399 10400
f 3477 10400 3476
f 3476 10400 10401
f 3476 10401 10402
f 10402 10403 3476
f 3476 10403 10404
f 3476 10404 3475
f 3475 10404 10405
f 3475 10405 10406
f 10406 10407 3475
f 3475 10407 10408
f 3475 10408 3474
f 3474 10408 10409
f 3474 10409 10410
f 10411 3473 10412
f 10412 3473 3474
f 10412 3474 10413
f 10413 3474 10410
f 10411 10414 3473
f 3473 10414 10415
f 3473 10415 3472
f 3472 10415 10416
f 3472 10416 10417
f 10417 10418 3472
f 3472 10418 10419
f 3472 10419 3471
f 3471 10419 10420
f 3471 10420 10421
f 10421 10422 3471
f 3471 10422 10423
f 3471 10423 3470
f 3470 10423 10424
f 3470 10424 10425
f 10425 10426 3470
f 3470 10426 10427
f 3470 10427 3469
f 10427 10428 3469
f 3469 10428 10429
f 3469 10429 3468
f 3468 10429 10430
f 3468 10430 10431
f 10432 3467 10433
f 10433 3467 3468
f 10433 3468 10434
f 10434 3468 10431
f 10432 10435 3467
f 3467 10435 10436
f 3467 10436 3466
f 3466 10436 10437
f 3466 10437 10438
f 10438 10439 3466
f 3466 10439 10440
f 3466 10440 3465
f 3465 10440 10441
f 3465 10441 10442
f 10442 10443 3465
f 3465 10443 10444
f 3465 10444 3464
f 10444 10445 3464
f 3464 10445 10446
f 3464 10446 3463
f 3463 10446 10447
f 3463 10447 10448
f 10448 10449 3463
f 3463 10449 10450
f 3463 10450 3462
f 3462 10450 10451
f 3462 10451 10452
f 10452 10453 3462
f 3462 10453 10454
f 3462 10454 3461
f 3461 10454 10455
f 3461 10455 10456
f 10456 10457 3461
f 3461 10457 10458
f 3461 10458 3460
f 3460 10458 10459
f 3460 10459 10460
f 10460 10461 3460
f 3460 10461 10462
f 3460 10462 3459
f 3459 10462 10463
f 3459 10463 10464
f 10464 10465 3459
f 3459 10465 10466
f 3459 10466 3494
f 3494 10466 10467
f 3494 10467 10468
f 10468 10469 3494
f 3494 10469 10470
f 3494 10470 3493
f 3493 10470 10471
f 3493 10471 10472
f 10472 10473 3493
f 3493 10473 10474
f 3493 10474 3492
f 3492 10474 10475
f 3492 10475 10476
f 10477 3491 10478
f 10478 3491 3492
f 10478 3492 10479
f 10479 3492 10476
f 10477 10480 3491
f 3491 10480 10481
f 3491 10481 3490
f 3490 10481 10482
f 3490 10482 10483
f 10483 10484 3490
f 3490 10484 10485
f 3490 10485 3489
f 3489 10485 10486
f 3489 10486 10487
f 10487 10488 3489
f 3489 10488 10489
f 3489 10489 3488
f 3488 10489 10490
f 3488 10490 10491
f 10491 10492 3488
f 3488 10492 10493
f 3488 10493 3487
f 10493 10494 3487
f 3487 10494 10495
f 3487 10495 3486
f 3486 10495 10496
f 3486 10496 10497
f 10497 10498 3486
f 3486 10498 10499
f 3486 10499 3485
f 3485 10499 10500
f 3485 10500 10501
f 10502 3484 10503
f 10503 3484 3485
f 10503 3485 10504
f 10504 3485 10501
f 10502 10505 3484
f 3484 10505 10506
f 3484 10506 3483
f 3483 10506 10507
f 3483 10507 10508
f 10508 10509 3483
f 3483 10509 10510
f 3483 10510 3482
f 10510 10511 3482
f 3482 10511 10512
f 3482 10512 3481
f 3481 10512 10513
f 3481 10513 10514
f 10515 3480 10516
f 10516 3480 3481
f 10516 3481 10517
f 10517 3481 10514
f 10515 10518 3480
f 3480 10518 10519
f 3480 10519 3479
f 3479 10519 10520
f 3479 10520 10521
f 10521 10522 3479
f 3479 10522 10523
f 3479 10523 3478
f 3478 10523 10524
f 3478 10524 10525
f 10525 10526 3478
f 3478 10526 10527
f 3478 10527 3477
f 3477 10527 10528
f 3477 10528 10398
f 10458 10457 10529
f 10530 10431 10430
f 10428 10427 10531
f 10467 10466 10532
f 10533 10534 10535
f 10536 10465 10464
f 10529 10457 10537
f 10538 10449 10448
f 10539 10540 10541
f 10542 10543 10544
f 10545 10546 10419
f 10547 10548 10549
f 10550 10551 10552
f 10553 10554 10555
f 10556 10557 10558
f 10559 5891 10255
f 10560 10561 10550
f 10562 10563 10564
f 10564 10563 10565
f 10566 10567 10560
f 10568 10569 10570
f 10571 10572 10573
f 10573 10572 10568
f 10573 10568 10574
f 10574 10568 10575
f 10568 10570 10575
f 10575 10570 10576
f 10575 10576 10577
f 10578 10579 10580
f 10581 10582 10583
f 10583 10582 10556
f 10579 10578 10557
f 10580 10584 10585
f 10585 10584 10586
f 10587 10588 10589
f 10407 10406 10587
f 10564 10590 10591
f 10591 10590 10592
f 10591 10592 10589
f 10589 10588 10591
f 10591 10588 10593
f 10591 10593 10564
f 10554 10559 10555
f 10555 10559 10255
f 10555 10255 10594
f 10594 10255 10258
f 10408 10595 10409
f 10409 10595 10596
f 10409 10596 10410
f 10407 10587 10597
f 10597 10587 10589
f 10597 10589 10598
f 10598 10589 10592
f 10598 10592 10599
f 10599 10592 10590
f 10599 10590 10600
f 10601 10602 10603
f 10603 10602 10604
f 10603 10604 10605
f 10605 10604 10606
f 10605 10606 10607
f 10595 10601 10596
f 10596 10601 10603
f 10596 10603 10608
f 10608 10603 10605
f 10608 10605 10609
f 10609 10605 10607
f 10609 10607 10610
f 10611 10612 10613
f 10613 10612 10614
f 10613 10614 10615
f 10549 10615 10547
f 10547 10615 10614
f 10547 10614 10616
f 10616 10614 10612
f 10616 10612 10617
f 10258 10265 10594
f 10594 10265 10266
f 10594 10266 10618
f 10618 10266 10260
f 10618 10260 10619
f 10619 10260 10261
f 10619 10261 10620
f 10620 10261 10262
f 10620 10262 10621
f 10621 10262 10264
f 10622 10623 10624
f 10624 10623 10625
f 10624 10625 10626
f 10626 10625 10627
f 10626 10627 10628
f 10548 10622 10629
f 10629 10622 10624
f 10629 10624 10545
f 10545 10624 10626
f 10545 10626 10546
f 10546 10626 10628
f 10630 10631 10632
f 10548 10547 10622
f 10622 10547 10616
f 10622 10616 10623
f 10623 10616 10617
f 10623 10617 10625
f 10625 10617 10630
f 10625 10630 10627
f 10627 10630 10632
f 10627 10632 10628
f 10633 10634 10635
f 10635 10634 10636
f 10635 10636 10637
f 10638 10633 10639
f 10639 10633 10635
f 10639 10635 10640
f 10640 10635 10637
f 10640 10637 10641
f 10264 10263 10621
f 10621 10263 10259
f 10621 10259 10642
f 10642 10259 10256
f 10642 10256 10643
f 10643 10256 10257
f 10643 10257 10644
f 10645 10646 10647
f 10647 10646 10648
f 10647 10648 10649
f 10650 10649 10651
f 10651 10649 10648
f 10651 10648 10652
f 10652 10648 10646
f 10652 10646 10653
f 10543 10542 10654
f 10654 10542 10655
f 10654 10655 10656
f 10657 10544 10653
f 10653 10544 10543
f 10653 10543 10652
f 10652 10543 10654
f 10652 10654 10651
f 10651 10654 10656
f 10651 10656 10650
f 10257 5837 10644
f 10644 5837 10225
f 10644 10225 10658
f 10658 10225 10229
f 10658 10229 10659
f 10659 10229 10230
f 10659 10230 10660
f 10660 10230 10231
f 10661 10662 10663
f 10661 10663 10664
f 10664 10663 10665
f 10664 10665 10666
f 10666 10665 10667
f 10666 10667 10668
f 10530 10669 10670
f 10670 10669 10671
f 10670 10671 10672
f 10672 10671 10673
f 10672 10673 10674
f 10674 10673 10675
f 10674 10675 10676
f 10676 10675 10677
f 10676 10677 10678
f 10669 10667 10671
f 10671 10667 10665
f 10671 10665 10673
f 10673 10665 10663
f 10673 10663 10675
f 10675 10663 10662
f 10675 10662 10677
f 10234 10233 10679
f 10680 10681 10682
f 10682 10681 10683
f 10682 10683 10684
f 10685 10686 10687
f 10688 10680 10689
f 10689 10680 10682
f 10689 10682 10690
f 10690 10682 10684
f 10690 10684 10691
f 10681 10687 10683
f 10683 10687 10686
f 10683 10686 10684
f 10684 10686 10692
f 10684 10692 10691
f 10693 10540 10694
f 10694 10540 10539
f 10694 10539 10695
f 10696 10541 10697
f 10697 10541 10540
f 10697 10540 10698
f 10698 10540 10693
f 10698 10693 10699
f 10438 10688 10700
f 10700 10688 10689
f 10700 10689 10701
f 10701 10689 10690
f 10701 10690 10702
f 10702 10690 10691
f 10702 10691 10703
f 10703 10691 10692
f 10703 10692 10704
f 10233 10228 10679
f 10679 10228 10226
f 10679 10226 10705
f 10705 10226 10227
f 10705 10227 10706
f 10706 10227 10224
f 10706 10224 10707
f 10447 10446 10708
f 10708 10446 10709
f 10708 10709 10710
f 10710 10709 10711
f 10710 10711 10712
f 10712 10711 10713
f 10712 10713 10714
f 10714 10713 10715
f 10716 10717 10718
f 10718 10717 10719
f 10718 10719 10720
f 10721 10722 10723
f 10224 10223 10707
f 10707 10223 5785
f 10707 5785 10724
f 10724 5785 10241
f 10724 10241 10725
f 10725 10241 10240
f 10726 10716 10727
f 10727 10716 10718
f 10727 10718 10728
f 10728 10718 10720
f 10728 10720 10729
f 10717 10723 10719
f 10719 10723 10722
f 10719 10722 10720
f 10720 10722 10730
f 10720 10730 10729
f 10731 10732 10733
f 10733 10732 10734
f 10733 10734 10735
f 10735 10734 10736
f 10735 10736 10737
f 10737 10736 10738
f 10737 10738 10739
f 10739 10738 10740
f 10739 10740 10741
f 10741 10740 10742
f 10741 10742 10743
f 10743 10742 10744
f 10743 10744 10745
f 10745 10744 10746
f 10745 10746 10660
f 10660 10746 10747
f 10660 10747 10659
f 10659 10747 10748
f 10659 10748 10658
f 10658 10748 10749
f 10658 10749 10644
f 10644 10749 10750
f 10644 10750 10643
f 10643 10750 10751
f 10643 10751 10642
f 10642 10751 10752
f 10642 10752 10621
f 10621 10752 10753
f 10621 10753 10620
f 10620 10753 10754
f 10620 10754 10619
f 10619 10754 10755
f 10619 10755 10618
f 10618 10755 10756
f 10618 10756 10594
f 10594 10756 10585
f 10594 10585 10555
f 10555 10585 10586
f 10555 10586 10553
f 10448 10726 10538
f 10538 10726 10727
f 10538 10727 10757
f 10757 10727 10728
f 10757 10728 10758
f 10758 10728 10729
f 10758 10729 10759
f 10759 10729 10730
f 10759 10730 10760
f 10761 10762 10763
f 10763 10762 10764
f 10763 10764 10765
f 10765 10764 10766
f 10765 10766 10767
f 10768 10761 10769
f 10769 10761 10763
f 10769 10763 10770
f 10770 10763 10765
f 10770 10765 10537
f 10537 10765 10767
f 10537 10767 10529
f 10771 10460 10459
f 10772 10773 10774
f 10774 10773 10775
f 10774 10775 10776
f 10240 10242 10725
f 10725 10242 10254
f 10725 10254 10777
f 10777 10254 10248
f 10777 10248 10778
f 10778 10248 10251
f 10778 10251 10779
f 10779 10251 10249
f 10779 10249 10780
f 10780 10249 10250
f 10781 10776 10782
f 10782 10776 10775
f 10782 10775 10783
f 10783 10775 10773
f 10783 10773 10784
f 10785 10786 10787
f 10787 10786 10788
f 10787 10788 10789
f 10789 10788 10790
f 10789 10790 10791
f 10771 10785 10792
f 10792 10785 10787
f 10792 10787 10793
f 10793 10787 10789
f 10793 10789 10794
f 10794 10789 10791
f 10794 10791 10795
f 10580 10585 10578
f 10578 10585 10756
f 10578 10756 10796
f 10796 10756 10755
f 10796 10755 10797
f 10797 10755 10754
f 10797 10754 10798
f 10798 10754 10753
f 10798 10753 10799
f 10799 10753 10752
f 10799 10752 10800
f 10800 10752 10751
f 10800 10751 10801
f 10801 10751 10750
f 10801 10750 10802
f 10802 10750 10749
f 10802 10749 10803
f 10803 10749 10748
f 10803 10748 10804
f 10804 10748 10747
f 10804 10747 10805
f 10805 10747 10746
f 10805 10746 10806
f 10806 10746 10744
f 10806 10744 10807
f 10807 10744 10742
f 10807 10742 10808
f 10808 10742 10740
f 10808 10740 10809
f 10809 10740 10738
f 10809 10738 10810
f 10810 10738 10736
f 10810 10736 10811
f 10811 10736 10734
f 10811 10734 10812
f 10812 10734 10732
f 10812 10732 10813
f 10813 10732 10731
f 10813 10731 10814
f 10814 10731 10815
f 10814 10815 10816
f 10816 10815 10817
f 10816 10817 10818
f 10818 10817 10819
f 10818 10819 10820
f 10820 10819 10821
f 10820 10821 10822
f 10822 10821 10823
f 10822 10823 10824
f 10556 10558 10583
f 10583 10558 10825
f 10583 10825 10826
f 10826 10825 10827
f 10826 10827 10828
f 10828 10827 10829
f 10828 10829 10830
f 10830 10829 10831
f 10830 10831 10832
f 10832 10831 10833
f 10832 10833 10834
f 10834 10833 10835
f 10834 10835 10836
f 10836 10835 10837
f 10836 10837 10838
f 10838 10837 10839
f 10838 10839 10840
f 10840 10839 10841
f 10840 10841 10842
f 10842 10841 10843
f 10842 10843 10844
f 10844 10843 10845
f 10844 10845 10846
f 10846 10845 10847
f 10846 10847 10848
f 10848 10847 10849
f 10848 10849 10850
f 10850 10849 10851
f 10850 10851 10852
f 10852 10851 10853
f 10852 10853 10854
f 10854 10853 10855
f 10854 10855 10856
f 10856 10855 10857
f 10856 10857 10858
f 10858 10857 10859
f 10858 10859 10860
f 10860 10859 10861
f 10860 10861 10862
f 10862 10861 10863
f 10862 10863 10864
f 10864 10863 10865
f 10864 10865 10866
f 10866 10865 10867
f 10866 10867 10868
f 10868 10867 10869
f 10868 10869 10870
f 10870 10869 10871
f 10870 10871 10872
f 10873 10874 10875
f 10876 10877 10878
f 10878 10877 10879
f 10550 10552 10880
f 10880 10552 10881
f 10880 10881 10882
f 10882 10881 10883
f 10882 10883 10884
f 10884 10883 10885
f 10884 10885 10886
f 10886 10885 10887
f 10886 10887 10888
f 10888 10887 10889
f 10888 10889 10890
f 10890 10889 10891
f 10890 10891 10892
f 10892 10891 10893
f 10892 10893 10894
f 10894 10893 10895
f 10894 10895 10896
f 10896 10895 10897
f 10896 10897 10898
f 10898 10897 10899
f 10898 10899 10900
f 10900 10899 10901
f 10900 10901 10902
f 10902 10901 10903
f 10902 10903 10904
f 10904 10903 10905
f 10904 10905 10906
f 10906 10905 10907
f 10906 10907 10908
f 10908 10907 10909
f 10908 10909 10910
f 10910 10909 10911
f 10910 10911 10912
f 10912 10911 10913
f 10912 10913 10914
f 10914 10913 10915
f 10914 10915 10916
f 10916 10915 10917
f 10916 10917 10918
f 10918 10917 10919
f 10918 10919 10920
f 10920 10919 10921
f 10920 10921 10922
f 10922 10921 10923
f 10922 10923 10924
f 10924 10923 10878
f 10924 10878 10535
f 10535 10878 10879
f 10535 10879 10533
f 10925 10926 10927
f 10927 10928 10925
f 10925 10928 10784
f 10925 10784 10929
f 10929 10784 10773
f 10929 10773 10930
f 10930 10773 10772
f 10930 10772 10931
f 10931 10772 10760
f 10931 10760 10932
f 10932 10760 10730
f 10932 10730 10933
f 10933 10730 10722
f 10933 10722 10934
f 10934 10722 10721
f 10934 10721 10935
f 10935 10721 10704
f 10935 10704 10936
f 10936 10704 10692
f 10936 10692 10937
f 10937 10692 10686
f 10937 10686 10938
f 10938 10686 10685
f 10938 10685 10939
f 10939 10685 10940
f 10939 10940 10941
f 10941 10940 10657
f 10941 10657 10942
f 10942 10657 10653
f 10942 10653 10943
f 10943 10653 10646
f 10943 10646 10944
f 10944 10646 10645
f 10944 10645 10945
f 10945 10645 10631
f 10945 10631 10946
f 10946 10631 10630
f 10946 10630 10947
f 10947 10630 10617
f 10947 10617 10948
f 10948 10617 10612
f 10948 10612 10949
f 10949 10612 10611
f 10949 10611 10950
f 10950 10611 10600
f 10950 10600 10951
f 10951 10600 10590
f 10951 10590 10952
f 10952 10590 10564
f 10952 10564 10566
f 10566 10564 10565
f 10566 10565 10567
f 10560 10550 10566
f 10566 10550 10880
f 10566 10880 10952
f 10952 10880 10882
f 10952 10882 10951
f 10951 10882 10884
f 10951 10884 10950
f 10950 10884 10886
f 10950 10886 10949
f 10949 10886 10888
f 10949 10888 10948
f 10948 10888 10890
f 10948 10890 10947
f 10947 10890 10892
f 10947 10892 10946
f 10946 10892 10894
f 10946 10894 10945
f 10945 10894 10896
f 10945 10896 10944
f 10944 10896 10898
f 10944 10898 10943
f 10943 10898 10900
f 10943 10900 10942
f 10942 10900 10902
f 10942 10902 10941
f 10941 10902 10904
f 10941 10904 10939
f 10939 10904 10906
f 10939 10906 10938
f 10938 10906 10908
f 10938 10908 10937
f 10937 10908 10910
f 10937 10910 10936
f 10936 10910 10912
f 10936 10912 10935
f 10935 10912 10914
f 10935 10914 10934
f 10934 10914 10916
f 10934 10916 10933
f 10933 10916 10918
f 10933 10918 10932
f 10932 10918 10920
f 10932 10920 10931
f 10931 10920 10922
f 10931 10922 10930
f 10930 10922 10924
f 10930 10924 10929
f 10929 10924 10535
f 10929 10535 10925
f 10925 10535 10534
f 10925 10534 10926
f 10953 10954 10955
f 10953 10955 10956
f 10956 10955 10957
f 10956 10957 10958
f 10468 10467 10959
f 10959 10467 10532
f 10959 10532 10960
f 10960 10532 10958
f 10960 10958 10961
f 10961 10958 10957
f 10927 10962 10928
f 10928 10962 10963
f 10928 10963 10953
f 10953 10963 10964
f 10953 10964 10954
f 10250 10252 10780
f 10780 10252 10243
f 10780 10243 10873
f 10873 10243 10245
f 10873 10245 10874
f 10874 10245 10237
f 10237 10239 10874
f 10874 10239 10965
f 10874 10965 10966
f 10823 10967 10968
f 10823 10968 10824
f 10824 10968 10969
f 10824 10969 10970
f 10557 10578 10558
f 10558 10578 10796
f 10558 10796 10825
f 10825 10796 10797
f 10825 10797 10827
f 10827 10797 10798
f 10827 10798 10829
f 10829 10798 10799
f 10829 10799 10831
f 10831 10799 10800
f 10831 10800 10833
f 10833 10800 10801
f 10833 10801 10835
f 10835 10801 10802
f 10835 10802 10837
f 10837 10802 10803
f 10837 10803 10839
f 10839 10803 10804
f 10839 10804 10841
f 10841 10804 10805
f 10841 10805 10843
f 10843 10805 10806
f 10843 10806 10845
f 10845 10806 10807
f 10845 10807 10847
f 10847 10807 10808
f 10847 10808 10849
f 10849 10808 10809
f 10849 10809 10851
f 10851 10809 10810
f 10851 10810 10853
f 10853 10810 10811
f 10853 10811 10855
f 10855 10811 10812
f 10855 10812 10857
f 10857 10812 10813
f 10857 10813 10859
f 10859 10813 10814
f 10859 10814 10861
f 10861 10814 10816
f 10861 10816 10863
f 10863 10816 10818
f 10863 10818 10865
f 10865 10818 10820
f 10865 10820 10867
f 10867 10820 10822
f 10867 10822 10869
f 10869 10822 10824
f 10869 10824 10871
f 10871 10824 10970
f 10871 10970 10971
f 10966 10972 10874
f 10874 10972 10973
f 10874 10973 10875
f 10875 10973 10974
f 10875 10974 10975
f 10231 10232 10660
f 10660 10232 10234
f 10660 10234 10745
f 10745 10234 10679
f 10745 10679 10743
f 10743 10679 10705
f 10743 10705 10741
f 10741 10705 10706
f 10741 10706 10739
f 10739 10706 10707
f 10739 10707 10737
f 10737 10707 10724
f 10737 10724 10735
f 10735 10724 10725
f 10735 10725 10733
f 10733 10725 10777
f 10733 10777 10731
f 10731 10777 10778
f 10731 10778 10815
f 10815 10778 10779
f 10815 10779 10817
f 10817 10779 10780
f 10817 10780 10819
f 10819 10780 10873
f 10819 10873 10821
f 10821 10873 10875
f 10821 10875 10823
f 10823 10875 10975
f 10823 10975 10967
f 10402 10976 10403
f 10403 10976 10572
f 10403 10572 10404
f 10404 10572 10571
f 10404 10571 10405
f 10976 10977 10572
f 10572 10977 10978
f 10572 10978 10568
f 10568 10978 10979
f 10568 10979 10569
f 10561 10980 10550
f 10550 10980 10981
f 10550 10981 10551
f 10551 10981 10982
f 10551 10982 10581
f 10406 10405 10587
f 10587 10405 10571
f 10587 10571 10588
f 10588 10571 10573
f 10588 10573 10593
f 10593 10573 10574
f 10593 10574 10564
f 10564 10574 10575
f 10564 10575 10562
f 10562 10575 10577
f 10410 10596 10413
f 10413 10596 10608
f 10413 10608 10412
f 10412 10608 10609
f 10412 10609 10411
f 10411 10609 10610
f 10411 10610 10414
f 10418 10417 10983
f 10983 10417 10416
f 10983 10416 10984
f 10984 10416 10415
f 10984 10415 10414
f 10419 10418 10545
f 10545 10418 10983
f 10545 10983 10629
f 10629 10983 10984
f 10629 10984 10548
f 10548 10984 10414
f 10548 10414 10549
f 10549 10414 10610
f 10549 10610 10615
f 10615 10610 10607
f 10615 10607 10613
f 10613 10607 10606
f 10613 10606 10611
f 10611 10606 10604
f 10611 10604 10600
f 10600 10604 10602
f 10600 10602 10599
f 10599 10602 10601
f 10599 10601 10598
f 10598 10601 10595
f 10598 10595 10597
f 10597 10595 10408
f 10597 10408 10407
f 10426 10425 10641
f 10641 10425 10424
f 10641 10424 10640
f 10640 10424 10423
f 10640 10423 10639
f 10639 10423 10422
f 10639 10422 10638
f 10638 10422 10421
f 10638 10421 10420
f 10427 10426 10985
f 10985 10426 10641
f 10985 10641 10986
f 10986 10641 10637
f 10986 10637 10987
f 10987 10637 10636
f 10655 10531 10656
f 10656 10531 10427
f 10656 10427 10650
f 10650 10427 10985
f 10650 10985 10649
f 10649 10985 10986
f 10649 10986 10647
f 10647 10986 10987
f 10647 10987 10645
f 10645 10987 10636
f 10645 10636 10631
f 10631 10636 10634
f 10631 10634 10632
f 10632 10634 10633
f 10632 10633 10628
f 10628 10633 10638
f 10628 10638 10546
f 10546 10638 10420
f 10546 10420 10419
f 10668 10667 10988
f 10988 10667 10669
f 10988 10669 10989
f 10989 10669 10530
f 10989 10530 10990
f 10990 10530 10430
f 10990 10430 10429
f 10431 10530 10434
f 10434 10530 10670
f 10434 10670 10433
f 10433 10670 10672
f 10433 10672 10432
f 10432 10672 10674
f 10432 10674 10435
f 10435 10674 10676
f 10435 10676 10436
f 10436 10676 10678
f 10436 10678 10437
f 10438 10437 10688
f 10688 10437 10678
f 10688 10678 10680
f 10680 10678 10677
f 10680 10677 10681
f 10681 10677 10662
f 10681 10662 10687
f 10687 10662 10661
f 10687 10661 10685
f 10685 10661 10664
f 10685 10664 10940
f 10940 10664 10666
f 10940 10666 10657
f 10657 10666 10668
f 10657 10668 10544
f 10544 10668 10988
f 10544 10988 10542
f 10542 10988 10989
f 10542 10989 10655
f 10655 10989 10990
f 10655 10990 10531
f 10531 10990 10429
f 10531 10429 10428
f 10445 10444 10699
f 10699 10444 10443
f 10699 10443 10698
f 10698 10443 10442
f 10698 10442 10697
f 10697 10442 10441
f 10697 10441 10696
f 10696 10441 10440
f 10696 10440 10439
f 10446 10445 10709
f 10709 10445 10699
f 10709 10699 10711
f 10711 10699 10693
f 10711 10693 10713
f 10713 10693 10694
f 10713 10694 10715
f 10715 10694 10695
f 10448 10447 10726
f 10726 10447 10708
f 10726 10708 10716
f 10716 10708 10710
f 10716 10710 10717
f 10717 10710 10712
f 10717 10712 10723
f 10723 10712 10714
f 10723 10714 10721
f 10721 10714 10715
f 10721 10715 10704
f 10704 10715 10695
f 10704 10695 10703
f 10703 10695 10539
f 10703 10539 10702
f 10702 10539 10541
f 10702 10541 10701
f 10701 10541 10696
f 10701 10696 10700
f 10700 10696 10439
f 10700 10439 10438
f 10991 10453 10992
f 10992 10453 10452
f 10992 10452 10993
f 10993 10452 10451
f 10993 10451 10450
f 10456 10455 10991
f 10991 10455 10454
f 10991 10454 10453
f 10457 10456 10537
f 10537 10456 10991
f 10537 10991 10770
f 10770 10991 10992
f 10770 10992 10769
f 10769 10992 10993
f 10769 10993 10768
f 10768 10993 10450
f 10449 10538 10450
f 10450 10538 10757
f 10450 10757 10768
f 10768 10757 10758
f 10768 10758 10761
f 10761 10758 10759
f 10761 10759 10762
f 10762 10759 10760
f 10762 10760 10764
f 10764 10760 10772
f 10764 10772 10766
f 10766 10772 10774
f 10766 10774 10767
f 10767 10774 10776
f 10767 10776 10529
f 10529 10776 10781
f 10529 10781 10458
f 10460 10771 10461
f 10461 10771 10792
f 10461 10792 10462
f 10462 10792 10793
f 10462 10793 10463
f 10463 10793 10794
f 10463 10794 10464
f 10464 10794 10795
f 10464 10795 10536
f 10466 10465 10532
f 10532 10465 10536
f 10532 10536 10958
f 10958 10536 10795
f 10958 10795 10956
f 10956 10795 10791
f 10956 10791 10953
f 10953 10791 10790
f 10953 10790 10928
f 10928 10790 10788
f 10928 10788 10784
f 10784 10788 10786
f 10784 10786 10783
f 10783 10786 10785
f 10783 10785 10782
f 10782 10785 10771
f 10782 10771 10781
f 10781 10771 10459
f 10781 10459 10458
f 10971 10994 10871
f 10871 10994 10995
f 10871 10995 10872
f 10872 10995 10996
f 10872 10996 10997
f 10581 10583 10551
f 10551 10583 10826
f 10551 10826 10552
f 10552 10826 10828
f 10552 10828 10881
f 10881 10828 10830
f 10881 10830 10883
f 10883 10830 10832
f 10883 10832 10885
f 10885 10832 10834
f 10885 10834 10887
f 10887 10834 10836
f 10887 10836 10889
f 10889 10836 10838
f 10889 10838 10891
f 10891 10838 10840
f 10891 10840 10893
f 10893 10840 10842
f 10893 10842 10895
f 10895 10842 10844
f 10895 10844 10897
f 10897 10844 10846
f 10897 10846 10899
f 10899 10846 10848
f 10899 10848 10901
f 10901 10848 10850
f 10901 10850 10903
f 10903 10850 10852
f 10903 10852 10905
f 10905 10852 10854
f 10905 10854 10907
f 10907 10854 10856
f 10907 10856 10909
f 10909 10856 10858
f 10909 10858 10911
f 10911 10858 10860
f 10911 10860 10913
f 10913 10860 10862
f 10913 10862 10915
f 10915 10862 10864
f 10915 10864 10917
f 10917 10864 10866
f 10917 10866 10919
f 10919 10866 10868
f 10919 10868 10921
f 10921 10868 10870
f 10921 10870 10923
f 10923 10870 10872
f 10923 10872 10878
f 10878 10872 10997
f 10878 10997 10876
f 10998 10999 11000
f 11000 10999 11001
f 10279 11002 10281
f 10281 11002 10239
f 11003 11004 11005
f 10279 10277 11002
f 11002 10277 10275
f 11002 10275 11006
f 11005 11007 11003
f 11003 11007 11008
f 11003 11008 10999
f 10999 11008 11009
f 10999 11009 11001
f 11010 10314 11011
f 11011 10314 10312
f 11011 10312 11004
f 11004 10312 11012
f 11004 11012 11005
f 10275 10273 11006
f 11006 10273 10271
f 11006 10271 11013
f 11013 10271 10269
f 11013 10269 11014
f 11014 10269 10268
f 11014 10268 11015
f 11015 10268 10331
f 11015 10331 10329
f 10329 10327 11015
f 11015 10327 10325
f 11015 10325 10323
f 10321 11016 10323
f 10323 11016 11017
f 10323 11017 11015
f 10321 10319 11016
f 11016 10319 10317
f 11016 10317 11010
f 11010 10317 10316
f 11010 10316 10314
f 10340 11018 11019
f 10340 11019 10339
f 10339 11019 11020
f 10339 11020 10336
f 10336 11020 11021
f 10336 11021 10337
f 10337 11021 11022
f 10337 11022 10338
f 10338 11022 11023
f 10338 11023 10344
f 10344 11023 11024
f 10344 11024 10345
f 10345 11024 11025
f 10345 11025 10334
f 10334 11025 11026
f 10334 11026 10335
f 10335 11026 11027
f 10335 11027 10343
f 10343 11027 11028
f 10343 11028 10333
f 10486 10485 11029
f 10401 10400 11030
f 11031 11032 11033
f 11034 11035 11036
f 11037 11038 11039
f 11040 11041 11042
f 10490 10489 11043
f 10482 10481 11044
f 10475 10474 11045
f 10974 10973 11046
f 10962 10927 11047
f 11010 11011 11048
f 11048 11011 11004
f 11048 11004 11049
f 11049 11004 11003
f 11049 11003 11050
f 11050 11003 10999
f 11050 10999 11051
f 11051 10999 10998
f 11051 10998 11052
f 11010 11048 11016
f 11016 11048 11053
f 11016 11053 11017
f 11017 11053 11054
f 11017 11054 11015
f 11015 11054 11055
f 11015 11055 11014
f 11014 11055 11056
f 11014 11056 11013
f 11057 11002 11056
f 11056 11002 11006
f 11056 11006 11013
f 10382 10388 10559
f 10559 10388 10389
f 10559 10389 5891
f 10393 10394 11058
f 11058 10394 10384
f 11058 10384 11059
f 11059 10384 10383
f 11059 10383 11060
f 11060 10383 10382
f 10393 11058 10392
f 10392 11058 11061
f 10392 11061 10391
f 10391 11061 11062
f 10391 11062 10390
f 10390 11062 11063
f 10390 11063 10397
f 10397 11063 11064
f 10397 11064 10387
f 11065 11066 11067
f 11067 11066 10376
f 11067 10376 11068
f 11068 10376 10375
f 11068 10375 11064
f 11064 10375 10379
f 11064 10379 10387
f 11069 11070 11067
f 11067 11070 11071
f 11067 11071 11065
f 11072 11073 11074
f 11074 11073 11075
f 11074 11075 11076
f 11076 11075 11077
f 11076 11077 11069
f 11069 11077 11078
f 11069 11078 11070
f 11072 11074 11079
f 11079 11074 11080
f 11079 11080 11081
f 11081 11080 11082
f 11081 11082 11083
f 11083 11082 11084
f 11083 11084 11085
f 11085 11084 11086
f 11085 11086 11087
f 11052 11088 11051
f 11051 11088 11089
f 11051 11089 11086
f 11086 11089 11090
f 11086 11090 11087
f 10879 11091 11092
f 11047 10927 11093
f 10927 10926 11093
f 11093 10926 10534
f 11093 10534 11092
f 11092 10534 10533
f 11092 10533 10879
f 10963 11094 10964
f 10964 11094 10954
f 11094 11095 11096
f 11096 11095 11097
f 11096 11097 11098
f 11097 11099 11098
f 11098 11099 10470
f 11098 10470 10469
f 10954 11094 10955
f 10955 11094 11096
f 10955 11096 10957
f 10957 11096 11098
f 10957 11098 10961
f 10973 10972 11057
f 10239 11002 10965
f 10965 11002 11057
f 10965 11057 10966
f 10966 11057 10972
f 10970 10969 11100
f 11100 10969 10968
f 11100 10968 10967
f 10994 10971 11101
f 11101 10971 10970
f 11102 10975 10974
f 10473 10472 11103
f 11103 10472 11104
f 11103 11104 11105
f 11105 11104 11106
f 11105 11106 11107
f 11107 11106 11108
f 11107 11108 11109
f 11109 11108 11110
f 11109 11110 11047
f 10476 10475 11111
f 11111 10475 11045
f 11111 11045 11112
f 11112 11045 11113
f 11112 11113 11114
f 11114 11113 11115
f 11114 11115 11116
f 11116 11115 11117
f 11116 11117 11118
f 10478 10479 11119
f 11119 10479 11120
f 11119 11120 11121
f 11121 11120 11122
f 11121 11122 11123
f 11123 11122 11124
f 11123 11124 11125
f 11125 11124 11126
f 11125 11126 11127
f 10480 10477 11128
f 11128 10477 11129
f 11128 11129 11130
f 11130 11129 11131
f 11130 11131 11132
f 11132 11131 11133
f 11132 11133 11134
f 11134 11133 11135
f 11134 11135 11136
f 10483 10482 11137
f 11137 10482 11044
f 11137 11044 11138
f 11138 11044 11139
f 11138 11139 11140
f 11140 11139 11141
f 11140 11141 11142
f 11142 11141 11143
f 11142 11143 11144
f 10485 10484 11029
f 11029 10484 11145
f 11029 11145 11146
f 11146 11145 11147
f 11146 11147 11148
f 11148 11147 11149
f 11148 11149 11150
f 11150 11149 11151
f 11150 11151 11152
f 10488 10487 11153
f 11153 10487 11154
f 11153 11154 11155
f 11155 11154 11156
f 11155 11156 11157
f 11157 11156 11158
f 11157 11158 11159
f 11159 11158 11160
f 11159 11160 11161
f 10491 10490 11162
f 11162 10490 11043
f 11162 11043 11163
f 11163 11043 11164
f 11163 11164 11165
f 11165 11164 11166
f 11165 11166 11167
f 11167 11166 11168
f 11167 11168 11169
f 10492 11170 11171
f 11171 11170 11172
f 11172 11170 11173
f 11172 11173 11174
f 11174 11173 11175
f 11174 11175 11176
f 11176 11175 11177
f 11176 11177 11178
f 11179 11180 11181
f 11181 11180 11182
f 11181 11182 11183
f 11183 11182 11184
f 11183 11184 11185
f 11185 11184 11186
f 11187 11188 11189
f 11189 11188 11190
f 11189 11190 11191
f 11191 11190 11192
f 11191 11192 11193
f 11193 11192 11194
f 11195 11194 11196
f 11196 11194 11192
f 11196 11192 11197
f 11197 11192 11190
f 11197 11190 11198
f 11198 11190 11188
f 11187 11180 11188
f 11188 11180 11179
f 11188 11179 11198
f 11198 11179 11199
f 11198 11199 11197
f 11197 11199 11200
f 11197 11200 11196
f 11196 11200 11201
f 11196 11201 11195
f 11195 11201 11202
f 11195 11202 10498
f 10498 11202 10499
f 10501 10500 11203
f 11203 10500 11204
f 11203 11204 11205
f 11205 11204 11206
f 11205 11206 11207
f 11207 11206 11208
f 11207 11208 11209
f 11209 11208 11210
f 11209 11210 11211
f 11212 11040 11213
f 11214 11215 11216
f 11216 11215 11217
f 11216 11217 11218
f 11219 11220 11221
f 11222 11214 11223
f 11223 11214 11216
f 11223 11216 11224
f 11224 11216 11218
f 11224 11218 11225
f 11215 11221 11217
f 11217 11221 11220
f 11217 11220 11218
f 11218 11220 11226
f 11218 11226 11225
f 11038 11037 11227
f 11227 11037 11228
f 11227 11228 11229
f 11229 11228 11230
f 11229 11230 11231
f 11231 11230 10502
f 11231 10502 10503
f 10504 11222 11232
f 11232 11222 11223
f 11232 11223 11233
f 11233 11223 11224
f 11233 11224 11234
f 11234 11224 11225
f 11234 11225 11235
f 11235 11225 11226
f 11235 11226 11236
f 11237 11035 11238
f 11238 11035 11034
f 11238 11034 11239
f 11239 11034 11039
f 11240 11036 11241
f 11241 11036 11035
f 11241 11035 11242
f 11242 11035 11237
f 11242 11237 11243
f 11244 11245 11246
f 11246 11245 11247
f 11246 11247 11248
f 11249 11250 11251
f 11252 11244 11253
f 11253 11244 11246
f 11253 11246 11254
f 11254 11246 11248
f 11254 11248 11255
f 11245 11251 11247
f 11247 11251 11250
f 11247 11250 11248
f 11248 11250 11256
f 11248 11256 11255
f 10512 11252 11257
f 11257 11252 11253
f 11257 11253 11258
f 11258 11253 11254
f 11258 11254 11259
f 11259 11254 11255
f 11259 11255 11260
f 11260 11255 11256
f 11260 11256 11261
f 11262 11263 11264
f 11264 11263 11265
f 11264 11265 11266
f 11266 11265 11267
f 11266 11267 11268
f 11269 11270 11271
f 11271 11270 11272
f 11271 11272 11273
f 11273 11272 11274
f 11273 11274 11275
f 11275 11274 11276
f 11275 11276 11277
f 11277 11276 11278
f 11277 11278 11279
f 11270 11262 11272
f 11272 11262 11264
f 11272 11264 11274
f 11274 11264 11266
f 11274 11266 11276
f 11276 11266 11268
f 11276 11268 11278
f 11280 11281 11282
f 11282 11281 11283
f 11282 11283 11284
f 11285 11286 11287
f 11288 11280 11289
f 11289 11280 11282
f 11289 11282 11290
f 11290 11282 11284
f 11290 11284 11291
f 11281 11287 11283
f 11283 11287 11286
f 11283 11286 11284
f 11284 11286 11292
f 11284 11292 11291
f 11293 11032 11294
f 11294 11032 11031
f 11294 11031 11295
f 11296 11033 11297
f 11297 11033 11032
f 11297 11032 11298
f 11298 11032 11293
f 11298 11293 11299
f 10521 11288 11300
f 11300 11288 11289
f 11300 11289 11301
f 11301 11289 11290
f 11301 11290 11302
f 11302 11290 11291
f 11302 11291 11303
f 11303 11291 11292
f 11303 11292 11304
f 11040 11042 11213
f 11213 11042 11305
f 11213 11305 11306
f 11306 11305 11307
f 11306 11307 11308
f 11308 11307 11309
f 11308 11309 11310
f 11310 11309 11311
f 11310 11311 11312
f 11312 11311 11313
f 11312 11313 11314
f 11314 11313 11315
f 11314 11315 11316
f 11316 11315 11317
f 11316 11317 11318
f 11318 11317 11319
f 11318 11319 11320
f 11320 11319 11321
f 11320 11321 11322
f 11322 11321 11323
f 11322 11323 11324
f 11324 11323 11325
f 11324 11325 11326
f 10399 10398 11327
f 11327 10398 11328
f 11327 11328 11329
f 11329 11328 11330
f 11329 11330 11331
f 11331 11330 11332
f 11331 11332 11333
f 11333 11332 11334
f 10584 11335 11336
f 11336 11335 11337
f 11336 11337 11338
f 11338 11337 11339
f 11338 11339 11340
f 11340 11339 11341
f 11340 11341 11342
f 11342 11341 11343
f 11342 11343 11344
f 11344 11343 11345
f 11344 11345 11346
f 11346 11345 11347
f 11346 11347 11348
f 11348 11347 11349
f 11348 11349 11350
f 11350 11349 11351
f 11350 11351 11352
f 11352 11351 11353
f 11352 11353 11354
f 11354 11353 11355
f 11354 11355 11356
f 11356 11355 11357
f 11356 11357 11358
f 11358 11357 11359
f 11358 11359 11360
f 11360 11359 11361
f 11360 11361 11362
f 11362 11361 11363
f 11362 11363 11364
f 11364 11363 11365
f 11364 11365 11366
f 11366 11365 11367
f 11366 11367 11368
f 11368 11367 11369
f 11368 11369 11370
f 11370 11369 11371
f 11370 11371 11372
f 11372 11371 11373
f 11372 11373 11374
f 11374 11373 11375
f 11374 11375 11376
f 11376 11375 11377
f 11376 11377 11378
f 11378 11377 11379
f 11378 11379 11380
f 11380 11379 11381
f 11380 11381 11382
f 11382 11381 11100
f 11382 11100 11102
f 11102 11100 10967
f 11102 10967 10975
f 10994 11101 11383
f 11383 11101 11384
f 11383 11384 11385
f 11385 11384 11386
f 11385 11386 11387
f 11387 11386 11388
f 11387 11388 11389
f 11389 11388 11390
f 11389 11390 11391
f 11391 11390 11392
f 11391 11392 11393
f 11393 11392 11394
f 11393 11394 11395
f 11395 11394 11396
f 11395 11396 11397
f 11397 11396 11398
f 11397 11398 11399
f 11399 11398 11400
f 11399 11400 11401
f 11401 11400 11402
f 11401 11402 11403
f 11403 11402 11404
f 11403 11404 11405
f 11405 11404 11406
f 11405 11406 11407
f 11407 11406 11408
f 11407 11408 11409
f 11409 11408 11410
f 11409 11410 11411
f 11411 11410 11412
f 11411 11412 11413
f 11413 11412 11414
f 11413 11414 11415
f 11415 11414 11416
f 11415 11416 11417
f 11417 11416 11418
f 11417 11418 11419
f 11419 11418 11420
f 11419 11420 11421
f 11421 11420 11422
f 11421 11422 11423
f 11423 11422 11424
f 11423 11424 11425
f 11425 11424 11426
f 11425 11426 11427
f 11427 11426 11428
f 11427 11428 11429
f 11429 11428 11430
f 11429 11430 11431
f 10970 11100 11101
f 11101 11100 11381
f 11101 11381 11384
f 11384 11381 11379
f 11384 11379 11386
f 11386 11379 11377
f 11386 11377 11388
f 11388 11377 11375
f 11388 11375 11390
f 11390 11375 11373
f 11390 11373 11392
f 11392 11373 11371
f 11392 11371 11394
f 11394 11371 11369
f 11394 11369 11396
f 11396 11369 11367
f 11396 11367 11398
f 11398 11367 11365
f 11398 11365 11400
f 11400 11365 11363
f 11400 11363 11402
f 11402 11363 11361
f 11402 11361 11404
f 11404 11361 11359
f 11404 11359 11406
f 11406 11359 11357
f 11406 11357 11408
f 11408 11357 11355
f 11408 11355 11410
f 11410 11355 11353
f 11410 11353 11412
f 11412 11353 11351
f 11412 11351 11414
f 11414 11351 11349
f 11414 11349 11416
f 11416 11349 11347
f 11416 11347 11418
f 11418 11347 11345
f 11418 11345 11420
f 11420 11345 11343
f 11420 11343 11422
f 11422 11343 11341
f 11422 11341 11424
f 11424 11341 11339
f 11424 11339 11426
f 11426 11339 11337
f 11426 11337 11428
f 11428 11337 11335
f 11428 11335 11430
f 10560 10567 11432
f 11432 10567 10565
f 10565 11433 11432
f 11432 11433 11304
f 11432 11304 11434
f 11434 11304 11292
f 11434 11292 11435
f 11435 11292 11286
f 11435 11286 11436
f 11436 11286 11285
f 11436 11285 11437
f 11437 11285 11261
f 11437 11261 11438
f 11438 11261 11256
f 11438 11256 11439
f 11439 11256 11250
f 11439 11250 11440
f 11440 11250 11249
f 11440 11249 11441
f 11441 11249 11236
f 11441 11236 11442
f 11442 11236 11226
f 11442 11226 11443
f 11443 11226 11220
f 11443 11220 11444
f 11444 11220 11219
f 11444 11219 11212
f 10581 10982 11325
f 11325 10982 10981
f 11325 10981 11326
f 11326 10981 10980
f 11326 10980 10561
f 11212 11213 11444
f 11444 11213 11306
f 11444 11306 11443
f 11443 11306 11308
f 11443 11308 11442
f 11442 11308 11310
f 11442 11310 11441
f 11441 11310 11312
f 11441 11312 11440
f 11440 11312 11314
f 11440 11314 11439
f 11439 11314 11316
f 11439 11316 11438
f 11438 11316 11318
f 11438 11318 11437
f 11437 11318 11320
f 11437 11320 11436
f 11436 11320 11322
f 11436 11322 11435
f 11435 11322 11324
f 11435 11324 11434
f 11434 11324 11326
f 11434 11326 11432
f 11432 11326 10561
f 11432 10561 10560
f 10569 11445 10570
f 10570 11445 11446
f 10570 11446 10576
f 10402 10401 10976
f 10976 10401 11030
f 10976 11030 10977
f 10977 11030 11447
f 10977 11447 10978
f 10978 11447 11445
f 10978 11445 10979
f 10979 11445 10569
f 10565 10563 11433
f 11433 10563 10562
f 11433 10562 11446
f 11446 10562 10577
f 11446 10577 10576
f 10382 10559 11060
f 11060 10559 10554
f 11060 10554 10553
f 10973 11057 11046
f 11046 11057 11056
f 11046 11056 11448
f 11448 11056 11055
f 11448 11055 11449
f 11449 11055 11054
f 11449 11054 11450
f 11450 11054 11053
f 11450 11053 11451
f 11451 11053 11048
f 11451 11048 11452
f 11452 11048 11049
f 11452 11049 11453
f 11453 11049 11050
f 11453 11050 11454
f 11454 11050 11051
f 11454 11051 11455
f 11455 11051 11086
f 11455 11086 11456
f 11456 11086 11084
f 11456 11084 11457
f 11457 11084 11082
f 11457 11082 11458
f 11458 11082 11080
f 11458 11080 11459
f 11459 11080 11074
f 11459 11074 11460
f 11460 11074 11076
f 11460 11076 11461
f 11461 11076 11069
f 11461 11069 11462
f 11462 11069 11067
f 11462 11067 11463
f 11463 11067 11068
f 11463 11068 11464
f 11464 11068 11064
f 11464 11064 11465
f 11465 11064 11063
f 11465 11063 11466
f 11466 11063 11062
f 11466 11062 11467
f 11467 11062 11061
f 11467 11061 11468
f 11468 11061 11058
f 11468 11058 11469
f 11469 11058 11059
f 11469 11059 11470
f 11470 11059 11060
f 11470 11060 11471
f 11471 11060 10553
f 11471 10553 10586
f 10974 11046 11102
f 11102 11046 11448
f 11102 11448 11382
f 11382 11448 11449
f 11382 11449 11380
f 11380 11449 11450
f 11380 11450 11378
f 11378 11450 11451
f 11378 11451 11376
f 11376 11451 11452
f 11376 11452 11374
f 11374 11452 11453
f 11374 11453 11372
f 11372 11453 11454
f 11372 11454 11370
f 11370 11454 11455
f 11370 11455 11368
f 11368 11455 11456
f 11368 11456 11366
f 11366 11456 11457
f 11366 11457 11364
f 11364 11457 11458
f 11364 11458 11362
f 11362 11458 11459
f 11362 11459 11360
f 11360 11459 11460
f 11360 11460 11358
f 11358 11460 11461
f 11358 11461 11356
f 11356 11461 11462
f 11356 11462 11354
f 11354 11462 11463
f 11354 11463 11352
f 11352 11463 11464
f 11352 11464 11350
f 11350 11464 11465
f 11350 11465 11348
f 11348 11465 11466
f 11348 11466 11346
f 11346 11466 11467
f 11346 11467 11344
f 11344 11467 11468
f 11344 11468 11342
f 11342 11468 11469
f 11342 11469 11340
f 11340 11469 11470
f 11340 11470 11338
f 11338 11470 11471
f 11338 11471 11336
f 11336 11471 10586
f 11336 10586 10584
f 10469 10468 10959
f 10469 10959 11098
f 11098 10959 10960
f 11098 10960 10961
f 10997 10996 11383
f 11383 10996 10995
f 11383 10995 10994
f 10879 10877 11091
f 11091 10877 10876
f 11091 10876 10997
f 10963 10962 11094
f 11094 10962 11047
f 11094 11047 11095
f 11095 11047 11110
f 11095 11110 11097
f 11097 11110 11108
f 11097 11108 11099
f 11099 11108 11106
f 11099 11106 10470
f 10470 11106 11104
f 10470 11104 10471
f 10471 11104 10472
f 10474 10473 11045
f 11045 10473 11103
f 11045 11103 11113
f 11113 11103 11105
f 11113 11105 11115
f 11115 11105 11107
f 11115 11107 11117
f 11117 11107 11109
f 11117 11109 11118
f 11118 11109 11047
f 11118 11047 11472
f 11472 11047 11093
f 11472 11093 11473
f 11473 11093 11092
f 11473 11092 11474
f 11474 11092 11091
f 10479 10476 11120
f 11120 10476 11111
f 11120 11111 11122
f 11122 11111 11112
f 11122 11112 11124
f 11124 11112 11114
f 11124 11114 11126
f 11126 11114 11116
f 11126 11116 11127
f 11127 11116 11118
f 11127 11118 11475
f 11475 11118 11472
f 11475 11472 11476
f 11476 11472 11473
f 11476 11473 11477
f 11477 11473 11474
f 10477 10478 11129
f 11129 10478 11119
f 11129 11119 11131
f 11131 11119 11121
f 11131 11121 11133
f 11133 11121 11123
f 11133 11123 11135
f 11135 11123 11125
f 11135 11125 11136
f 11136 11125 11127
f 11136 11127 11478
f 11478 11127 11475
f 11478 11475 11479
f 11479 11475 11476
f 11479 11476 11480
f 11480 11476 11477
f 10481 10480 11044
f 11044 10480 11128
f 11044 11128 11139
f 11139 11128 11130
f 11139 11130 11141
f 11141 11130 11132
f 11141 11132 11143
f 11143 11132 11134
f 11143 11134 11144
f 11144 11134 11136
f 11144 11136 11481
f 11481 11136 11478
f 11481 11478 11482
f 11482 11478 11479
f 11482 11479 11483
f 11483 11479 11480
f 10484 10483 11145
f 11145 10483 11137
f 11145 11137 11147
f 11147 11137 11138
f 11147 11138 11149
f 11149 11138 11140
f 11149 11140 11151
f 11151 11140 11142
f 11151 11142 11152
f 11152 11142 11144
f 11152 11144 11484
f 11484 11144 11481
f 11484 11481 11485
f 11485 11481 11482
f 11485 11482 11486
f 11486 11482 11483
f 10487 10486 11154
f 11154 10486 11029
f 11154 11029 11156
f 11156 11029 11146
f 11156 11146 11158
f 11158 11146 11148
f 11158 11148 11160
f 11160 11148 11150
f 11160 11150 11161
f 11161 11150 11152
f 11161 11152 11487
f 11487 11152 11484
f 11487 11484 11488
f 11488 11484 11485
f 11488 11485 11489
f 11489 11485 11486
f 10489 10488 11043
f 11043 10488 11153
f 11043 11153 11164
f 11164 11153 11155
f 11164 11155 11166
f 11166 11155 11157
f 11166 11157 11168
f 11168 11157 11159
f 11168 11159 11169
f 11169 11159 11161
f 11169 11161 11490
f 11490 11161 11487
f 11490 11487 11491
f 11491 11487 11488
f 11491 11488 11492
f 11492 11488 11489
f 10492 10491 11170
f 11170 10491 11162
f 11170 11162 11173
f 11173 11162 11163
f 11173 11163 11175
f 11175 11163 11165
f 11175 11165 11177
f 11177 11165 11167
f 11177 11167 11178
f 11178 11167 11169
f 11178 11169 11493
f 11493 11169 11490
f 11493 11490 11494
f 11494 11490 11491
f 11494 11491 11495
f 11495 11491 11492
f 10495 10494 11171
f 11171 10494 10493
f 11171 10493 10492
f 11495 11186 11494
f 11494 11186 11184
f 11494 11184 11493
f 11493 11184 11182
f 11493 11182 11178
f 11178 11182 11180
f 11178 11180 11176
f 11176 11180 11187
f 11176 11187 11174
f 11174 11187 11189
f 11174 11189 11172
f 11172 11189 11191
f 11172 11191 11171
f 11171 11191 11193
f 11171 11193 10495
f 10495 11193 11194
f 10495 11194 10496
f 10496 11194 11195
f 10496 11195 10497
f 10497 11195 10498
f 10500 10499 11204
f 11204 10499 11202
f 11204 11202 11206
f 11206 11202 11201
f 11206 11201 11208
f 11208 11201 11200
f 11208 11200 11210
f 11210 11200 11199
f 11210 11199 11211
f 11211 11199 11179
f 11211 11179 11496
f 11496 11179 11181
f 11496 11181 11497
f 11497 11181 11183
f 11497 11183 11498
f 11498 11183 11185
f 10504 10501 11222
f 11222 10501 11203
f 11222 11203 11214
f 11214 11203 11205
f 11214 11205 11215
f 11215 11205 11207
f 11215 11207 11221
f 11221 11207 11209
f 11221 11209 11219
f 11219 11209 11211
f 11219 11211 11212
f 11212 11211 11496
f 11212 11496 11040
f 11040 11496 11497
f 11040 11497 11041
f 11041 11497 11498
f 11039 11034 11037
f 11037 11034 11036
f 11037 11036 11228
f 11228 11036 11240
f 11228 11240 11230
f 11230 11240 10505
f 11230 10505 10502
f 10511 10510 11243
f 11243 10510 10509
f 11243 10509 11242
f 11242 10509 10508
f 11242 10508 11241
f 11241 10508 10507
f 11241 10507 11240
f 11240 10507 10506
f 11240 10506 10505
f 10512 10511 11252
f 11252 10511 11243
f 11252 11243 11244
f 11244 11243 11237
f 11244 11237 11245
f 11245 11237 11238
f 11245 11238 11251
f 11251 11238 11239
f 11251 11239 11249
f 11249 11239 11039
f 11249 11039 11236
f 11236 11039 11038
f 11236 11038 11235
f 11235 11038 11227
f 11235 11227 11234
f 11234 11227 11229
f 11234 11229 11233
f 11233 11229 11231
f 11233 11231 11232
f 11232 11231 10503
f 11232 10503 10504
f 10513 11269 10514
f 10514 11269 11271
f 10514 11271 10517
f 10517 11271 11273
f 10517 11273 10516
f 10516 11273 11275
f 10516 11275 10515
f 10515 11275 11277
f 10515 11277 10518
f 10518 11277 11279
f 10518 11279 10519
f 10519 11279 10520
f 10521 10520 11288
f 11288 10520 11279
f 11288 11279 11280
f 11280 11279 11278
f 11280 11278 11281
f 11281 11278 11268
f 11281 11268 11287
f 11287 11268 11267
f 11287 11267 11285
f 11285 11267 11265
f 11285 11265 11261
f 11261 11265 11263
f 11261 11263 11260
f 11260 11263 11262
f 11260 11262 11259
f 11259 11262 11270
f 11259 11270 11258
f 11258 11270 11269
f 11258 11269 11257
f 11257 11269 10513
f 11257 10513 10512
f 10528 10527 11299
f 11299 10527 10526
f 11299 10526 11298
f 11298 10526 10525
f 11298 10525 11297
f 11297 10525 10524
f 11297 10524 11296
f 11296 10524 10523
f 11296 10523 10522
f 10398 10528 11328
f 11328 10528 11299
f 11328 11299 11330
f 11330 11299 11293
f 11330 11293 11332
f 11332 11293 11294
f 11332 11294 11334
f 11334 11294 11295
f 10400 10399 11030
f 11030 10399 11327
f 11030 11327 11447
f 11447 11327 11329
f 11447 11329 11445
f 11445 11329 11331
f 11445 11331 11446
f 11446 11331 11333
f 11446 11333 11433
f 11433 11333 11334
f 11433 11334 11304
f 11304 11334 11295
f 11304 11295 11303
f 11303 11295 11031
f 11303 11031 11302
f 11302 11031 11033
f 11302 11033 11301
f 11301 11033 11296
f 11301 11296 11300
f 11300 11296 10522
f 11300 10522 10521
f 10584 10580 11335
f 11335 10580 10579
f 11335 10579 11430
f 11430 10579 10557
f 11430 10557 11431
f 11431 10557 10556
f 11431 10556 10582
f 10997 11383 11091
f 11091 11383 11385
f 11091 11385 11474
f 11474 11385 11387
f 11474 11387 11477
f 11477 11387 11389
f 11477 11389 11480
f 11480 11389 11391
f 11480 11391 11483
f 11483 11391 11393
f 11483 11393 11486
f 11486 11393 11395
f 11486 11395 11489
f 11489 11395 11397
f 11489 11397 11492
f 11492 11397 11399
f 11492 11399 11495
f 11495 11399 11401
f 11495 11401 11186
f 11186 11401 11403
f 11186 11403 11185
f 11185 11403 11405
f 11185 11405 11498
f 11498 11405 11407
f 11498 11407 11041
f 11041 11407 11409
f 11041 11409 11042
f 11042 11409 11411
f 11042 11411 11305
f 11305 11411 11413
f 11305 11413 11307
f 11307 11413 11415
f 11307 11415 11309
f 11309 11415 11417
f 11309 11417 11311
f 11311 11417 11419
f 11311 11419 11313
f 11313 11419 11421
f 11313 11421 11315
f 11315 11421 11423
f 11315 11423 11317
f 11317 11423 11425
f 11317 11425 11319
f 11319 11425 11427
f 11319 11427 11321
f 11321 11427 11429
f 11321 11429 11323
f 11323 11429 11431
f 11323 11431 11325
f 11325 11431 10582
f 11325 10582 10581
f 10333 11028 11499
f 10333 11499 10361
f 10361 11499 11500
f 10361 11500 10362
f 10362 11500 11501
f 10362 11501 10363
f 10363 11501 11502
f 10363 11502 10367
f 10367 11502 11503
f 10367 11503 10365
f 11503 11090 10365
f 10365 11090 11089
f 10365 11089 10366
f 10366 11089 11088
f 11052 10373 11088
f 11088 10373 10372
f 11088 10372 10366
f 11052 10998 10373
f 10373 10998 11000
f 10373 11000 10374
f 10374 11000 11001
f 10374 11001 10369
f 10369 11001 11009
f 10369 11009 10370
f 10370 11009 11008
f 10370 11008 10371
f 10371 11008 11007
f 10371 11007 10364
f 10364 11007 11005
f 10364 11005 10368
f 10368 11005 11012
f 10368 11012 10346
f 10346 11012 10312
f 10346 10312 10311
f 10310 10309 10396
f 10310 10396 10341
f 10341 10396 10395
f 10341 10395 10342
f 10342 10395 10350
f 10350 10395 10386
f 10350 10386 10351
f 10386 10385 10351
f 10351 10385 10378
f 10351 10378 10352
f 10352 10378 10380
f 10352 10380 10347
f 10347 10380 10381
f 10347 10381 10348
f 10348 10381 10377
f 10348 10377 10356
f 10356 10377 10376
f 10356 10376 10355
f 10355 10376 11066
f 10355 11066 10357
f 10357 11066 11065
f 10357 11065 10358
f 10358 11065 11071
f 11071 11070 10358
f 10358 11070 11504
f 10358 11504 10359
f 10359 11504 11505
f 10359 11505 10360
f 10360 11505 11506
f 10360 11506 10353
f 10353 11506 11507
f 10353 11507 10354
f 10354 11507 11508
f 10354 11508 10349
f 10349 11508 11018
f 10349 11018 10340
f 8530 8533 8931
f 8931 8930 8530
f 8530 8930 8929
f 8530 8929 8528
f 8934 8521 8935
f 8935 8521 8520
f 8935 8520 8936
f 8936 8520 8518
f 8936 8518 8446
f 8934 8933 8521
f 8521 8933 8932
f 8521 8932 8513
f 8452 8451 8522
f 8446 8518 8447
f 8447 8518 8516
f 8447 8516 8448
f 8929 8928 8528
f 8528 8928 8927
f 8528 8927 8526
f 8526 8927 8456
f 8526 8456 8524
f 8522 8451 8515
f 8515 8451 8450
f 8515 8450 8516
f 8516 8450 8449
f 8516 8449 8448
f 8456 8455 8524
f 8524 8455 8454
f 8524 8454 8522
f 8522 8454 8453
f 8522 8453 8452
f 9801 9804 10217
f 10217 10216 9801
f 9801 10216 10215
f 9801 10215 9799
f 10220 10219 9792
f 9792 10219 10218
f 9792 10218 9784
f 10220 9792 10221
f 10221 9792 9791
f 10221 9791 10222
f 10222 9791 9789
f 10222 9789 9732
f 9732 9789 9733
f 9733 9789 9787
f 9733 9787 9734
f 9793 9737 9786
f 9786 9737 9736
f 9786 9736 9787
f 9787 9736 9735
f 9787 9735 9734
f 10215 10214 9799
f 9799 10214 10213
f 9799 10213 9797
f 9797 10213 9742
f 9797 9742 9795
f 9795 9742 9741
f 9741 9740 9795
f 9795 9740 9739
f 9795 9739 9793
f 9793 9739 9738
f 9793 9738 9737
f 11087 11090 11503
f 11503 11502 11087
f 11087 11502 11501
f 11087 11501 11085
f 11506 11505 11078
f 11078 11505 11504
f 11078 11504 11070
f 11506 11078 11507
f 11507 11078 11077
f 11507 11077 11508
f 11508 11077 11075
f 11508 11075 11018
f 11018 11075 11019
f 11019 11075 11073
f 11019 11073 11020
f 11079 11023 11072
f 11072 11023 11022
f 11072 11022 11073
f 11073 11022 11021
f 11073 11021 11020
f 11501 11500 11085
f 11085 11500 11499
f 11085 11499 11083
f 11083 11499 11028
f 11083 11028 11081
f 11081 11028 11027
f 11027 11026 11081
f 11081 11026 11025
f 11081 11025 11079
f 11079 11025 11024
f 11079 11024 11023
f 787 175 183
f 716 795 180
f 787 183 789
f 192 195 745
f 727 725 184
f 180 795 182
f 182 795 793
f 182 793 183
f 183 793 791
f 183 791 789
f 745 743 192
f 192 743 741
f 192 741 190
f 716 180 717
f 717 180 178
f 717 178 719
f 741 739 190
f 190 739 737
f 190 737 188
f 188 737 735
f 188 735 186
f 184 725 177
f 177 725 723
f 177 723 178
f 178 723 721
f 178 721 719
f 735 733 186
f 186 733 731
f 186 731 184
f 184 731 729
f 184 729 727

